/****************************************************************

  Generated by Eclipse Cyclone DDS IDL to CXX Translator
  File name: StdSrvs.idl
  Source: StdSrvs.hpp
  Cyclone DDS: v0.10.2

*****************************************************************/
#ifndef DDSCXX_STDSRVS_HPP
#define DDSCXX_STDSRVS_HPP

#include "rpc_types.hpp"

#include <cstdint>
#include <string>

namespace std_srvs
{
class TriggerRequest
{
private:
 ::dds_rpc::RequestHeader header_;

public:
  TriggerRequest() = default;

  explicit TriggerRequest(
    const ::dds_rpc::RequestHeader& header) :
    header_(header) { }

  const ::dds_rpc::RequestHeader& header() const { return this->header_; }
  ::dds_rpc::RequestHeader& header() { return this->header_; }
  void header(const ::dds_rpc::RequestHeader& _val_) { this->header_ = _val_; }
  void header(::dds_rpc::RequestHeader&& _val_) { this->header_ = _val_; }

  bool operator==(const TriggerRequest& _other) const
  {
    (void) _other;
    return header_ == _other.header_;
  }

  bool operator!=(const TriggerRequest& _other) const
  {
    return !(*this == _other);
  }

};

class TriggerReply
{
private:
 ::dds_rpc::ReplyHeader header_;
 bool success_ = false;
 std::string message_;

public:
  TriggerReply() = default;

  explicit TriggerReply(
    const ::dds_rpc::ReplyHeader& header,
    bool success,
    const std::string& message) :
    header_(header),
    success_(success),
    message_(message) { }

  const ::dds_rpc::ReplyHeader& header() const { return this->header_; }
  ::dds_rpc::ReplyHeader& header() { return this->header_; }
  void header(const ::dds_rpc::ReplyHeader& _val_) { this->header_ = _val_; }
  void header(::dds_rpc::ReplyHeader&& _val_) { this->header_ = _val_; }
  bool success() const { return this->success_; }
  bool& success() { return this->success_; }
  void success(bool _val_) { this->success_ = _val_; }
  const std::string& message() const { return this->message_; }
  std::string& message() { return this->message_; }
  void message(const std::string& _val_) { this->message_ = _val_; }
  void message(std::string&& _val_) { this->message_ = _val_; }

  bool operator==(const TriggerReply& _other) const
  {
    (void) _other;
    return header_ == _other.header_ &&
      success_ == _other.success_ &&
      message_ == _other.message_;
  }

  bool operator!=(const TriggerReply& _other) const
  {
    return !(*this == _other);
  }

};

class SetBoolRequest
{
private:
 ::dds_rpc::RequestHeader header_;
 bool data_ = false;

public:
  SetBoolRequest() = default;

  explicit SetBoolRequest(
    const ::dds_rpc::RequestHeader& header,
    bool data) :
    header_(header),
    data_(data) { }

  const ::dds_rpc::RequestHeader& header() const { return this->header_; }
  ::dds_rpc::RequestHeader& header() { return this->header_; }
  void header(const ::dds_rpc::RequestHeader& _val_) { this->header_ = _val_; }
  void header(::dds_rpc::RequestHeader&& _val_) { this->header_ = _val_; }
  bool data() const { return this->data_; }
  bool& data() { return this->data_; }
  void data(bool _val_) { this->data_ = _val_; }

  bool operator==(const SetBoolRequest& _other) const
  {
    (void) _other;
    return header_ == _other.header_ &&
      data_ == _other.data_;
  }

  bool operator!=(const SetBoolRequest& _other) const
  {
    return !(*this == _other);
  }

};

class SetBoolReply
{
private:
 ::dds_rpc::ReplyHeader header_;
 bool success_ = false;
 std::string message_;

public:
  SetBoolReply() = default;

  explicit SetBoolReply(
    const ::dds_rpc::ReplyHeader& header,
    bool success,
    const std::string& message) :
    header_(header),
    success_(success),
    message_(message) { }

  const ::dds_rpc::ReplyHeader& header() const { return this->header_; }
  ::dds_rpc::ReplyHeader& header() { return this->header_; }
  void header(const ::dds_rpc::ReplyHeader& _val_) { this->header_ = _val_; }
  void header(::dds_rpc::ReplyHeader&& _val_) { this->header_ = _val_; }
  bool success() const { return this->success_; }
  bool& success() { return this->success_; }
  void success(bool _val_) { this->success_ = _val_; }
  const std::string& message() const { return this->message_; }
  std::string& message() { return this->message_; }
  void message(const std::string& _val_) { this->message_ = _val_; }
  void message(std::string&& _val_) { this->message_ = _val_; }

  bool operator==(const SetBoolReply& _other) const
  {
    (void) _other;
    return header_ == _other.header_ &&
      success_ == _other.success_ &&
      message_ == _other.message_;
  }

  bool operator!=(const SetBoolReply& _other) const
  {
    return !(*this == _other);
  }

};

class SetInt32Request
{
private:
 ::dds_rpc::RequestHeader header_;
 int32_t data_ = 0;

public:
  SetInt32Request() = default;

  explicit SetInt32Request(
    const ::dds_rpc::RequestHeader& header,
    int32_t data) :
    header_(header),
    data_(data) { }

  const ::dds_rpc::RequestHeader& header() const { return this->header_; }
  ::dds_rpc::RequestHeader& header() { return this->header_; }
  void header(const ::dds_rpc::RequestHeader& _val_) { this->header_ = _val_; }
  void header(::dds_rpc::RequestHeader&& _val_) { this->header_ = _val_; }
  int32_t data() const { return this->data_; }
  int32_t& data() { return this->data_; }
  void data(int32_t _val_) { this->data_ = _val_; }

  bool operator==(const SetInt32Request& _other) const
  {
    (void) _other;
    return header_ == _other.header_ &&
      data_ == _other.data_;
  }

  bool operator!=(const SetInt32Request& _other) const
  {
    return !(*this == _other);
  }

};

class SetInt32Reply
{
private:
 ::dds_rpc::ReplyHeader header_;
 bool success_ = false;
 std::string message_;

public:
  SetInt32Reply() = default;

  explicit SetInt32Reply(
    const ::dds_rpc::ReplyHeader& header,
    bool success,
    const std::string& message) :
    header_(header),
    success_(success),
    message_(message) { }

  const ::dds_rpc::ReplyHeader& header() const { return this->header_; }
  ::dds_rpc::ReplyHeader& header() { return this->header_; }
  void header(const ::dds_rpc::ReplyHeader& _val_) { this->header_ = _val_; }
  void header(::dds_rpc::ReplyHeader&& _val_) { this->header_ = _val_; }
  bool success() const { return this->success_; }
  bool& success() { return this->success_; }
  void success(bool _val_) { this->success_ = _val_; }
  const std::string& message() const { return this->message_; }
  std::string& message() { return this->message_; }
  void message(const std::string& _val_) { this->message_ = _val_; }
  void message(std::string&& _val_) { this->message_ = _val_; }

  bool operator==(const SetInt32Reply& _other) const
  {
    (void) _other;
    return header_ == _other.header_ &&
      success_ == _other.success_ &&
      message_ == _other.message_;
  }

  bool operator!=(const SetInt32Reply& _other) const
  {
    return !(*this == _other);
  }

};

class SetStringRequest
{
private:
 ::dds_rpc::RequestHeader header_;
 std::string data_;

public:
  SetStringRequest() = default;

  explicit SetStringRequest(
    const ::dds_rpc::RequestHeader& header,
    const std::string& data) :
    header_(header),
    data_(data) { }

  const ::dds_rpc::RequestHeader& header() const { return this->header_; }
  ::dds_rpc::RequestHeader& header() { return this->header_; }
  void header(const ::dds_rpc::RequestHeader& _val_) { this->header_ = _val_; }
  void header(::dds_rpc::RequestHeader&& _val_) { this->header_ = _val_; }
  const std::string& data() const { return this->data_; }
  std::string& data() { return this->data_; }
  void data(const std::string& _val_) { this->data_ = _val_; }
  void data(std::string&& _val_) { this->data_ = _val_; }

  bool operator==(const SetStringRequest& _other) const
  {
    (void) _other;
    return header_ == _other.header_ &&
      data_ == _other.data_;
  }

  bool operator!=(const SetStringRequest& _other) const
  {
    return !(*this == _other);
  }

};

class SetStringReply
{
private:
 ::dds_rpc::ReplyHeader header_;
 bool success_ = false;
 std::string message_;

public:
  SetStringReply() = default;

  explicit SetStringReply(
    const ::dds_rpc::ReplyHeader& header,
    bool success,
    const std::string& message) :
    header_(header),
    success_(success),
    message_(message) { }

  const ::dds_rpc::ReplyHeader& header() const { return this->header_; }
  ::dds_rpc::ReplyHeader& header() { return this->header_; }
  void header(const ::dds_rpc::ReplyHeader& _val_) { this->header_ = _val_; }
  void header(::dds_rpc::ReplyHeader&& _val_) { this->header_ = _val_; }
  bool success() const { return this->success_; }
  bool& success() { return this->success_; }
  void success(bool _val_) { this->success_ = _val_; }
  const std::string& message() const { return this->message_; }
  std::string& message() { return this->message_; }
  void message(const std::string& _val_) { this->message_ = _val_; }
  void message(std::string&& _val_) { this->message_ = _val_; }

  bool operator==(const SetStringReply& _other) const
  {
    (void) _other;
    return header_ == _other.header_ &&
      success_ == _other.success_ &&
      message_ == _other.message_;
  }

  bool operator!=(const SetStringReply& _other) const
  {
    return !(*this == _other);
  }

};

}

#include "dds/topic/TopicTraits.hpp"
#include "org/eclipse/cyclonedds/topic/datatopic.hpp"

namespace org {
namespace eclipse {
namespace cyclonedds {
namespace topic {

template <> constexpr const char* TopicTraits<::std_srvs::TriggerRequest>::getTypeName()
{
  return "std_srvs::TriggerRequest";
}

template <> constexpr bool TopicTraits<::std_srvs::TriggerRequest>::isSelfContained()
{
  return false;
}

template <> constexpr bool TopicTraits<::std_srvs::TriggerRequest>::isKeyless()
{
  return true;
}

#ifdef DDSCXX_HAS_TYPE_DISCOVERY
template<> constexpr unsigned int TopicTraits<::std_srvs::TriggerRequest>::type_map_blob_sz() { return 762; }
template<> constexpr unsigned int TopicTraits<::std_srvs::TriggerRequest>::type_info_blob_sz() { return 196; }
template<> inline const uint8_t * TopicTraits<::std_srvs::TriggerRequest>::type_map_blob() {
  static const uint8_t blob[] = {
 0xf3,  0x00,  0x00,  0x00,  0x03,  0x00,  0x00,  0x00,  0xf1,  0x06,  0x1b,  0x47,  0x8c,  0x12,  0x3e,  0x20, 
 0xdd,  0x15,  0xf5,  0x87,  0x5d,  0xe8,  0x91,  0x00,  0x31,  0x00,  0x00,  0x00,  0xf1,  0x51,  0x01,  0x00, 
 0x01,  0x00,  0x00,  0x00,  0x00,  0x00,  0x00,  0x00,  0x21,  0x00,  0x00,  0x00,  0x01,  0x00,  0x00,  0x00, 
 0x19,  0x00,  0x00,  0x00,  0x00,  0x00,  0x00,  0x00,  0x01,  0x00,  0xf1,  0xc6,  0x6d,  0x04,  0x8a,  0xb2, 
 0xb8,  0xa2,  0x6c,  0x51,  0xa8,  0x37,  0x3c,  0x8b,  0x08,  0x09,  0x9f,  0xb9,  0x95,  0xf1,  0xc6,  0x6d, 
 0x04,  0x8a,  0xb2,  0xb8,  0xa2,  0x6c,  0x51,  0xa8,  0x37,  0x3c,  0x8b,  0x08,  0x44,  0x00,  0x00,  0x00, 
 0xf1,  0x51,  0x01,  0x00,  0x01,  0x00,  0x00,  0x00,  0x00,  0x00,  0x00,  0x00,  0x34,  0x00,  0x00,  0x00, 
 0x02,  0x00,  0x00,  0x00,  0x19,  0x00,  0x00,  0x00,  0x00,  0x00,  0x00,  0x00,  0x01,  0x00,  0xf1,  0x70, 
 0x1b,  0xa6,  0xae,  0x07,  0x17,  0xda,  0x1d,  0x9c,  0x22,  0xc7,  0x26,  0xd4,  0xda,  0xf6,  0x8d,  0x2c, 
 0x36,  0x00,  0x00,  0x00,  0x0c,  0x00,  0x00,  0x00,  0x01,  0x00,  0x00,  0x00,  0x01,  0x00,  0x70,  0x00, 
 0x6a,  0x26,  0x22,  0xa0,  0xf1,  0x70,  0x1b,  0xa6,  0xae,  0x07,  0x17,  0xda,  0x1d,  0x9c,  0x22,  0xc7, 
 0x26,  0xd4,  0xda,  0x00,  0x3f,  0x00,  0x00,  0x00,  0xf1,  0x51,  0x01,  0x00,  0x01,  0x00,  0x00,  0x00, 
 0x00,  0x00,  0x00,  0x00,  0x2f,  0x00,  0x00,  0x00,  0x02,  0x00,  0x00,  0x00,  0x16,  0x00,  0x00,  0x00, 
 0x00,  0x00,  0x00,  0x00,  0x01,  0x00,  0x90,  0xf3,  0x01,  0x00,  0x00,  0x00,  0x01,  0x00,  0x00,  0x00, 
 0x10,  0x02,  0x2e,  0x01,  0x3a,  0x23,  0x00,  0x00,  0x0b,  0x00,  0x00,  0x00,  0x01,  0x00,  0x00,  0x00, 
 0x01,  0x00,  0x05,  0xca,  0x44,  0x85,  0x16,  0x00,  0x9a,  0x01,  0x00,  0x00,  0x03,  0x00,  0x00,  0x00, 
 0xf2,  0x1f,  0x9b,  0x09,  0x77,  0x5a,  0x82,  0xcf,  0xd3,  0x5f,  0x37,  0x71,  0xb7,  0xd4,  0x66,  0x00, 
 0x5d,  0x00,  0x00,  0x00,  0xf2,  0x51,  0x01,  0x00,  0x21,  0x00,  0x00,  0x00,  0x00,  0x00,  0x00,  0x00, 
 0x19,  0x00,  0x00,  0x00,  0x73,  0x74,  0x64,  0x5f,  0x73,  0x72,  0x76,  0x73,  0x3a,  0x3a,  0x54,  0x72, 
 0x69,  0x67,  0x67,  0x65,  0x72,  0x52,  0x65,  0x71,  0x75,  0x65,  0x73,  0x74,  0x00,  0x00,  0x00,  0x00, 
 0x2d,  0x00,  0x00,  0x00,  0x01,  0x00,  0x00,  0x00,  0x25,  0x00,  0x00,  0x00,  0x00,  0x00,  0x00,  0x00, 
 0x01,  0x00,  0xf2,  0x8d,  0xaa,  0x9a,  0xf0,  0xaf,  0xda,  0x35,  0x97,  0x56,  0x32,  0x2a,  0x70,  0x4d, 
 0x84,  0x00,  0x00,  0x00,  0x07,  0x00,  0x00,  0x00,  0x68,  0x65,  0x61,  0x64,  0x65,  0x72,  0x00,  0x00, 
 0x00,  0xf2,  0x8d,  0xaa,  0x9a,  0xf0,  0xaf,  0xda,  0x35,  0x97,  0x56,  0x32,  0x2a,  0x70,  0x4d,  0x84, 
 0x80,  0x00,  0x00,  0x00,  0xf2,  0x51,  0x01,  0x00,  0x1f,  0x00,  0x00,  0x00,  0x00,  0x00,  0x00,  0x00, 
 0x17,  0x00,  0x00,  0x00,  0x64,  0x64,  0x73,  0x5f,  0x72,  0x70,  0x63,  0x3a,  0x3a,  0x52,  0x65,  0x71, 
 0x75,  0x65,  0x73,  0x74,  0x48,  0x65,  0x61,  0x64,  0x65,  0x72,  0x00,  0x00,  0x54,  0x00,  0x00,  0x00, 
 0x02,  0x00,  0x00,  0x00,  0x29,  0x00,  0x00,  0x00,  0x00,  0x00,  0x00,  0x00,  0x01,  0x00,  0xf2,  0x14, 
 0xf9,  0x72,  0xa0,  0x05,  0xdc,  0x1b,  0xf9,  0xad,  0x65,  0x1e,  0x82,  0x62,  0x90,  0x00,  0x00,  0x00, 
 0x0b,  0x00,  0x00,  0x00,  0x72,  0x65,  0x71,  0x75,  0x65,  0x73,  0x74,  0x5f,  0x69,  0x64,  0x00,  0x00, 
 0x00,  0x00,  0x00,  0x00,  0x1c,  0x00,  0x00,  0x00,  0x01,  0x00,  0x00,  0x00,  0x01,  0x00,  0x70,  0x00, 
 0x0e,  0x00,  0x00,  0x00,  0x69,  0x6e,  0x73,  0x74,  0x61,  0x6e,  0x63,  0x65,  0x5f,  0x6e,  0x61,  0x6d, 
 0x65,  0x00,  0x00,  0x00,  0xf2,  0x14,  0xf9,  0x72,  0xa0,  0x05,  0xdc,  0x1b,  0xf9,  0xad,  0x65,  0x1e, 
 0x82,  0x62,  0x90,  0x00,  0x7e,  0x00,  0x00,  0x00,  0xf2,  0x51,  0x01,  0x00,  0x20,  0x00,  0x00,  0x00, 
 0x00,  0x00,  0x00,  0x00,  0x18,  0x00,  0x00,  0x00,  0x64,  0x64,  0x73,  0x5f,  0x72,  0x70,  0x63,  0x3a, 
 0x3a,  0x53,  0x61,  0x6d,  0x70,  0x6c,  0x65,  0x49,  0x64,  0x65,  0x6e,  0x74,  0x69,  0x74,  0x79,  0x00, 
 0x52,  0x00,  0x00,  0x00,  0x02,  0x00,  0x00,  0x00,  0x26,  0x00,  0x00,  0x00,  0x00,  0x00,  0x00,  0x00, 
 0x01,  0x00,  0x90,  0xf3,  0x01,  0x00,  0x00,  0x00,  0x01,  0x00,  0x00,  0x00,  0x10,  0x02,  0x00,  0x00, 
 0x0c,  0x00,  0x00,  0x00,  0x77,  0x72,  0x69,  0x74,  0x65,  0x72,  0x5f,  0x67,  0x75,  0x69,  0x64,  0x00, 
 0x00,  0x00,  0x00,  0x00,  0x1e,  0x00,  0x00,  0x00,  0x01,  0x00,  0x00,  0x00,  0x01,  0x00,  0x05,  0x00, 
 0x10,  0x00,  0x00,  0x00,  0x73,  0x65,  0x71,  0x75,  0x65,  0x6e,  0x63,  0x65,  0x5f,  0x6e,  0x75,  0x6d, 
 0x62,  0x65,  0x72,  0x00,  0x00,  0x00,  0x00,  0x00,  0x5e,  0x00,  0x00,  0x00,  0x03,  0x00,  0x00,  0x00, 
 0xf2,  0x1f,  0x9b,  0x09,  0x77,  0x5a,  0x82,  0xcf,  0xd3,  0x5f,  0x37,  0x71,  0xb7,  0xd4,  0x66,  0xf1, 
 0x06,  0x1b,  0x47,  0x8c,  0x12,  0x3e,  0x20,  0xdd,  0x15,  0xf5,  0x87,  0x5d,  0xe8,  0x91,  0xf2,  0x8d, 
 0xaa,  0x9a,  0xf0,  0xaf,  0xda,  0x35,  0x97,  0x56,  0x32,  0x2a,  0x70,  0x4d,  0x84,  0xf1,  0xc6,  0x6d, 
 0x04,  0x8a,  0xb2,  0xb8,  0xa2,  0x6c,  0x51,  0xa8,  0x37,  0x3c,  0x8b,  0x08,  0xf2,  0x14,  0xf9,  0x72, 
 0xa0,  0x05,  0xdc,  0x1b,  0xf9,  0xad,  0x65,  0x1e,  0x82,  0x62,  0x90,  0xf1,  0x70,  0x1b,  0xa6,  0xae, 
 0x07,  0x17,  0xda,  0x1d,  0x9c,  0x22,  0xc7,  0x26,  0xd4,  0xda, };
  return blob;
}
template<> inline const uint8_t * TopicTraits<::std_srvs::TriggerRequest>::type_info_blob() {
  static const uint8_t blob[] = {
 0xc0,  0x00,  0x00,  0x00,  0x01,  0x10,  0x00,  0x40,  0x58,  0x00,  0x00,  0x00,  0x54,  0x00,  0x00,  0x00, 
 0x14,  0x00,  0x00,  0x00,  0xf1,  0x06,  0x1b,  0x47,  0x8c,  0x12,  0x3e,  0x20,  0xdd,  0x15,  0xf5,  0x87, 
 0x5d,  0xe8,  0x91,  0x00,  0x35,  0x00,  0x00,  0x00,  0x02,  0x00,  0x00,  0x00,  0x34,  0x00,  0x00,  0x00, 
 0x02,  0x00,  0x00,  0x00,  0x14,  0x00,  0x00,  0x00,  0xf1,  0xc6,  0x6d,  0x04,  0x8a,  0xb2,  0xb8,  0xa2, 
 0x6c,  0x51,  0xa8,  0x37,  0x3c,  0x8b,  0x08,  0x00,  0x48,  0x00,  0x00,  0x00,  0x14,  0x00,  0x00,  0x00, 
 0xf1,  0x70,  0x1b,  0xa6,  0xae,  0x07,  0x17,  0xda,  0x1d,  0x9c,  0x22,  0xc7,  0x26,  0xd4,  0xda,  0x00, 
 0x43,  0x00,  0x00,  0x00,  0x02,  0x10,  0x00,  0x40,  0x58,  0x00,  0x00,  0x00,  0x54,  0x00,  0x00,  0x00, 
 0x14,  0x00,  0x00,  0x00,  0xf2,  0x1f,  0x9b,  0x09,  0x77,  0x5a,  0x82,  0xcf,  0xd3,  0x5f,  0x37,  0x71, 
 0xb7,  0xd4,  0x66,  0x00,  0x61,  0x00,  0x00,  0x00,  0x02,  0x00,  0x00,  0x00,  0x34,  0x00,  0x00,  0x00, 
 0x02,  0x00,  0x00,  0x00,  0x14,  0x00,  0x00,  0x00,  0xf2,  0x8d,  0xaa,  0x9a,  0xf0,  0xaf,  0xda,  0x35, 
 0x97,  0x56,  0x32,  0x2a,  0x70,  0x4d,  0x84,  0x00,  0x84,  0x00,  0x00,  0x00,  0x14,  0x00,  0x00,  0x00, 
 0xf2,  0x14,  0xf9,  0x72,  0xa0,  0x05,  0xdc,  0x1b,  0xf9,  0xad,  0x65,  0x1e,  0x82,  0x62,  0x90,  0x00, 
 0x82,  0x00,  0x00,  0x00, };
  return blob;
}
#endif //DDSCXX_HAS_TYPE_DISCOVERY

template <> constexpr const char* TopicTraits<::std_srvs::TriggerReply>::getTypeName()
{
  return "std_srvs::TriggerReply";
}

template <> constexpr bool TopicTraits<::std_srvs::TriggerReply>::isSelfContained()
{
  return false;
}

template <> constexpr bool TopicTraits<::std_srvs::TriggerReply>::isKeyless()
{
  return true;
}

#ifdef DDSCXX_HAS_TYPE_DISCOVERY
template<> constexpr unsigned int TopicTraits<::std_srvs::TriggerReply>::type_map_blob_sz() { return 1440; }
template<> constexpr unsigned int TopicTraits<::std_srvs::TriggerReply>::type_info_blob_sz() { return 244; }
template<> inline const uint8_t * TopicTraits<::std_srvs::TriggerReply>::type_map_blob() {
  static const uint8_t blob[] = {
 0xc2,  0x01,  0x00,  0x00,  0x04,  0x00,  0x00,  0x00,  0xf1,  0xaf,  0x14,  0x8d,  0x3d,  0x8f,  0xf0,  0x83, 
 0x0d,  0x45,  0xa2,  0xef,  0xdb,  0x77,  0xc3,  0x00,  0x54,  0x00,  0x00,  0x00,  0xf1,  0x51,  0x01,  0x00, 
 0x01,  0x00,  0x00,  0x00,  0x00,  0x00,  0x00,  0x00,  0x44,  0x00,  0x00,  0x00,  0x03,  0x00,  0x00,  0x00, 
 0x19,  0x00,  0x00,  0x00,  0x00,  0x00,  0x00,  0x00,  0x01,  0x00,  0xf1,  0x9a,  0xba,  0xfe,  0x9e,  0xe8, 
 0xc1,  0x3e,  0x8d,  0x66,  0x6f,  0x3a,  0x07,  0x22,  0x23,  0x09,  0x9f,  0xb9,  0x95,  0x00,  0x00,  0x00, 
 0x0b,  0x00,  0x00,  0x00,  0x01,  0x00,  0x00,  0x00,  0x01,  0x00,  0x01,  0x26,  0x0c,  0xa9,  0xdd,  0x00, 
 0x0c,  0x00,  0x00,  0x00,  0x02,  0x00,  0x00,  0x00,  0x01,  0x00,  0x70,  0x00,  0x78,  0xe7,  0x31,  0x02, 
 0xf1,  0x9a,  0xba,  0xfe,  0x9e,  0xe8,  0xc1,  0x3e,  0x8d,  0x66,  0x6f,  0x3a,  0x07,  0x22,  0x23,  0x00, 
 0x51,  0x00,  0x00,  0x00,  0xf1,  0x51,  0x01,  0x00,  0x01,  0x00,  0x00,  0x00,  0x00,  0x00,  0x00,  0x00, 
 0x41,  0x00,  0x00,  0x00,  0x02,  0x00,  0x00,  0x00,  0x19,  0x00,  0x00,  0x00,  0x00,  0x00,  0x00,  0x00, 
 0x01,  0x00,  0xf1,  0x70,  0x1b,  0xa6,  0xae,  0x07,  0x17,  0xda,  0x1d,  0x9c,  0x22,  0xc7,  0x26,  0xd4, 
 0xda,  0x54,  0x4d,  0x13,  0xe9,  0x00,  0x00,  0x00,  0x19,  0x00,  0x00,  0x00,  0x01,  0x00,  0x00,  0x00, 
 0x01,  0x00,  0xf1,  0xa3,  0xd0,  0x6b,  0xe6,  0xf9,  0xb5,  0x74,  0x8e,  0xb2,  0x30,  0x96,  0x74,  0x1a, 
 0x42,  0x3b,  0x11,  0x4d,  0x51,  0xf1,  0x70,  0x1b,  0xa6,  0xae,  0x07,  0x17,  0xda,  0x1d,  0x9c,  0x22, 
 0xc7,  0x26,  0xd4,  0xda,  0x3f,  0x00,  0x00,  0x00,  0xf1,  0x51,  0x01,  0x00,  0x01,  0x00,  0x00,  0x00, 
 0x00,  0x00,  0x00,  0x00,  0x2f,  0x00,  0x00,  0x00,  0x02,  0x00,  0x00,  0x00,  0x16,  0x00,  0x00,  0x00, 
 0x00,  0x00,  0x00,  0x00,  0x01,  0x00,  0x90,  0xf3,  0x01,  0x00,  0x00,  0x00,  0x01,  0x00,  0x00,  0x00, 
 0x10,  0x02,  0x2e,  0x01,  0x3a,  0x23,  0x00,  0x00,  0x0b,  0x00,  0x00,  0x00,  0x01,  0x00,  0x00,  0x00, 
 0x01,  0x00,  0x05,  0xca,  0x44,  0x85,  0x16,  0xf1,  0xa3,  0xd0,  0x6b,  0xe6,  0xf9,  0xb5,  0x74,  0x8e, 
 0xb2,  0x30,  0x96,  0x74,  0x1a,  0x42,  0x00,  0x00,  0x8a,  0x00,  0x00,  0x00,  0xf1,  0x40,  0x01,  0x00, 
 0x02,  0x00,  0x00,  0x00,  0x20,  0x00,  0x00,  0x00,  0x7a,  0x00,  0x00,  0x00,  0x06,  0x00,  0x00,  0x00, 
 0x0e,  0x00,  0x00,  0x00,  0x06,  0x00,  0x00,  0x00,  0x00,  0x00,  0x00,  0x00,  0x00,  0x00,  0x90,  0x62, 
 0x69,  0xd0,  0x00,  0x00,  0x0e,  0x00,  0x00,  0x00,  0x06,  0x00,  0x00,  0x00,  0x01,  0x00,  0x00,  0x00, 
 0x00,  0x00,  0xc1,  0xb7,  0xfe,  0x1c,  0x00,  0x00,  0x0e,  0x00,  0x00,  0x00,  0x06,  0x00,  0x00,  0x00, 
 0x02,  0x00,  0x00,  0x00,  0x00,  0x00,  0xef,  0xaa,  0x37,  0x7c,  0x00,  0x00,  0x0e,  0x00,  0x00,  0x00, 
 0x06,  0x00,  0x00,  0x00,  0x03,  0x00,  0x00,  0x00,  0x00,  0x00,  0x89,  0xc0,  0x12,  0x0f,  0x00,  0x00, 
 0x0e,  0x00,  0x00,  0x00,  0x06,  0x00,  0x00,  0x00,  0x04,  0x00,  0x00,  0x00,  0x00,  0x00,  0x98,  0xd1, 
 0xd7,  0x66,  0x00,  0x00,  0x0e,  0x00,  0x00,  0x00,  0x06,  0x00,  0x00,  0x00,  0x05,  0x00,  0x00,  0x00, 
 0x00,  0x00,  0x24,  0xaf,  0x3d,  0x7a,  0x00,  0x00,  0x52,  0x03,  0x00,  0x00,  0x04,  0x00,  0x00,  0x00, 
 0xf2,  0xea,  0xe5,  0x7e,  0xd8,  0xd7,  0xd9,  0x8d,  0x83,  0xb5,  0x4a,  0x9e,  0xe5,  0xe3,  0x7b,  0x00, 
 0x92,  0x00,  0x00,  0x00,  0xf2,  0x51,  0x01,  0x00,  0x1f,  0x00,  0x00,  0x00,  0x00,  0x00,  0x00,  0x00, 
 0x17,  0x00,  0x00,  0x00,  0x73,  0x74,  0x64,  0x5f,  0x73,  0x72,  0x76,  0x73,  0x3a,  0x3a,  0x54,  0x72, 
 0x69,  0x67,  0x67,  0x65,  0x72,  0x52,  0x65,  0x70,  0x6c,  0x79,  0x00,  0x00,  0x66,  0x00,  0x00,  0x00, 
 0x03,  0x00,  0x00,  0x00,  0x25,  0x00,  0x00,  0x00,  0x00,  0x00,  0x00,  0x00,  0x01,  0x00,  0xf2,  0x68, 
 0xb1,  0xd4,  0xa2,  0x68,  0x01,  0x4a,  0x99,  0x2a,  0x50,  0x69,  0x24,  0xd7,  0xa6,  0x00,  0x00,  0x00, 
 0x07,  0x00,  0x00,  0x00,  0x68,  0x65,  0x61,  0x64,  0x65,  0x72,  0x00,  0x00,  0x00,  0x00,  0x00,  0x00, 
 0x16,  0x00,  0x00,  0x00,  0x01,  0x00,  0x00,  0x00,  0x01,  0x00,  0x01,  0x00,  0x08,  0x00,  0x00,  0x00, 
 0x73,  0x75,  0x63,  0x63,  0x65,  0x73,  0x73,  0x00,  0x00,  0x00,  0x00,  0x00,  0x16,  0x00,  0x00,  0x00, 
 0x02,  0x00,  0x00,  0x00,  0x01,  0x00,  0x70,  0x00,  0x08,  0x00,  0x00,  0x00,  0x6d,  0x65,  0x73,  0x73, 
 0x61,  0x67,  0x65,  0x00,  0x00,  0x00,  0xf2,  0x68,  0xb1,  0xd4,  0xa2,  0x68,  0x01,  0x4a,  0x99,  0x2a, 
 0x50,  0x69,  0x24,  0xd7,  0xa6,  0x00,  0x00,  0x00,  0x94,  0x00,  0x00,  0x00,  0xf2,  0x51,  0x01,  0x00, 
 0x1d,  0x00,  0x00,  0x00,  0x00,  0x00,  0x00,  0x00,  0x15,  0x00,  0x00,  0x00,  0x64,  0x64,  0x73,  0x5f, 
 0x72,  0x70,  0x63,  0x3a,  0x3a,  0x52,  0x65,  0x70,  0x6c,  0x79,  0x48,  0x65,  0x61,  0x64,  0x65,  0x72, 
 0x00,  0x00,  0x00,  0x00,  0x68,  0x00,  0x00,  0x00,  0x02,  0x00,  0x00,  0x00,  0x31,  0x00,  0x00,  0x00, 
 0x00,  0x00,  0x00,  0x00,  0x01,  0x00,  0xf2,  0x14,  0xf9,  0x72,  0xa0,  0x05,  0xdc,  0x1b,  0xf9,  0xad, 
 0x65,  0x1e,  0x82,  0x62,  0x90,  0x00,  0x00,  0x00,  0x13,  0x00,  0x00,  0x00,  0x72,  0x65,  0x6c,  0x61, 
 0x74,  0x65,  0x64,  0x5f,  0x72,  0x65,  0x71,  0x75,  0x65,  0x73,  0x74,  0x5f,  0x69,  0x64,  0x00,  0x00, 
 0x00,  0x00,  0x00,  0x00,  0x28,  0x00,  0x00,  0x00,  0x01,  0x00,  0x00,  0x00,  0x01,  0x00,  0xf2,  0x19, 
 0xe3,  0x07,  0x13,  0xe4,  0xaf,  0x05,  0x40,  0xa4,  0x6c,  0x2e,  0xd3,  0xae,  0x9d,  0x00,  0x00,  0x00, 
 0x0a,  0x00,  0x00,  0x00,  0x72,  0x65,  0x6d,  0x6f,  0x74,  0x65,  0x5f,  0x65,  0x78,  0x00,  0x00,  0x00, 
 0xf2,  0x14,  0xf9,  0x72,  0xa0,  0x05,  0xdc,  0x1b,  0xf9,  0xad,  0x65,  0x1e,  0x82,  0x62,  0x90,  0x00, 
 0x7e,  0x00,  0x00,  0x00,  0xf2,  0x51,  0x01,  0x00,  0x20,  0x00,  0x00,  0x00,  0x00,  0x00,  0x00,  0x00, 
 0x18,  0x00,  0x00,  0x00,  0x64,  0x64,  0x73,  0x5f,  0x72,  0x70,  0x63,  0x3a,  0x3a,  0x53,  0x61,  0x6d, 
 0x70,  0x6c,  0x65,  0x49,  0x64,  0x65,  0x6e,  0x74,  0x69,  0x74,  0x79,  0x00,  0x52,  0x00,  0x00,  0x00, 
 0x02,  0x00,  0x00,  0x00,  0x26,  0x00,  0x00,  0x00,  0x00,  0x00,  0x00,  0x00,  0x01,  0x00,  0x90,  0xf3, 
 0x01,  0x00,  0x00,  0x00,  0x01,  0x00,  0x00,  0x00,  0x10,  0x02,  0x00,  0x00,  0x0c,  0x00,  0x00,  0x00, 
 0x77,  0x72,  0x69,  0x74,  0x65,  0x72,  0x5f,  0x67,  0x75,  0x69,  0x64,  0x00,  0x00,  0x00,  0x00,  0x00, 
 0x1e,  0x00,  0x00,  0x00,  0x01,  0x00,  0x00,  0x00,  0x01,  0x00,  0x05,  0x00,  0x10,  0x00,  0x00,  0x00, 
 0x73,  0x65,  0x71,  0x75,  0x65,  0x6e,  0x63,  0x65,  0x5f,  0x6e,  0x75,  0x6d,  0x62,  0x65,  0x72,  0x00, 
 0x00,  0x00,  0xf2,  0x19,  0xe3,  0x07,  0x13,  0xe4,  0xaf,  0x05,  0x40,  0xa4,  0x6c,  0x2e,  0xd3,  0xae, 
 0x9d,  0x00,  0x00,  0x00,  0x56,  0x01,  0x00,  0x00,  0xf2,  0x40,  0x01,  0x00,  0x25,  0x00,  0x00,  0x00, 
 0x20,  0x00,  0x00,  0x00,  0x1d,  0x00,  0x00,  0x00,  0x64,  0x64,  0x73,  0x5f,  0x72,  0x70,  0x63,  0x3a, 
 0x3a,  0x52,  0x65,  0x6d,  0x6f,  0x74,  0x65,  0x45,  0x78,  0x63,  0x65,  0x70,  0x74,  0x69,  0x6f,  0x6e, 
 0x43,  0x6f,  0x64,  0x65,  0x00,  0x00,  0x00,  0x00,  0x22,  0x01,  0x00,  0x00,  0x06,  0x00,  0x00,  0x00, 
 0x1f,  0x00,  0x00,  0x00,  0x06,  0x00,  0x00,  0x00,  0x00,  0x00,  0x00,  0x00,  0x00,  0x00,  0x00,  0x00, 
 0x0d,  0x00,  0x00,  0x00,  0x52,  0x45,  0x4d,  0x4f,  0x54,  0x45,  0x5f,  0x45,  0x58,  0x5f,  0x4f,  0x4b, 
 0x00,  0x00,  0x00,  0x00,  0x28,  0x00,  0x00,  0x00,  0x06,  0x00,  0x00,  0x00,  0x01,  0x00,  0x00,  0x00, 
 0x00,  0x00,  0x00,  0x00,  0x16,  0x00,  0x00,  0x00,  0x52,  0x45,  0x4d,  0x4f,  0x54,  0x45,  0x5f,  0x45, 
 0x58,  0x5f,  0x55,  0x4e,  0x53,  0x55,  0x50,  0x50,  0x4f,  0x52,  0x54,  0x45,  0x44,  0x00,  0x00,  0x00, 
 0x2d,  0x00,  0x00,  0x00,  0x06,  0x00,  0x00,  0x00,  0x02,  0x00,  0x00,  0x00,  0x00,  0x00,  0x00,  0x00, 
 0x1b,  0x00,  0x00,  0x00,  0x52,  0x45,  0x4d,  0x4f,  0x54,  0x45,  0x5f,  0x45,  0x58,  0x5f,  0x49,  0x4e, 
 0x56,  0x41,  0x4c,  0x49,  0x44,  0x5f,  0x41,  0x52,  0x47,  0x55,  0x4d,  0x45,  0x4e,  0x54,  0x00,  0x00, 
 0x00,  0x00,  0x00,  0x00,  0x2d,  0x00,  0x00,  0x00,  0x06,  0x00,  0x00,  0x00,  0x03,  0x00,  0x00,  0x00, 
 0x00,  0x00,  0x00,  0x00,  0x1b,  0x00,  0x00,  0x00,  0x52,  0x45,  0x4d,  0x4f,  0x54,  0x45,  0x5f,  0x45, 
 0x58,  0x5f,  0x4f,  0x55,  0x54,  0x5f,  0x4f,  0x46,  0x5f,  0x52,  0x45,  0x53,  0x4f,  0x55,  0x52,  0x43, 
 0x45,  0x53,  0x00,  0x00,  0x00,  0x00,  0x00,  0x00,  0x2e,  0x00,  0x00,  0x00,  0x06,  0x00,  0x00,  0x00, 
 0x04,  0x00,  0x00,  0x00,  0x00,  0x00,  0x00,  0x00,  0x1c,  0x00,  0x00,  0x00,  0x52,  0x45,  0x4d,  0x4f, 
 0x54,  0x45,  0x5f,  0x45,  0x58,  0x5f,  0x55,  0x4e,  0x4b,  0x4e,  0x4f,  0x57,  0x4e,  0x5f,  0x4f,  0x50, 
 0x45,  0x52,  0x41,  0x54,  0x49,  0x4f,  0x4e,  0x00,  0x00,  0x00,  0x00,  0x00,  0x2e,  0x00,  0x00,  0x00, 
 0x06,  0x00,  0x00,  0x00,  0x05,  0x00,  0x00,  0x00,  0x00,  0x00,  0x00,  0x00,  0x1c,  0x00,  0x00,  0x00, 
 0x52,  0x45,  0x4d,  0x4f,  0x54,  0x45,  0x5f,  0x45,  0x58,  0x5f,  0x55,  0x4e,  0x4b,  0x4e,  0x4f,  0x57, 
 0x4e,  0x5f,  0x45,  0x58,  0x43,  0x45,  0x50,  0x54,  0x49,  0x4f,  0x4e,  0x00,  0x00,  0x00,  0x00,  0x00, 
 0x7c,  0x00,  0x00,  0x00,  0x04,  0x00,  0x00,  0x00,  0xf2,  0xea,  0xe5,  0x7e,  0xd8,  0xd7,  0xd9,  0x8d, 
 0x83,  0xb5,  0x4a,  0x9e,  0xe5,  0xe3,  0x7b,  0xf1,  0xaf,  0x14,  0x8d,  0x3d,  0x8f,  0xf0,  0x83,  0x0d, 
 0x45,  0xa2,  0xef,  0xdb,  0x77,  0xc3,  0xf2,  0x68,  0xb1,  0xd4,  0xa2,  0x68,  0x01,  0x4a,  0x99,  0x2a, 
 0x50,  0x69,  0x24,  0xd7,  0xa6,  0xf1,  0x9a,  0xba,  0xfe,  0x9e,  0xe8,  0xc1,  0x3e,  0x8d,  0x66,  0x6f, 
 0x3a,  0x07,  0x22,  0x23,  0xf2,  0x14,  0xf9,  0x72,  0xa0,  0x05,  0xdc,  0x1b,  0xf9,  0xad,  0x65,  0x1e, 
 0x82,  0x62,  0x90,  0xf1,  0x70,  0x1b,  0xa6,  0xae,  0x07,  0x17,  0xda,  0x1d,  0x9c,  0x22,  0xc7,  0x26, 
 0xd4,  0xda,  0xf2,  0x19,  0xe3,  0x07,  0x13,  0xe4,  0xaf,  0x05,  0x40,  0xa4,  0x6c,  0x2e,  0xd3,  0xae, 
 0x9d,  0xf1,  0xa3,  0xd0,  0x6b,  0xe6,  0xf9,  0xb5,  0x74,  0x8e,  0xb2,  0x30,  0x96,  0x74,  0x1a,  0x42, 
};
  return blob;
}
template<> inline const uint8_t * TopicTraits<::std_srvs::TriggerReply>::type_info_blob() {
  static const uint8_t blob[] = {
 0xf0,  0x00,  0x00,  0x00,  0x01,  0x10,  0x00,  0x40,  0x70,  0x00,  0x00,  0x00,  0x6c,  0x00,  0x00,  0x00, 
 0x14,  0x00,  0x00,  0x00,  0xf1,  0xaf,  0x14,  0x8d,  0x3d,  0x8f,  0xf0,  0x83,  0x0d,  0x45,  0xa2,  0xef, 
 0xdb,  0x77,  0xc3,  0x00,  0x58,  0x00,  0x00,  0x00,  0x03,  0x00,  0x00,  0x00,  0x4c,  0x00,  0x00,  0x00, 
 0x03,  0x00,  0x00,  0x00,  0x14,  0x00,  0x00,  0x00,  0xf1,  0x9a,  0xba,  0xfe,  0x9e,  0xe8,  0xc1,  0x3e, 
 0x8d,  0x66,  0x6f,  0x3a,  0x07,  0x22,  0x23,  0x00,  0x55,  0x00,  0x00,  0x00,  0x14,  0x00,  0x00,  0x00, 
 0xf1,  0x70,  0x1b,  0xa6,  0xae,  0x07,  0x17,  0xda,  0x1d,  0x9c,  0x22,  0xc7,  0x26,  0xd4,  0xda,  0x00, 
 0x43,  0x00,  0x00,  0x00,  0x14,  0x00,  0x00,  0x00,  0xf1,  0xa3,  0xd0,  0x6b,  0xe6,  0xf9,  0xb5,  0x74, 
 0x8e,  0xb2,  0x30,  0x96,  0x74,  0x1a,  0x42,  0x00,  0x8e,  0x00,  0x00,  0x00,  0x02,  0x10,  0x00,  0x40, 
 0x70,  0x00,  0x00,  0x00,  0x6c,  0x00,  0x00,  0x00,  0x14,  0x00,  0x00,  0x00,  0xf2,  0xea,  0xe5,  0x7e, 
 0xd8,  0xd7,  0xd9,  0x8d,  0x83,  0xb5,  0x4a,  0x9e,  0xe5,  0xe3,  0x7b,  0x00,  0x96,  0x00,  0x00,  0x00, 
 0x03,  0x00,  0x00,  0x00,  0x4c,  0x00,  0x00,  0x00,  0x03,  0x00,  0x00,  0x00,  0x14,  0x00,  0x00,  0x00, 
 0xf2,  0x68,  0xb1,  0xd4,  0xa2,  0x68,  0x01,  0x4a,  0x99,  0x2a,  0x50,  0x69,  0x24,  0xd7,  0xa6,  0x00, 
 0x98,  0x00,  0x00,  0x00,  0x14,  0x00,  0x00,  0x00,  0xf2,  0x14,  0xf9,  0x72,  0xa0,  0x05,  0xdc,  0x1b, 
 0xf9,  0xad,  0x65,  0x1e,  0x82,  0x62,  0x90,  0x00,  0x82,  0x00,  0x00,  0x00,  0x14,  0x00,  0x00,  0x00, 
 0xf2,  0x19,  0xe3,  0x07,  0x13,  0xe4,  0xaf,  0x05,  0x40,  0xa4,  0x6c,  0x2e,  0xd3,  0xae,  0x9d,  0x00, 
 0x5a,  0x01,  0x00,  0x00, };
  return blob;
}
#endif //DDSCXX_HAS_TYPE_DISCOVERY

template <> constexpr const char* TopicTraits<::std_srvs::SetBoolRequest>::getTypeName()
{
  return "std_srvs::SetBoolRequest";
}

template <> constexpr bool TopicTraits<::std_srvs::SetBoolRequest>::isSelfContained()
{
  return false;
}

template <> constexpr bool TopicTraits<::std_srvs::SetBoolRequest>::isKeyless()
{
  return true;
}

#ifdef DDSCXX_HAS_TYPE_DISCOVERY
template<> constexpr unsigned int TopicTraits<::std_srvs::SetBoolRequest>::type_map_blob_sz() { return 810; }
template<> constexpr unsigned int TopicTraits<::std_srvs::SetBoolRequest>::type_info_blob_sz() { return 196; }
template<> inline const uint8_t * TopicTraits<::std_srvs::SetBoolRequest>::type_map_blob() {
  static const uint8_t blob[] = {
 0x07,  0x01,  0x00,  0x00,  0x03,  0x00,  0x00,  0x00,  0xf1,  0x12,  0xdf,  0xda,  0xd2,  0x23,  0x85,  0x40, 
 0x25,  0x8a,  0xe2,  0xec,  0x80,  0x3b,  0x71,  0x00,  0x43,  0x00,  0x00,  0x00,  0xf1,  0x51,  0x01,  0x00, 
 0x01,  0x00,  0x00,  0x00,  0x00,  0x00,  0x00,  0x00,  0x33,  0x00,  0x00,  0x00,  0x02,  0x00,  0x00,  0x00, 
 0x19,  0x00,  0x00,  0x00,  0x00,  0x00,  0x00,  0x00,  0x01,  0x00,  0xf1,  0xc6,  0x6d,  0x04,  0x8a,  0xb2, 
 0xb8,  0xa2,  0x6c,  0x51,  0xa8,  0x37,  0x3c,  0x8b,  0x08,  0x09,  0x9f,  0xb9,  0x95,  0x00,  0x00,  0x00, 
 0x0b,  0x00,  0x00,  0x00,  0x01,  0x00,  0x00,  0x00,  0x01,  0x00,  0x01,  0x8d,  0x77,  0x7f,  0x38,  0xf1, 
 0xc6,  0x6d,  0x04,  0x8a,  0xb2,  0xb8,  0xa2,  0x6c,  0x51,  0xa8,  0x37,  0x3c,  0x8b,  0x08,  0x00,  0x00, 
 0x44,  0x00,  0x00,  0x00,  0xf1,  0x51,  0x01,  0x00,  0x01,  0x00,  0x00,  0x00,  0x00,  0x00,  0x00,  0x00, 
 0x34,  0x00,  0x00,  0x00,  0x02,  0x00,  0x00,  0x00,  0x19,  0x00,  0x00,  0x00,  0x00,  0x00,  0x00,  0x00, 
 0x01,  0x00,  0xf1,  0x70,  0x1b,  0xa6,  0xae,  0x07,  0x17,  0xda,  0x1d,  0x9c,  0x22,  0xc7,  0x26,  0xd4, 
 0xda,  0xf6,  0x8d,  0x2c,  0x36,  0x00,  0x00,  0x00,  0x0c,  0x00,  0x00,  0x00,  0x01,  0x00,  0x00,  0x00, 
 0x01,  0x00,  0x70,  0x00,  0x6a,  0x26,  0x22,  0xa0,  0xf1,  0x70,  0x1b,  0xa6,  0xae,  0x07,  0x17,  0xda, 
 0x1d,  0x9c,  0x22,  0xc7,  0x26,  0xd4,  0xda,  0x00,  0x3f,  0x00,  0x00,  0x00,  0xf1,  0x51,  0x01,  0x00, 
 0x01,  0x00,  0x00,  0x00,  0x00,  0x00,  0x00,  0x00,  0x2f,  0x00,  0x00,  0x00,  0x02,  0x00,  0x00,  0x00, 
 0x16,  0x00,  0x00,  0x00,  0x00,  0x00,  0x00,  0x00,  0x01,  0x00,  0x90,  0xf3,  0x01,  0x00,  0x00,  0x00, 
 0x01,  0x00,  0x00,  0x00,  0x10,  0x02,  0x2e,  0x01,  0x3a,  0x23,  0x00,  0x00,  0x0b,  0x00,  0x00,  0x00, 
 0x01,  0x00,  0x00,  0x00,  0x01,  0x00,  0x05,  0xca,  0x44,  0x85,  0x16,  0x00,  0xb6,  0x01,  0x00,  0x00, 
 0x03,  0x00,  0x00,  0x00,  0xf2,  0xab,  0x7b,  0x0b,  0x0e,  0x76,  0x1f,  0x81,  0x73,  0x07,  0x81,  0x6f, 
 0xbe,  0x99,  0xd7,  0x00,  0x77,  0x00,  0x00,  0x00,  0xf2,  0x51,  0x01,  0x00,  0x21,  0x00,  0x00,  0x00, 
 0x00,  0x00,  0x00,  0x00,  0x19,  0x00,  0x00,  0x00,  0x73,  0x74,  0x64,  0x5f,  0x73,  0x72,  0x76,  0x73, 
 0x3a,  0x3a,  0x53,  0x65,  0x74,  0x42,  0x6f,  0x6f,  0x6c,  0x52,  0x65,  0x71,  0x75,  0x65,  0x73,  0x74, 
 0x00,  0x00,  0x00,  0x00,  0x47,  0x00,  0x00,  0x00,  0x02,  0x00,  0x00,  0x00,  0x25,  0x00,  0x00,  0x00, 
 0x00,  0x00,  0x00,  0x00,  0x01,  0x00,  0xf2,  0x8d,  0xaa,  0x9a,  0xf0,  0xaf,  0xda,  0x35,  0x97,  0x56, 
 0x32,  0x2a,  0x70,  0x4d,  0x84,  0x00,  0x00,  0x00,  0x07,  0x00,  0x00,  0x00,  0x68,  0x65,  0x61,  0x64, 
 0x65,  0x72,  0x00,  0x00,  0x00,  0x00,  0x00,  0x00,  0x13,  0x00,  0x00,  0x00,  0x01,  0x00,  0x00,  0x00, 
 0x01,  0x00,  0x01,  0x00,  0x05,  0x00,  0x00,  0x00,  0x64,  0x61,  0x74,  0x61,  0x00,  0x00,  0x00,  0xf2, 
 0x8d,  0xaa,  0x9a,  0xf0,  0xaf,  0xda,  0x35,  0x97,  0x56,  0x32,  0x2a,  0x70,  0x4d,  0x84,  0x00,  0x00, 
 0x80,  0x00,  0x00,  0x00,  0xf2,  0x51,  0x01,  0x00,  0x1f,  0x00,  0x00,  0x00,  0x00,  0x00,  0x00,  0x00, 
 0x17,  0x00,  0x00,  0x00,  0x64,  0x64,  0x73,  0x5f,  0x72,  0x70,  0x63,  0x3a,  0x3a,  0x52,  0x65,  0x71, 
 0x75,  0x65,  0x73,  0x74,  0x48,  0x65,  0x61,  0x64,  0x65,  0x72,  0x00,  0x00,  0x54,  0x00,  0x00,  0x00, 
 0x02,  0x00,  0x00,  0x00,  0x29,  0x00,  0x00,  0x00,  0x00,  0x00,  0x00,  0x00,  0x01,  0x00,  0xf2,  0x14, 
 0xf9,  0x72,  0xa0,  0x05,  0xdc,  0x1b,  0xf9,  0xad,  0x65,  0x1e,  0x82,  0x62,  0x90,  0x00,  0x00,  0x00, 
 0x0b,  0x00,  0x00,  0x00,  0x72,  0x65,  0x71,  0x75,  0x65,  0x73,  0x74,  0x5f,  0x69,  0x64,  0x00,  0x00, 
 0x00,  0x00,  0x00,  0x00,  0x1c,  0x00,  0x00,  0x00,  0x01,  0x00,  0x00,  0x00,  0x01,  0x00,  0x70,  0x00, 
 0x0e,  0x00,  0x00,  0x00,  0x69,  0x6e,  0x73,  0x74,  0x61,  0x6e,  0x63,  0x65,  0x5f,  0x6e,  0x61,  0x6d, 
 0x65,  0x00,  0x00,  0x00,  0xf2,  0x14,  0xf9,  0x72,  0xa0,  0x05,  0xdc,  0x1b,  0xf9,  0xad,  0x65,  0x1e, 
 0x82,  0x62,  0x90,  0x00,  0x7e,  0x00,  0x00,  0x00,  0xf2,  0x51,  0x01,  0x00,  0x20,  0x00,  0x00,  0x00, 
 0x00,  0x00,  0x00,  0x00,  0x18,  0x00,  0x00,  0x00,  0x64,  0x64,  0x73,  0x5f,  0x72,  0x70,  0x63,  0x3a, 
 0x3a,  0x53,  0x61,  0x6d,  0x70,  0x6c,  0x65,  0x49,  0x64,  0x65,  0x6e,  0x74,  0x69,  0x74,  0x79,  0x00, 
 0x52,  0x00,  0x00,  0x00,  0x02,  0x00,  0x00,  0x00,  0x26,  0x00,  0x00,  0x00,  0x00,  0x00,  0x00,  0x00, 
 0x01,  0x00,  0x90,  0xf3,  0x01,  0x00,  0x00,  0x00,  0x01,  0x00,  0x00,  0x00,  0x10,  0x02,  0x00,  0x00, 
 0x0c,  0x00,  0x00,  0x00,  0x77,  0x72,  0x69,  0x74,  0x65,  0x72,  0x5f,  0x67,  0x75,  0x69,  0x64,  0x00, 
 0x00,  0x00,  0x00,  0x00,  0x1e,  0x00,  0x00,  0x00,  0x01,  0x00,  0x00,  0x00,  0x01,  0x00,  0x05,  0x00, 
 0x10,  0x00,  0x00,  0x00,  0x73,  0x65,  0x71,  0x75,  0x65,  0x6e,  0x63,  0x65,  0x5f,  0x6e,  0x75,  0x6d, 
 0x62,  0x65,  0x72,  0x00,  0x00,  0x00,  0x00,  0x00,  0x5e,  0x00,  0x00,  0x00,  0x03,  0x00,  0x00,  0x00, 
 0xf2,  0xab,  0x7b,  0x0b,  0x0e,  0x76,  0x1f,  0x81,  0x73,  0x07,  0x81,  0x6f,  0xbe,  0x99,  0xd7,  0xf1, 
 0x12,  0xdf,  0xda,  0xd2,  0x23,  0x85,  0x40,  0x25,  0x8a,  0xe2,  0xec,  0x80,  0x3b,  0x71,  0xf2,  0x8d, 
 0xaa,  0x9a,  0xf0,  0xaf,  0xda,  0x35,  0x97,  0x56,  0x32,  0x2a,  0x70,  0x4d,  0x84,  0xf1,  0xc6,  0x6d, 
 0x04,  0x8a,  0xb2,  0xb8,  0xa2,  0x6c,  0x51,  0xa8,  0x37,  0x3c,  0x8b,  0x08,  0xf2,  0x14,  0xf9,  0x72, 
 0xa0,  0x05,  0xdc,  0x1b,  0xf9,  0xad,  0x65,  0x1e,  0x82,  0x62,  0x90,  0xf1,  0x70,  0x1b,  0xa6,  0xae, 
 0x07,  0x17,  0xda,  0x1d,  0x9c,  0x22,  0xc7,  0x26,  0xd4,  0xda, };
  return blob;
}
template<> inline const uint8_t * TopicTraits<::std_srvs::SetBoolRequest>::type_info_blob() {
  static const uint8_t blob[] = {
 0xc0,  0x00,  0x00,  0x00,  0x01,  0x10,  0x00,  0x40,  0x58,  0x00,  0x00,  0x00,  0x54,  0x00,  0x00,  0x00, 
 0x14,  0x00,  0x00,  0x00,  0xf1,  0x12,  0xdf,  0xda,  0xd2,  0x23,  0x85,  0x40,  0x25,  0x8a,  0xe2,  0xec, 
 0x80,  0x3b,  0x71,  0x00,  0x47,  0x00,  0x00,  0x00,  0x02,  0x00,  0x00,  0x00,  0x34,  0x00,  0x00,  0x00, 
 0x02,  0x00,  0x00,  0x00,  0x14,  0x00,  0x00,  0x00,  0xf1,  0xc6,  0x6d,  0x04,  0x8a,  0xb2,  0xb8,  0xa2, 
 0x6c,  0x51,  0xa8,  0x37,  0x3c,  0x8b,  0x08,  0x00,  0x48,  0x00,  0x00,  0x00,  0x14,  0x00,  0x00,  0x00, 
 0xf1,  0x70,  0x1b,  0xa6,  0xae,  0x07,  0x17,  0xda,  0x1d,  0x9c,  0x22,  0xc7,  0x26,  0xd4,  0xda,  0x00, 
 0x43,  0x00,  0x00,  0x00,  0x02,  0x10,  0x00,  0x40,  0x58,  0x00,  0x00,  0x00,  0x54,  0x00,  0x00,  0x00, 
 0x14,  0x00,  0x00,  0x00,  0xf2,  0xab,  0x7b,  0x0b,  0x0e,  0x76,  0x1f,  0x81,  0x73,  0x07,  0x81,  0x6f, 
 0xbe,  0x99,  0xd7,  0x00,  0x7b,  0x00,  0x00,  0x00,  0x02,  0x00,  0x00,  0x00,  0x34,  0x00,  0x00,  0x00, 
 0x02,  0x00,  0x00,  0x00,  0x14,  0x00,  0x00,  0x00,  0xf2,  0x8d,  0xaa,  0x9a,  0xf0,  0xaf,  0xda,  0x35, 
 0x97,  0x56,  0x32,  0x2a,  0x70,  0x4d,  0x84,  0x00,  0x84,  0x00,  0x00,  0x00,  0x14,  0x00,  0x00,  0x00, 
 0xf2,  0x14,  0xf9,  0x72,  0xa0,  0x05,  0xdc,  0x1b,  0xf9,  0xad,  0x65,  0x1e,  0x82,  0x62,  0x90,  0x00, 
 0x82,  0x00,  0x00,  0x00, };
  return blob;
}
#endif //DDSCXX_HAS_TYPE_DISCOVERY

template <> constexpr const char* TopicTraits<::std_srvs::SetBoolReply>::getTypeName()
{
  return "std_srvs::SetBoolReply";
}

template <> constexpr bool TopicTraits<::std_srvs::SetBoolReply>::isSelfContained()
{
  return false;
}

template <> constexpr bool TopicTraits<::std_srvs::SetBoolReply>::isKeyless()
{
  return true;
}

#ifdef DDSCXX_HAS_TYPE_DISCOVERY
template<> constexpr unsigned int TopicTraits<::std_srvs::SetBoolReply>::type_map_blob_sz() { return 1440; }
template<> constexpr unsigned int TopicTraits<::std_srvs::SetBoolReply>::type_info_blob_sz() { return 244; }
template<> inline const uint8_t * TopicTraits<::std_srvs::SetBoolReply>::type_map_blob() {
  static const uint8_t blob[] = {
 0xc2,  0x01,  0x00,  0x00,  0x04,  0x00,  0x00,  0x00,  0xf1,  0xaf,  0x14,  0x8d,  0x3d,  0x8f,  0xf0,  0x83, 
 0x0d,  0x45,  0xa2,  0xef,  0xdb,  0x77,  0xc3,  0x00,  0x54,  0x00,  0x00,  0x00,  0xf1,  0x51,  0x01,  0x00, 
 0x01,  0x00,  0x00,  0x00,  0x00,  0x00,  0x00,  0x00,  0x44,  0x00,  0x00,  0x00,  0x03,  0x00,  0x00,  0x00, 
 0x19,  0x00,  0x00,  0x00,  0x00,  0x00,  0x00,  0x00,  0x01,  0x00,  0xf1,  0x9a,  0xba,  0xfe,  0x9e,  0xe8, 
 0xc1,  0x3e,  0x8d,  0x66,  0x6f,  0x3a,  0x07,  0x22,  0x23,  0x09,  0x9f,  0xb9,  0x95,  0x00,  0x00,  0x00, 
 0x0b,  0x00,  0x00,  0x00,  0x01,  0x00,  0x00,  0x00,  0x01,  0x00,  0x01,  0x26,  0x0c,  0xa9,  0xdd,  0x00, 
 0x0c,  0x00,  0x00,  0x00,  0x02,  0x00,  0x00,  0x00,  0x01,  0x00,  0x70,  0x00,  0x78,  0xe7,  0x31,  0x02, 
 0xf1,  0x9a,  0xba,  0xfe,  0x9e,  0xe8,  0xc1,  0x3e,  0x8d,  0x66,  0x6f,  0x3a,  0x07,  0x22,  0x23,  0x00, 
 0x51,  0x00,  0x00,  0x00,  0xf1,  0x51,  0x01,  0x00,  0x01,  0x00,  0x00,  0x00,  0x00,  0x00,  0x00,  0x00, 
 0x41,  0x00,  0x00,  0x00,  0x02,  0x00,  0x00,  0x00,  0x19,  0x00,  0x00,  0x00,  0x00,  0x00,  0x00,  0x00, 
 0x01,  0x00,  0xf1,  0x70,  0x1b,  0xa6,  0xae,  0x07,  0x17,  0xda,  0x1d,  0x9c,  0x22,  0xc7,  0x26,  0xd4, 
 0xda,  0x54,  0x4d,  0x13,  0xe9,  0x00,  0x00,  0x00,  0x19,  0x00,  0x00,  0x00,  0x01,  0x00,  0x00,  0x00, 
 0x01,  0x00,  0xf1,  0xa3,  0xd0,  0x6b,  0xe6,  0xf9,  0xb5,  0x74,  0x8e,  0xb2,  0x30,  0x96,  0x74,  0x1a, 
 0x42,  0x3b,  0x11,  0x4d,  0x51,  0xf1,  0x70,  0x1b,  0xa6,  0xae,  0x07,  0x17,  0xda,  0x1d,  0x9c,  0x22, 
 0xc7,  0x26,  0xd4,  0xda,  0x3f,  0x00,  0x00,  0x00,  0xf1,  0x51,  0x01,  0x00,  0x01,  0x00,  0x00,  0x00, 
 0x00,  0x00,  0x00,  0x00,  0x2f,  0x00,  0x00,  0x00,  0x02,  0x00,  0x00,  0x00,  0x16,  0x00,  0x00,  0x00, 
 0x00,  0x00,  0x00,  0x00,  0x01,  0x00,  0x90,  0xf3,  0x01,  0x00,  0x00,  0x00,  0x01,  0x00,  0x00,  0x00, 
 0x10,  0x02,  0x2e,  0x01,  0x3a,  0x23,  0x00,  0x00,  0x0b,  0x00,  0x00,  0x00,  0x01,  0x00,  0x00,  0x00, 
 0x01,  0x00,  0x05,  0xca,  0x44,  0x85,  0x16,  0xf1,  0xa3,  0xd0,  0x6b,  0xe6,  0xf9,  0xb5,  0x74,  0x8e, 
 0xb2,  0x30,  0x96,  0x74,  0x1a,  0x42,  0x00,  0x00,  0x8a,  0x00,  0x00,  0x00,  0xf1,  0x40,  0x01,  0x00, 
 0x02,  0x00,  0x00,  0x00,  0x20,  0x00,  0x00,  0x00,  0x7a,  0x00,  0x00,  0x00,  0x06,  0x00,  0x00,  0x00, 
 0x0e,  0x00,  0x00,  0x00,  0x06,  0x00,  0x00,  0x00,  0x00,  0x00,  0x00,  0x00,  0x00,  0x00,  0x90,  0x62, 
 0x69,  0xd0,  0x00,  0x00,  0x0e,  0x00,  0x00,  0x00,  0x06,  0x00,  0x00,  0x00,  0x01,  0x00,  0x00,  0x00, 
 0x00,  0x00,  0xc1,  0xb7,  0xfe,  0x1c,  0x00,  0x00,  0x0e,  0x00,  0x00,  0x00,  0x06,  0x00,  0x00,  0x00, 
 0x02,  0x00,  0x00,  0x00,  0x00,  0x00,  0xef,  0xaa,  0x37,  0x7c,  0x00,  0x00,  0x0e,  0x00,  0x00,  0x00, 
 0x06,  0x00,  0x00,  0x00,  0x03,  0x00,  0x00,  0x00,  0x00,  0x00,  0x89,  0xc0,  0x12,  0x0f,  0x00,  0x00, 
 0x0e,  0x00,  0x00,  0x00,  0x06,  0x00,  0x00,  0x00,  0x04,  0x00,  0x00,  0x00,  0x00,  0x00,  0x98,  0xd1, 
 0xd7,  0x66,  0x00,  0x00,  0x0e,  0x00,  0x00,  0x00,  0x06,  0x00,  0x00,  0x00,  0x05,  0x00,  0x00,  0x00, 
 0x00,  0x00,  0x24,  0xaf,  0x3d,  0x7a,  0x00,  0x00,  0x52,  0x03,  0x00,  0x00,  0x04,  0x00,  0x00,  0x00, 
 0xf2,  0xad,  0x0a,  0x64,  0x40,  0x64,  0xfd,  0xce,  0x07,  0x32,  0xf4,  0x8d,  0x70,  0xf3,  0x52,  0x00, 
 0x92,  0x00,  0x00,  0x00,  0xf2,  0x51,  0x01,  0x00,  0x1f,  0x00,  0x00,  0x00,  0x00,  0x00,  0x00,  0x00, 
 0x17,  0x00,  0x00,  0x00,  0x73,  0x74,  0x64,  0x5f,  0x73,  0x72,  0x76,  0x73,  0x3a,  0x3a,  0x53,  0x65, 
 0x74,  0x42,  0x6f,  0x6f,  0x6c,  0x52,  0x65,  0x70,  0x6c,  0x79,  0x00,  0x00,  0x66,  0x00,  0x00,  0x00, 
 0x03,  0x00,  0x00,  0x00,  0x25,  0x00,  0x00,  0x00,  0x00,  0x00,  0x00,  0x00,  0x01,  0x00,  0xf2,  0x68, 
 0xb1,  0xd4,  0xa2,  0x68,  0x01,  0x4a,  0x99,  0x2a,  0x50,  0x69,  0x24,  0xd7,  0xa6,  0x00,  0x00,  0x00, 
 0x07,  0x00,  0x00,  0x00,  0x68,  0x65,  0x61,  0x64,  0x65,  0x72,  0x00,  0x00,  0x00,  0x00,  0x00,  0x00, 
 0x16,  0x00,  0x00,  0x00,  0x01,  0x00,  0x00,  0x00,  0x01,  0x00,  0x01,  0x00,  0x08,  0x00,  0x00,  0x00, 
 0x73,  0x75,  0x63,  0x63,  0x65,  0x73,  0x73,  0x00,  0x00,  0x00,  0x00,  0x00,  0x16,  0x00,  0x00,  0x00, 
 0x02,  0x00,  0x00,  0x00,  0x01,  0x00,  0x70,  0x00,  0x08,  0x00,  0x00,  0x00,  0x6d,  0x65,  0x73,  0x73, 
 0x61,  0x67,  0x65,  0x00,  0x00,  0x00,  0xf2,  0x68,  0xb1,  0xd4,  0xa2,  0x68,  0x01,  0x4a,  0x99,  0x2a, 
 0x50,  0x69,  0x24,  0xd7,  0xa6,  0x00,  0x00,  0x00,  0x94,  0x00,  0x00,  0x00,  0xf2,  0x51,  0x01,  0x00, 
 0x1d,  0x00,  0x00,  0x00,  0x00,  0x00,  0x00,  0x00,  0x15,  0x00,  0x00,  0x00,  0x64,  0x64,  0x73,  0x5f, 
 0x72,  0x70,  0x63,  0x3a,  0x3a,  0x52,  0x65,  0x70,  0x6c,  0x79,  0x48,  0x65,  0x61,  0x64,  0x65,  0x72, 
 0x00,  0x00,  0x00,  0x00,  0x68,  0x00,  0x00,  0x00,  0x02,  0x00,  0x00,  0x00,  0x31,  0x00,  0x00,  0x00, 
 0x00,  0x00,  0x00,  0x00,  0x01,  0x00,  0xf2,  0x14,  0xf9,  0x72,  0xa0,  0x05,  0xdc,  0x1b,  0xf9,  0xad, 
 0x65,  0x1e,  0x82,  0x62,  0x90,  0x00,  0x00,  0x00,  0x13,  0x00,  0x00,  0x00,  0x72,  0x65,  0x6c,  0x61, 
 0x74,  0x65,  0x64,  0x5f,  0x72,  0x65,  0x71,  0x75,  0x65,  0x73,  0x74,  0x5f,  0x69,  0x64,  0x00,  0x00, 
 0x00,  0x00,  0x00,  0x00,  0x28,  0x00,  0x00,  0x00,  0x01,  0x00,  0x00,  0x00,  0x01,  0x00,  0xf2,  0x19, 
 0xe3,  0x07,  0x13,  0xe4,  0xaf,  0x05,  0x40,  0xa4,  0x6c,  0x2e,  0xd3,  0xae,  0x9d,  0x00,  0x00,  0x00, 
 0x0a,  0x00,  0x00,  0x00,  0x72,  0x65,  0x6d,  0x6f,  0x74,  0x65,  0x5f,  0x65,  0x78,  0x00,  0x00,  0x00, 
 0xf2,  0x14,  0xf9,  0x72,  0xa0,  0x05,  0xdc,  0x1b,  0xf9,  0xad,  0x65,  0x1e,  0x82,  0x62,  0x90,  0x00, 
 0x7e,  0x00,  0x00,  0x00,  0xf2,  0x51,  0x01,  0x00,  0x20,  0x00,  0x00,  0x00,  0x00,  0x00,  0x00,  0x00, 
 0x18,  0x00,  0x00,  0x00,  0x64,  0x64,  0x73,  0x5f,  0x72,  0x70,  0x63,  0x3a,  0x3a,  0x53,  0x61,  0x6d, 
 0x70,  0x6c,  0x65,  0x49,  0x64,  0x65,  0x6e,  0x74,  0x69,  0x74,  0x79,  0x00,  0x52,  0x00,  0x00,  0x00, 
 0x02,  0x00,  0x00,  0x00,  0x26,  0x00,  0x00,  0x00,  0x00,  0x00,  0x00,  0x00,  0x01,  0x00,  0x90,  0xf3, 
 0x01,  0x00,  0x00,  0x00,  0x01,  0x00,  0x00,  0x00,  0x10,  0x02,  0x00,  0x00,  0x0c,  0x00,  0x00,  0x00, 
 0x77,  0x72,  0x69,  0x74,  0x65,  0x72,  0x5f,  0x67,  0x75,  0x69,  0x64,  0x00,  0x00,  0x00,  0x00,  0x00, 
 0x1e,  0x00,  0x00,  0x00,  0x01,  0x00,  0x00,  0x00,  0x01,  0x00,  0x05,  0x00,  0x10,  0x00,  0x00,  0x00, 
 0x73,  0x65,  0x71,  0x75,  0x65,  0x6e,  0x63,  0x65,  0x5f,  0x6e,  0x75,  0x6d,  0x62,  0x65,  0x72,  0x00, 
 0x00,  0x00,  0xf2,  0x19,  0xe3,  0x07,  0x13,  0xe4,  0xaf,  0x05,  0x40,  0xa4,  0x6c,  0x2e,  0xd3,  0xae, 
 0x9d,  0x00,  0x00,  0x00,  0x56,  0x01,  0x00,  0x00,  0xf2,  0x40,  0x01,  0x00,  0x25,  0x00,  0x00,  0x00, 
 0x20,  0x00,  0x00,  0x00,  0x1d,  0x00,  0x00,  0x00,  0x64,  0x64,  0x73,  0x5f,  0x72,  0x70,  0x63,  0x3a, 
 0x3a,  0x52,  0x65,  0x6d,  0x6f,  0x74,  0x65,  0x45,  0x78,  0x63,  0x65,  0x70,  0x74,  0x69,  0x6f,  0x6e, 
 0x43,  0x6f,  0x64,  0x65,  0x00,  0x00,  0x00,  0x00,  0x22,  0x01,  0x00,  0x00,  0x06,  0x00,  0x00,  0x00, 
 0x1f,  0x00,  0x00,  0x00,  0x06,  0x00,  0x00,  0x00,  0x00,  0x00,  0x00,  0x00,  0x00,  0x00,  0x00,  0x00, 
 0x0d,  0x00,  0x00,  0x00,  0x52,  0x45,  0x4d,  0x4f,  0x54,  0x45,  0x5f,  0x45,  0x58,  0x5f,  0x4f,  0x4b, 
 0x00,  0x00,  0x00,  0x00,  0x28,  0x00,  0x00,  0x00,  0x06,  0x00,  0x00,  0x00,  0x01,  0x00,  0x00,  0x00, 
 0x00,  0x00,  0x00,  0x00,  0x16,  0x00,  0x00,  0x00,  0x52,  0x45,  0x4d,  0x4f,  0x54,  0x45,  0x5f,  0x45, 
 0x58,  0x5f,  0x55,  0x4e,  0x53,  0x55,  0x50,  0x50,  0x4f,  0x52,  0x54,  0x45,  0x44,  0x00,  0x00,  0x00, 
 0x2d,  0x00,  0x00,  0x00,  0x06,  0x00,  0x00,  0x00,  0x02,  0x00,  0x00,  0x00,  0x00,  0x00,  0x00,  0x00, 
 0x1b,  0x00,  0x00,  0x00,  0x52,  0x45,  0x4d,  0x4f,  0x54,  0x45,  0x5f,  0x45,  0x58,  0x5f,  0x49,  0x4e, 
 0x56,  0x41,  0x4c,  0x49,  0x44,  0x5f,  0x41,  0x52,  0x47,  0x55,  0x4d,  0x45,  0x4e,  0x54,  0x00,  0x00, 
 0x00,  0x00,  0x00,  0x00,  0x2d,  0x00,  0x00,  0x00,  0x06,  0x00,  0x00,  0x00,  0x03,  0x00,  0x00,  0x00, 
 0x00,  0x00,  0x00,  0x00,  0x1b,  0x00,  0x00,  0x00,  0x52,  0x45,  0x4d,  0x4f,  0x54,  0x45,  0x5f,  0x45, 
 0x58,  0x5f,  0x4f,  0x55,  0x54,  0x5f,  0x4f,  0x46,  0x5f,  0x52,  0x45,  0x53,  0x4f,  0x55,  0x52,  0x43, 
 0x45,  0x53,  0x00,  0x00,  0x00,  0x00,  0x00,  0x00,  0x2e,  0x00,  0x00,  0x00,  0x06,  0x00,  0x00,  0x00, 
 0x04,  0x00,  0x00,  0x00,  0x00,  0x00,  0x00,  0x00,  0x1c,  0x00,  0x00,  0x00,  0x52,  0x45,  0x4d,  0x4f, 
 0x54,  0x45,  0x5f,  0x45,  0x58,  0x5f,  0x55,  0x4e,  0x4b,  0x4e,  0x4f,  0x57,  0x4e,  0x5f,  0x4f,  0x50, 
 0x45,  0x52,  0x41,  0x54,  0x49,  0x4f,  0x4e,  0x00,  0x00,  0x00,  0x00,  0x00,  0x2e,  0x00,  0x00,  0x00, 
 0x06,  0x00,  0x00,  0x00,  0x05,  0x00,  0x00,  0x00,  0x00,  0x00,  0x00,  0x00,  0x1c,  0x00,  0x00,  0x00, 
 0x52,  0x45,  0x4d,  0x4f,  0x54,  0x45,  0x5f,  0x45,  0x58,  0x5f,  0x55,  0x4e,  0x4b,  0x4e,  0x4f,  0x57, 
 0x4e,  0x5f,  0x45,  0x58,  0x43,  0x45,  0x50,  0x54,  0x49,  0x4f,  0x4e,  0x00,  0x00,  0x00,  0x00,  0x00, 
 0x7c,  0x00,  0x00,  0x00,  0x04,  0x00,  0x00,  0x00,  0xf2,  0xad,  0x0a,  0x64,  0x40,  0x64,  0xfd,  0xce, 
 0x07,  0x32,  0xf4,  0x8d,  0x70,  0xf3,  0x52,  0xf1,  0xaf,  0x14,  0x8d,  0x3d,  0x8f,  0xf0,  0x83,  0x0d, 
 0x45,  0xa2,  0xef,  0xdb,  0x77,  0xc3,  0xf2,  0x68,  0xb1,  0xd4,  0xa2,  0x68,  0x01,  0x4a,  0x99,  0x2a, 
 0x50,  0x69,  0x24,  0xd7,  0xa6,  0xf1,  0x9a,  0xba,  0xfe,  0x9e,  0xe8,  0xc1,  0x3e,  0x8d,  0x66,  0x6f, 
 0x3a,  0x07,  0x22,  0x23,  0xf2,  0x14,  0xf9,  0x72,  0xa0,  0x05,  0xdc,  0x1b,  0xf9,  0xad,  0x65,  0x1e, 
 0x82,  0x62,  0x90,  0xf1,  0x70,  0x1b,  0xa6,  0xae,  0x07,  0x17,  0xda,  0x1d,  0x9c,  0x22,  0xc7,  0x26, 
 0xd4,  0xda,  0xf2,  0x19,  0xe3,  0x07,  0x13,  0xe4,  0xaf,  0x05,  0x40,  0xa4,  0x6c,  0x2e,  0xd3,  0xae, 
 0x9d,  0xf1,  0xa3,  0xd0,  0x6b,  0xe6,  0xf9,  0xb5,  0x74,  0x8e,  0xb2,  0x30,  0x96,  0x74,  0x1a,  0x42, 
};
  return blob;
}
template<> inline const uint8_t * TopicTraits<::std_srvs::SetBoolReply>::type_info_blob() {
  static const uint8_t blob[] = {
 0xf0,  0x00,  0x00,  0x00,  0x01,  0x10,  0x00,  0x40,  0x70,  0x00,  0x00,  0x00,  0x6c,  0x00,  0x00,  0x00, 
 0x14,  0x00,  0x00,  0x00,  0xf1,  0xaf,  0x14,  0x8d,  0x3d,  0x8f,  0xf0,  0x83,  0x0d,  0x45,  0xa2,  0xef, 
 0xdb,  0x77,  0xc3,  0x00,  0x58,  0x00,  0x00,  0x00,  0x03,  0x00,  0x00,  0x00,  0x4c,  0x00,  0x00,  0x00, 
 0x03,  0x00,  0x00,  0x00,  0x14,  0x00,  0x00,  0x00,  0xf1,  0x9a,  0xba,  0xfe,  0x9e,  0xe8,  0xc1,  0x3e, 
 0x8d,  0x66,  0x6f,  0x3a,  0x07,  0x22,  0x23,  0x00,  0x55,  0x00,  0x00,  0x00,  0x14,  0x00,  0x00,  0x00, 
 0xf1,  0x70,  0x1b,  0xa6,  0xae,  0x07,  0x17,  0xda,  0x1d,  0x9c,  0x22,  0xc7,  0x26,  0xd4,  0xda,  0x00, 
 0x43,  0x00,  0x00,  0x00,  0x14,  0x00,  0x00,  0x00,  0xf1,  0xa3,  0xd0,  0x6b,  0xe6,  0xf9,  0xb5,  0x74, 
 0x8e,  0xb2,  0x30,  0x96,  0x74,  0x1a,  0x42,  0x00,  0x8e,  0x00,  0x00,  0x00,  0x02,  0x10,  0x00,  0x40, 
 0x70,  0x00,  0x00,  0x00,  0x6c,  0x00,  0x00,  0x00,  0x14,  0x00,  0x00,  0x00,  0xf2,  0xad,  0x0a,  0x64, 
 0x40,  0x64,  0xfd,  0xce,  0x07,  0x32,  0xf4,  0x8d,  0x70,  0xf3,  0x52,  0x00,  0x96,  0x00,  0x00,  0x00, 
 0x03,  0x00,  0x00,  0x00,  0x4c,  0x00,  0x00,  0x00,  0x03,  0x00,  0x00,  0x00,  0x14,  0x00,  0x00,  0x00, 
 0xf2,  0x68,  0xb1,  0xd4,  0xa2,  0x68,  0x01,  0x4a,  0x99,  0x2a,  0x50,  0x69,  0x24,  0xd7,  0xa6,  0x00, 
 0x98,  0x00,  0x00,  0x00,  0x14,  0x00,  0x00,  0x00,  0xf2,  0x14,  0xf9,  0x72,  0xa0,  0x05,  0xdc,  0x1b, 
 0xf9,  0xad,  0x65,  0x1e,  0x82,  0x62,  0x90,  0x00,  0x82,  0x00,  0x00,  0x00,  0x14,  0x00,  0x00,  0x00, 
 0xf2,  0x19,  0xe3,  0x07,  0x13,  0xe4,  0xaf,  0x05,  0x40,  0xa4,  0x6c,  0x2e,  0xd3,  0xae,  0x9d,  0x00, 
 0x5a,  0x01,  0x00,  0x00, };
  return blob;
}
#endif //DDSCXX_HAS_TYPE_DISCOVERY

template <> constexpr const char* TopicTraits<::std_srvs::SetInt32Request>::getTypeName()
{
  return "std_srvs::SetInt32Request";
}

template <> constexpr bool TopicTraits<::std_srvs::SetInt32Request>::isSelfContained()
{
  return false;
}

template <> constexpr bool TopicTraits<::std_srvs::SetInt32Request>::isKeyless()
{
  return true;
}

#ifdef DDSCXX_HAS_TYPE_DISCOVERY
template<> constexpr unsigned int TopicTraits<::std_srvs::SetInt32Request>::type_map_blob_sz() { return 810; }
template<> constexpr unsigned int TopicTraits<::std_srvs::SetInt32Request>::type_info_blob_sz() { return 196; }
template<> inline const uint8_t * TopicTraits<::std_srvs::SetInt32Request>::type_map_blob() {
  static const uint8_t blob[] = {
 0x07,  0x01,  0x00,  0x00,  0x03,  0x00,  0x00,  0x00,  0xf1,  0x59,  0xc4,  0xc1,  0x06,  0xe6,  0x96,  0x06, 
 0xf5,  0x44,  0x42,  0x2c,  0x88,  0xf1,  0x84,  0x00,  0x43,  0x00,  0x00,  0x00,  0xf1,  0x51,  0x01,  0x00, 
 0x01,  0x00,  0x00,  0x00,  0x00,  0x00,  0x00,  0x00,  0x33,  0x00,  0x00,  0x00,  0x02,  0x00,  0x00,  0x00, 
 0x19,  0x00,  0x00,  0x00,  0x00,  0x00,  0x00,  0x00,  0x01,  0x00,  0xf1,  0xc6,  0x6d,  0x04,  0x8a,  0xb2, 
 0xb8,  0xa2,  0x6c,  0x51,  0xa8,  0x37,  0x3c,  0x8b,  0x08,  0x09,  0x9f,  0xb9,  0x95,  0x00,  0x00,  0x00, 
 0x0b,  0x00,  0x00,  0x00,  0x01,  0x00,  0x00,  0x00,  0x01,  0x00,  0x04,  0x8d,  0x77,  0x7f,  0x38,  0xf1, 
 0xc6,  0x6d,  0x04,  0x8a,  0xb2,  0xb8,  0xa2,  0x6c,  0x51,  0xa8,  0x37,  0x3c,  0x8b,  0x08,  0x00,  0x00, 
 0x44,  0x00,  0x00,  0x00,  0xf1,  0x51,  0x01,  0x00,  0x01,  0x00,  0x00,  0x00,  0x00,  0x00,  0x00,  0x00, 
 0x34,  0x00,  0x00,  0x00,  0x02,  0x00,  0x00,  0x00,  0x19,  0x00,  0x00,  0x00,  0x00,  0x00,  0x00,  0x00, 
 0x01,  0x00,  0xf1,  0x70,  0x1b,  0xa6,  0xae,  0x07,  0x17,  0xda,  0x1d,  0x9c,  0x22,  0xc7,  0x26,  0xd4, 
 0xda,  0xf6,  0x8d,  0x2c,  0x36,  0x00,  0x00,  0x00,  0x0c,  0x00,  0x00,  0x00,  0x01,  0x00,  0x00,  0x00, 
 0x01,  0x00,  0x70,  0x00,  0x6a,  0x26,  0x22,  0xa0,  0xf1,  0x70,  0x1b,  0xa6,  0xae,  0x07,  0x17,  0xda, 
 0x1d,  0x9c,  0x22,  0xc7,  0x26,  0xd4,  0xda,  0x00,  0x3f,  0x00,  0x00,  0x00,  0xf1,  0x51,  0x01,  0x00, 
 0x01,  0x00,  0x00,  0x00,  0x00,  0x00,  0x00,  0x00,  0x2f,  0x00,  0x00,  0x00,  0x02,  0x00,  0x00,  0x00, 
 0x16,  0x00,  0x00,  0x00,  0x00,  0x00,  0x00,  0x00,  0x01,  0x00,  0x90,  0xf3,  0x01,  0x00,  0x00,  0x00, 
 0x01,  0x00,  0x00,  0x00,  0x10,  0x02,  0x2e,  0x01,  0x3a,  0x23,  0x00,  0x00,  0x0b,  0x00,  0x00,  0x00, 
 0x01,  0x00,  0x00,  0x00,  0x01,  0x00,  0x05,  0xca,  0x44,  0x85,  0x16,  0x00,  0xb6,  0x01,  0x00,  0x00, 
 0x03,  0x00,  0x00,  0x00,  0xf2,  0xf3,  0xb9,  0x20,  0x91,  0xc5,  0x84,  0x7d,  0x7c,  0xf7,  0x26,  0x63, 
 0x89,  0x3d,  0xe6,  0x00,  0x77,  0x00,  0x00,  0x00,  0xf2,  0x51,  0x01,  0x00,  0x22,  0x00,  0x00,  0x00, 
 0x00,  0x00,  0x00,  0x00,  0x1a,  0x00,  0x00,  0x00,  0x73,  0x74,  0x64,  0x5f,  0x73,  0x72,  0x76,  0x73, 
 0x3a,  0x3a,  0x53,  0x65,  0x74,  0x49,  0x6e,  0x74,  0x33,  0x32,  0x52,  0x65,  0x71,  0x75,  0x65,  0x73, 
 0x74,  0x00,  0x00,  0x00,  0x47,  0x00,  0x00,  0x00,  0x02,  0x00,  0x00,  0x00,  0x25,  0x00,  0x00,  0x00, 
 0x00,  0x00,  0x00,  0x00,  0x01,  0x00,  0xf2,  0x8d,  0xaa,  0x9a,  0xf0,  0xaf,  0xda,  0x35,  0x97,  0x56, 
 0x32,  0x2a,  0x70,  0x4d,  0x84,  0x00,  0x00,  0x00,  0x07,  0x00,  0x00,  0x00,  0x68,  0x65,  0x61,  0x64, 
 0x65,  0x72,  0x00,  0x00,  0x00,  0x00,  0x00,  0x00,  0x13,  0x00,  0x00,  0x00,  0x01,  0x00,  0x00,  0x00, 
 0x01,  0x00,  0x04,  0x00,  0x05,  0x00,  0x00,  0x00,  0x64,  0x61,  0x74,  0x61,  0x00,  0x00,  0x00,  0xf2, 
 0x8d,  0xaa,  0x9a,  0xf0,  0xaf,  0xda,  0x35,  0x97,  0x56,  0x32,  0x2a,  0x70,  0x4d,  0x84,  0x00,  0x00, 
 0x80,  0x00,  0x00,  0x00,  0xf2,  0x51,  0x01,  0x00,  0x1f,  0x00,  0x00,  0x00,  0x00,  0x00,  0x00,  0x00, 
 0x17,  0x00,  0x00,  0x00,  0x64,  0x64,  0x73,  0x5f,  0x72,  0x70,  0x63,  0x3a,  0x3a,  0x52,  0x65,  0x71, 
 0x75,  0x65,  0x73,  0x74,  0x48,  0x65,  0x61,  0x64,  0x65,  0x72,  0x00,  0x00,  0x54,  0x00,  0x00,  0x00, 
 0x02,  0x00,  0x00,  0x00,  0x29,  0x00,  0x00,  0x00,  0x00,  0x00,  0x00,  0x00,  0x01,  0x00,  0xf2,  0x14, 
 0xf9,  0x72,  0xa0,  0x05,  0xdc,  0x1b,  0xf9,  0xad,  0x65,  0x1e,  0x82,  0x62,  0x90,  0x00,  0x00,  0x00, 
 0x0b,  0x00,  0x00,  0x00,  0x72,  0x65,  0x71,  0x75,  0x65,  0x73,  0x74,  0x5f,  0x69,  0x64,  0x00,  0x00, 
 0x00,  0x00,  0x00,  0x00,  0x1c,  0x00,  0x00,  0x00,  0x01,  0x00,  0x00,  0x00,  0x01,  0x00,  0x70,  0x00, 
 0x0e,  0x00,  0x00,  0x00,  0x69,  0x6e,  0x73,  0x74,  0x61,  0x6e,  0x63,  0x65,  0x5f,  0x6e,  0x61,  0x6d, 
 0x65,  0x00,  0x00,  0x00,  0xf2,  0x14,  0xf9,  0x72,  0xa0,  0x05,  0xdc,  0x1b,  0xf9,  0xad,  0x65,  0x1e, 
 0x82,  0x62,  0x90,  0x00,  0x7e,  0x00,  0x00,  0x00,  0xf2,  0x51,  0x01,  0x00,  0x20,  0x00,  0x00,  0x00, 
 0x00,  0x00,  0x00,  0x00,  0x18,  0x00,  0x00,  0x00,  0x64,  0x64,  0x73,  0x5f,  0x72,  0x70,  0x63,  0x3a, 
 0x3a,  0x53,  0x61,  0x6d,  0x70,  0x6c,  0x65,  0x49,  0x64,  0x65,  0x6e,  0x74,  0x69,  0x74,  0x79,  0x00, 
 0x52,  0x00,  0x00,  0x00,  0x02,  0x00,  0x00,  0x00,  0x26,  0x00,  0x00,  0x00,  0x00,  0x00,  0x00,  0x00, 
 0x01,  0x00,  0x90,  0xf3,  0x01,  0x00,  0x00,  0x00,  0x01,  0x00,  0x00,  0x00,  0x10,  0x02,  0x00,  0x00, 
 0x0c,  0x00,  0x00,  0x00,  0x77,  0x72,  0x69,  0x74,  0x65,  0x72,  0x5f,  0x67,  0x75,  0x69,  0x64,  0x00, 
 0x00,  0x00,  0x00,  0x00,  0x1e,  0x00,  0x00,  0x00,  0x01,  0x00,  0x00,  0x00,  0x01,  0x00,  0x05,  0x00, 
 0x10,  0x00,  0x00,  0x00,  0x73,  0x65,  0x71,  0x75,  0x65,  0x6e,  0x63,  0x65,  0x5f,  0x6e,  0x75,  0x6d, 
 0x62,  0x65,  0x72,  0x00,  0x00,  0x00,  0x00,  0x00,  0x5e,  0x00,  0x00,  0x00,  0x03,  0x00,  0x00,  0x00, 
 0xf2,  0xf3,  0xb9,  0x20,  0x91,  0xc5,  0x84,  0x7d,  0x7c,  0xf7,  0x26,  0x63,  0x89,  0x3d,  0xe6,  0xf1, 
 0x59,  0xc4,  0xc1,  0x06,  0xe6,  0x96,  0x06,  0xf5,  0x44,  0x42,  0x2c,  0x88,  0xf1,  0x84,  0xf2,  0x8d, 
 0xaa,  0x9a,  0xf0,  0xaf,  0xda,  0x35,  0x97,  0x56,  0x32,  0x2a,  0x70,  0x4d,  0x84,  0xf1,  0xc6,  0x6d, 
 0x04,  0x8a,  0xb2,  0xb8,  0xa2,  0x6c,  0x51,  0xa8,  0x37,  0x3c,  0x8b,  0x08,  0xf2,  0x14,  0xf9,  0x72, 
 0xa0,  0x05,  0xdc,  0x1b,  0xf9,  0xad,  0x65,  0x1e,  0x82,  0x62,  0x90,  0xf1,  0x70,  0x1b,  0xa6,  0xae, 
 0x07,  0x17,  0xda,  0x1d,  0x9c,  0x22,  0xc7,  0x26,  0xd4,  0xda, };
  return blob;
}
template<> inline const uint8_t * TopicTraits<::std_srvs::SetInt32Request>::type_info_blob() {
  static const uint8_t blob[] = {
 0xc0,  0x00,  0x00,  0x00,  0x01,  0x10,  0x00,  0x40,  0x58,  0x00,  0x00,  0x00,  0x54,  0x00,  0x00,  0x00, 
 0x14,  0x00,  0x00,  0x00,  0xf1,  0x59,  0xc4,  0xc1,  0x06,  0xe6,  0x96,  0x06,  0xf5,  0x44,  0x42,  0x2c, 
 0x88,  0xf1,  0x84,  0x00,  0x47,  0x00,  0x00,  0x00,  0x02,  0x00,  0x00,  0x00,  0x34,  0x00,  0x00,  0x00, 
 0x02,  0x00,  0x00,  0x00,  0x14,  0x00,  0x00,  0x00,  0xf1,  0xc6,  0x6d,  0x04,  0x8a,  0xb2,  0xb8,  0xa2, 
 0x6c,  0x51,  0xa8,  0x37,  0x3c,  0x8b,  0x08,  0x00,  0x48,  0x00,  0x00,  0x00,  0x14,  0x00,  0x00,  0x00, 
 0xf1,  0x70,  0x1b,  0xa6,  0xae,  0x07,  0x17,  0xda,  0x1d,  0x9c,  0x22,  0xc7,  0x26,  0xd4,  0xda,  0x00, 
 0x43,  0x00,  0x00,  0x00,  0x02,  0x10,  0x00,  0x40,  0x58,  0x00,  0x00,  0x00,  0x54,  0x00,  0x00,  0x00, 
 0x14,  0x00,  0x00,  0x00,  0xf2,  0xf3,  0xb9,  0x20,  0x91,  0xc5,  0x84,  0x7d,  0x7c,  0xf7,  0x26,  0x63, 
 0x89,  0x3d,  0xe6,  0x00,  0x7b,  0x00,  0x00,  0x00,  0x02,  0x00,  0x00,  0x00,  0x34,  0x00,  0x00,  0x00, 
 0x02,  0x00,  0x00,  0x00,  0x14,  0x00,  0x00,  0x00,  0xf2,  0x8d,  0xaa,  0x9a,  0xf0,  0xaf,  0xda,  0x35, 
 0x97,  0x56,  0x32,  0x2a,  0x70,  0x4d,  0x84,  0x00,  0x84,  0x00,  0x00,  0x00,  0x14,  0x00,  0x00,  0x00, 
 0xf2,  0x14,  0xf9,  0x72,  0xa0,  0x05,  0xdc,  0x1b,  0xf9,  0xad,  0x65,  0x1e,  0x82,  0x62,  0x90,  0x00, 
 0x82,  0x00,  0x00,  0x00, };
  return blob;
}
#endif //DDSCXX_HAS_TYPE_DISCOVERY

template <> constexpr const char* TopicTraits<::std_srvs::SetInt32Reply>::getTypeName()
{
  return "std_srvs::SetInt32Reply";
}

template <> constexpr bool TopicTraits<::std_srvs::SetInt32Reply>::isSelfContained()
{
  return false;
}

template <> constexpr bool TopicTraits<::std_srvs::SetInt32Reply>::isKeyless()
{
  return true;
}

#ifdef DDSCXX_HAS_TYPE_DISCOVERY
template<> constexpr unsigned int TopicTraits<::std_srvs::SetInt32Reply>::type_map_blob_sz() { return 1440; }
template<> constexpr unsigned int TopicTraits<::std_srvs::SetInt32Reply>::type_info_blob_sz() { return 244; }
template<> inline const uint8_t * TopicTraits<::std_srvs::SetInt32Reply>::type_map_blob() {
  static const uint8_t blob[] = {
 0xc2,  0x01,  0x00,  0x00,  0x04,  0x00,  0x00,  0x00,  0xf1,  0xaf,  0x14,  0x8d,  0x3d,  0x8f,  0xf0,  0x83, 
 0x0d,  0x45,  0xa2,  0xef,  0xdb,  0x77,  0xc3,  0x00,  0x54,  0x00,  0x00,  0x00,  0xf1,  0x51,  0x01,  0x00, 
 0x01,  0x00,  0x00,  0x00,  0x00,  0x00,  0x00,  0x00,  0x44,  0x00,  0x00,  0x00,  0x03,  0x00,  0x00,  0x00, 
 0x19,  0x00,  0x00,  0x00,  0x00,  0x00,  0x00,  0x00,  0x01,  0x00,  0xf1,  0x9a,  0xba,  0xfe,  0x9e,  0xe8, 
 0xc1,  0x3e,  0x8d,  0x66,  0x6f,  0x3a,  0x07,  0x22,  0x23,  0x09,  0x9f,  0xb9,  0x95,  0x00,  0x00,  0x00, 
 0x0b,  0x00,  0x00,  0x00,  0x01,  0x00,  0x00,  0x00,  0x01,  0x00,  0x01,  0x26,  0x0c,  0xa9,  0xdd,  0x00, 
 0x0c,  0x00,  0x00,  0x00,  0x02,  0x00,  0x00,  0x00,  0x01,  0x00,  0x70,  0x00,  0x78,  0xe7,  0x31,  0x02, 
 0xf1,  0x9a,  0xba,  0xfe,  0x9e,  0xe8,  0xc1,  0x3e,  0x8d,  0x66,  0x6f,  0x3a,  0x07,  0x22,  0x23,  0x00, 
 0x51,  0x00,  0x00,  0x00,  0xf1,  0x51,  0x01,  0x00,  0x01,  0x00,  0x00,  0x00,  0x00,  0x00,  0x00,  0x00, 
 0x41,  0x00,  0x00,  0x00,  0x02,  0x00,  0x00,  0x00,  0x19,  0x00,  0x00,  0x00,  0x00,  0x00,  0x00,  0x00, 
 0x01,  0x00,  0xf1,  0x70,  0x1b,  0xa6,  0xae,  0x07,  0x17,  0xda,  0x1d,  0x9c,  0x22,  0xc7,  0x26,  0xd4, 
 0xda,  0x54,  0x4d,  0x13,  0xe9,  0x00,  0x00,  0x00,  0x19,  0x00,  0x00,  0x00,  0x01,  0x00,  0x00,  0x00, 
 0x01,  0x00,  0xf1,  0xa3,  0xd0,  0x6b,  0xe6,  0xf9,  0xb5,  0x74,  0x8e,  0xb2,  0x30,  0x96,  0x74,  0x1a, 
 0x42,  0x3b,  0x11,  0x4d,  0x51,  0xf1,  0x70,  0x1b,  0xa6,  0xae,  0x07,  0x17,  0xda,  0x1d,  0x9c,  0x22, 
 0xc7,  0x26,  0xd4,  0xda,  0x3f,  0x00,  0x00,  0x00,  0xf1,  0x51,  0x01,  0x00,  0x01,  0x00,  0x00,  0x00, 
 0x00,  0x00,  0x00,  0x00,  0x2f,  0x00,  0x00,  0x00,  0x02,  0x00,  0x00,  0x00,  0x16,  0x00,  0x00,  0x00, 
 0x00,  0x00,  0x00,  0x00,  0x01,  0x00,  0x90,  0xf3,  0x01,  0x00,  0x00,  0x00,  0x01,  0x00,  0x00,  0x00, 
 0x10,  0x02,  0x2e,  0x01,  0x3a,  0x23,  0x00,  0x00,  0x0b,  0x00,  0x00,  0x00,  0x01,  0x00,  0x00,  0x00, 
 0x01,  0x00,  0x05,  0xca,  0x44,  0x85,  0x16,  0xf1,  0xa3,  0xd0,  0x6b,  0xe6,  0xf9,  0xb5,  0x74,  0x8e, 
 0xb2,  0x30,  0x96,  0x74,  0x1a,  0x42,  0x00,  0x00,  0x8a,  0x00,  0x00,  0x00,  0xf1,  0x40,  0x01,  0x00, 
 0x02,  0x00,  0x00,  0x00,  0x20,  0x00,  0x00,  0x00,  0x7a,  0x00,  0x00,  0x00,  0x06,  0x00,  0x00,  0x00, 
 0x0e,  0x00,  0x00,  0x00,  0x06,  0x00,  0x00,  0x00,  0x00,  0x00,  0x00,  0x00,  0x00,  0x00,  0x90,  0x62, 
 0x69,  0xd0,  0x00,  0x00,  0x0e,  0x00,  0x00,  0x00,  0x06,  0x00,  0x00,  0x00,  0x01,  0x00,  0x00,  0x00, 
 0x00,  0x00,  0xc1,  0xb7,  0xfe,  0x1c,  0x00,  0x00,  0x0e,  0x00,  0x00,  0x00,  0x06,  0x00,  0x00,  0x00, 
 0x02,  0x00,  0x00,  0x00,  0x00,  0x00,  0xef,  0xaa,  0x37,  0x7c,  0x00,  0x00,  0x0e,  0x00,  0x00,  0x00, 
 0x06,  0x00,  0x00,  0x00,  0x03,  0x00,  0x00,  0x00,  0x00,  0x00,  0x89,  0xc0,  0x12,  0x0f,  0x00,  0x00, 
 0x0e,  0x00,  0x00,  0x00,  0x06,  0x00,  0x00,  0x00,  0x04,  0x00,  0x00,  0x00,  0x00,  0x00,  0x98,  0xd1, 
 0xd7,  0x66,  0x00,  0x00,  0x0e,  0x00,  0x00,  0x00,  0x06,  0x00,  0x00,  0x00,  0x05,  0x00,  0x00,  0x00, 
 0x00,  0x00,  0x24,  0xaf,  0x3d,  0x7a,  0x00,  0x00,  0x52,  0x03,  0x00,  0x00,  0x04,  0x00,  0x00,  0x00, 
 0xf2,  0xf9,  0xc3,  0xb7,  0x95,  0xc1,  0x97,  0xc5,  0xc8,  0xe4,  0xad,  0x43,  0xa4,  0xb8,  0xe9,  0x00, 
 0x92,  0x00,  0x00,  0x00,  0xf2,  0x51,  0x01,  0x00,  0x20,  0x00,  0x00,  0x00,  0x00,  0x00,  0x00,  0x00, 
 0x18,  0x00,  0x00,  0x00,  0x73,  0x74,  0x64,  0x5f,  0x73,  0x72,  0x76,  0x73,  0x3a,  0x3a,  0x53,  0x65, 
 0x74,  0x49,  0x6e,  0x74,  0x33,  0x32,  0x52,  0x65,  0x70,  0x6c,  0x79,  0x00,  0x66,  0x00,  0x00,  0x00, 
 0x03,  0x00,  0x00,  0x00,  0x25,  0x00,  0x00,  0x00,  0x00,  0x00,  0x00,  0x00,  0x01,  0x00,  0xf2,  0x68, 
 0xb1,  0xd4,  0xa2,  0x68,  0x01,  0x4a,  0x99,  0x2a,  0x50,  0x69,  0x24,  0xd7,  0xa6,  0x00,  0x00,  0x00, 
 0x07,  0x00,  0x00,  0x00,  0x68,  0x65,  0x61,  0x64,  0x65,  0x72,  0x00,  0x00,  0x00,  0x00,  0x00,  0x00, 
 0x16,  0x00,  0x00,  0x00,  0x01,  0x00,  0x00,  0x00,  0x01,  0x00,  0x01,  0x00,  0x08,  0x00,  0x00,  0x00, 
 0x73,  0x75,  0x63,  0x63,  0x65,  0x73,  0x73,  0x00,  0x00,  0x00,  0x00,  0x00,  0x16,  0x00,  0x00,  0x00, 
 0x02,  0x00,  0x00,  0x00,  0x01,  0x00,  0x70,  0x00,  0x08,  0x00,  0x00,  0x00,  0x6d,  0x65,  0x73,  0x73, 
 0x61,  0x67,  0x65,  0x00,  0x00,  0x00,  0xf2,  0x68,  0xb1,  0xd4,  0xa2,  0x68,  0x01,  0x4a,  0x99,  0x2a, 
 0x50,  0x69,  0x24,  0xd7,  0xa6,  0x00,  0x00,  0x00,  0x94,  0x00,  0x00,  0x00,  0xf2,  0x51,  0x01,  0x00, 
 0x1d,  0x00,  0x00,  0x00,  0x00,  0x00,  0x00,  0x00,  0x15,  0x00,  0x00,  0x00,  0x64,  0x64,  0x73,  0x5f, 
 0x72,  0x70,  0x63,  0x3a,  0x3a,  0x52,  0x65,  0x70,  0x6c,  0x79,  0x48,  0x65,  0x61,  0x64,  0x65,  0x72, 
 0x00,  0x00,  0x00,  0x00,  0x68,  0x00,  0x00,  0x00,  0x02,  0x00,  0x00,  0x00,  0x31,  0x00,  0x00,  0x00, 
 0x00,  0x00,  0x00,  0x00,  0x01,  0x00,  0xf2,  0x14,  0xf9,  0x72,  0xa0,  0x05,  0xdc,  0x1b,  0xf9,  0xad, 
 0x65,  0x1e,  0x82,  0x62,  0x90,  0x00,  0x00,  0x00,  0x13,  0x00,  0x00,  0x00,  0x72,  0x65,  0x6c,  0x61, 
 0x74,  0x65,  0x64,  0x5f,  0x72,  0x65,  0x71,  0x75,  0x65,  0x73,  0x74,  0x5f,  0x69,  0x64,  0x00,  0x00, 
 0x00,  0x00,  0x00,  0x00,  0x28,  0x00,  0x00,  0x00,  0x01,  0x00,  0x00,  0x00,  0x01,  0x00,  0xf2,  0x19, 
 0xe3,  0x07,  0x13,  0xe4,  0xaf,  0x05,  0x40,  0xa4,  0x6c,  0x2e,  0xd3,  0xae,  0x9d,  0x00,  0x00,  0x00, 
 0x0a,  0x00,  0x00,  0x00,  0x72,  0x65,  0x6d,  0x6f,  0x74,  0x65,  0x5f,  0x65,  0x78,  0x00,  0x00,  0x00, 
 0xf2,  0x14,  0xf9,  0x72,  0xa0,  0x05,  0xdc,  0x1b,  0xf9,  0xad,  0x65,  0x1e,  0x82,  0x62,  0x90,  0x00, 
 0x7e,  0x00,  0x00,  0x00,  0xf2,  0x51,  0x01,  0x00,  0x20,  0x00,  0x00,  0x00,  0x00,  0x00,  0x00,  0x00, 
 0x18,  0x00,  0x00,  0x00,  0x64,  0x64,  0x73,  0x5f,  0x72,  0x70,  0x63,  0x3a,  0x3a,  0x53,  0x61,  0x6d, 
 0x70,  0x6c,  0x65,  0x49,  0x64,  0x65,  0x6e,  0x74,  0x69,  0x74,  0x79,  0x00,  0x52,  0x00,  0x00,  0x00, 
 0x02,  0x00,  0x00,  0x00,  0x26,  0x00,  0x00,  0x00,  0x00,  0x00,  0x00,  0x00,  0x01,  0x00,  0x90,  0xf3, 
 0x01,  0x00,  0x00,  0x00,  0x01,  0x00,  0x00,  0x00,  0x10,  0x02,  0x00,  0x00,  0x0c,  0x00,  0x00,  0x00, 
 0x77,  0x72,  0x69,  0x74,  0x65,  0x72,  0x5f,  0x67,  0x75,  0x69,  0x64,  0x00,  0x00,  0x00,  0x00,  0x00, 
 0x1e,  0x00,  0x00,  0x00,  0x01,  0x00,  0x00,  0x00,  0x01,  0x00,  0x05,  0x00,  0x10,  0x00,  0x00,  0x00, 
 0x73,  0x65,  0x71,  0x75,  0x65,  0x6e,  0x63,  0x65,  0x5f,  0x6e,  0x75,  0x6d,  0x62,  0x65,  0x72,  0x00, 
 0x00,  0x00,  0xf2,  0x19,  0xe3,  0x07,  0x13,  0xe4,  0xaf,  0x05,  0x40,  0xa4,  0x6c,  0x2e,  0xd3,  0xae, 
 0x9d,  0x00,  0x00,  0x00,  0x56,  0x01,  0x00,  0x00,  0xf2,  0x40,  0x01,  0x00,  0x25,  0x00,  0x00,  0x00, 
 0x20,  0x00,  0x00,  0x00,  0x1d,  0x00,  0x00,  0x00,  0x64,  0x64,  0x73,  0x5f,  0x72,  0x70,  0x63,  0x3a, 
 0x3a,  0x52,  0x65,  0x6d,  0x6f,  0x74,  0x65,  0x45,  0x78,  0x63,  0x65,  0x70,  0x74,  0x69,  0x6f,  0x6e, 
 0x43,  0x6f,  0x64,  0x65,  0x00,  0x00,  0x00,  0x00,  0x22,  0x01,  0x00,  0x00,  0x06,  0x00,  0x00,  0x00, 
 0x1f,  0x00,  0x00,  0x00,  0x06,  0x00,  0x00,  0x00,  0x00,  0x00,  0x00,  0x00,  0x00,  0x00,  0x00,  0x00, 
 0x0d,  0x00,  0x00,  0x00,  0x52,  0x45,  0x4d,  0x4f,  0x54,  0x45,  0x5f,  0x45,  0x58,  0x5f,  0x4f,  0x4b, 
 0x00,  0x00,  0x00,  0x00,  0x28,  0x00,  0x00,  0x00,  0x06,  0x00,  0x00,  0x00,  0x01,  0x00,  0x00,  0x00, 
 0x00,  0x00,  0x00,  0x00,  0x16,  0x00,  0x00,  0x00,  0x52,  0x45,  0x4d,  0x4f,  0x54,  0x45,  0x5f,  0x45, 
 0x58,  0x5f,  0x55,  0x4e,  0x53,  0x55,  0x50,  0x50,  0x4f,  0x52,  0x54,  0x45,  0x44,  0x00,  0x00,  0x00, 
 0x2d,  0x00,  0x00,  0x00,  0x06,  0x00,  0x00,  0x00,  0x02,  0x00,  0x00,  0x00,  0x00,  0x00,  0x00,  0x00, 
 0x1b,  0x00,  0x00,  0x00,  0x52,  0x45,  0x4d,  0x4f,  0x54,  0x45,  0x5f,  0x45,  0x58,  0x5f,  0x49,  0x4e, 
 0x56,  0x41,  0x4c,  0x49,  0x44,  0x5f,  0x41,  0x52,  0x47,  0x55,  0x4d,  0x45,  0x4e,  0x54,  0x00,  0x00, 
 0x00,  0x00,  0x00,  0x00,  0x2d,  0x00,  0x00,  0x00,  0x06,  0x00,  0x00,  0x00,  0x03,  0x00,  0x00,  0x00, 
 0x00,  0x00,  0x00,  0x00,  0x1b,  0x00,  0x00,  0x00,  0x52,  0x45,  0x4d,  0x4f,  0x54,  0x45,  0x5f,  0x45, 
 0x58,  0x5f,  0x4f,  0x55,  0x54,  0x5f,  0x4f,  0x46,  0x5f,  0x52,  0x45,  0x53,  0x4f,  0x55,  0x52,  0x43, 
 0x45,  0x53,  0x00,  0x00,  0x00,  0x00,  0x00,  0x00,  0x2e,  0x00,  0x00,  0x00,  0x06,  0x00,  0x00,  0x00, 
 0x04,  0x00,  0x00,  0x00,  0x00,  0x00,  0x00,  0x00,  0x1c,  0x00,  0x00,  0x00,  0x52,  0x45,  0x4d,  0x4f, 
 0x54,  0x45,  0x5f,  0x45,  0x58,  0x5f,  0x55,  0x4e,  0x4b,  0x4e,  0x4f,  0x57,  0x4e,  0x5f,  0x4f,  0x50, 
 0x45,  0x52,  0x41,  0x54,  0x49,  0x4f,  0x4e,  0x00,  0x00,  0x00,  0x00,  0x00,  0x2e,  0x00,  0x00,  0x00, 
 0x06,  0x00,  0x00,  0x00,  0x05,  0x00,  0x00,  0x00,  0x00,  0x00,  0x00,  0x00,  0x1c,  0x00,  0x00,  0x00, 
 0x52,  0x45,  0x4d,  0x4f,  0x54,  0x45,  0x5f,  0x45,  0x58,  0x5f,  0x55,  0x4e,  0x4b,  0x4e,  0x4f,  0x57, 
 0x4e,  0x5f,  0x45,  0x58,  0x43,  0x45,  0x50,  0x54,  0x49,  0x4f,  0x4e,  0x00,  0x00,  0x00,  0x00,  0x00, 
 0x7c,  0x00,  0x00,  0x00,  0x04,  0x00,  0x00,  0x00,  0xf2,  0xf9,  0xc3,  0xb7,  0x95,  0xc1,  0x97,  0xc5, 
 0xc8,  0xe4,  0xad,  0x43,  0xa4,  0xb8,  0xe9,  0xf1,  0xaf,  0x14,  0x8d,  0x3d,  0x8f,  0xf0,  0x83,  0x0d, 
 0x45,  0xa2,  0xef,  0xdb,  0x77,  0xc3,  0xf2,  0x68,  0xb1,  0xd4,  0xa2,  0x68,  0x01,  0x4a,  0x99,  0x2a, 
 0x50,  0x69,  0x24,  0xd7,  0xa6,  0xf1,  0x9a,  0xba,  0xfe,  0x9e,  0xe8,  0xc1,  0x3e,  0x8d,  0x66,  0x6f, 
 0x3a,  0x07,  0x22,  0x23,  0xf2,  0x14,  0xf9,  0x72,  0xa0,  0x05,  0xdc,  0x1b,  0xf9,  0xad,  0x65,  0x1e, 
 0x82,  0x62,  0x90,  0xf1,  0x70,  0x1b,  0xa6,  0xae,  0x07,  0x17,  0xda,  0x1d,  0x9c,  0x22,  0xc7,  0x26, 
 0xd4,  0xda,  0xf2,  0x19,  0xe3,  0x07,  0x13,  0xe4,  0xaf,  0x05,  0x40,  0xa4,  0x6c,  0x2e,  0xd3,  0xae, 
 0x9d,  0xf1,  0xa3,  0xd0,  0x6b,  0xe6,  0xf9,  0xb5,  0x74,  0x8e,  0xb2,  0x30,  0x96,  0x74,  0x1a,  0x42, 
};
  return blob;
}
template<> inline const uint8_t * TopicTraits<::std_srvs::SetInt32Reply>::type_info_blob() {
  static const uint8_t blob[] = {
 0xf0,  0x00,  0x00,  0x00,  0x01,  0x10,  0x00,  0x40,  0x70,  0x00,  0x00,  0x00,  0x6c,  0x00,  0x00,  0x00, 
 0x14,  0x00,  0x00,  0x00,  0xf1,  0xaf,  0x14,  0x8d,  0x3d,  0x8f,  0xf0,  0x83,  0x0d,  0x45,  0xa2,  0xef, 
 0xdb,  0x77,  0xc3,  0x00,  0x58,  0x00,  0x00,  0x00,  0x03,  0x00,  0x00,  0x00,  0x4c,  0x00,  0x00,  0x00, 
 0x03,  0x00,  0x00,  0x00,  0x14,  0x00,  0x00,  0x00,  0xf1,  0x9a,  0xba,  0xfe,  0x9e,  0xe8,  0xc1,  0x3e, 
 0x8d,  0x66,  0x6f,  0x3a,  0x07,  0x22,  0x23,  0x00,  0x55,  0x00,  0x00,  0x00,  0x14,  0x00,  0x00,  0x00, 
 0xf1,  0x70,  0x1b,  0xa6,  0xae,  0x07,  0x17,  0xda,  0x1d,  0x9c,  0x22,  0xc7,  0x26,  0xd4,  0xda,  0x00, 
 0x43,  0x00,  0x00,  0x00,  0x14,  0x00,  0x00,  0x00,  0xf1,  0xa3,  0xd0,  0x6b,  0xe6,  0xf9,  0xb5,  0x74, 
 0x8e,  0xb2,  0x30,  0x96,  0x74,  0x1a,  0x42,  0x00,  0x8e,  0x00,  0x00,  0x00,  0x02,  0x10,  0x00,  0x40, 
 0x70,  0x00,  0x00,  0x00,  0x6c,  0x00,  0x00,  0x00,  0x14,  0x00,  0x00,  0x00,  0xf2,  0xf9,  0xc3,  0xb7, 
 0x95,  0xc1,  0x97,  0xc5,  0xc8,  0xe4,  0xad,  0x43,  0xa4,  0xb8,  0xe9,  0x00,  0x96,  0x00,  0x00,  0x00, 
 0x03,  0x00,  0x00,  0x00,  0x4c,  0x00,  0x00,  0x00,  0x03,  0x00,  0x00,  0x00,  0x14,  0x00,  0x00,  0x00, 
 0xf2,  0x68,  0xb1,  0xd4,  0xa2,  0x68,  0x01,  0x4a,  0x99,  0x2a,  0x50,  0x69,  0x24,  0xd7,  0xa6,  0x00, 
 0x98,  0x00,  0x00,  0x00,  0x14,  0x00,  0x00,  0x00,  0xf2,  0x14,  0xf9,  0x72,  0xa0,  0x05,  0xdc,  0x1b, 
 0xf9,  0xad,  0x65,  0x1e,  0x82,  0x62,  0x90,  0x00,  0x82,  0x00,  0x00,  0x00,  0x14,  0x00,  0x00,  0x00, 
 0xf2,  0x19,  0xe3,  0x07,  0x13,  0xe4,  0xaf,  0x05,  0x40,  0xa4,  0x6c,  0x2e,  0xd3,  0xae,  0x9d,  0x00, 
 0x5a,  0x01,  0x00,  0x00, };
  return blob;
}
#endif //DDSCXX_HAS_TYPE_DISCOVERY

template <> constexpr const char* TopicTraits<::std_srvs::SetStringRequest>::getTypeName()
{
  return "std_srvs::SetStringRequest";
}

template <> constexpr bool TopicTraits<::std_srvs::SetStringRequest>::isSelfContained()
{
  return false;
}

template <> constexpr bool TopicTraits<::std_srvs::SetStringRequest>::isKeyless()
{
  return true;
}

#ifdef DDSCXX_HAS_TYPE_DISCOVERY
template<> constexpr unsigned int TopicTraits<::std_srvs::SetStringRequest>::type_map_blob_sz() { return 810; }
template<> constexpr unsigned int TopicTraits<::std_srvs::SetStringRequest>::type_info_blob_sz() { return 196; }
template<> inline const uint8_t * TopicTraits<::std_srvs::SetStringRequest>::type_map_blob() {
  static const uint8_t blob[] = {
 0x07,  0x01,  0x00,  0x00,  0x03,  0x00,  0x00,  0x00,  0xf1,  0xe3,  0xe1,  0xc5,  0x32,  0x63,  0x00,  0xd7, 
 0x05,  0xc5,  0xef,  0x09,  0x77,  0x8b,  0xbe,  0x00,  0x44,  0x00,  0x00,  0x00,  0xf1,  0x51,  0x01,  0x00, 
 0x01,  0x00,  0x00,  0x00,  0x00,  0x00,  0x00,  0x00,  0x34,  0x00,  0x00,  0x00,  0x02,  0x00,  0x00,  0x00, 
 0x19,  0x00,  0x00,  0x00,  0x00,  0x00,  0x00,  0x00,  0x01,  0x00,  0xf1,  0xc6,  0x6d,  0x04,  0x8a,  0xb2, 
 0xb8,  0xa2,  0x6c,  0x51,  0xa8,  0x37,  0x3c,  0x8b,  0x08,  0x09,  0x9f,  0xb9,  0x95,  0x00,  0x00,  0x00, 
 0x0c,  0x00,  0x00,  0x00,  0x01,  0x00,  0x00,  0x00,  0x01,  0x00,  0x70,  0x00,  0x8d,  0x77,  0x7f,  0x38, 
 0xf1,  0xc6,  0x6d,  0x04,  0x8a,  0xb2,  0xb8,  0xa2,  0x6c,  0x51,  0xa8,  0x37,  0x3c,  0x8b,  0x08,  0x00, 
 0x44,  0x00,  0x00,  0x00,  0xf1,  0x51,  0x01,  0x00,  0x01,  0x00,  0x00,  0x00,  0x00,  0x00,  0x00,  0x00, 
 0x34,  0x00,  0x00,  0x00,  0x02,  0x00,  0x00,  0x00,  0x19,  0x00,  0x00,  0x00,  0x00,  0x00,  0x00,  0x00, 
 0x01,  0x00,  0xf1,  0x70,  0x1b,  0xa6,  0xae,  0x07,  0x17,  0xda,  0x1d,  0x9c,  0x22,  0xc7,  0x26,  0xd4, 
 0xda,  0xf6,  0x8d,  0x2c,  0x36,  0x00,  0x00,  0x00,  0x0c,  0x00,  0x00,  0x00,  0x01,  0x00,  0x00,  0x00, 
 0x01,  0x00,  0x70,  0x00,  0x6a,  0x26,  0x22,  0xa0,  0xf1,  0x70,  0x1b,  0xa6,  0xae,  0x07,  0x17,  0xda, 
 0x1d,  0x9c,  0x22,  0xc7,  0x26,  0xd4,  0xda,  0x00,  0x3f,  0x00,  0x00,  0x00,  0xf1,  0x51,  0x01,  0x00, 
 0x01,  0x00,  0x00,  0x00,  0x00,  0x00,  0x00,  0x00,  0x2f,  0x00,  0x00,  0x00,  0x02,  0x00,  0x00,  0x00, 
 0x16,  0x00,  0x00,  0x00,  0x00,  0x00,  0x00,  0x00,  0x01,  0x00,  0x90,  0xf3,  0x01,  0x00,  0x00,  0x00, 
 0x01,  0x00,  0x00,  0x00,  0x10,  0x02,  0x2e,  0x01,  0x3a,  0x23,  0x00,  0x00,  0x0b,  0x00,  0x00,  0x00, 
 0x01,  0x00,  0x00,  0x00,  0x01,  0x00,  0x05,  0xca,  0x44,  0x85,  0x16,  0x00,  0xb6,  0x01,  0x00,  0x00, 
 0x03,  0x00,  0x00,  0x00,  0xf2,  0x21,  0x15,  0x66,  0xb6,  0xc9,  0x4b,  0xa8,  0x4a,  0xb5,  0x22,  0x51, 
 0xb9,  0xc3,  0xd7,  0x00,  0x77,  0x00,  0x00,  0x00,  0xf2,  0x51,  0x01,  0x00,  0x23,  0x00,  0x00,  0x00, 
 0x00,  0x00,  0x00,  0x00,  0x1b,  0x00,  0x00,  0x00,  0x73,  0x74,  0x64,  0x5f,  0x73,  0x72,  0x76,  0x73, 
 0x3a,  0x3a,  0x53,  0x65,  0x74,  0x53,  0x74,  0x72,  0x69,  0x6e,  0x67,  0x52,  0x65,  0x71,  0x75,  0x65, 
 0x73,  0x74,  0x00,  0x00,  0x47,  0x00,  0x00,  0x00,  0x02,  0x00,  0x00,  0x00,  0x25,  0x00,  0x00,  0x00, 
 0x00,  0x00,  0x00,  0x00,  0x01,  0x00,  0xf2,  0x8d,  0xaa,  0x9a,  0xf0,  0xaf,  0xda,  0x35,  0x97,  0x56, 
 0x32,  0x2a,  0x70,  0x4d,  0x84,  0x00,  0x00,  0x00,  0x07,  0x00,  0x00,  0x00,  0x68,  0x65,  0x61,  0x64, 
 0x65,  0x72,  0x00,  0x00,  0x00,  0x00,  0x00,  0x00,  0x13,  0x00,  0x00,  0x00,  0x01,  0x00,  0x00,  0x00, 
 0x01,  0x00,  0x70,  0x00,  0x05,  0x00,  0x00,  0x00,  0x64,  0x61,  0x74,  0x61,  0x00,  0x00,  0x00,  0xf2, 
 0x8d,  0xaa,  0x9a,  0xf0,  0xaf,  0xda,  0x35,  0x97,  0x56,  0x32,  0x2a,  0x70,  0x4d,  0x84,  0x00,  0x00, 
 0x80,  0x00,  0x00,  0x00,  0xf2,  0x51,  0x01,  0x00,  0x1f,  0x00,  0x00,  0x00,  0x00,  0x00,  0x00,  0x00, 
 0x17,  0x00,  0x00,  0x00,  0x64,  0x64,  0x73,  0x5f,  0x72,  0x70,  0x63,  0x3a,  0x3a,  0x52,  0x65,  0x71, 
 0x75,  0x65,  0x73,  0x74,  0x48,  0x65,  0x61,  0x64,  0x65,  0x72,  0x00,  0x00,  0x54,  0x00,  0x00,  0x00, 
 0x02,  0x00,  0x00,  0x00,  0x29,  0x00,  0x00,  0x00,  0x00,  0x00,  0x00,  0x00,  0x01,  0x00,  0xf2,  0x14, 
 0xf9,  0x72,  0xa0,  0x05,  0xdc,  0x1b,  0xf9,  0xad,  0x65,  0x1e,  0x82,  0x62,  0x90,  0x00,  0x00,  0x00, 
 0x0b,  0x00,  0x00,  0x00,  0x72,  0x65,  0x71,  0x75,  0x65,  0x73,  0x74,  0x5f,  0x69,  0x64,  0x00,  0x00, 
 0x00,  0x00,  0x00,  0x00,  0x1c,  0x00,  0x00,  0x00,  0x01,  0x00,  0x00,  0x00,  0x01,  0x00,  0x70,  0x00, 
 0x0e,  0x00,  0x00,  0x00,  0x69,  0x6e,  0x73,  0x74,  0x61,  0x6e,  0x63,  0x65,  0x5f,  0x6e,  0x61,  0x6d, 
 0x65,  0x00,  0x00,  0x00,  0xf2,  0x14,  0xf9,  0x72,  0xa0,  0x05,  0xdc,  0x1b,  0xf9,  0xad,  0x65,  0x1e, 
 0x82,  0x62,  0x90,  0x00,  0x7e,  0x00,  0x00,  0x00,  0xf2,  0x51,  0x01,  0x00,  0x20,  0x00,  0x00,  0x00, 
 0x00,  0x00,  0x00,  0x00,  0x18,  0x00,  0x00,  0x00,  0x64,  0x64,  0x73,  0x5f,  0x72,  0x70,  0x63,  0x3a, 
 0x3a,  0x53,  0x61,  0x6d,  0x70,  0x6c,  0x65,  0x49,  0x64,  0x65,  0x6e,  0x74,  0x69,  0x74,  0x79,  0x00, 
 0x52,  0x00,  0x00,  0x00,  0x02,  0x00,  0x00,  0x00,  0x26,  0x00,  0x00,  0x00,  0x00,  0x00,  0x00,  0x00, 
 0x01,  0x00,  0x90,  0xf3,  0x01,  0x00,  0x00,  0x00,  0x01,  0x00,  0x00,  0x00,  0x10,  0x02,  0x00,  0x00, 
 0x0c,  0x00,  0x00,  0x00,  0x77,  0x72,  0x69,  0x74,  0x65,  0x72,  0x5f,  0x67,  0x75,  0x69,  0x64,  0x00, 
 0x00,  0x00,  0x00,  0x00,  0x1e,  0x00,  0x00,  0x00,  0x01,  0x00,  0x00,  0x00,  0x01,  0x00,  0x05,  0x00, 
 0x10,  0x00,  0x00,  0x00,  0x73,  0x65,  0x71,  0x75,  0x65,  0x6e,  0x63,  0x65,  0x5f,  0x6e,  0x75,  0x6d, 
 0x62,  0x65,  0x72,  0x00,  0x00,  0x00,  0x00,  0x00,  0x5e,  0x00,  0x00,  0x00,  0x03,  0x00,  0x00,  0x00, 
 0xf2,  0x21,  0x15,  0x66,  0xb6,  0xc9,  0x4b,  0xa8,  0x4a,  0xb5,  0x22,  0x51,  0xb9,  0xc3,  0xd7,  0xf1, 
 0xe3,  0xe1,  0xc5,  0x32,  0x63,  0x00,  0xd7,  0x05,  0xc5,  0xef,  0x09,  0x77,  0x8b,  0xbe,  0xf2,  0x8d, 
 0xaa,  0x9a,  0xf0,  0xaf,  0xda,  0x35,  0x97,  0x56,  0x32,  0x2a,  0x70,  0x4d,  0x84,  0xf1,  0xc6,  0x6d, 
 0x04,  0x8a,  0xb2,  0xb8,  0xa2,  0x6c,  0x51,  0xa8,  0x37,  0x3c,  0x8b,  0x08,  0xf2,  0x14,  0xf9,  0x72, 
 0xa0,  0x05,  0xdc,  0x1b,  0xf9,  0xad,  0x65,  0x1e,  0x82,  0x62,  0x90,  0xf1,  0x70,  0x1b,  0xa6,  0xae, 
 0x07,  0x17,  0xda,  0x1d,  0x9c,  0x22,  0xc7,  0x26,  0xd4,  0xda, };
  return blob;
}
template<> inline const uint8_t * TopicTraits<::std_srvs::SetStringRequest>::type_info_blob() {
  static const uint8_t blob[] = {
 0xc0,  0x00,  0x00,  0x00,  0x01,  0x10,  0x00,  0x40,  0x58,  0x00,  0x00,  0x00,  0x54,  0x00,  0x00,  0x00, 
 0x14,  0x00,  0x00,  0x00,  0xf1,  0xe3,  0xe1,  0xc5,  0x32,  0x63,  0x00,  0xd7,  0x05,  0xc5,  0xef,  0x09, 
 0x77,  0x8b,  0xbe,  0x00,  0x48,  0x00,  0x00,  0x00,  0x02,  0x00,  0x00,  0x00,  0x34,  0x00,  0x00,  0x00, 
 0x02,  0x00,  0x00,  0x00,  0x14,  0x00,  0x00,  0x00,  0xf1,  0xc6,  0x6d,  0x04,  0x8a,  0xb2,  0xb8,  0xa2, 
 0x6c,  0x51,  0xa8,  0x37,  0x3c,  0x8b,  0x08,  0x00,  0x48,  0x00,  0x00,  0x00,  0x14,  0x00,  0x00,  0x00, 
 0xf1,  0x70,  0x1b,  0xa6,  0xae,  0x07,  0x17,  0xda,  0x1d,  0x9c,  0x22,  0xc7,  0x26,  0xd4,  0xda,  0x00, 
 0x43,  0x00,  0x00,  0x00,  0x02,  0x10,  0x00,  0x40,  0x58,  0x00,  0x00,  0x00,  0x54,  0x00,  0x00,  0x00, 
 0x14,  0x00,  0x00,  0x00,  0xf2,  0x21,  0x15,  0x66,  0xb6,  0xc9,  0x4b,  0xa8,  0x4a,  0xb5,  0x22,  0x51, 
 0xb9,  0xc3,  0xd7,  0x00,  0x7b,  0x00,  0x00,  0x00,  0x02,  0x00,  0x00,  0x00,  0x34,  0x00,  0x00,  0x00, 
 0x02,  0x00,  0x00,  0x00,  0x14,  0x00,  0x00,  0x00,  0xf2,  0x8d,  0xaa,  0x9a,  0xf0,  0xaf,  0xda,  0x35, 
 0x97,  0x56,  0x32,  0x2a,  0x70,  0x4d,  0x84,  0x00,  0x84,  0x00,  0x00,  0x00,  0x14,  0x00,  0x00,  0x00, 
 0xf2,  0x14,  0xf9,  0x72,  0xa0,  0x05,  0xdc,  0x1b,  0xf9,  0xad,  0x65,  0x1e,  0x82,  0x62,  0x90,  0x00, 
 0x82,  0x00,  0x00,  0x00, };
  return blob;
}
#endif //DDSCXX_HAS_TYPE_DISCOVERY

template <> constexpr const char* TopicTraits<::std_srvs::SetStringReply>::getTypeName()
{
  return "std_srvs::SetStringReply";
}

template <> constexpr bool TopicTraits<::std_srvs::SetStringReply>::isSelfContained()
{
  return false;
}

template <> constexpr bool TopicTraits<::std_srvs::SetStringReply>::isKeyless()
{
  return true;
}

#ifdef DDSCXX_HAS_TYPE_DISCOVERY
template<> constexpr unsigned int TopicTraits<::std_srvs::SetStringReply>::type_map_blob_sz() { return 1444; }
template<> constexpr unsigned int TopicTraits<::std_srvs::SetStringReply>::type_info_blob_sz() { return 244; }
template<> inline const uint8_t * TopicTraits<::std_srvs::SetStringReply>::type_map_blob() {
  static const uint8_t blob[] = {
 0xc2,  0x01,  0x00,  0x00,  0x04,  0x00,  0x00,  0x00,  0xf1,  0xaf,  0x14,  0x8d,  0x3d,  0x8f,  0xf0,  0x83, 
 0x0d,  0x45,  0xa2,  0xef,  0xdb,  0x77,  0xc3,  0x00,  0x54,  0x00,  0x00,  0x00,  0xf1,  0x51,  0x01,  0x00, 
 0x01,  0x00,  0x00,  0x00,  0x00,  0x00,  0x00,  0x00,  0x44,  0x00,  0x00,  0x00,  0x03,  0x00,  0x00,  0x00, 
 0x19,  0x00,  0x00,  0x00,  0x00,  0x00,  0x00,  0x00,  0x01,  0x00,  0xf1,  0x9a,  0xba,  0xfe,  0x9e,  0xe8, 
 0xc1,  0x3e,  0x8d,  0x66,  0x6f,  0x3a,  0x07,  0x22,  0x23,  0x09,  0x9f,  0xb9,  0x95,  0x00,  0x00,  0x00, 
 0x0b,  0x00,  0x00,  0x00,  0x01,  0x00,  0x00,  0x00,  0x01,  0x00,  0x01,  0x26,  0x0c,  0xa9,  0xdd,  0x00, 
 0x0c,  0x00,  0x00,  0x00,  0x02,  0x00,  0x00,  0x00,  0x01,  0x00,  0x70,  0x00,  0x78,  0xe7,  0x31,  0x02, 
 0xf1,  0x9a,  0xba,  0xfe,  0x9e,  0xe8,  0xc1,  0x3e,  0x8d,  0x66,  0x6f,  0x3a,  0x07,  0x22,  0x23,  0x00, 
 0x51,  0x00,  0x00,  0x00,  0xf1,  0x51,  0x01,  0x00,  0x01,  0x00,  0x00,  0x00,  0x00,  0x00,  0x00,  0x00, 
 0x41,  0x00,  0x00,  0x00,  0x02,  0x00,  0x00,  0x00,  0x19,  0x00,  0x00,  0x00,  0x00,  0x00,  0x00,  0x00, 
 0x01,  0x00,  0xf1,  0x70,  0x1b,  0xa6,  0xae,  0x07,  0x17,  0xda,  0x1d,  0x9c,  0x22,  0xc7,  0x26,  0xd4, 
 0xda,  0x54,  0x4d,  0x13,  0xe9,  0x00,  0x00,  0x00,  0x19,  0x00,  0x00,  0x00,  0x01,  0x00,  0x00,  0x00, 
 0x01,  0x00,  0xf1,  0xa3,  0xd0,  0x6b,  0xe6,  0xf9,  0xb5,  0x74,  0x8e,  0xb2,  0x30,  0x96,  0x74,  0x1a, 
 0x42,  0x3b,  0x11,  0x4d,  0x51,  0xf1,  0x70,  0x1b,  0xa6,  0xae,  0x07,  0x17,  0xda,  0x1d,  0x9c,  0x22, 
 0xc7,  0x26,  0xd4,  0xda,  0x3f,  0x00,  0x00,  0x00,  0xf1,  0x51,  0x01,  0x00,  0x01,  0x00,  0x00,  0x00, 
 0x00,  0x00,  0x00,  0x00,  0x2f,  0x00,  0x00,  0x00,  0x02,  0x00,  0x00,  0x00,  0x16,  0x00,  0x00,  0x00, 
 0x00,  0x00,  0x00,  0x00,  0x01,  0x00,  0x90,  0xf3,  0x01,  0x00,  0x00,  0x00,  0x01,  0x00,  0x00,  0x00, 
 0x10,  0x02,  0x2e,  0x01,  0x3a,  0x23,  0x00,  0x00,  0x0b,  0x00,  0x00,  0x00,  0x01,  0x00,  0x00,  0x00, 
 0x01,  0x00,  0x05,  0xca,  0x44,  0x85,  0x16,  0xf1,  0xa3,  0xd0,  0x6b,  0xe6,  0xf9,  0xb5,  0x74,  0x8e, 
 0xb2,  0x30,  0x96,  0x74,  0x1a,  0x42,  0x00,  0x00,  0x8a,  0x00,  0x00,  0x00,  0xf1,  0x40,  0x01,  0x00, 
 0x02,  0x00,  0x00,  0x00,  0x20,  0x00,  0x00,  0x00,  0x7a,  0x00,  0x00,  0x00,  0x06,  0x00,  0x00,  0x00, 
 0x0e,  0x00,  0x00,  0x00,  0x06,  0x00,  0x00,  0x00,  0x00,  0x00,  0x00,  0x00,  0x00,  0x00,  0x90,  0x62, 
 0x69,  0xd0,  0x00,  0x00,  0x0e,  0x00,  0x00,  0x00,  0x06,  0x00,  0x00,  0x00,  0x01,  0x00,  0x00,  0x00, 
 0x00,  0x00,  0xc1,  0xb7,  0xfe,  0x1c,  0x00,  0x00,  0x0e,  0x00,  0x00,  0x00,  0x06,  0x00,  0x00,  0x00, 
 0x02,  0x00,  0x00,  0x00,  0x00,  0x00,  0xef,  0xaa,  0x37,  0x7c,  0x00,  0x00,  0x0e,  0x00,  0x00,  0x00, 
 0x06,  0x00,  0x00,  0x00,  0x03,  0x00,  0x00,  0x00,  0x00,  0x00,  0x89,  0xc0,  0x12,  0x0f,  0x00,  0x00, 
 0x0e,  0x00,  0x00,  0x00,  0x06,  0x00,  0x00,  0x00,  0x04,  0x00,  0x00,  0x00,  0x00,  0x00,  0x98,  0xd1, 
 0xd7,  0x66,  0x00,  0x00,  0x0e,  0x00,  0x00,  0x00,  0x06,  0x00,  0x00,  0x00,  0x05,  0x00,  0x00,  0x00, 
 0x00,  0x00,  0x24,  0xaf,  0x3d,  0x7a,  0x00,  0x00,  0x56,  0x03,  0x00,  0x00,  0x04,  0x00,  0x00,  0x00, 
 0xf2,  0x9b,  0x01,  0x40,  0xfb,  0xc0,  0x23,  0x06,  0xb4,  0x2c,  0x34,  0xef,  0x2a,  0xc0,  0x9d,  0x00, 
 0x96,  0x00,  0x00,  0x00,  0xf2,  0x51,  0x01,  0x00,  0x21,  0x00,  0x00,  0x00,  0x00,  0x00,  0x00,  0x00, 
 0x19,  0x00,  0x00,  0x00,  0x73,  0x74,  0x64,  0x5f,  0x73,  0x72,  0x76,  0x73,  0x3a,  0x3a,  0x53,  0x65, 
 0x74,  0x53,  0x74,  0x72,  0x69,  0x6e,  0x67,  0x52,  0x65,  0x70,  0x6c,  0x79,  0x00,  0x00,  0x00,  0x00, 
 0x66,  0x00,  0x00,  0x00,  0x03,  0x00,  0x00,  0x00,  0x25,  0x00,  0x00,  0x00,  0x00,  0x00,  0x00,  0x00, 
 0x01,  0x00,  0xf2,  0x68,  0xb1,  0xd4,  0xa2,  0x68,  0x01,  0x4a,  0x99,  0x2a,  0x50,  0x69,  0x24,  0xd7, 
 0xa6,  0x00,  0x00,  0x00,  0x07,  0x00,  0x00,  0x00,  0x68,  0x65,  0x61,  0x64,  0x65,  0x72,  0x00,  0x00, 
 0x00,  0x00,  0x00,  0x00,  0x16,  0x00,  0x00,  0x00,  0x01,  0x00,  0x00,  0x00,  0x01,  0x00,  0x01,  0x00, 
 0x08,  0x00,  0x00,  0x00,  0x73,  0x75,  0x63,  0x63,  0x65,  0x73,  0x73,  0x00,  0x00,  0x00,  0x00,  0x00, 
 0x16,  0x00,  0x00,  0x00,  0x02,  0x00,  0x00,  0x00,  0x01,  0x00,  0x70,  0x00,  0x08,  0x00,  0x00,  0x00, 
 0x6d,  0x65,  0x73,  0x73,  0x61,  0x67,  0x65,  0x00,  0x00,  0x00,  0xf2,  0x68,  0xb1,  0xd4,  0xa2,  0x68, 
 0x01,  0x4a,  0x99,  0x2a,  0x50,  0x69,  0x24,  0xd7,  0xa6,  0x00,  0x00,  0x00,  0x94,  0x00,  0x00,  0x00, 
 0xf2,  0x51,  0x01,  0x00,  0x1d,  0x00,  0x00,  0x00,  0x00,  0x00,  0x00,  0x00,  0x15,  0x00,  0x00,  0x00, 
 0x64,  0x64,  0x73,  0x5f,  0x72,  0x70,  0x63,  0x3a,  0x3a,  0x52,  0x65,  0x70,  0x6c,  0x79,  0x48,  0x65, 
 0x61,  0x64,  0x65,  0x72,  0x00,  0x00,  0x00,  0x00,  0x68,  0x00,  0x00,  0x00,  0x02,  0x00,  0x00,  0x00, 
 0x31,  0x00,  0x00,  0x00,  0x00,  0x00,  0x00,  0x00,  0x01,  0x00,  0xf2,  0x14,  0xf9,  0x72,  0xa0,  0x05, 
 0xdc,  0x1b,  0xf9,  0xad,  0x65,  0x1e,  0x82,  0x62,  0x90,  0x00,  0x00,  0x00,  0x13,  0x00,  0x00,  0x00, 
 0x72,  0x65,  0x6c,  0x61,  0x74,  0x65,  0x64,  0x5f,  0x72,  0x65,  0x71,  0x75,  0x65,  0x73,  0x74,  0x5f, 
 0x69,  0x64,  0x00,  0x00,  0x00,  0x00,  0x00,  0x00,  0x28,  0x00,  0x00,  0x00,  0x01,  0x00,  0x00,  0x00, 
 0x01,  0x00,  0xf2,  0x19,  0xe3,  0x07,  0x13,  0xe4,  0xaf,  0x05,  0x40,  0xa4,  0x6c,  0x2e,  0xd3,  0xae, 
 0x9d,  0x00,  0x00,  0x00,  0x0a,  0x00,  0x00,  0x00,  0x72,  0x65,  0x6d,  0x6f,  0x74,  0x65,  0x5f,  0x65, 
 0x78,  0x00,  0x00,  0x00,  0xf2,  0x14,  0xf9,  0x72,  0xa0,  0x05,  0xdc,  0x1b,  0xf9,  0xad,  0x65,  0x1e, 
 0x82,  0x62,  0x90,  0x00,  0x7e,  0x00,  0x00,  0x00,  0xf2,  0x51,  0x01,  0x00,  0x20,  0x00,  0x00,  0x00, 
 0x00,  0x00,  0x00,  0x00,  0x18,  0x00,  0x00,  0x00,  0x64,  0x64,  0x73,  0x5f,  0x72,  0x70,  0x63,  0x3a, 
 0x3a,  0x53,  0x61,  0x6d,  0x70,  0x6c,  0x65,  0x49,  0x64,  0x65,  0x6e,  0x74,  0x69,  0x74,  0x79,  0x00, 
 0x52,  0x00,  0x00,  0x00,  0x02,  0x00,  0x00,  0x00,  0x26,  0x00,  0x00,  0x00,  0x00,  0x00,  0x00,  0x00, 
 0x01,  0x00,  0x90,  0xf3,  0x01,  0x00,  0x00,  0x00,  0x01,  0x00,  0x00,  0x00,  0x10,  0x02,  0x00,  0x00, 
 0x0c,  0x00,  0x00,  0x00,  0x77,  0x72,  0x69,  0x74,  0x65,  0x72,  0x5f,  0x67,  0x75,  0x69,  0x64,  0x00, 
 0x00,  0x00,  0x00,  0x00,  0x1e,  0x00,  0x00,  0x00,  0x01,  0x00,  0x00,  0x00,  0x01,  0x00,  0x05,  0x00, 
 0x10,  0x00,  0x00,  0x00,  0x73,  0x65,  0x71,  0x75,  0x65,  0x6e,  0x63,  0x65,  0x5f,  0x6e,  0x75,  0x6d, 
 0x62,  0x65,  0x72,  0x00,  0x00,  0x00,  0xf2,  0x19,  0xe3,  0x07,  0x13,  0xe4,  0xaf,  0x05,  0x40,  0xa4, 
 0x6c,  0x2e,  0xd3,  0xae,  0x9d,  0x00,  0x00,  0x00,  0x56,  0x01,  0x00,  0x00,  0xf2,  0x40,  0x01,  0x00, 
 0x25,  0x00,  0x00,  0x00,  0x20,  0x00,  0x00,  0x00,  0x1d,  0x00,  0x00,  0x00,  0x64,  0x64,  0x73,  0x5f, 
 0x72,  0x70,  0x63,  0x3a,  0x3a,  0x52,  0x65,  0x6d,  0x6f,  0x74,  0x65,  0x45,  0x78,  0x63,  0x65,  0x70, 
 0x74,  0x69,  0x6f,  0x6e,  0x43,  0x6f,  0x64,  0x65,  0x00,  0x00,  0x00,  0x00,  0x22,  0x01,  0x00,  0x00, 
 0x06,  0x00,  0x00,  0x00,  0x1f,  0x00,  0x00,  0x00,  0x06,  0x00,  0x00,  0x00,  0x00,  0x00,  0x00,  0x00, 
 0x00,  0x00,  0x00,  0x00,  0x0d,  0x00,  0x00,  0x00,  0x52,  0x45,  0x4d,  0x4f,  0x54,  0x45,  0x5f,  0x45, 
 0x58,  0x5f,  0x4f,  0x4b,  0x00,  0x00,  0x00,  0x00,  0x28,  0x00,  0x00,  0x00,  0x06,  0x00,  0x00,  0x00, 
 0x01,  0x00,  0x00,  0x00,  0x00,  0x00,  0x00,  0x00,  0x16,  0x00,  0x00,  0x00,  0x52,  0x45,  0x4d,  0x4f, 
 0x54,  0x45,  0x5f,  0x45,  0x58,  0x5f,  0x55,  0x4e,  0x53,  0x55,  0x50,  0x50,  0x4f,  0x52,  0x54,  0x45, 
 0x44,  0x00,  0x00,  0x00,  0x2d,  0x00,  0x00,  0x00,  0x06,  0x00,  0x00,  0x00,  0x02,  0x00,  0x00,  0x00, 
 0x00,  0x00,  0x00,  0x00,  0x1b,  0x00,  0x00,  0x00,  0x52,  0x45,  0x4d,  0x4f,  0x54,  0x45,  0x5f,  0x45, 
 0x58,  0x5f,  0x49,  0x4e,  0x56,  0x41,  0x4c,  0x49,  0x44,  0x5f,  0x41,  0x52,  0x47,  0x55,  0x4d,  0x45, 
 0x4e,  0x54,  0x00,  0x00,  0x00,  0x00,  0x00,  0x00,  0x2d,  0x00,  0x00,  0x00,  0x06,  0x00,  0x00,  0x00, 
 0x03,  0x00,  0x00,  0x00,  0x00,  0x00,  0x00,  0x00,  0x1b,  0x00,  0x00,  0x00,  0x52,  0x45,  0x4d,  0x4f, 
 0x54,  0x45,  0x5f,  0x45,  0x58,  0x5f,  0x4f,  0x55,  0x54,  0x5f,  0x4f,  0x46,  0x5f,  0x52,  0x45,  0x53, 
 0x4f,  0x55,  0x52,  0x43,  0x45,  0x53,  0x00,  0x00,  0x00,  0x00,  0x00,  0x00,  0x2e,  0x00,  0x00,  0x00, 
 0x06,  0x00,  0x00,  0x00,  0x04,  0x00,  0x00,  0x00,  0x00,  0x00,  0x00,  0x00,  0x1c,  0x00,  0x00,  0x00, 
 0x52,  0x45,  0x4d,  0x4f,  0x54,  0x45,  0x5f,  0x45,  0x58,  0x5f,  0x55,  0x4e,  0x4b,  0x4e,  0x4f,  0x57, 
 0x4e,  0x5f,  0x4f,  0x50,  0x45,  0x52,  0x41,  0x54,  0x49,  0x4f,  0x4e,  0x00,  0x00,  0x00,  0x00,  0x00, 
 0x2e,  0x00,  0x00,  0x00,  0x06,  0x00,  0x00,  0x00,  0x05,  0x00,  0x00,  0x00,  0x00,  0x00,  0x00,  0x00, 
 0x1c,  0x00,  0x00,  0x00,  0x52,  0x45,  0x4d,  0x4f,  0x54,  0x45,  0x5f,  0x45,  0x58,  0x5f,  0x55,  0x4e, 
 0x4b,  0x4e,  0x4f,  0x57,  0x4e,  0x5f,  0x45,  0x58,  0x43,  0x45,  0x50,  0x54,  0x49,  0x4f,  0x4e,  0x00, 
 0x00,  0x00,  0x00,  0x00,  0x7c,  0x00,  0x00,  0x00,  0x04,  0x00,  0x00,  0x00,  0xf2,  0x9b,  0x01,  0x40, 
 0xfb,  0xc0,  0x23,  0x06,  0xb4,  0x2c,  0x34,  0xef,  0x2a,  0xc0,  0x9d,  0xf1,  0xaf,  0x14,  0x8d,  0x3d, 
 0x8f,  0xf0,  0x83,  0x0d,  0x45,  0xa2,  0xef,  0xdb,  0x77,  0xc3,  0xf2,  0x68,  0xb1,  0xd4,  0xa2,  0x68, 
 0x01,  0x4a,  0x99,  0x2a,  0x50,  0x69,  0x24,  0xd7,  0xa6,  0xf1,  0x9a,  0xba,  0xfe,  0x9e,  0xe8,  0xc1, 
 0x3e,  0x8d,  0x66,  0x6f,  0x3a,  0x07,  0x22,  0x23,  0xf2,  0x14,  0xf9,  0x72,  0xa0,  0x05,  0xdc,  0x1b, 
 0xf9,  0xad,  0x65,  0x1e,  0x82,  0x62,  0x90,  0xf1,  0x70,  0x1b,  0xa6,  0xae,  0x07,  0x17,  0xda,  0x1d, 
 0x9c,  0x22,  0xc7,  0x26,  0xd4,  0xda,  0xf2,  0x19,  0xe3,  0x07,  0x13,  0xe4,  0xaf,  0x05,  0x40,  0xa4, 
 0x6c,  0x2e,  0xd3,  0xae,  0x9d,  0xf1,  0xa3,  0xd0,  0x6b,  0xe6,  0xf9,  0xb5,  0x74,  0x8e,  0xb2,  0x30, 
 0x96,  0x74,  0x1a,  0x42, };
  return blob;
}
template<> inline const uint8_t * TopicTraits<::std_srvs::SetStringReply>::type_info_blob() {
  static const uint8_t blob[] = {
 0xf0,  0x00,  0x00,  0x00,  0x01,  0x10,  0x00,  0x40,  0x70,  0x00,  0x00,  0x00,  0x6c,  0x00,  0x00,  0x00, 
 0x14,  0x00,  0x00,  0x00,  0xf1,  0xaf,  0x14,  0x8d,  0x3d,  0x8f,  0xf0,  0x83,  0x0d,  0x45,  0xa2,  0xef, 
 0xdb,  0x77,  0xc3,  0x00,  0x58,  0x00,  0x00,  0x00,  0x03,  0x00,  0x00,  0x00,  0x4c,  0x00,  0x00,  0x00, 
 0x03,  0x00,  0x00,  0x00,  0x14,  0x00,  0x00,  0x00,  0xf1,  0x9a,  0xba,  0xfe,  0x9e,  0xe8,  0xc1,  0x3e, 
 0x8d,  0x66,  0x6f,  0x3a,  0x07,  0x22,  0x23,  0x00,  0x55,  0x00,  0x00,  0x00,  0x14,  0x00,  0x00,  0x00, 
 0xf1,  0x70,  0x1b,  0xa6,  0xae,  0x07,  0x17,  0xda,  0x1d,  0x9c,  0x22,  0xc7,  0x26,  0xd4,  0xda,  0x00, 
 0x43,  0x00,  0x00,  0x00,  0x14,  0x00,  0x00,  0x00,  0xf1,  0xa3,  0xd0,  0x6b,  0xe6,  0xf9,  0xb5,  0x74, 
 0x8e,  0xb2,  0x30,  0x96,  0x74,  0x1a,  0x42,  0x00,  0x8e,  0x00,  0x00,  0x00,  0x02,  0x10,  0x00,  0x40, 
 0x70,  0x00,  0x00,  0x00,  0x6c,  0x00,  0x00,  0x00,  0x14,  0x00,  0x00,  0x00,  0xf2,  0x9b,  0x01,  0x40, 
 0xfb,  0xc0,  0x23,  0x06,  0xb4,  0x2c,  0x34,  0xef,  0x2a,  0xc0,  0x9d,  0x00,  0x9a,  0x00,  0x00,  0x00, 
 0x03,  0x00,  0x00,  0x00,  0x4c,  0x00,  0x00,  0x00,  0x03,  0x00,  0x00,  0x00,  0x14,  0x00,  0x00,  0x00, 
 0xf2,  0x68,  0xb1,  0xd4,  0xa2,  0x68,  0x01,  0x4a,  0x99,  0x2a,  0x50,  0x69,  0x24,  0xd7,  0xa6,  0x00, 
 0x98,  0x00,  0x00,  0x00,  0x14,  0x00,  0x00,  0x00,  0xf2,  0x14,  0xf9,  0x72,  0xa0,  0x05,  0xdc,  0x1b, 
 0xf9,  0xad,  0x65,  0x1e,  0x82,  0x62,  0x90,  0x00,  0x82,  0x00,  0x00,  0x00,  0x14,  0x00,  0x00,  0x00, 
 0xf2,  0x19,  0xe3,  0x07,  0x13,  0xe4,  0xaf,  0x05,  0x40,  0xa4,  0x6c,  0x2e,  0xd3,  0xae,  0x9d,  0x00, 
 0x5a,  0x01,  0x00,  0x00, };
  return blob;
}
#endif //DDSCXX_HAS_TYPE_DISCOVERY

} //namespace topic
} //namespace cyclonedds
} //namespace eclipse
} //namespace org

namespace dds {
namespace topic {

template <>
struct topic_type_name<::std_srvs::TriggerRequest>
{
    static std::string value()
    {
      return org::eclipse::cyclonedds::topic::TopicTraits<::std_srvs::TriggerRequest>::getTypeName();
    }
};

template <>
struct topic_type_name<::std_srvs::TriggerReply>
{
    static std::string value()
    {
      return org::eclipse::cyclonedds::topic::TopicTraits<::std_srvs::TriggerReply>::getTypeName();
    }
};

template <>
struct topic_type_name<::std_srvs::SetBoolRequest>
{
    static std::string value()
    {
      return org::eclipse::cyclonedds::topic::TopicTraits<::std_srvs::SetBoolRequest>::getTypeName();
    }
};

template <>
struct topic_type_name<::std_srvs::SetBoolReply>
{
    static std::string value()
    {
      return org::eclipse::cyclonedds::topic::TopicTraits<::std_srvs::SetBoolReply>::getTypeName();
    }
};

template <>
struct topic_type_name<::std_srvs::SetInt32Request>
{
    static std::string value()
    {
      return org::eclipse::cyclonedds::topic::TopicTraits<::std_srvs::SetInt32Request>::getTypeName();
    }
};

template <>
struct topic_type_name<::std_srvs::SetInt32Reply>
{
    static std::string value()
    {
      return org::eclipse::cyclonedds::topic::TopicTraits<::std_srvs::SetInt32Reply>::getTypeName();
    }
};

template <>
struct topic_type_name<::std_srvs::SetStringRequest>
{
    static std::string value()
    {
      return org::eclipse::cyclonedds::topic::TopicTraits<::std_srvs::SetStringRequest>::getTypeName();
    }
};

template <>
struct topic_type_name<::std_srvs::SetStringReply>
{
    static std::string value()
    {
      return org::eclipse::cyclonedds::topic::TopicTraits<::std_srvs::SetStringReply>::getTypeName();
    }
};

}
}

REGISTER_TOPIC_TYPE(::std_srvs::TriggerRequest)
REGISTER_TOPIC_TYPE(::std_srvs::TriggerReply)
REGISTER_TOPIC_TYPE(::std_srvs::SetBoolRequest)
REGISTER_TOPIC_TYPE(::std_srvs::SetBoolReply)
REGISTER_TOPIC_TYPE(::std_srvs::SetInt32Request)
REGISTER_TOPIC_TYPE(::std_srvs::SetInt32Reply)
REGISTER_TOPIC_TYPE(::std_srvs::SetStringRequest)
REGISTER_TOPIC_TYPE(::std_srvs::SetStringReply)

namespace org{
namespace eclipse{
namespace cyclonedds{
namespace core{
namespace cdr{

template<>
propvec &get_type_props<::std_srvs::TriggerRequest>();

template<typename T, std::enable_if_t<std::is_base_of<cdr_stream, T>::value, bool> = true >
bool write(T& streamer, const ::std_srvs::TriggerRequest& instance, entity_properties_t *props) {
  (void)instance;
  if (!streamer.start_struct(*props))
    return false;
  auto prop = streamer.first_entity(props);
  while (prop) {
    switch (prop->m_id) {
      case 0:
      if (!streamer.start_member(*prop))
        return false;
      if (!write(streamer, instance.header(), prop))
        return false;
      if (!streamer.finish_member(*prop))
        return false;
      break;
    }
    prop = streamer.next_entity(prop);
  }
  return streamer.finish_struct(*props);
}

template<typename S, std::enable_if_t<std::is_base_of<cdr_stream, S>::value, bool> = true >
bool write(S& str, const ::std_srvs::TriggerRequest& instance, bool as_key) {
  auto &props = get_type_props<::std_srvs::TriggerRequest>();
  str.set_mode(cdr_stream::stream_mode::write, as_key);
  return write(str, instance, props.data()); 
}

template<typename T, std::enable_if_t<std::is_base_of<cdr_stream, T>::value, bool> = true >
bool read(T& streamer, ::std_srvs::TriggerRequest& instance, entity_properties_t *props) {
  (void)instance;
  if (!streamer.start_struct(*props))
    return false;
  auto prop = streamer.first_entity(props);
  while (prop) {
    switch (prop->m_id) {
      case 0:
      if (!streamer.start_member(*prop))
        return false;
      if (!read(streamer, instance.header(), prop))
        return false;
      if (!streamer.finish_member(*prop))
        return false;
      break;
    }
    prop = streamer.next_entity(prop);
  }
  return streamer.finish_struct(*props);
}

template<typename S, std::enable_if_t<std::is_base_of<cdr_stream, S>::value, bool> = true >
bool read(S& str, ::std_srvs::TriggerRequest& instance, bool as_key) {
  auto &props = get_type_props<::std_srvs::TriggerRequest>();
  str.set_mode(cdr_stream::stream_mode::read, as_key);
  return read(str, instance, props.data()); 
}

template<typename T, std::enable_if_t<std::is_base_of<cdr_stream, T>::value, bool> = true >
bool move(T& streamer, const ::std_srvs::TriggerRequest& instance, entity_properties_t *props) {
  (void)instance;
  if (!streamer.start_struct(*props))
    return false;
  auto prop = streamer.first_entity(props);
  while (prop) {
    switch (prop->m_id) {
      case 0:
      if (!streamer.start_member(*prop))
        return false;
      if (!move(streamer, instance.header(), prop))
        return false;
      if (!streamer.finish_member(*prop))
        return false;
      break;
    }
    prop = streamer.next_entity(prop);
  }
  return streamer.finish_struct(*props);
}

template<typename S, std::enable_if_t<std::is_base_of<cdr_stream, S>::value, bool> = true >
bool move(S& str, const ::std_srvs::TriggerRequest& instance, bool as_key) {
  auto &props = get_type_props<::std_srvs::TriggerRequest>();
  str.set_mode(cdr_stream::stream_mode::move, as_key);
  return move(str, instance, props.data()); 
}

template<typename T, std::enable_if_t<std::is_base_of<cdr_stream, T>::value, bool> = true >
bool max(T& streamer, const ::std_srvs::TriggerRequest& instance, entity_properties_t *props) {
  (void)instance;
  if (!streamer.start_struct(*props))
    return false;
  auto prop = streamer.first_entity(props);
  while (prop) {
    switch (prop->m_id) {
      case 0:
      if (!streamer.start_member(*prop))
        return false;
      if (!max(streamer, instance.header(), prop))
        return false;
      if (!streamer.finish_member(*prop))
        return false;
      break;
    }
    prop = streamer.next_entity(prop);
  }
  return streamer.finish_struct(*props);
}

template<typename S, std::enable_if_t<std::is_base_of<cdr_stream, S>::value, bool> = true >
bool max(S& str, const ::std_srvs::TriggerRequest& instance, bool as_key) {
  auto &props = get_type_props<::std_srvs::TriggerRequest>();
  str.set_mode(cdr_stream::stream_mode::max, as_key);
  return max(str, instance, props.data()); 
}

template<>
propvec &get_type_props<::std_srvs::TriggerReply>();

template<typename T, std::enable_if_t<std::is_base_of<cdr_stream, T>::value, bool> = true >
bool write(T& streamer, const ::std_srvs::TriggerReply& instance, entity_properties_t *props) {
  (void)instance;
  if (!streamer.start_struct(*props))
    return false;
  auto prop = streamer.first_entity(props);
  while (prop) {
    switch (prop->m_id) {
      case 0:
      if (!streamer.start_member(*prop))
        return false;
      if (!write(streamer, instance.header(), prop))
        return false;
      if (!streamer.finish_member(*prop))
        return false;
      break;
      case 1:
      if (!streamer.start_member(*prop))
        return false;
      if (!write(streamer, instance.success()))
        return false;
      if (!streamer.finish_member(*prop))
        return false;
      break;
      case 2:
      if (!streamer.start_member(*prop))
        return false;
      if (!write_string(streamer, instance.message(), 0))
        return false;
      if (!streamer.finish_member(*prop))
        return false;
      break;
    }
    prop = streamer.next_entity(prop);
  }
  return streamer.finish_struct(*props);
}

template<typename S, std::enable_if_t<std::is_base_of<cdr_stream, S>::value, bool> = true >
bool write(S& str, const ::std_srvs::TriggerReply& instance, bool as_key) {
  auto &props = get_type_props<::std_srvs::TriggerReply>();
  str.set_mode(cdr_stream::stream_mode::write, as_key);
  return write(str, instance, props.data()); 
}

template<typename T, std::enable_if_t<std::is_base_of<cdr_stream, T>::value, bool> = true >
bool read(T& streamer, ::std_srvs::TriggerReply& instance, entity_properties_t *props) {
  (void)instance;
  if (!streamer.start_struct(*props))
    return false;
  auto prop = streamer.first_entity(props);
  while (prop) {
    switch (prop->m_id) {
      case 0:
      if (!streamer.start_member(*prop))
        return false;
      if (!read(streamer, instance.header(), prop))
        return false;
      if (!streamer.finish_member(*prop))
        return false;
      break;
      case 1:
      if (!streamer.start_member(*prop))
        return false;
      if (!read(streamer, instance.success()))
        return false;
      if (!streamer.finish_member(*prop))
        return false;
      break;
      case 2:
      if (!streamer.start_member(*prop))
        return false;
      if (!read_string(streamer, instance.message(), 0))
        return false;
      if (!streamer.finish_member(*prop))
        return false;
      break;
    }
    prop = streamer.next_entity(prop);
  }
  return streamer.finish_struct(*props);
}

template<typename S, std::enable_if_t<std::is_base_of<cdr_stream, S>::value, bool> = true >
bool read(S& str, ::std_srvs::TriggerReply& instance, bool as_key) {
  auto &props = get_type_props<::std_srvs::TriggerReply>();
  str.set_mode(cdr_stream::stream_mode::read, as_key);
  return read(str, instance, props.data()); 
}

template<typename T, std::enable_if_t<std::is_base_of<cdr_stream, T>::value, bool> = true >
bool move(T& streamer, const ::std_srvs::TriggerReply& instance, entity_properties_t *props) {
  (void)instance;
  if (!streamer.start_struct(*props))
    return false;
  auto prop = streamer.first_entity(props);
  while (prop) {
    switch (prop->m_id) {
      case 0:
      if (!streamer.start_member(*prop))
        return false;
      if (!move(streamer, instance.header(), prop))
        return false;
      if (!streamer.finish_member(*prop))
        return false;
      break;
      case 1:
      if (!streamer.start_member(*prop))
        return false;
      if (!move(streamer, instance.success()))
        return false;
      if (!streamer.finish_member(*prop))
        return false;
      break;
      case 2:
      if (!streamer.start_member(*prop))
        return false;
      if (!move_string(streamer, instance.message(), 0))
        return false;
      if (!streamer.finish_member(*prop))
        return false;
      break;
    }
    prop = streamer.next_entity(prop);
  }
  return streamer.finish_struct(*props);
}

template<typename S, std::enable_if_t<std::is_base_of<cdr_stream, S>::value, bool> = true >
bool move(S& str, const ::std_srvs::TriggerReply& instance, bool as_key) {
  auto &props = get_type_props<::std_srvs::TriggerReply>();
  str.set_mode(cdr_stream::stream_mode::move, as_key);
  return move(str, instance, props.data()); 
}

template<typename T, std::enable_if_t<std::is_base_of<cdr_stream, T>::value, bool> = true >
bool max(T& streamer, const ::std_srvs::TriggerReply& instance, entity_properties_t *props) {
  (void)instance;
  if (!streamer.start_struct(*props))
    return false;
  auto prop = streamer.first_entity(props);
  while (prop) {
    switch (prop->m_id) {
      case 0:
      if (!streamer.start_member(*prop))
        return false;
      if (!max(streamer, instance.header(), prop))
        return false;
      if (!streamer.finish_member(*prop))
        return false;
      break;
      case 1:
      if (!streamer.start_member(*prop))
        return false;
      if (!max(streamer, instance.success()))
        return false;
      if (!streamer.finish_member(*prop))
        return false;
      break;
      case 2:
      if (!streamer.start_member(*prop))
        return false;
      if (!max_string(streamer, instance.message(), 0))
        return false;
      if (!streamer.finish_member(*prop))
        return false;
      break;
    }
    prop = streamer.next_entity(prop);
  }
  return streamer.finish_struct(*props);
}

template<typename S, std::enable_if_t<std::is_base_of<cdr_stream, S>::value, bool> = true >
bool max(S& str, const ::std_srvs::TriggerReply& instance, bool as_key) {
  auto &props = get_type_props<::std_srvs::TriggerReply>();
  str.set_mode(cdr_stream::stream_mode::max, as_key);
  return max(str, instance, props.data()); 
}

template<>
propvec &get_type_props<::std_srvs::SetBoolRequest>();

template<typename T, std::enable_if_t<std::is_base_of<cdr_stream, T>::value, bool> = true >
bool write(T& streamer, const ::std_srvs::SetBoolRequest& instance, entity_properties_t *props) {
  (void)instance;
  if (!streamer.start_struct(*props))
    return false;
  auto prop = streamer.first_entity(props);
  while (prop) {
    switch (prop->m_id) {
      case 0:
      if (!streamer.start_member(*prop))
        return false;
      if (!write(streamer, instance.header(), prop))
        return false;
      if (!streamer.finish_member(*prop))
        return false;
      break;
      case 1:
      if (!streamer.start_member(*prop))
        return false;
      if (!write(streamer, instance.data()))
        return false;
      if (!streamer.finish_member(*prop))
        return false;
      break;
    }
    prop = streamer.next_entity(prop);
  }
  return streamer.finish_struct(*props);
}

template<typename S, std::enable_if_t<std::is_base_of<cdr_stream, S>::value, bool> = true >
bool write(S& str, const ::std_srvs::SetBoolRequest& instance, bool as_key) {
  auto &props = get_type_props<::std_srvs::SetBoolRequest>();
  str.set_mode(cdr_stream::stream_mode::write, as_key);
  return write(str, instance, props.data()); 
}

template<typename T, std::enable_if_t<std::is_base_of<cdr_stream, T>::value, bool> = true >
bool read(T& streamer, ::std_srvs::SetBoolRequest& instance, entity_properties_t *props) {
  (void)instance;
  if (!streamer.start_struct(*props))
    return false;
  auto prop = streamer.first_entity(props);
  while (prop) {
    switch (prop->m_id) {
      case 0:
      if (!streamer.start_member(*prop))
        return false;
      if (!read(streamer, instance.header(), prop))
        return false;
      if (!streamer.finish_member(*prop))
        return false;
      break;
      case 1:
      if (!streamer.start_member(*prop))
        return false;
      if (!read(streamer, instance.data()))
        return false;
      if (!streamer.finish_member(*prop))
        return false;
      break;
    }
    prop = streamer.next_entity(prop);
  }
  return streamer.finish_struct(*props);
}

template<typename S, std::enable_if_t<std::is_base_of<cdr_stream, S>::value, bool> = true >
bool read(S& str, ::std_srvs::SetBoolRequest& instance, bool as_key) {
  auto &props = get_type_props<::std_srvs::SetBoolRequest>();
  str.set_mode(cdr_stream::stream_mode::read, as_key);
  return read(str, instance, props.data()); 
}

template<typename T, std::enable_if_t<std::is_base_of<cdr_stream, T>::value, bool> = true >
bool move(T& streamer, const ::std_srvs::SetBoolRequest& instance, entity_properties_t *props) {
  (void)instance;
  if (!streamer.start_struct(*props))
    return false;
  auto prop = streamer.first_entity(props);
  while (prop) {
    switch (prop->m_id) {
      case 0:
      if (!streamer.start_member(*prop))
        return false;
      if (!move(streamer, instance.header(), prop))
        return false;
      if (!streamer.finish_member(*prop))
        return false;
      break;
      case 1:
      if (!streamer.start_member(*prop))
        return false;
      if (!move(streamer, instance.data()))
        return false;
      if (!streamer.finish_member(*prop))
        return false;
      break;
    }
    prop = streamer.next_entity(prop);
  }
  return streamer.finish_struct(*props);
}

template<typename S, std::enable_if_t<std::is_base_of<cdr_stream, S>::value, bool> = true >
bool move(S& str, const ::std_srvs::SetBoolRequest& instance, bool as_key) {
  auto &props = get_type_props<::std_srvs::SetBoolRequest>();
  str.set_mode(cdr_stream::stream_mode::move, as_key);
  return move(str, instance, props.data()); 
}

template<typename T, std::enable_if_t<std::is_base_of<cdr_stream, T>::value, bool> = true >
bool max(T& streamer, const ::std_srvs::SetBoolRequest& instance, entity_properties_t *props) {
  (void)instance;
  if (!streamer.start_struct(*props))
    return false;
  auto prop = streamer.first_entity(props);
  while (prop) {
    switch (prop->m_id) {
      case 0:
      if (!streamer.start_member(*prop))
        return false;
      if (!max(streamer, instance.header(), prop))
        return false;
      if (!streamer.finish_member(*prop))
        return false;
      break;
      case 1:
      if (!streamer.start_member(*prop))
        return false;
      if (!max(streamer, instance.data()))
        return false;
      if (!streamer.finish_member(*prop))
        return false;
      break;
    }
    prop = streamer.next_entity(prop);
  }
  return streamer.finish_struct(*props);
}

template<typename S, std::enable_if_t<std::is_base_of<cdr_stream, S>::value, bool> = true >
bool max(S& str, const ::std_srvs::SetBoolRequest& instance, bool as_key) {
  auto &props = get_type_props<::std_srvs::SetBoolRequest>();
  str.set_mode(cdr_stream::stream_mode::max, as_key);
  return max(str, instance, props.data()); 
}

template<>
propvec &get_type_props<::std_srvs::SetBoolReply>();

template<typename T, std::enable_if_t<std::is_base_of<cdr_stream, T>::value, bool> = true >
bool write(T& streamer, const ::std_srvs::SetBoolReply& instance, entity_properties_t *props) {
  (void)instance;
  if (!streamer.start_struct(*props))
    return false;
  auto prop = streamer.first_entity(props);
  while (prop) {
    switch (prop->m_id) {
      case 0:
      if (!streamer.start_member(*prop))
        return false;
      if (!write(streamer, instance.header(), prop))
        return false;
      if (!streamer.finish_member(*prop))
        return false;
      break;
      case 1:
      if (!streamer.start_member(*prop))
        return false;
      if (!write(streamer, instance.success()))
        return false;
      if (!streamer.finish_member(*prop))
        return false;
      break;
      case 2:
      if (!streamer.start_member(*prop))
        return false;
      if (!write_string(streamer, instance.message(), 0))
        return false;
      if (!streamer.finish_member(*prop))
        return false;
      break;
    }
    prop = streamer.next_entity(prop);
  }
  return streamer.finish_struct(*props);
}

template<typename S, std::enable_if_t<std::is_base_of<cdr_stream, S>::value, bool> = true >
bool write(S& str, const ::std_srvs::SetBoolReply& instance, bool as_key) {
  auto &props = get_type_props<::std_srvs::SetBoolReply>();
  str.set_mode(cdr_stream::stream_mode::write, as_key);
  return write(str, instance, props.data()); 
}

template<typename T, std::enable_if_t<std::is_base_of<cdr_stream, T>::value, bool> = true >
bool read(T& streamer, ::std_srvs::SetBoolReply& instance, entity_properties_t *props) {
  (void)instance;
  if (!streamer.start_struct(*props))
    return false;
  auto prop = streamer.first_entity(props);
  while (prop) {
    switch (prop->m_id) {
      case 0:
      if (!streamer.start_member(*prop))
        return false;
      if (!read(streamer, instance.header(), prop))
        return false;
      if (!streamer.finish_member(*prop))
        return false;
      break;
      case 1:
      if (!streamer.start_member(*prop))
        return false;
      if (!read(streamer, instance.success()))
        return false;
      if (!streamer.finish_member(*prop))
        return false;
      break;
      case 2:
      if (!streamer.start_member(*prop))
        return false;
      if (!read_string(streamer, instance.message(), 0))
        return false;
      if (!streamer.finish_member(*prop))
        return false;
      break;
    }
    prop = streamer.next_entity(prop);
  }
  return streamer.finish_struct(*props);
}

template<typename S, std::enable_if_t<std::is_base_of<cdr_stream, S>::value, bool> = true >
bool read(S& str, ::std_srvs::SetBoolReply& instance, bool as_key) {
  auto &props = get_type_props<::std_srvs::SetBoolReply>();
  str.set_mode(cdr_stream::stream_mode::read, as_key);
  return read(str, instance, props.data()); 
}

template<typename T, std::enable_if_t<std::is_base_of<cdr_stream, T>::value, bool> = true >
bool move(T& streamer, const ::std_srvs::SetBoolReply& instance, entity_properties_t *props) {
  (void)instance;
  if (!streamer.start_struct(*props))
    return false;
  auto prop = streamer.first_entity(props);
  while (prop) {
    switch (prop->m_id) {
      case 0:
      if (!streamer.start_member(*prop))
        return false;
      if (!move(streamer, instance.header(), prop))
        return false;
      if (!streamer.finish_member(*prop))
        return false;
      break;
      case 1:
      if (!streamer.start_member(*prop))
        return false;
      if (!move(streamer, instance.success()))
        return false;
      if (!streamer.finish_member(*prop))
        return false;
      break;
      case 2:
      if (!streamer.start_member(*prop))
        return false;
      if (!move_string(streamer, instance.message(), 0))
        return false;
      if (!streamer.finish_member(*prop))
        return false;
      break;
    }
    prop = streamer.next_entity(prop);
  }
  return streamer.finish_struct(*props);
}

template<typename S, std::enable_if_t<std::is_base_of<cdr_stream, S>::value, bool> = true >
bool move(S& str, const ::std_srvs::SetBoolReply& instance, bool as_key) {
  auto &props = get_type_props<::std_srvs::SetBoolReply>();
  str.set_mode(cdr_stream::stream_mode::move, as_key);
  return move(str, instance, props.data()); 
}

template<typename T, std::enable_if_t<std::is_base_of<cdr_stream, T>::value, bool> = true >
bool max(T& streamer, const ::std_srvs::SetBoolReply& instance, entity_properties_t *props) {
  (void)instance;
  if (!streamer.start_struct(*props))
    return false;
  auto prop = streamer.first_entity(props);
  while (prop) {
    switch (prop->m_id) {
      case 0:
      if (!streamer.start_member(*prop))
        return false;
      if (!max(streamer, instance.header(), prop))
        return false;
      if (!streamer.finish_member(*prop))
        return false;
      break;
      case 1:
      if (!streamer.start_member(*prop))
        return false;
      if (!max(streamer, instance.success()))
        return false;
      if (!streamer.finish_member(*prop))
        return false;
      break;
      case 2:
      if (!streamer.start_member(*prop))
        return false;
      if (!max_string(streamer, instance.message(), 0))
        return false;
      if (!streamer.finish_member(*prop))
        return false;
      break;
    }
    prop = streamer.next_entity(prop);
  }
  return streamer.finish_struct(*props);
}

template<typename S, std::enable_if_t<std::is_base_of<cdr_stream, S>::value, bool> = true >
bool max(S& str, const ::std_srvs::SetBoolReply& instance, bool as_key) {
  auto &props = get_type_props<::std_srvs::SetBoolReply>();
  str.set_mode(cdr_stream::stream_mode::max, as_key);
  return max(str, instance, props.data()); 
}

template<>
propvec &get_type_props<::std_srvs::SetInt32Request>();

template<typename T, std::enable_if_t<std::is_base_of<cdr_stream, T>::value, bool> = true >
bool write(T& streamer, const ::std_srvs::SetInt32Request& instance, entity_properties_t *props) {
  (void)instance;
  if (!streamer.start_struct(*props))
    return false;
  auto prop = streamer.first_entity(props);
  while (prop) {
    switch (prop->m_id) {
      case 0:
      if (!streamer.start_member(*prop))
        return false;
      if (!write(streamer, instance.header(), prop))
        return false;
      if (!streamer.finish_member(*prop))
        return false;
      break;
      case 1:
      if (!streamer.start_member(*prop))
        return false;
      if (!write(streamer, instance.data()))
        return false;
      if (!streamer.finish_member(*prop))
        return false;
      break;
    }
    prop = streamer.next_entity(prop);
  }
  return streamer.finish_struct(*props);
}

template<typename S, std::enable_if_t<std::is_base_of<cdr_stream, S>::value, bool> = true >
bool write(S& str, const ::std_srvs::SetInt32Request& instance, bool as_key) {
  auto &props = get_type_props<::std_srvs::SetInt32Request>();
  str.set_mode(cdr_stream::stream_mode::write, as_key);
  return write(str, instance, props.data()); 
}

template<typename T, std::enable_if_t<std::is_base_of<cdr_stream, T>::value, bool> = true >
bool read(T& streamer, ::std_srvs::SetInt32Request& instance, entity_properties_t *props) {
  (void)instance;
  if (!streamer.start_struct(*props))
    return false;
  auto prop = streamer.first_entity(props);
  while (prop) {
    switch (prop->m_id) {
      case 0:
      if (!streamer.start_member(*prop))
        return false;
      if (!read(streamer, instance.header(), prop))
        return false;
      if (!streamer.finish_member(*prop))
        return false;
      break;
      case 1:
      if (!streamer.start_member(*prop))
        return false;
      if (!read(streamer, instance.data()))
        return false;
      if (!streamer.finish_member(*prop))
        return false;
      break;
    }
    prop = streamer.next_entity(prop);
  }
  return streamer.finish_struct(*props);
}

template<typename S, std::enable_if_t<std::is_base_of<cdr_stream, S>::value, bool> = true >
bool read(S& str, ::std_srvs::SetInt32Request& instance, bool as_key) {
  auto &props = get_type_props<::std_srvs::SetInt32Request>();
  str.set_mode(cdr_stream::stream_mode::read, as_key);
  return read(str, instance, props.data()); 
}

template<typename T, std::enable_if_t<std::is_base_of<cdr_stream, T>::value, bool> = true >
bool move(T& streamer, const ::std_srvs::SetInt32Request& instance, entity_properties_t *props) {
  (void)instance;
  if (!streamer.start_struct(*props))
    return false;
  auto prop = streamer.first_entity(props);
  while (prop) {
    switch (prop->m_id) {
      case 0:
      if (!streamer.start_member(*prop))
        return false;
      if (!move(streamer, instance.header(), prop))
        return false;
      if (!streamer.finish_member(*prop))
        return false;
      break;
      case 1:
      if (!streamer.start_member(*prop))
        return false;
      if (!move(streamer, instance.data()))
        return false;
      if (!streamer.finish_member(*prop))
        return false;
      break;
    }
    prop = streamer.next_entity(prop);
  }
  return streamer.finish_struct(*props);
}

template<typename S, std::enable_if_t<std::is_base_of<cdr_stream, S>::value, bool> = true >
bool move(S& str, const ::std_srvs::SetInt32Request& instance, bool as_key) {
  auto &props = get_type_props<::std_srvs::SetInt32Request>();
  str.set_mode(cdr_stream::stream_mode::move, as_key);
  return move(str, instance, props.data()); 
}

template<typename T, std::enable_if_t<std::is_base_of<cdr_stream, T>::value, bool> = true >
bool max(T& streamer, const ::std_srvs::SetInt32Request& instance, entity_properties_t *props) {
  (void)instance;
  if (!streamer.start_struct(*props))
    return false;
  auto prop = streamer.first_entity(props);
  while (prop) {
    switch (prop->m_id) {
      case 0:
      if (!streamer.start_member(*prop))
        return false;
      if (!max(streamer, instance.header(), prop))
        return false;
      if (!streamer.finish_member(*prop))
        return false;
      break;
      case 1:
      if (!streamer.start_member(*prop))
        return false;
      if (!max(streamer, instance.data()))
        return false;
      if (!streamer.finish_member(*prop))
        return false;
      break;
    }
    prop = streamer.next_entity(prop);
  }
  return streamer.finish_struct(*props);
}

template<typename S, std::enable_if_t<std::is_base_of<cdr_stream, S>::value, bool> = true >
bool max(S& str, const ::std_srvs::SetInt32Request& instance, bool as_key) {
  auto &props = get_type_props<::std_srvs::SetInt32Request>();
  str.set_mode(cdr_stream::stream_mode::max, as_key);
  return max(str, instance, props.data()); 
}

template<>
propvec &get_type_props<::std_srvs::SetInt32Reply>();

template<typename T, std::enable_if_t<std::is_base_of<cdr_stream, T>::value, bool> = true >
bool write(T& streamer, const ::std_srvs::SetInt32Reply& instance, entity_properties_t *props) {
  (void)instance;
  if (!streamer.start_struct(*props))
    return false;
  auto prop = streamer.first_entity(props);
  while (prop) {
    switch (prop->m_id) {
      case 0:
      if (!streamer.start_member(*prop))
        return false;
      if (!write(streamer, instance.header(), prop))
        return false;
      if (!streamer.finish_member(*prop))
        return false;
      break;
      case 1:
      if (!streamer.start_member(*prop))
        return false;
      if (!write(streamer, instance.success()))
        return false;
      if (!streamer.finish_member(*prop))
        return false;
      break;
      case 2:
      if (!streamer.start_member(*prop))
        return false;
      if (!write_string(streamer, instance.message(), 0))
        return false;
      if (!streamer.finish_member(*prop))
        return false;
      break;
    }
    prop = streamer.next_entity(prop);
  }
  return streamer.finish_struct(*props);
}

template<typename S, std::enable_if_t<std::is_base_of<cdr_stream, S>::value, bool> = true >
bool write(S& str, const ::std_srvs::SetInt32Reply& instance, bool as_key) {
  auto &props = get_type_props<::std_srvs::SetInt32Reply>();
  str.set_mode(cdr_stream::stream_mode::write, as_key);
  return write(str, instance, props.data()); 
}

template<typename T, std::enable_if_t<std::is_base_of<cdr_stream, T>::value, bool> = true >
bool read(T& streamer, ::std_srvs::SetInt32Reply& instance, entity_properties_t *props) {
  (void)instance;
  if (!streamer.start_struct(*props))
    return false;
  auto prop = streamer.first_entity(props);
  while (prop) {
    switch (prop->m_id) {
      case 0:
      if (!streamer.start_member(*prop))
        return false;
      if (!read(streamer, instance.header(), prop))
        return false;
      if (!streamer.finish_member(*prop))
        return false;
      break;
      case 1:
      if (!streamer.start_member(*prop))
        return false;
      if (!read(streamer, instance.success()))
        return false;
      if (!streamer.finish_member(*prop))
        return false;
      break;
      case 2:
      if (!streamer.start_member(*prop))
        return false;
      if (!read_string(streamer, instance.message(), 0))
        return false;
      if (!streamer.finish_member(*prop))
        return false;
      break;
    }
    prop = streamer.next_entity(prop);
  }
  return streamer.finish_struct(*props);
}

template<typename S, std::enable_if_t<std::is_base_of<cdr_stream, S>::value, bool> = true >
bool read(S& str, ::std_srvs::SetInt32Reply& instance, bool as_key) {
  auto &props = get_type_props<::std_srvs::SetInt32Reply>();
  str.set_mode(cdr_stream::stream_mode::read, as_key);
  return read(str, instance, props.data()); 
}

template<typename T, std::enable_if_t<std::is_base_of<cdr_stream, T>::value, bool> = true >
bool move(T& streamer, const ::std_srvs::SetInt32Reply& instance, entity_properties_t *props) {
  (void)instance;
  if (!streamer.start_struct(*props))
    return false;
  auto prop = streamer.first_entity(props);
  while (prop) {
    switch (prop->m_id) {
      case 0:
      if (!streamer.start_member(*prop))
        return false;
      if (!move(streamer, instance.header(), prop))
        return false;
      if (!streamer.finish_member(*prop))
        return false;
      break;
      case 1:
      if (!streamer.start_member(*prop))
        return false;
      if (!move(streamer, instance.success()))
        return false;
      if (!streamer.finish_member(*prop))
        return false;
      break;
      case 2:
      if (!streamer.start_member(*prop))
        return false;
      if (!move_string(streamer, instance.message(), 0))
        return false;
      if (!streamer.finish_member(*prop))
        return false;
      break;
    }
    prop = streamer.next_entity(prop);
  }
  return streamer.finish_struct(*props);
}

template<typename S, std::enable_if_t<std::is_base_of<cdr_stream, S>::value, bool> = true >
bool move(S& str, const ::std_srvs::SetInt32Reply& instance, bool as_key) {
  auto &props = get_type_props<::std_srvs::SetInt32Reply>();
  str.set_mode(cdr_stream::stream_mode::move, as_key);
  return move(str, instance, props.data()); 
}

template<typename T, std::enable_if_t<std::is_base_of<cdr_stream, T>::value, bool> = true >
bool max(T& streamer, const ::std_srvs::SetInt32Reply& instance, entity_properties_t *props) {
  (void)instance;
  if (!streamer.start_struct(*props))
    return false;
  auto prop = streamer.first_entity(props);
  while (prop) {
    switch (prop->m_id) {
      case 0:
      if (!streamer.start_member(*prop))
        return false;
      if (!max(streamer, instance.header(), prop))
        return false;
      if (!streamer.finish_member(*prop))
        return false;
      break;
      case 1:
      if (!streamer.start_member(*prop))
        return false;
      if (!max(streamer, instance.success()))
        return false;
      if (!streamer.finish_member(*prop))
        return false;
      break;
      case 2:
      if (!streamer.start_member(*prop))
        return false;
      if (!max_string(streamer, instance.message(), 0))
        return false;
      if (!streamer.finish_member(*prop))
        return false;
      break;
    }
    prop = streamer.next_entity(prop);
  }
  return streamer.finish_struct(*props);
}

template<typename S, std::enable_if_t<std::is_base_of<cdr_stream, S>::value, bool> = true >
bool max(S& str, const ::std_srvs::SetInt32Reply& instance, bool as_key) {
  auto &props = get_type_props<::std_srvs::SetInt32Reply>();
  str.set_mode(cdr_stream::stream_mode::max, as_key);
  return max(str, instance, props.data()); 
}

template<>
propvec &get_type_props<::std_srvs::SetStringRequest>();

template<typename T, std::enable_if_t<std::is_base_of<cdr_stream, T>::value, bool> = true >
bool write(T& streamer, const ::std_srvs::SetStringRequest& instance, entity_properties_t *props) {
  (void)instance;
  if (!streamer.start_struct(*props))
    return false;
  auto prop = streamer.first_entity(props);
  while (prop) {
    switch (prop->m_id) {
      case 0:
      if (!streamer.start_member(*prop))
        return false;
      if (!write(streamer, instance.header(), prop))
        return false;
      if (!streamer.finish_member(*prop))
        return false;
      break;
      case 1:
      if (!streamer.start_member(*prop))
        return false;
      if (!write_string(streamer, instance.data(), 0))
        return false;
      if (!streamer.finish_member(*prop))
        return false;
      break;
    }
    prop = streamer.next_entity(prop);
  }
  return streamer.finish_struct(*props);
}

template<typename S, std::enable_if_t<std::is_base_of<cdr_stream, S>::value, bool> = true >
bool write(S& str, const ::std_srvs::SetStringRequest& instance, bool as_key) {
  auto &props = get_type_props<::std_srvs::SetStringRequest>();
  str.set_mode(cdr_stream::stream_mode::write, as_key);
  return write(str, instance, props.data()); 
}

template<typename T, std::enable_if_t<std::is_base_of<cdr_stream, T>::value, bool> = true >
bool read(T& streamer, ::std_srvs::SetStringRequest& instance, entity_properties_t *props) {
  (void)instance;
  if (!streamer.start_struct(*props))
    return false;
  auto prop = streamer.first_entity(props);
  while (prop) {
    switch (prop->m_id) {
      case 0:
      if (!streamer.start_member(*prop))
        return false;
      if (!read(streamer, instance.header(), prop))
        return false;
      if (!streamer.finish_member(*prop))
        return false;
      break;
      case 1:
      if (!streamer.start_member(*prop))
        return false;
      if (!read_string(streamer, instance.data(), 0))
        return false;
      if (!streamer.finish_member(*prop))
        return false;
      break;
    }
    prop = streamer.next_entity(prop);
  }
  return streamer.finish_struct(*props);
}

template<typename S, std::enable_if_t<std::is_base_of<cdr_stream, S>::value, bool> = true >
bool read(S& str, ::std_srvs::SetStringRequest& instance, bool as_key) {
  auto &props = get_type_props<::std_srvs::SetStringRequest>();
  str.set_mode(cdr_stream::stream_mode::read, as_key);
  return read(str, instance, props.data()); 
}

template<typename T, std::enable_if_t<std::is_base_of<cdr_stream, T>::value, bool> = true >
bool move(T& streamer, const ::std_srvs::SetStringRequest& instance, entity_properties_t *props) {
  (void)instance;
  if (!streamer.start_struct(*props))
    return false;
  auto prop = streamer.first_entity(props);
  while (prop) {
    switch (prop->m_id) {
      case 0:
      if (!streamer.start_member(*prop))
        return false;
      if (!move(streamer, instance.header(), prop))
        return false;
      if (!streamer.finish_member(*prop))
        return false;
      break;
      case 1:
      if (!streamer.start_member(*prop))
        return false;
      if (!move_string(streamer, instance.data(), 0))
        return false;
      if (!streamer.finish_member(*prop))
        return false;
      break;
    }
    prop = streamer.next_entity(prop);
  }
  return streamer.finish_struct(*props);
}

template<typename S, std::enable_if_t<std::is_base_of<cdr_stream, S>::value, bool> = true >
bool move(S& str, const ::std_srvs::SetStringRequest& instance, bool as_key) {
  auto &props = get_type_props<::std_srvs::SetStringRequest>();
  str.set_mode(cdr_stream::stream_mode::move, as_key);
  return move(str, instance, props.data()); 
}

template<typename T, std::enable_if_t<std::is_base_of<cdr_stream, T>::value, bool> = true >
bool max(T& streamer, const ::std_srvs::SetStringRequest& instance, entity_properties_t *props) {
  (void)instance;
  if (!streamer.start_struct(*props))
    return false;
  auto prop = streamer.first_entity(props);
  while (prop) {
    switch (prop->m_id) {
      case 0:
      if (!streamer.start_member(*prop))
        return false;
      if (!max(streamer, instance.header(), prop))
        return false;
      if (!streamer.finish_member(*prop))
        return false;
      break;
      case 1:
      if (!streamer.start_member(*prop))
        return false;
      if (!max_string(streamer, instance.data(), 0))
        return false;
      if (!streamer.finish_member(*prop))
        return false;
      break;
    }
    prop = streamer.next_entity(prop);
  }
  return streamer.finish_struct(*props);
}

template<typename S, std::enable_if_t<std::is_base_of<cdr_stream, S>::value, bool> = true >
bool max(S& str, const ::std_srvs::SetStringRequest& instance, bool as_key) {
  auto &props = get_type_props<::std_srvs::SetStringRequest>();
  str.set_mode(cdr_stream::stream_mode::max, as_key);
  return max(str, instance, props.data()); 
}

template<>
propvec &get_type_props<::std_srvs::SetStringReply>();

template<typename T, std::enable_if_t<std::is_base_of<cdr_stream, T>::value, bool> = true >
bool write(T& streamer, const ::std_srvs::SetStringReply& instance, entity_properties_t *props) {
  (void)instance;
  if (!streamer.start_struct(*props))
    return false;
  auto prop = streamer.first_entity(props);
  while (prop) {
    switch (prop->m_id) {
      case 0:
      if (!streamer.start_member(*prop))
        return false;
      if (!write(streamer, instance.header(), prop))
        return false;
      if (!streamer.finish_member(*prop))
        return false;
      break;
      case 1:
      if (!streamer.start_member(*prop))
        return false;
      if (!write(streamer, instance.success()))
        return false;
      if (!streamer.finish_member(*prop))
        return false;
      break;
      case 2:
      if (!streamer.start_member(*prop))
        return false;
      if (!write_string(streamer, instance.message(), 0))
        return false;
      if (!streamer.finish_member(*prop))
        return false;
      break;
    }
    prop = streamer.next_entity(prop);
  }
  return streamer.finish_struct(*props);
}

template<typename S, std::enable_if_t<std::is_base_of<cdr_stream, S>::value, bool> = true >
bool write(S& str, const ::std_srvs::SetStringReply& instance, bool as_key) {
  auto &props = get_type_props<::std_srvs::SetStringReply>();
  str.set_mode(cdr_stream::stream_mode::write, as_key);
  return write(str, instance, props.data()); 
}

template<typename T, std::enable_if_t<std::is_base_of<cdr_stream, T>::value, bool> = true >
bool read(T& streamer, ::std_srvs::SetStringReply& instance, entity_properties_t *props) {
  (void)instance;
  if (!streamer.start_struct(*props))
    return false;
  auto prop = streamer.first_entity(props);
  while (prop) {
    switch (prop->m_id) {
      case 0:
      if (!streamer.start_member(*prop))
        return false;
      if (!read(streamer, instance.header(), prop))
        return false;
      if (!streamer.finish_member(*prop))
        return false;
      break;
      case 1:
      if (!streamer.start_member(*prop))
        return false;
      if (!read(streamer, instance.success()))
        return false;
      if (!streamer.finish_member(*prop))
        return false;
      break;
      case 2:
      if (!streamer.start_member(*prop))
        return false;
      if (!read_string(streamer, instance.message(), 0))
        return false;
      if (!streamer.finish_member(*prop))
        return false;
      break;
    }
    prop = streamer.next_entity(prop);
  }
  return streamer.finish_struct(*props);
}

template<typename S, std::enable_if_t<std::is_base_of<cdr_stream, S>::value, bool> = true >
bool read(S& str, ::std_srvs::SetStringReply& instance, bool as_key) {
  auto &props = get_type_props<::std_srvs::SetStringReply>();
  str.set_mode(cdr_stream::stream_mode::read, as_key);
  return read(str, instance, props.data()); 
}

template<typename T, std::enable_if_t<std::is_base_of<cdr_stream, T>::value, bool> = true >
bool move(T& streamer, const ::std_srvs::SetStringReply& instance, entity_properties_t *props) {
  (void)instance;
  if (!streamer.start_struct(*props))
    return false;
  auto prop = streamer.first_entity(props);
  while (prop) {
    switch (prop->m_id) {
      case 0:
      if (!streamer.start_member(*prop))
        return false;
      if (!move(streamer, instance.header(), prop))
        return false;
      if (!streamer.finish_member(*prop))
        return false;
      break;
      case 1:
      if (!streamer.start_member(*prop))
        return false;
      if (!move(streamer, instance.success()))
        return false;
      if (!streamer.finish_member(*prop))
        return false;
      break;
      case 2:
      if (!streamer.start_member(*prop))
        return false;
      if (!move_string(streamer, instance.message(), 0))
        return false;
      if (!streamer.finish_member(*prop))
        return false;
      break;
    }
    prop = streamer.next_entity(prop);
  }
  return streamer.finish_struct(*props);
}

template<typename S, std::enable_if_t<std::is_base_of<cdr_stream, S>::value, bool> = true >
bool move(S& str, const ::std_srvs::SetStringReply& instance, bool as_key) {
  auto &props = get_type_props<::std_srvs::SetStringReply>();
  str.set_mode(cdr_stream::stream_mode::move, as_key);
  return move(str, instance, props.data()); 
}

template<typename T, std::enable_if_t<std::is_base_of<cdr_stream, T>::value, bool> = true >
bool max(T& streamer, const ::std_srvs::SetStringReply& instance, entity_properties_t *props) {
  (void)instance;
  if (!streamer.start_struct(*props))
    return false;
  auto prop = streamer.first_entity(props);
  while (prop) {
    switch (prop->m_id) {
      case 0:
      if (!streamer.start_member(*prop))
        return false;
      if (!max(streamer, instance.header(), prop))
        return false;
      if (!streamer.finish_member(*prop))
        return false;
      break;
      case 1:
      if (!streamer.start_member(*prop))
        return false;
      if (!max(streamer, instance.success()))
        return false;
      if (!streamer.finish_member(*prop))
        return false;
      break;
      case 2:
      if (!streamer.start_member(*prop))
        return false;
      if (!max_string(streamer, instance.message(), 0))
        return false;
      if (!streamer.finish_member(*prop))
        return false;
      break;
    }
    prop = streamer.next_entity(prop);
  }
  return streamer.finish_struct(*props);
}

template<typename S, std::enable_if_t<std::is_base_of<cdr_stream, S>::value, bool> = true >
bool max(S& str, const ::std_srvs::SetStringReply& instance, bool as_key) {
  auto &props = get_type_props<::std_srvs::SetStringReply>();
  str.set_mode(cdr_stream::stream_mode::max, as_key);
  return max(str, instance, props.data()); 
}

} //namespace cdr
} //namespace core
} //namespace cyclonedds
} //namespace eclipse
} //namespace org

#endif // DDSCXX_STDSRVS_HPP
