body_pos_x	body_pos_y	body_pos_z	body_quat_w	body_quat_x	body_quat_y	body_quat_z	joint_pos00	joint_pos01	joint_pos02	joint_pos03	joint_pos04	joint_pos05	joint_pos06	joint_pos07	joint_pos08	joint_pos09	joint_pos10	joint_pos11	joint_pos12	joint_pos13	joint_pos14	joint_pos15	joint_pos16	joint_pos17	joint_pos18	joint_pos19	joint_pos20	joint_vel_00	joint_vel_01	joint_vel_02	joint_vel_03	joint_vel_04	joint_vel_05	joint_vel_06	joint_vel_07	joint_vel_08	joint_vel_09	joint_vel_10	joint_vel_11	joint_vel_12	joint_vel_13	joint_vel_14	joint_vel_15	joint_vel_16	joint_vel_17	joint_vel_18	joint_vel_19	joint_vel_20
-0.382303	0.014441	0.094931	-0.000000	0.682634	-0.000000	0.730761	0.000000	-0.471079	-0.038699	-0.331749	0.548106	-0.189726	-0.000007	0.462929	0.039957	0.345648	0.539745	-0.188062	0.015411	0.257070	0.020762	-0.140532	-0.253840	0.256849	-0.020838	0.140507	-0.250541	0.000000	-0.000048	-0.000024	-0.000030	-0.009409	0.004376	-0.000006	0.000146	-0.000004	-0.000028	-0.009134	0.004490	-0.000000	0.002807	-0.003138	0.013740	-0.004914	0.002863	0.003046	-0.013460	-0.005166
-0.382303	0.014441	0.094931	-0.000000	0.682634	-0.000000	0.730761	0.000000	-0.471080	-0.038700	-0.331749	0.547918	-0.189638	-0.000008	0.462931	0.039957	0.345647	0.539562	-0.187972	0.015411	0.257126	0.020699	-0.140257	-0.253938	0.256907	-0.020777	0.140238	-0.250644	0.000000	0.014756	0.002707	0.010489	-0.014175	0.005114	0.000064	-0.016438	-0.003153	-0.011804	-0.016268	0.012020	0.023489	0.003786	-0.004139	0.018138	-0.006641	0.003855	0.004016	-0.017771	-0.006967
-0.382303	0.014441	0.094931	-0.000000	0.682634	-0.000000	0.730761	0.000000	-0.470489	-0.038591	-0.331329	0.547539	-0.189521	-0.000005	0.462271	0.039830	0.345175	0.539094	-0.187581	0.016350	0.257222	0.020597	-0.139806	-0.254105	0.257004	-0.020677	0.139797	-0.250820	0.000000	0.059171	0.010898	0.042043	-0.028478	0.007329	0.000271	-0.066194	-0.012600	-0.047132	-0.037664	0.034611	0.093957	0.006720	-0.007141	0.031330	-0.011824	0.006834	0.006925	-0.030702	-0.012369
-0.382303	0.014441	0.094931	-0.000000	0.682634	-0.000000	0.730761	0.000000	-0.468713	-0.038264	-0.330068	0.546779	-0.189345	0.000003	0.460284	0.039453	0.343762	0.538055	-0.186587	0.019169	0.257395	0.020414	-0.139004	-0.254411	0.257180	-0.020500	0.139010	-0.251139	0.000000	0.059148	0.010897	0.042024	-0.025290	0.005851	0.000273	-0.066266	-0.012609	-0.047155	-0.034656	0.033133	0.093953	0.010813	-0.011006	0.048377	-0.019089	0.010987	0.010673	-0.047415	-0.019933
-0.382303	0.014441	0.094931	-0.000000	0.682634	-0.000000	0.730761	0.000000	-0.468123	-0.038155	-0.329648	0.546527	-0.189287	0.000006	0.459620	0.039326	0.343289	0.537708	-0.186256	0.020108	0.257654	0.020156	-0.137871	-0.254869	0.257443	-0.020250	0.137900	-0.251617	0.000000	0.014697	0.002702	0.010442	-0.006209	0.001420	0.000067	-0.016617	-0.003175	-0.011860	-0.008747	0.008325	0.023479	0.014020	-0.013801	0.060754	-0.024804	0.014237	0.013387	-0.059554	-0.025877
-0.382303	0.014441	0.094931	-0.000000	0.682634	-0.000000	0.730761	0.000000	-0.468125	-0.038156	-0.329650	0.546530	-0.189288	0.000006	0.459619	0.039326	0.343287	0.537705	-0.186255	0.020108	0.257956	0.019862	-0.136574	-0.255403	0.257750	-0.019965	0.136628	-0.252174	0.000000	-0.000216	-0.000053	-0.000154	0.000276	-0.000109	-0.000002	0.000001	-0.000016	-0.000058	-0.000025	0.000020	-0.000017	0.018488	-0.017351	0.076436	-0.032848	0.018791	0.016828	-0.074942	-0.034253
-0.382303	0.014441	0.094931	-0.000000	0.682634	-0.000000	0.730761	0.000000	-0.468131	-0.038157	-0.329654	0.546538	-0.189292	0.000006	0.459620	0.039326	0.343287	0.537707	-0.186255	0.020108	0.258394	0.019462	-0.134814	-0.256183	0.258195	-0.019577	0.134902	-0.252987	0.000000	-0.000338	-0.000083	-0.000238	0.000432	-0.000174	-0.000002	0.000085	0.000002	-0.000012	0.000082	-0.000023	-0.000022	0.023098	-0.020785	0.091569	-0.041188	0.023484	0.020158	-0.089798	-0.042909
-0.382303	0.014441	0.094931	-0.000000	0.682634	-0.000000	0.730761	0.000000	-0.468139	-0.038159	-0.329660	0.546548	-0.189295	0.000006	0.459622	0.039326	0.343287	0.537709	-0.186255	0.020107	0.258880	0.019030	-0.132911	-0.257051	0.258689	-0.019158	0.133036	-0.253891	0.000000	-0.000407	-0.000099	-0.000288	0.000517	-0.000209	-0.000003	0.000137	0.000013	0.000016	0.000145	-0.000050	-0.000028	0.026731	-0.023233	0.102301	-0.047794	0.027148	0.022539	-0.100340	-0.049698
-0.382303	0.014441	0.094931	-0.000000	0.682634	-0.000000	0.730761	0.000000	-0.468148	-0.038161	-0.329666	0.546559	-0.189300	0.000006	0.459626	0.039326	0.343288	0.537712	-0.186257	0.020107	0.259463	0.018533	-0.130722	-0.258094	0.259281	-0.018676	0.130889	-0.254975	0.000000	-0.000387	-0.000093	-0.000279	0.000471	-0.000194	-0.000005	0.000110	-0.000000	-0.000013	0.000086	-0.000029	-0.000035	0.031695	-0.026400	0.116060	-0.056866	0.032172	0.025616	-0.113859	-0.059035
-0.382303	0.014441	0.094931	-0.000000	0.682634	-0.000000	0.730761	0.000000	-0.468154	-0.038163	-0.329671	0.546566	-0.189303	0.000006	0.459627	0.039326	0.343286	0.537712	-0.186257	0.020106	0.260148	0.017974	-0.128268	-0.259325	0.259976	-0.018134	0.128482	-0.256252	0.000000	-0.000290	-0.000066	-0.000217	0.000319	-0.000134	-0.000006	0.000016	-0.000030	-0.000084	-0.000061	0.000029	-0.000042	0.035509	-0.028702	0.125967	-0.063866	0.036043	0.027850	-0.123596	-0.066251
-0.382303	0.014441	0.094931	-0.000000	0.682634	-0.000000	0.730761	0.000000	-0.468159	-0.038164	-0.329675	0.546572	-0.189305	0.000006	0.459626	0.039325	0.343284	0.537710	-0.186256	0.020105	0.260883	0.017385	-0.125683	-0.260649	0.260722	-0.017562	0.125945	-0.257625	0.000000	-0.034831	-0.008452	-0.023358	-0.000763	0.005761	-0.000245	0.034480	0.008697	0.022941	-0.000991	0.005855	-0.000188	0.019976	-0.034059	0.137970	-0.041286	-0.016715	0.044122	-0.134405	-0.034016
-0.382311	0.014446	0.095018	0.000000	0.682368	-0.000000	0.731009	0.000000	-0.469547	-0.038501	-0.330605	0.546536	-0.189073	-0.000004	0.461006	0.039673	0.344204	0.537673	-0.186022	0.020098	0.260947	0.016612	-0.122750	-0.260977	0.259307	-0.016369	0.123105	-0.257613	0.000000	-0.057459	-0.013942	-0.038512	-0.002040	0.009911	-0.000405	0.057080	0.014413	0.038029	-0.002140	0.009949	-0.000289	0.011503	-0.038491	0.149527	-0.029734	-0.056374	0.056961	-0.144945	-0.002563
-0.382316	0.014449	0.095077	0.000000	0.682101	-0.000000	0.731258	0.000000	-0.470458	-0.038721	-0.331215	0.546490	-0.188909	-0.000011	0.461910	0.039901	0.344805	0.537624	-0.185858	0.020093	0.261343	0.015845	-0.119702	-0.261838	0.258467	-0.015283	0.120147	-0.257728	0.000000	-0.021613	-0.005226	-0.014486	-0.002779	0.004739	-0.000166	0.021388	0.005353	0.014150	-0.002940	0.004810	-0.000159	0.036492	-0.038019	0.158097	-0.069819	-0.013208	0.048894	-0.153879	-0.012124
-0.382316	0.014449	0.095077	0.000000	0.682101	-0.000000	0.731258	0.000000	-0.470412	-0.038710	-0.331184	0.546425	-0.188883	-0.000011	0.461861	0.039888	0.344770	0.537555	-0.185830	0.020092	0.262406	0.015091	-0.116426	-0.263769	0.258779	-0.014413	0.116950	-0.258098	0.000000	-0.017113	-0.004168	-0.011434	-0.003794	0.003947	-0.000101	0.017004	0.004192	0.011197	-0.003877	0.003989	-0.000125	0.005135	-0.050194	0.167420	-0.048089	0.016747	0.044922	-0.164675	-0.020326
-0.382323	0.014451	0.095142	0.000000	0.681984	-0.000000	0.731367	0.000000	-0.471142	-0.038888	-0.331672	0.546338	-0.188751	-0.000015	0.462590	0.040069	0.345253	0.537469	-0.185698	0.020088	0.261549	0.013837	-0.113005	-0.263762	0.259137	-0.013486	0.113560	-0.258541	0.000000	-0.046211	-0.011296	-0.030880	-0.004578	0.007929	-0.000242	0.046122	0.011510	0.030646	-0.004484	0.007895	-0.000203	-0.066890	-0.068927	0.172834	0.024588	0.018512	0.047030	-0.171934	-0.023069
-0.382332	0.014455	0.095240	0.000000	0.681632	-0.000000	0.731695	0.000000	-0.472260	-0.039162	-0.332420	0.546242	-0.188566	-0.000020	0.463706	0.040348	0.345996	0.537376	-0.185514	0.020084	0.259731	0.012334	-0.109512	-0.262786	0.259519	-0.012532	0.110073	-0.259020	0.000000	-0.042994	-0.010503	-0.028689	-0.008363	0.009223	-0.000228	0.043134	0.010714	0.028609	-0.007993	0.009078	-0.000205	-0.034003	-0.063728	0.182551	0.009094	0.021037	0.049664	-0.180809	-0.027152
-0.382339	0.014456	0.095309	0.000000	0.681477	-0.000000	0.731840	0.000000	-0.472862	-0.039308	-0.332820	0.546004	-0.188382	-0.000024	0.464315	0.040498	0.346398	0.537150	-0.185335	0.020080	0.260189	0.011288	-0.105703	-0.263398	0.259979	-0.011500	0.106328	-0.259627	0.000000	-0.030094	-0.007333	-0.020011	-0.013380	0.009888	-0.000168	0.030550	0.007488	0.020148	-0.012675	0.009606	-0.000184	0.023590	-0.052875	0.192357	-0.031837	0.023674	0.052182	-0.189145	-0.031529
-0.382346	0.014458	0.095384	0.000000	0.681322	-0.000000	0.731984	0.000000	-0.473464	-0.039455	-0.333220	0.545706	-0.188170	-0.000027	0.464928	0.040648	0.346802	0.536869	-0.185130	0.020077	0.260674	0.010219	-0.101818	-0.264059	0.260466	-0.010444	0.102507	-0.260282	0.000000	-0.030130	-0.007332	-0.019990	-0.017872	0.011983	-0.000174	0.030877	0.007522	0.020324	-0.016792	0.011547	-0.000193	0.025682	-0.054643	0.198036	-0.035471	0.025781	0.053941	-0.194791	-0.035159
-0.382354	0.014460	0.095468	0.000000	0.681047	-0.000000	0.732240	0.000000	-0.474067	-0.039601	-0.333620	0.545289	-0.187903	-0.000031	0.465550	0.040798	0.347211	0.536478	-0.184873	0.020073	0.261216	0.009103	-0.097782	-0.264817	0.261010	-0.009342	0.098536	-0.261033	0.000000	-0.029651	-0.007196	-0.019604	-0.024842	0.015198	-0.000181	0.030865	0.007447	0.020257	-0.023149	0.014511	-0.000203	0.028589	-0.056883	0.205048	-0.040641	0.028710	0.056171	-0.201776	-0.040334
-0.382363	0.014462	0.095563	0.000000	0.680849	-0.000000	0.732424	0.000000	-0.474650	-0.039743	-0.334004	0.544713	-0.187562	-0.000034	0.466163	0.040945	0.347612	0.535943	-0.184550	0.020068	0.261818	0.007944	-0.093616	-0.265685	0.261615	-0.008198	0.094436	-0.261895	0.000000	-0.028898	-0.006993	-0.019046	-0.030798	0.017925	-0.000186	0.030520	0.007300	0.019979	-0.028570	0.017015	-0.000210	0.030857	-0.058474	0.209888	-0.044766	0.030995	0.057757	-0.206610	-0.044470
-0.382373	0.014464	0.095664	0.000000	0.680635	-0.000000	0.732623	0.000000	-0.475223	-0.039881	-0.334381	0.544057	-0.187186	-0.000038	0.466771	0.041090	0.348010	0.535335	-0.184193	0.020064	0.262450	0.006764	-0.089386	-0.266608	0.262250	-0.007032	0.090272	-0.262812	0.000000	-0.027145	-0.006532	-0.017795	-0.040059	0.022127	-0.000195	0.029431	0.006932	0.019183	-0.036958	0.020852	-0.000217	0.034055	-0.060424	0.215500	-0.050803	0.034217	0.059705	-0.212239	-0.050545
-0.382384	0.014466	0.095784	0.000000	0.680282	-0.000000	0.732951	0.000000	-0.475736	-0.040004	-0.334716	0.543110	-0.186677	-0.000042	0.467340	0.041223	0.348379	0.534464	-0.183715	0.020060	0.263180	0.005527	-0.084996	-0.267717	0.262983	-0.005809	0.085946	-0.263917	0.000000	-0.025018	-0.005976	-0.016292	-0.050063	0.026660	-0.000204	0.028046	0.006482	0.018188	-0.045992	0.024977	-0.000221	0.037370	-0.062258	0.220552	-0.057216	0.037558	0.061541	-0.217325	-0.057011
-0.382397	0.014468	0.095910	0.000000	0.680035	-0.000000	0.733179	0.000000	-0.476224	-0.040120	-0.335033	0.542055	-0.186119	-0.000046	0.467893	0.041350	0.348737	0.533495	-0.183193	0.020055	0.263945	0.004273	-0.080564	-0.268896	0.263752	-0.004570	0.081579	-0.265092	0.000000	-0.023147	-0.005486	-0.014979	-0.058253	0.030382	-0.000212	0.026803	0.006086	0.017307	-0.053351	0.028346	-0.000221	0.039992	-0.063505	0.223709	-0.062468	0.040203	0.062793	-0.220527	-0.062325
-0.382410	0.014471	0.096049	0.000000	0.679613	-0.000000	0.733571	0.000000	-0.476662	-0.040223	-0.335315	0.540780	-0.185462	-0.000051	0.468412	0.041466	0.349072	0.532330	-0.182582	0.020051	0.264780	0.002987	-0.076048	-0.270216	0.264592	-0.003298	0.077125	-0.266410	0.000000	-0.020650	-0.004829	-0.013232	-0.069393	0.035461	-0.000224	0.025181	0.005563	0.016160	-0.063325	0.032930	-0.000218	0.043615	-0.065054	0.227355	-0.069901	0.043853	0.064353	-0.224252	-0.069863
-0.382425	0.014473	0.096203	0.000000	0.679313	-0.000000	0.733849	0.000000	-0.477050	-0.040313	-0.335562	0.539279	-0.184701	-0.000055	0.468900	0.041572	0.349384	0.530962	-0.181876	0.020047	0.265690	0.001671	-0.071470	-0.271692	0.265506	-0.001996	0.072609	-0.267887	0.000000	-0.018775	-0.004335	-0.011925	-0.077908	0.039355	-0.000234	0.023992	0.005175	0.015322	-0.070931	0.036434	-0.000214	0.046426	-0.066131	0.229667	-0.075801	0.046684	0.065440	-0.226635	-0.075859
-0.382440	0.014475	0.096364	-0.000000	0.678835	-0.000000	0.734291	0.000000	-0.477413	-0.040397	-0.335792	0.537664	-0.183888	-0.000060	0.469372	0.041673	0.349685	0.529493	-0.181124	0.020042	0.266637	0.000341	-0.066861	-0.273248	0.266459	-0.000680	0.068060	-0.269444	0.000000	-0.016769	-0.003795	-0.010519	-0.088942	0.044462	-0.000250	0.022913	0.004786	0.014551	-0.080724	0.040998	-0.000205	0.050365	-0.067400	0.231902	-0.084375	0.050653	0.066728	-0.228992	-0.084604
-0.382458	0.014478	0.096547	0.000000	0.678476	-0.000000	0.734623	0.000000	-0.477721	-0.040465	-0.335983	0.535721	-0.182922	-0.000065	0.469817	0.041764	0.349966	0.527733	-0.180236	0.020038	0.267704	-0.001025	-0.062194	-0.275067	0.267532	0.000673	0.063449	-0.271271	0.000000	-0.015241	-0.003375	-0.009443	-0.099556	0.049419	-0.000266	0.022307	0.004518	0.014104	-0.090098	0.045410	-0.000192	0.054434	-0.068556	0.233573	-0.093433	0.054751	0.067907	-0.230801	-0.093871
-0.382476	0.014480	0.096739	0.000000	0.678117	-0.000000	0.734954	0.000000	-0.478022	-0.040532	-0.336170	0.533682	-0.181911	-0.000071	0.470264	0.041854	0.350249	0.525889	-0.179308	0.020035	0.268814	-0.002401	-0.057518	-0.276985	0.268649	0.002036	0.058828	-0.273199	0.000000	-0.014804	-0.003238	-0.009119	-0.106803	0.052869	-0.000280	0.022537	0.004495	0.014235	-0.096445	0.048459	-0.000180	0.057634	-0.069298	0.234190	-0.100792	0.057972	0.068670	-0.231542	-0.101436
-0.382496	0.014483	0.096947	0.000000	0.677516	-0.000000	0.735508	0.000000	-0.478313	-0.040595	-0.336348	0.531449	-0.180808	-0.000076	0.470718	0.041943	0.350535	0.523876	-0.178298	0.020031	0.270010	-0.003797	-0.052826	-0.279099	0.269851	0.003420	0.054187	-0.275329	0.000000	-0.015099	-0.003278	-0.009278	-0.115485	0.057075	-0.000296	0.023673	0.004685	0.014971	-0.103976	0.052147	-0.000162	0.062039	-0.070175	0.234447	-0.110464	0.062408	0.069579	-0.231981	-0.112084
-0.382518	0.014485	0.097173	0.000000	0.677093	-0.000000	0.735897	0.000000	-0.478626	-0.040663	-0.336541	0.529062	-0.179628	-0.000083	0.471211	0.042041	0.350848	0.521730	-0.177222	0.020028	0.271296	-0.005208	-0.048140	-0.281404	0.271145	0.004819	0.049549	-0.277682	0.000000	-0.015977	-0.003475	-0.009843	-0.121264	0.059936	-0.000309	0.025154	0.004994	0.015946	-0.108926	0.054631	-0.000147	0.065445	-0.070750	0.234215	-0.117611	0.065836	0.070180	-0.231897	-0.120493
-0.382540	0.014488	0.097407	0.000000	0.676426	-0.000000	0.736511	0.000000	-0.478952	-0.040734	-0.336742	0.526599	-0.178410	-0.000089	0.471724	0.042143	0.351173	0.519519	-0.176113	0.020025	0.272627	-0.006627	-0.043457	-0.283804	0.272485	0.006227	0.044911	-0.280148	0.000000	-0.018699	-0.004138	-0.011639	-0.127144	0.062986	-0.000322	0.028611	0.005803	0.018244	-0.113784	0.057213	-0.000126	0.070196	-0.071349	0.233057	-0.127044	0.070617	0.070820	-0.230964	-0.131181
-0.382565	0.014491	0.097668	0.000000	0.675933	-0.000000	0.736962	0.000000	-0.479374	-0.040828	-0.337007	0.523977	-0.177109	-0.000095	0.472356	0.042273	0.351577	0.517179	-0.174933	0.020023	0.274104	-0.008062	-0.038818	-0.286485	0.273970	0.007652	0.040310	-0.282930	0.000000	-0.022519	-0.005086	-0.014165	-0.131723	0.065487	-0.000332	0.033116	0.006897	0.021245	-0.117399	0.059270	-0.000104	0.075091	-0.071836	0.231332	-0.136575	0.075538	0.071351	-0.229481	-0.141639
-0.382591	0.014493	0.097940	-0.000000	0.675441	-0.000000	0.737414	0.000000	-0.479853	-0.040937	-0.337308	0.521330	-0.175791	-0.000102	0.473049	0.042419	0.352023	0.514823	-0.173742	0.020021	0.275631	-0.009500	-0.034204	-0.289267	0.275506	0.009081	0.035732	-0.285814	0.000000	-0.026681	-0.006137	-0.016925	-0.133605	0.066705	-0.000336	0.037745	0.008058	0.024331	-0.118616	0.060177	-0.000089	0.078925	-0.072073	0.229403	-0.144018	0.079392	0.071627	-0.227753	-0.149357
-0.382619	0.014496	0.098230	0.000000	0.674629	-0.000000	0.738157	0.000000	-0.480442	-0.041074	-0.337684	0.518632	-0.174440	-0.000109	0.473866	0.042596	0.352551	0.512434	-0.172526	0.020020	0.277261	-0.010945	-0.029642	-0.292246	0.277146	0.010517	0.031200	-0.288904	0.000000	-0.282148	-0.072387	-0.189423	0.211105	-0.077148	-0.000225	0.045083	0.009932	0.029220	-0.118811	0.060766	-0.000069	0.084183	-0.072276	0.226265	-0.154202	0.084680	0.071885	-0.224899	-0.159920
-0.382649	0.014499	0.098541	0.000000	0.673884	-0.000000	0.738837	0.000000	-0.491138	-0.043833	-0.344885	0.529774	-0.178877	-0.000111	0.474852	0.042816	0.353192	0.510070	-0.171311	0.020018	0.278998	-0.012391	-0.025154	-0.295435	0.278894	0.011956	0.026736	-0.292211	0.000000	-0.661186	-0.170712	-0.445408	0.730056	-0.294146	-0.000055	0.051460	0.011580	0.033467	-0.117891	0.060743	-0.000055	0.088238	-0.072344	0.223486	-0.162037	0.088755	0.071995	-0.222347	-0.168044
-0.382680	0.014502	0.098862	0.000000	0.673172	-0.000000	0.739486	0.000000	-0.506889	-0.047902	-0.355500	0.547835	-0.186206	-0.000111	0.475924	0.043059	0.353889	0.507719	-0.170097	0.020017	0.280790	-0.013839	-0.020702	-0.298728	0.280696	0.013397	0.022306	-0.295626	0.000000	-0.470424	-0.121715	-0.316234	0.454555	-0.178830	-0.000130	0.435129	0.116901	0.293317	0.408718	-0.159205	0.000482	0.093876	-0.072258	0.218937	-0.172874	0.094419	0.071974	-0.218124	-0.179282
-0.382713	0.014505	0.099216	0.000000	0.672395	-0.000000	0.740193	0.000000	-0.509955	-0.048701	-0.357534	0.547956	-0.186030	-0.000116	0.492257	0.047492	0.364924	0.526419	-0.177680	0.020038	0.282753	-0.015282	-0.016396	-0.302350	0.282670	0.014835	0.018011	-0.299382	0.000000	-0.154924	-0.040467	-0.102762	0.005554	0.009152	-0.000261	0.707176	0.191803	0.477408	0.779000	-0.313852	0.000831	0.099669	-0.072054	0.213825	-0.183972	0.100238	0.071840	-0.213355	-0.190793
-0.382748	0.014508	0.099580	0.000000	0.671876	-0.000000	0.740663	0.000000	-0.513086	-0.049521	-0.359610	0.548057	-0.185840	-0.000121	0.504211	0.050731	0.372986	0.538879	-0.182651	0.020051	0.284777	-0.016721	-0.012149	-0.306087	0.284705	0.016271	0.013772	-0.303257	0.000000	-0.159757	-0.042037	-0.105848	0.004008	0.010148	-0.000260	0.378679	0.102195	0.254375	0.310932	-0.117970	0.000282	0.104193	-0.071767	0.209357	-0.192590	0.104777	0.071609	-0.209163	-0.199730
-0.382785	0.014510	0.099967	-0.000000	0.670749	-0.000000	0.741684	0.000000	-0.516346	-0.050383	-0.361768	0.548116	-0.185624	-0.000127	0.507405	0.051580	0.375099	0.538856	-0.182398	0.020049	0.286921	-0.018152	-0.008022	-0.310053	0.286861	0.017700	0.009645	-0.307371	0.000000	-0.165790	-0.044099	-0.109655	0.001219	0.011803	-0.000259	0.162345	0.043406	0.107349	-0.003083	0.013701	-0.000083	0.110384	-0.071261	0.202838	-0.204341	0.110988	0.071183	-0.203029	-0.211917
-0.382825	0.014513	0.100378	-0.000000	0.669856	-0.000000	0.742491	0.000000	-0.519718	-0.051285	-0.363997	0.548105	-0.185368	-0.000132	0.510705	0.052467	0.377279	0.538755	-0.182103	0.020047	0.289192	-0.019571	-0.004036	-0.314260	0.289145	0.019118	0.005651	-0.311734	0.000000	-0.170006	-0.045622	-0.112283	-0.001426	0.013291	-0.000257	0.166351	0.044832	0.109843	-0.006032	0.015322	-0.000081	0.115145	-0.070789	0.197529	-0.213350	0.115766	0.070774	-0.198021	-0.221260
-0.382865	0.014516	0.100800	-0.000000	0.669321	-0.000000	0.742973	0.000000	-0.523146	-0.052208	-0.366260	0.548059	-0.185092	-0.000137	0.514059	0.053373	0.379493	0.538615	-0.181785	0.020046	0.291527	-0.020984	-0.000121	-0.318587	0.291492	0.020531	0.001724	-0.316221	0.000000	-0.174820	-0.047564	-0.115196	-0.006247	0.015839	-0.000255	0.170952	0.046638	0.112630	-0.011186	0.018018	-0.000078	0.121742	-0.069966	0.189613	-0.225755	0.122384	0.070043	-0.190531	-0.234123
-0.382909	0.014519	0.101258	0.000000	0.667947	-0.000000	0.744208	0.000000	-0.526711	-0.053188	-0.368604	0.547856	-0.184734	-0.000142	0.517543	0.054333	0.381785	0.538308	-0.181382	0.020044	0.294062	-0.022370	0.003549	-0.323290	0.294040	0.021920	-0.001970	-0.321099	0.000000	-0.179057	-0.049437	-0.117689	-0.011991	0.018797	-0.000251	0.175038	0.048370	0.115047	-0.017202	0.021091	-0.000076	0.128507	-0.069013	0.181141	-0.238421	0.129166	0.069186	-0.182500	-0.247259
-0.382954	0.014522	0.101730	0.000000	0.666930	-0.000000	0.745120	0.000000	-0.530308	-0.054185	-0.370967	0.547580	-0.184340	-0.000147	0.521060	0.055308	0.384095	0.537927	-0.180942	0.020043	0.296667	-0.023744	0.007125	-0.328124	0.296659	0.023298	-0.005576	-0.326112	0.000000	-0.181544	-0.050752	-0.119059	-0.017425	0.021518	-0.000248	0.177503	0.049579	0.116426	-0.022724	0.023851	-0.000074	0.133770	-0.068147	0.174161	-0.248211	0.134438	0.068397	-0.175869	-0.257415
-0.383002	0.014525	0.102227	0.000000	0.665860	-0.000000	0.746076	0.000000	-0.533972	-0.055218	-0.373367	0.547159	-0.183874	-0.000152	0.524643	0.056316	0.386442	0.537399	-0.180428	0.020041	0.299413	-0.025096	0.010515	-0.333219	0.299418	0.024656	-0.009005	-0.331396	0.000000	-0.184205	-0.052408	-0.120415	-0.025722	0.025607	-0.000243	0.180285	0.051103	0.117899	-0.030965	0.027914	-0.000071	0.140958	-0.066851	0.164303	-0.261530	0.141641	0.067210	-0.166493	-0.271226
-0.383052	0.014528	0.102750	0.000000	0.664737	-0.000000	0.747077	0.000000	-0.537676	-0.056281	-0.375784	0.546551	-0.183316	-0.000157	0.528271	0.057352	0.388811	0.536688	-0.179825	0.020040	0.302306	-0.026418	0.013697	-0.338585	0.302324	0.025987	-0.012236	-0.336961	0.000000	-0.185709	-0.053575	-0.121078	-0.032733	0.029020	-0.000240	0.181991	0.052180	0.118732	-0.037806	0.031247	-0.000069	0.146476	-0.065773	0.156496	-0.271714	0.147172	0.066218	-0.159060	-0.281788
-0.383103	0.014531	0.103287	-0.000000	0.663586	-0.000000	0.748100	0.000000	-0.541401	-0.057361	-0.378210	0.545849	-0.182713	-0.000162	0.531923	0.058403	0.391191	0.535887	-0.179178	0.020038	0.305272	-0.027727	0.016775	-0.344087	0.305305	0.027304	-0.015368	-0.342667	0.000000	-0.186841	-0.054979	-0.121341	-0.043546	0.034220	-0.000233	0.183766	0.053511	0.119491	-0.047912	0.036131	-0.000067	0.154094	-0.064111	0.145265	-0.285686	0.154801	0.064679	-0.148351	-0.296278
-0.383159	0.014534	0.103865	-0.000000	0.662351	-0.000000	0.749193	0.000000	-0.545150	-0.058481	-0.380638	0.544809	-0.181947	-0.000166	0.535622	0.059493	0.393590	0.534772	-0.178380	0.020037	0.308469	-0.028983	0.019508	-0.350013	0.308516	0.028574	-0.018170	-0.348812	0.000000	-0.187512	-0.056291	-0.121278	-0.055180	0.039782	-0.000227	0.075154	0.020956	0.046349	-0.216684	0.106112	-0.000157	0.161888	-0.062294	0.133488	-0.299919	0.162602	0.062991	-0.137112	-0.311037
-0.383215	0.014537	0.104457	-0.000000	0.661086	-0.000000	0.750309	0.000000	-0.548901	-0.059612	-0.383061	0.543642	-0.181122	-0.000171	0.534929	0.059241	0.393045	0.527219	-0.174934	0.020032	0.311747	-0.030218	0.022114	-0.356084	0.311809	0.029824	-0.020852	-0.355108	0.000000	-0.187629	-0.057182	-0.120964	-0.064673	0.044284	-0.000221	-0.254309	-0.079624	-0.174518	-0.699534	0.304738	-0.000431	0.167931	-0.060751	0.124045	-0.310886	0.168651	0.061552	-0.128088	-0.322411
-0.383275	0.014540	0.105078	-0.000000	0.659763	-0.000000	0.751473	0.000000	-0.552655	-0.060768	-0.385476	0.542222	-0.180176	-0.000175	0.525450	0.056308	0.386610	0.506790	-0.166190	0.020020	0.315187	-0.031413	0.024469	-0.362448	0.315262	0.031036	-0.023294	-0.361708	0.000000	-0.187474	-0.058282	-0.120162	-0.077239	0.050252	-0.000209	-0.192623	-0.062675	-0.133088	-0.625382	0.274111	-0.000692	0.176165	-0.058524	0.110915	-0.325770	0.176892	0.059470	-0.115534	-0.337848
-0.383337	0.014543	0.105728	-0.000000	0.658379	-0.000000	0.752686	0.000000	-0.556400	-0.061944	-0.387868	0.540552	-0.179112	-0.000179	0.527224	0.056734	0.387721	0.502204	-0.163969	0.020005	0.318794	-0.032559	0.026551	-0.369115	0.318884	0.032203	-0.025473	-0.368622	0.000000	-0.187123	-0.059041	-0.119275	-0.086594	0.054701	-0.000195	0.229371	0.063328	0.149924	-0.031303	0.029544	-0.000809	0.182471	-0.056725	0.100664	-0.337131	0.183202	0.057785	-0.105727	-0.349630
-0.383401	0.014545	0.106393	0.000000	0.656964	-0.000000	0.753922	0.000000	-0.560140	-0.063130	-0.390247	0.538758	-0.177988	-0.000183	0.534625	0.058841	0.392607	0.505538	-0.165009	0.019988	0.322485	-0.033682	0.028496	-0.375933	0.322590	0.033347	-0.027523	-0.375694	0.000000	0.061853	0.018852	0.046109	-0.463842	0.207079	0.000418	0.393823	0.113037	0.260328	0.182952	-0.059977	0.000134	0.204842	-0.054780	0.088879	-0.371286	0.205515	0.055988	-0.094519	-0.383299
-0.383469	0.014548	0.107104	0.000000	0.655455	-0.000000	0.755233	0.000000	-0.553926	-0.061190	-0.386023	0.521999	-0.170828	-0.000162	0.542977	0.061256	0.398135	0.509522	-0.166368	0.020010	0.326988	-0.034750	0.030106	-0.383966	0.327105	0.034442	-0.029254	-0.383954	0.000000	0.181063	0.058232	0.124726	-0.656009	0.283647	0.000823	0.418203	0.121307	0.276610	0.197664	-0.066638	0.000969	0.235262	-0.053280	0.079069	-0.416482	0.235835	0.054628	-0.085239	-0.427354
-0.383538	0.014551	0.107831	0.000000	0.653912	-0.000000	0.756570	0.000000	-0.552898	-0.060800	-0.385258	0.512518	-0.166642	-0.000150	0.551353	0.063693	0.403671	0.513445	-0.167674	0.020026	0.331896	-0.035813	0.031659	-0.392593	0.332024	0.035532	-0.030932	-0.392788	0.000000	-0.207891	-0.058069	-0.134689	-0.110117	0.060662	0.000215	0.419973	0.122998	0.277257	0.193115	-0.062624	0.000532	0.265710	-0.052815	0.074741	-0.460963	0.266168	0.054256	-0.081217	-0.470299
-0.383611	0.014554	0.108589	0.000000	0.652303	-0.000000	0.757957	0.000000	-0.562242	-0.063512	-0.391411	0.517594	-0.168402	-0.000154	0.559776	0.066176	0.409225	0.517247	-0.168873	0.020031	0.337616	-0.036863	0.033096	-0.402405	0.337752	0.036612	-0.032503	-0.402766	0.000000	-0.462277	-0.135097	-0.304071	0.239779	-0.081225	-0.000228	0.394341	0.116787	0.259493	0.144777	-0.040153	0.000241	0.302702	-0.052437	0.070591	-0.515633	0.303011	0.053991	-0.077382	-0.523067
-0.383687	0.014557	0.109380	0.000000	0.650627	-0.000000	0.759397	0.000000	-0.571389	-0.066204	-0.397421	0.522109	-0.169891	-0.000159	0.567126	0.068365	0.414051	0.519236	-0.169280	0.020036	0.344004	-0.037910	0.034482	-0.413218	0.344144	0.037692	-0.034027	-0.413710	0.000000	-0.454904	-0.134340	-0.298732	0.218728	-0.071071	-0.000284	0.354128	0.105781	0.232200	0.076821	-0.010461	0.000241	0.327744	-0.052334	0.068694	-0.553159	0.327947	0.053967	-0.075651	-0.559278
-0.383764	0.014559	0.110187	0.000000	0.648915	-0.000000	0.760861	0.000000	-0.580438	-0.068886	-0.403360	0.526343	-0.171245	-0.000165	0.573941	0.070407	0.418513	0.520319	-0.169292	0.020041	0.350726	-0.038956	0.035844	-0.424531	0.350870	0.038771	-0.035529	-0.425137	0.000000	-0.385928	-0.115916	-0.252051	0.106485	-0.022241	-0.000279	0.252691	0.076074	0.163914	-0.082684	0.057851	0.000175	0.355695	-0.052566	0.068596	-0.596239	0.355768	0.054285	-0.075634	-0.600827
-0.383846	0.014562	0.111045	0.000000	0.647098	-0.000000	0.762406	0.000000	-0.586826	-0.070841	-0.407503	0.526368	-0.170781	-0.000170	0.577234	0.071408	0.420607	0.515929	-0.166966	0.020043	0.358232	-0.040013	0.037226	-0.437067	0.358375	0.039863	-0.037053	-0.437744	0.000000	-0.280835	-0.086566	-0.181288	-0.057460	0.048151	-0.000213	0.134669	0.040823	0.084642	-0.266552	0.136287	0.000070	0.418191	-0.056301	0.069534	-0.721149	0.379951	0.054844	-0.077142	-0.637884
-0.383930	0.014565	0.111920	0.000000	0.645243	-0.000000	0.763976	0.000000	-0.591671	-0.072349	-0.410612	0.524045	-0.169319	-0.000174	0.579328	0.072040	0.421899	0.509657	-0.163840	0.020044	0.367453	-0.041208	0.038625	-0.453377	0.366068	0.040965	-0.038615	-0.450653	0.000000	-0.165124	-0.053033	-0.103711	-0.233623	0.122993	-0.000083	0.044709	0.013188	0.024395	-0.407598	0.196350	-0.000050	0.546872	-0.066706	0.070747	-1.004175	0.393987	0.055543	-0.079991	-0.660624
-0.384017	0.014567	0.112830	0.000000	0.643315	-0.000000	0.765600	0.000000	-0.593431	-0.072962	-0.411651	0.517024	-0.165861	-0.000173	0.579022	0.071935	0.421583	0.499625	-0.159112	0.020041	0.380107	-0.042681	0.040056	-0.477234	0.374134	0.042085	-0.040252	-0.464168	0.000000	-0.029583	-0.013089	-0.012990	-0.443046	0.212115	0.000102	-0.035700	-0.011980	-0.029449	-0.540123	0.253481	-0.000218	0.578817	-0.067365	0.076545	-1.067221	0.501701	0.062739	-0.084449	-0.891224
-0.384107	0.014570	0.113775	0.000000	0.641311	-0.000000	0.767279	0.000000	-0.592854	-0.072872	-0.411131	0.506323	-0.160834	-0.000169	0.577900	0.071561	0.420721	0.488052	-0.153701	0.020035	0.390606	-0.043903	0.041687	-0.496066	0.386136	0.043474	-0.041993	-0.486302	0.000000	0.058019	0.013296	0.045516	-0.581014	0.270953	0.000250	-0.066361	-0.022098	-0.049966	-0.597859	0.279113	-0.000352	0.498053	-0.057947	0.084027	-0.878757	0.649230	0.072834	-0.088286	-1.214375
-0.384199	0.014573	0.114738	0.000000	0.639268	-0.000000	0.768984	0.000000	-0.591110	-0.072430	-0.409831	0.493783	-0.155023	-0.000163	0.576368	0.071051	0.419584	0.475710	-0.147948	0.020027	0.400029	-0.044999	0.043417	-0.512385	0.400104	0.044998	-0.043784	-0.512743	0.000000	0.090399	0.023713	0.067148	-0.646014	0.300387	0.000383	0.383411	0.130188	0.244093	0.045729	0.007623	-0.000412	0.454434	-0.057332	0.094162	-0.780749	0.568028	0.068997	-0.098415	-1.035257
-0.384297	0.014575	0.115756	0.000000	0.637108	-0.000000	0.770773	0.000000	-0.589238	-0.071924	-0.408445	0.480482	-0.148819	-0.000154	0.593236	0.076768	0.430484	0.489882	-0.153396	0.020018	0.408783	-0.046196	0.045453	-0.527296	0.408857	0.046234	-0.045929	-0.527712	0.000000	-0.089842	-0.034779	-0.051247	-0.401393	0.198333	0.000110	0.742763	0.250749	0.479432	0.554752	-0.207745	-0.000379	0.429003	-0.061038	0.105051	-0.728349	0.428920	0.062946	-0.110335	-0.731196
-0.384396	0.014578	0.116793	-0.000000	0.634905	-0.000000	0.772588	0.000000	-0.594704	-0.073821	-0.411881	0.477727	-0.147090	-0.000159	0.606078	0.081081	0.438762	0.497900	-0.156258	0.020012	0.417189	-0.047441	0.047619	-0.541519	0.417260	0.047516	-0.048197	-0.541991	0.000000	-0.640105	-0.215120	-0.412817	0.389499	-0.137291	-0.000958	0.440839	0.145458	0.282759	0.093334	-0.013750	-0.000234	0.402814	-0.064585	0.114796	-0.676706	0.402734	0.066394	-0.119542	-0.679514
-0.384499	0.014580	0.117868	0.000000	0.632621	-0.000000	0.774460	0.000000	-0.614843	-0.080528	-0.424958	0.496062	-0.154310	-0.000192	0.610870	0.082587	0.441795	0.493615	-0.153946	0.020009	0.424896	-0.048780	0.050045	-0.554364	0.424966	0.048890	-0.050711	-0.554893	0.000000	-0.746055	-0.248674	-0.482514	0.524530	-0.195330	-0.001078	0.226426	0.071790	0.142570	-0.241674	0.127760	-0.000143	0.306541	-0.060404	0.130956	-0.484048	0.306538	0.061939	-0.134921	-0.487739
-0.384605	0.014582	0.118981	0.000000	0.630253	-0.000000	0.776388	0.000000	-0.624546	-0.083768	-0.431181	0.498708	-0.154903	-0.000202	0.615135	0.083953	0.444465	0.488233	-0.151147	0.020006	0.429451	-0.049857	0.052857	-0.560881	0.429522	0.049994	-0.053594	-0.561501	0.000000	-0.354719	-0.118665	-0.225487	-0.063816	0.053237	-0.000191	0.206728	0.066579	0.128958	-0.282772	0.146032	-0.000152	0.188316	-0.050587	0.145449	-0.246704	0.188432	0.051808	-0.148782	-0.251754
-0.384713	0.014584	0.120114	0.000000	0.627841	-0.000000	0.778342	0.000000	-0.629031	-0.085275	-0.433977	0.493510	-0.152181	-0.000200	0.619139	0.085250	0.446953	0.482304	-0.148105	0.020003	0.432429	-0.050803	0.055863	-0.564232	0.432503	0.050962	-0.056662	-0.564963	0.000000	-0.195798	-0.068041	-0.119117	-0.276902	0.157406	0.000139	0.133075	0.046118	0.078797	-0.404275	0.199554	-0.000165	0.262907	-0.053519	0.138268	-0.434546	0.262707	0.054517	-0.140360	-0.437152
-0.384827	0.014587	0.121306	0.000000	0.625299	-0.000000	0.780383	0.000000	-0.632378	-0.086490	-0.435946	0.487632	-0.148607	-0.000197	0.620458	0.085798	0.447616	0.472062	-0.143165	0.019999	0.439967	-0.051998	0.058388	-0.578263	0.440030	0.052174	-0.059209	-0.578987	0.000000	-0.027288	-0.012196	-0.006256	-0.533842	0.285118	0.001422	-0.014088	-0.004075	-0.019979	-0.643583	0.318349	-0.001857	0.346306	-0.076548	0.149842	-0.625464	0.345876	0.077421	-0.150834	-0.625621
-0.384943	0.014589	0.122519	0.000000	0.622710	-0.000000	0.782451	0.000000	-0.630123	-0.085763	-0.434228	0.472156	-0.140776	-0.000143	0.618575	0.085087	0.446154	0.456561	-0.135371	0.019929	0.446281	-0.053865	0.061857	-0.589251	0.446338	0.054059	-0.062696	-0.589988	0.000000	0.392821	0.133480	0.270255	-1.253769	0.604327	0.005164	-0.254327	-0.098485	-0.179441	-1.038098	0.532450	-0.006908	0.254505	-0.127022	0.220606	-0.397345	0.254455	0.127878	-0.221383	-0.398842
-0.385063	0.014591	0.123773	0.000000	0.620031	-0.000000	0.784575	0.000000	-0.616665	-0.081151	-0.425136	0.437482	-0.124433	0.000010	0.610285	0.081858	0.440439	0.430539	-0.121867	0.019723	0.450147	-0.057079	0.067212	-0.594156	0.450209	0.057290	-0.068064	-0.594941	0.000000	0.321649	0.110798	0.225816	-1.196577	0.584858	0.006633	-0.143111	-0.063003	-0.109494	-0.899141	0.486991	-0.008925	0.220504	-0.141728	0.252749	-0.303230	0.220603	0.142325	-0.252762	-0.305516
-0.385187	0.014593	0.125068	0.000000	0.617258	-0.000000	0.786758	0.000000	-0.617257	-0.081331	-0.425195	0.424293	-0.117382	0.000122	0.612851	0.082567	0.441774	0.420595	-0.115891	0.019572	0.455101	-0.059534	0.071967	-0.601380	0.455162	0.059752	-0.072806	-0.602208	0.000000	-0.205225	-0.068903	-0.117359	-0.390855	0.236445	0.005096	0.263961	0.084633	0.154892	-0.296187	0.204699	-0.006899	0.261305	-0.113314	0.230200	-0.390179	0.261248	0.113540	-0.229282	-0.392312
-0.385313	0.014595	0.126384	0.000000	0.614437	-0.000000	0.788966	0.000000	-0.624874	-0.083907	-0.429830	0.421847	-0.114976	0.000214	0.620844	0.085244	0.446635	0.418691	-0.113679	0.019447	0.460599	-0.061611	0.076420	-0.609764	0.460658	0.061831	-0.077235	-0.610633	0.000000	-0.401646	-0.137462	-0.242402	-0.104391	0.116364	0.005607	0.417475	0.141709	0.251687	-0.081394	0.108121	-0.007253	0.417140	-0.106226	0.228176	-0.655600	0.416920	0.106320	-0.226682	-0.657412
-0.385444	0.014596	0.127765	0.000000	0.611473	-0.000000	0.791263	0.000000	-0.633323	-0.086829	-0.434891	0.420117	-0.112727	0.000346	0.629550	0.088235	0.451842	0.417339	-0.111566	0.019282	0.471787	-0.063783	0.081094	-0.627604	0.471839	0.064005	-0.081873	-0.628505	0.000000	-0.427641	-0.148563	-0.255308	-0.082851	0.111900	0.007018	0.439893	0.151848	0.262229	-0.064770	0.105387	-0.008648	0.630970	-0.109413	0.233813	-1.007840	0.630603	0.109534	-0.232071	-1.009296
-0.385578	0.014598	0.129167	0.000000	0.608456	-0.000000	0.793584	0.000000	-0.641980	-0.089850	-0.440042	0.418533	-0.110500	0.000494	0.638439	0.091318	0.457124	0.416100	-0.109464	0.019101	0.485838	-0.065988	0.085773	-0.650077	0.485883	0.066212	-0.086518	-0.651005	0.000000	-0.443237	-0.155890	-0.262072	-0.071903	0.110337	0.008182	0.453670	0.158679	0.267856	-0.056325	0.104627	-0.009747	0.845762	-0.111819	0.234247	-1.355261	0.845280	0.112049	-0.232561	-1.356456
-0.385717	0.014600	0.130613	0.000000	0.605340	-0.000000	0.795964	0.000000	-0.651052	-0.093065	-0.445374	0.417241	-0.108314	0.000674	0.647697	0.094582	0.462556	0.415086	-0.107381	0.018892	0.505617	-0.068256	0.090464	-0.681815	0.505651	0.068487	-0.091176	-0.682763	0.000000	-0.268273	-0.098526	-0.169474	-0.336575	0.143565	-0.002691	0.252676	0.087539	0.160704	-0.363045	0.150993	0.004016	1.165858	-0.114184	0.230555	-1.860260	1.165197	0.114631	-0.229159	-1.861069
-0.385859	0.014601	0.132104	0.000000	0.602122	-0.000000	0.798401	0.000000	-0.652711	-0.093791	-0.446821	0.405070	-0.104757	0.000387	0.648547	0.094819	0.463552	0.401578	-0.103424	0.019262	0.532472	-0.070555	0.094995	-0.724487	0.532490	0.070798	-0.095684	-0.725448	0.000000	0.009765	-0.005152	-0.023810	-0.744529	0.194969	-0.020166	-0.062594	-0.026002	-0.005654	-0.831568	0.221300	0.025759	1.431195	-0.115325	0.224580	-2.270316	1.430382	0.115986	-0.223563	-2.270812
-0.386004	0.014603	0.133617	0.000000	0.598849	-0.000000	0.800862	0.000000	-0.650662	-0.093271	-0.446326	0.387460	-0.100515	-0.000133	0.645193	0.093542	0.462330	0.381824	-0.098529	0.019922	0.562865	-0.072869	0.099447	-0.772627	0.562866	0.073126	-0.100118	-0.773595	0.000000	0.257117	0.099243	0.142781	-1.165187	0.427184	-0.013078	-0.373368	-0.161649	-0.211775	-1.356827	0.498936	0.017041	1.769936	-0.120701	0.229536	-2.754201	1.769546	0.117140	-0.219548	-2.754551
-0.386155	0.014604	0.135199	0.000000	0.595419	-0.000000	0.803412	0.000000	-0.642426	-0.089821	-0.441110	0.358463	-0.087670	-0.000136	0.633612	0.088353	0.455081	0.347305	-0.083466	0.019944	0.603270	-0.075383	0.104177	-0.834656	0.603272	0.075483	-0.104466	-0.835630	0.000000	0.504103	0.197482	0.324117	-1.584192	0.706439	0.000123	-0.596276	-0.254488	-0.379309	-1.743627	0.770023	0.000519	2.056254	-0.127908	0.240344	-3.129743	2.056728	0.117451	-0.217304	-3.130160
-0.386308	0.014605	0.136805	0.000000	0.591931	-0.000000	0.805984	0.000000	-0.630498	-0.085372	-0.433362	0.324093	-0.072257	-0.000128	0.621342	0.083363	0.447157	0.312079	-0.067728	0.019943	0.645115	-0.077985	0.109061	-0.897817	0.645135	0.077824	-0.108810	-0.898802	0.000000	0.781055	0.272395	0.514026	-1.987195	0.898969	0.000985	-0.647959	-0.239604	-0.429909	-1.796777	0.820683	-0.001148	2.164307	-0.134543	0.251925	-3.214750	2.165949	0.116271	-0.217014	-3.215499
-0.386466	0.014606	0.138457	0.000000	0.588334	-0.000000	0.808614	0.000000	-0.611184	-0.078925	-0.420549	0.278975	-0.051711	-0.000097	0.607693	0.078769	0.437884	0.275434	-0.050639	0.019898	0.689842	-0.080765	0.114254	-0.963246	0.689910	0.080134	-0.113147	-0.964250	0.000000	0.463668	0.150594	0.313954	-1.525278	0.712998	0.001242	-0.268866	-0.088417	-0.191535	-1.235677	0.593997	-0.001758	2.222445	-0.136813	0.255677	-3.182793	2.225494	0.110543	-0.211517	-3.184004
-0.386628	0.014607	0.140158	0.000000	0.584625	-0.000000	0.811299	0.000000	-0.611951	-0.079348	-0.420803	0.263081	-0.043738	-0.000078	0.610587	0.079826	0.439496	0.262651	-0.043968	0.019872	0.734013	-0.083458	0.119288	-1.025129	0.734155	0.082246	-0.117271	-1.026162	0.000000	-0.289370	-0.107020	-0.176065	-0.429393	0.241508	0.000765	0.351460	0.123481	0.216625	-0.340872	0.203308	-0.001007	2.201599	-0.133582	0.249726	-3.049850	2.205594	0.103132	-0.203561	-3.051419
-0.386793	0.014608	0.141882	0.000000	0.580856	-0.000000	0.814006	0.000000	-0.622759	-0.083206	-0.427592	0.261799	-0.042051	-0.000066	0.621752	0.083708	0.446549	0.261799	-0.042507	0.019857	0.777906	-0.086108	0.124243	-1.085240	0.778134	0.084259	-0.121289	-1.086306	0.000000	-0.572774	-0.203666	-0.359820	-0.032049	0.069844	0.000756	0.581565	0.204305	0.366440	-0.021302	0.064215	-0.001014	2.078596	-0.118284	0.224581	-2.740216	2.082989	0.088305	-0.184430	-2.741927
-0.386965	0.014609	0.143679	0.000000	0.576916	-0.000000	0.816799	0.000000	-0.634862	-0.087495	-0.435196	0.261799	-0.040944	-0.000048	0.633850	0.087998	0.454153	0.261799	-0.041400	0.019832	0.817157	-0.088189	0.128271	-1.134737	0.817474	0.085778	-0.124648	-1.135839	0.000000	-0.607617	-0.216789	-0.381166	0.000000	0.055739	0.000924	0.607347	0.216841	0.381135	0.000000	0.055749	-0.001298	1.894483	-0.095636	0.187918	-2.355039	1.898582	0.070604	-0.159128	-2.356687
-0.387139	0.014610	0.145502	0.000000	0.572911	-0.000000	0.819612	0.000000	-0.647063	-0.091877	-0.442838	0.261799	-0.039821	-0.000029	0.646046	0.092382	0.461795	0.261799	-0.040277	0.019805	0.853685	-0.089934	0.131759	-1.179441	0.854077	0.087084	-0.127654	-1.180574	0.000000	-0.614975	-0.223839	-0.383962	0.000000	0.056930	0.000981	0.614713	0.223877	0.383941	0.000000	0.056943	-0.001376	1.690345	-0.070358	0.147418	-1.995522	1.693305	0.054574	-0.132663	-1.996917
-0.387317	0.014610	0.147375	0.000000	0.568788	-0.000000	0.822479	0.000000	-0.659461	-0.096448	-0.450555	0.261799	-0.038667	-0.000009	0.658438	0.096953	0.469511	0.261799	-0.039122	0.019777	0.884771	-0.091004	0.134168	-1.214558	0.885206	0.087961	-0.129955	-1.215716	0.000000	-0.624576	-0.233425	-0.387415	0.000000	0.058512	0.001059	0.624327	0.233446	0.387409	0.000000	0.058530	-0.001485	1.356261	-0.030070	0.081878	-1.462480	1.356915	0.031543	-0.090281	-1.463553
-0.387501	0.014610	0.149298	0.000000	0.564543	-0.000000	0.825398	0.000000	-0.672046	-0.101214	-0.458335	0.261799	-0.037481	0.000013	0.671019	0.101720	0.477291	0.261799	-0.037936	0.019746	0.907936	-0.091136	0.135034	-1.237940	0.908354	0.088345	-0.131266	-1.239116	0.000000	-0.631614	-0.240752	-0.389793	0.000000	0.059695	0.001120	0.631373	0.240761	0.389800	0.000000	0.059715	-0.001571	1.059255	0.005085	0.024066	-1.022404	1.057590	0.013026	-0.053170	-1.023254
-0.387687	0.014611	0.151247	0.000000	0.560231	-0.000000	0.828336	0.000000	-0.684725	-0.106078	-0.466146	0.261799	-0.036279	0.000036	0.683693	0.106584	0.485103	0.261799	-0.036733	0.019714	0.927141	-0.090800	0.135130	-1.255454	0.927510	0.088482	-0.132082	-1.256646	0.000000	-0.640590	-0.250769	-0.392486	0.000000	0.061239	0.001204	0.640365	0.250755	0.392509	0.000000	0.061262	-0.001691	0.562426	0.060026	-0.070296	-0.352672	0.557064	-0.013798	0.006236	-0.353602
-0.387881	0.014611	0.153274	-0.000000	0.555735	-0.000000	0.831354	0.000000	-0.697670	-0.111245	-0.474034	0.261799	-0.035031	0.000061	0.696633	0.111750	0.492992	0.261799	-0.035485	0.019678	0.930433	-0.088735	0.132223	-1.252047	0.930636	0.087793	-0.131016	-1.253260	0.000000	-0.650834	-0.261570	-0.395938	0.000000	0.062002	0.001399	0.650862	0.261181	0.396213	0.000000	0.062012	-0.001486	0.089531	0.123496	-0.178764	0.267956	0.079292	-0.036739	0.061493	0.266477
-0.388127	0.014611	0.155337	-0.000000	0.551144	-0.000000	0.834404	0.000000	-0.710759	-0.116541	-0.481984	0.261799	-0.033799	0.000092	0.709728	0.117031	0.500952	0.261799	-0.034253	0.019655	0.930722	-0.085860	0.127980	-1.244736	0.930682	0.087013	-0.129622	-1.245987	0.000000	-0.661650	-0.271240	-0.400576	0.000000	0.060839	0.001794	0.662397	0.269782	0.401577	0.000000	0.060802	-0.000596	-0.135675	0.184237	-0.278888	0.560722	-0.151777	-0.043605	0.086155	0.558019
-0.388479	0.014611	0.157473	-0.000000	0.546379	-0.000000	0.837532	0.000000	-0.724136	-0.122095	-0.490057	0.261799	-0.032597	0.000133	0.723129	0.122541	0.509055	0.261799	-0.033053	0.019655	0.925006	-0.081366	0.121067	-1.229618	0.924565	0.086049	-0.127570	-1.230939	0.000000	-0.678250	-0.285453	-0.408105	0.000000	0.058004	0.002522	0.680423	0.281941	0.410542	0.000000	0.057875	0.001215	-0.274009	0.270552	-0.414928	0.753948	-0.297388	-0.047028	0.101446	0.748363
-0.389033	0.014611	0.159695	-0.000000	0.541395	-0.000000	0.840761	0.000000	-0.737889	-0.127959	-0.498308	0.261799	-0.031479	0.000193	0.736945	0.128309	0.517373	0.261799	-0.031938	0.019703	0.919762	-0.075038	0.111383	-1.214578	0.918786	0.085132	-0.125564	-1.216052	0.000000	-0.692332	-0.297103	-0.414757	0.000000	0.054914	0.003221	0.695923	0.291576	0.418621	0.000000	0.054694	0.003041	-0.256296	0.339283	-0.518860	0.751013	-0.284731	-0.045296	0.099720	0.742340
-0.389686	0.014611	0.161960	-0.000000	0.536296	-0.000000	0.844030	0.000000	-0.751829	-0.133979	-0.506648	0.261799	-0.030401	0.000262	0.750966	0.134204	0.525800	0.261799	-0.030865	0.019776	0.914754	-0.067795	0.100313	-1.199578	0.913176	0.084237	-0.123581	-1.201246	0.000000	-0.709270	-0.312608	-0.422028	0.000000	0.051271	0.004113	0.714740	0.304573	0.427772	0.000000	0.050937	0.005402	-0.241539	0.418910	-0.648468	0.752994	-0.271304	-0.047983	0.104602	0.740722
-0.390629	0.014611	0.164341	-0.000000	0.530886	-0.000000	0.847435	0.000000	-0.766260	-0.140464	-0.515189	0.261799	-0.029428	0.000357	0.765534	0.140491	0.534484	0.261799	-0.029901	0.019919	0.910100	-0.058282	0.085444	-1.184458	0.907934	0.083212	-0.121380	-1.186423	0.000000	-0.724980	-0.328066	-0.428236	0.000000	0.047922	0.004979	0.732316	0.317637	0.435847	0.000000	0.047474	0.007716	-0.232567	0.490834	-0.772317	0.758302	-0.260183	-0.053957	0.114328	0.743327
-0.391663	0.014611	0.166756	-0.000000	0.525370	-0.000000	0.850866	0.000000	-0.780828	-0.147102	-0.523777	0.261799	-0.028484	0.000461	0.780259	0.146910	0.543233	0.261799	-0.028966	0.020085	0.905451	-0.048161	0.069420	-1.169246	0.902769	0.082079	-0.119008	-1.171513	0.000000	-0.735372	-0.339567	-0.431696	0.000001	0.045711	0.005600	0.744088	0.327471	0.440681	0.000001	0.045175	0.009403	-0.232190	0.536450	-0.858968	0.765312	-0.254434	-0.062090	0.127130	0.749937
-0.392880	0.014611	0.169240	-0.000000	0.519652	-0.000000	0.854370	0.000000	-0.795674	-0.154046	-0.532457	0.261799	-0.027599	0.000581	0.795298	0.153590	0.552111	0.261799	-0.028094	0.020295	0.900813	-0.036824	0.051085	-1.153846	0.897757	0.080729	-0.116295	-1.156426	0.000000	-0.748020	-0.354762	-0.435282	0.000001	0.042992	0.006402	0.758560	0.340553	0.446078	0.000001	0.042344	0.011616	-0.237289	0.589777	-0.969164	0.777066	-0.249158	-0.075859	0.149414	0.762662
-0.394270	0.014611	0.171785	-0.000000	0.513743	-0.000000	0.857935	0.000000	-0.810749	-0.161292	-0.541188	0.261799	-0.026764	0.000717	0.810601	0.160532	0.561077	0.261799	-0.027273	0.020549	0.895960	-0.024570	0.030653	-1.138163	0.892802	0.079045	-0.113031	-1.141006	0.000000	-0.756600	-0.366054	-0.437199	0.000000	0.041124	0.006984	0.768493	0.350342	0.449339	0.000000	0.040396	0.013248	-0.245313	0.624152	-1.047807	0.787696	-0.246990	-0.088379	0.170039	0.775141
-0.395748	0.014611	0.174360	0.000000	0.507731	-0.000000	0.861516	0.000000	-0.825938	-0.168688	-0.549945	0.261799	-0.025954	0.000861	0.826037	0.167604	0.570085	0.261799	-0.026478	0.020825	0.891000	-0.011858	0.009173	-1.122338	0.887877	0.077194	-0.109493	-1.125420	0.000000	-0.766322	-0.380833	-0.438297	0.000000	0.038953	0.007721	0.779970	0.363277	0.452176	0.000000	0.038121	0.015373	-0.264296	0.658058	-1.144294	0.806195	-0.247802	-0.108982	0.205883	0.797191
-0.397474	0.014611	0.177014	0.000000	0.501450	-0.000000	0.865177	0.000000	-0.841402	-0.176525	-0.558720	0.261799	-0.025206	0.001026	0.841800	0.175063	0.579164	0.261799	-0.025748	0.021164	0.885388	0.001752	-0.015118	-1.105915	0.882890	0.074685	-0.104796	-1.109119	0.000000	-0.774916	-0.395392	-0.438444	0.000000	0.036979	0.008432	0.790289	0.376095	0.454035	0.000000	0.036043	0.017466	-0.288604	0.683668	-1.234842	0.827917	-0.251114	-0.132021	0.247482	0.822654
-0.399276	0.014611	0.179690	-0.000000	0.495074	-0.000000	0.868840	0.000000	-0.856935	-0.184504	-0.567483	0.261799	-0.024475	0.001198	0.857649	0.182648	0.588246	0.261799	-0.025036	0.021524	0.879456	0.015489	-0.040221	-1.089221	0.877833	0.071913	-0.099594	-1.092514	0.000000	-0.780119	-0.406030	-0.437519	0.000000	0.035705	0.008934	0.796744	0.385542	0.454351	0.000000	0.034689	0.019003	-0.312600	0.693162	-1.295681	0.848222	-0.256442	-0.151852	0.285374	0.845385
-0.401235	0.014611	0.182410	-0.000000	0.488527	-0.000000	0.872538	0.000000	-0.872607	-0.192767	-0.576221	0.261799	-0.023778	0.001383	0.873670	0.190485	0.597338	0.261799	-0.024360	0.021924	0.872884	0.029479	-0.066946	-1.071986	0.872633	0.068611	-0.093381	-1.075303	0.000000	-0.786024	-0.419917	-0.435436	0.000000	0.034164	0.009576	0.804275	0.397937	0.453877	0.000000	0.033044	0.021024	-0.348866	0.696484	-1.369385	0.879461	-0.266272	-0.180171	0.342287	0.878727
-0.403340	0.014611	0.185166	-0.000000	0.481818	-0.000000	0.876260	0.000000	-0.888376	-0.201301	-0.584900	0.261799	-0.023109	0.001581	0.889820	0.198565	0.606402	0.261799	-0.023714	0.022365	0.865501	0.043348	-0.094996	-1.054043	0.867182	0.064706	-0.085902	-1.057365	0.000000	-0.789686	-0.430110	-0.433236	0.000000	0.033128	0.010038	0.809126	0.407086	0.452858	0.000000	0.031931	0.022519	-0.379270	0.691979	-1.419112	0.906032	-0.275694	-0.202822	0.389768	0.906011
-0.405518	0.014611	0.187940	-0.000000	0.475019	-0.000000	0.879976	0.000000	-0.904194	-0.209971	-0.593550	0.261799	-0.022453	0.001785	0.906035	0.206768	0.615452	0.261799	-0.023083	0.022825	0.857713	0.057158	-0.123710	-1.035745	0.861605	0.060499	-0.077790	-1.039063	0.000000	-0.793105	-0.443164	-0.429125	0.000000	0.031960	0.010610	0.814053	0.418887	0.450249	0.000000	0.030672	0.024474	-0.423941	0.671352	-1.472093	0.947744	-0.292751	-0.235135	0.463407	0.946712
-0.407902	0.014611	0.190755	-0.000000	0.467998	-0.000000	0.883718	0.000000	-0.920100	-0.219027	-0.602065	0.261799	-0.021830	0.002005	0.922382	0.215321	0.624411	0.261799	-0.022487	0.023344	0.848544	0.070202	-0.153880	-1.016133	0.855472	0.055301	-0.067366	-1.019496	0.000000	-0.795591	-0.455837	-0.424266	0.000000	0.030927	0.011155	0.817990	0.430399	0.446844	0.000000	0.029548	0.026402	-0.470400	0.641042	-1.515396	0.993434	-0.313035	-0.268550	0.544212	0.990352
-0.410350	0.014611	0.193581	-0.000000	0.460899	-0.000000	0.887440	0.000000	-0.936018	-0.228204	-0.610521	0.261799	-0.021216	0.002231	0.938754	0.223984	0.633326	0.261799	-0.021901	0.023881	0.838897	0.082800	-0.184326	-0.996008	0.849084	0.049757	-0.056022	-0.999449	0.000000	-0.796463	-0.464894	-0.419836	0.000000	0.030295	0.011531	0.819881	0.438686	0.443445	0.000000	0.028842	0.027817	-0.506166	0.607498	-1.536114	1.031964	-0.332138	-0.294512	0.613199	1.026472
-0.412926	0.014611	0.196426	-0.000000	0.453659	-0.000000	0.891163	0.000000	-0.951959	-0.237623	-0.618859	0.261799	-0.020618	0.002467	0.955177	0.232868	0.642149	0.261799	-0.021334	0.024457	0.828297	0.094502	-0.215324	-0.974855	0.842186	0.043520	-0.042838	-0.978438	0.000000	-0.796808	-0.476520	-0.413302	0.000000	0.029559	0.012002	0.821523	0.449370	0.438231	0.000000	0.028009	0.029679	-0.552619	0.553938	-1.551751	1.086405	-0.361666	-0.329109	0.713223	1.077950
-0.415622	0.014611	0.199282	-0.000000	0.446293	-0.000000	0.894874	0.000000	-0.967890	-0.247265	-0.627053	0.261799	-0.020033	0.002711	0.971615	0.241959	0.650855	0.261799	-0.020781	0.025068	0.816792	0.104957	-0.246396	-0.952552	0.834617	0.036592	-0.027493	-0.956331	0.000000	-0.796452	-0.484903	-0.407927	0.000000	0.029087	0.012332	0.822097	0.457110	0.433809	0.000000	0.027464	0.031056	-0.586529	0.507141	-1.554489	1.129533	-0.386856	-0.355043	0.794271	1.119041
-0.418376	0.014611	0.202144	-0.000000	0.438852	-0.000000	0.898560	0.000000	-0.983817	-0.257019	-0.635176	0.261799	-0.019455	0.002960	0.988061	0.251153	0.659502	0.261799	-0.020235	0.025699	0.804836	0.114788	-0.277504	-0.929673	0.826712	0.029318	-0.011067	-0.933676	0.000000	-0.794879	-0.495352	-0.399946	0.000000	0.028608	0.012729	0.821656	0.466823	0.427017	0.000000	0.026887	0.032854	-0.627396	0.433487	-1.538350	1.190916	-0.427666	-0.387911	0.915307	1.179716
-0.421295	0.014611	0.205011	-0.000000	0.431243	-0.000000	0.902223	0.000000	-0.999685	-0.267079	-0.643051	0.261799	-0.018889	0.003220	1.004482	0.260632	0.667936	0.261799	-0.019705	0.026383	0.791697	0.122297	-0.307930	-0.904915	0.817510	0.021076	0.009119	-0.909142	0.000000	-0.792608	-0.505297	-0.391458	0.000000	0.028223	0.013094	0.820442	0.476109	0.419663	0.000000	0.026406	0.034624	-0.664929	0.353120	-1.508598	1.254962	-0.473700	-0.418862	1.045246	1.244700
-0.424264	0.014611	0.207876	-0.000000	0.423578	-0.000000	0.905860	0.000000	-1.015521	-0.277231	-0.650834	0.261799	-0.018326	0.003484	1.020879	0.270197	0.676288	0.261799	-0.019179	0.027084	0.778239	0.128913	-0.337848	-0.879475	0.807764	0.012564	0.030743	-0.883888	0.000000	-0.790162	-0.512172	-0.384565	0.000000	0.028032	0.013333	0.818709	0.482577	0.413562	0.000000	0.026152	0.035921	-0.688840	0.286187	-1.470511	1.306085	-0.514561	-0.439047	1.153016	1.298732
-0.427334	0.014611	0.210735	-0.000000	0.415805	-0.000000	0.909454	0.000000	-1.031292	-0.287566	-0.658433	0.261799	-0.017768	0.003753	1.037230	0.279935	0.684478	0.261799	-0.018659	0.027819	0.764143	0.133744	-0.366750	-0.852672	0.796928	0.003514	0.055240	-0.857193	0.000000	-0.787666	-0.521699	-0.375611	0.000000	0.028667	0.013590	0.817093	0.491624	0.405644	0.000000	0.026687	0.037730	-0.711279	0.195761	-1.405282	1.366799	-0.568777	-0.462556	1.305979	1.364960
-0.430523	0.014611	0.213550	-0.000000	0.407942	-0.000000	0.913008	0.000000	-1.047028	-0.298099	-0.665859	0.261799	-0.017179	0.004027	1.053563	0.289862	0.692514	0.261799	-0.018111	0.028593	0.749787	0.136743	-0.394059	-0.824803	0.785013	-0.005938	0.082982	-0.829289	0.000000	-0.786352	-0.529108	-0.369065	0.000000	0.029810	0.013737	0.816399	0.498717	0.399856	0.000000	0.027743	0.039144	-0.721014	0.127051	-1.345508	1.406729	-0.609237	-0.477627	1.427638	1.410250
-0.433770	0.014611	0.216343	-0.000000	0.400019	-0.000000	0.916507	0.000000	-1.062746	-0.308731	-0.673196	0.261799	-0.016575	0.004303	1.069886	0.299883	0.700472	0.261799	-0.017549	0.029385	0.735302	0.138826	-0.420571	-0.796402	0.772558	-0.015591	0.112345	-0.800783	0.000000	-0.779960	-0.535556	-0.358027	0.000000	0.029200	0.013968	0.810674	0.504882	0.389673	0.000000	0.027046	0.040678	-0.748760	0.021022	-1.244426	1.504114	-0.692949	-0.482798	1.604924	1.514758
-0.437101	0.014611	0.219148	-0.000000	0.391996	-0.000000	0.919967	0.000000	-1.078226	-0.319521	-0.680180	0.261799	-0.016011	0.004586	1.085990	0.310057	0.708101	0.261799	-0.017029	0.030220	0.719837	0.137584	-0.443836	-0.764638	0.757295	-0.025250	0.147179	-0.768699	0.000000	-0.803477	-0.564934	-0.362074	0.064592	-0.002982	0.013863	0.836545	0.535820	0.395733	0.068580	-0.007114	0.042487	-0.779587	-0.090175	-1.129099	1.617616	-0.787255	-0.477796	1.791562	1.633689
-0.440467	0.014611	0.221938	-0.000000	0.383927	-0.000000	0.923364	0.000000	-1.094885	-0.331328	-0.687679	0.264383	-0.016695	0.004857	1.103348	0.321316	0.716302	0.264543	-0.017834	0.031085	0.704119	0.135219	-0.465735	-0.731698	0.741068	-0.034703	0.184008	-0.735435	0.000000	-0.891837	-0.641106	-0.400764	0.258360	-0.096552	0.012996	0.930601	0.617211	0.438662	0.274311	-0.106448	0.044723	-0.798526	-0.174392	-1.026536	1.705821	-0.859468	-0.462330	1.941201	1.722173
-0.443906	0.014611	0.224699	-0.000000	0.375795	-0.000000	0.926703	0.000000	-1.113900	-0.345165	-0.696210	0.272134	-0.019873	0.005106	1.123214	0.334746	0.725647	0.272772	-0.021287	0.032009	0.687896	0.130608	-0.484898	-0.696406	0.722916	-0.043743	0.224827	-0.699812	0.000000	-1.106218	-0.824866	-0.471894	0.739096	-0.297693	0.013211	1.143783	0.811306	0.511830	0.764323	-0.311391	0.045839	-0.830613	-0.290847	-0.876042	1.844542	-0.963625	-0.425069	2.148123	1.855400
-0.447409	0.014611	0.227422	-0.000000	0.367614	-0.000000	0.929979	0.000000	-1.139134	-0.364323	-0.706555	0.293947	-0.028602	0.005386	1.149099	0.353769	0.736775	0.295116	-0.030290	0.032918	0.670894	0.123585	-0.500776	-0.657916	0.702523	-0.051706	0.269933	-0.661219	0.000000	-1.339421	-1.024333	-0.539899	1.266428	-0.505834	0.014398	1.369494	1.021056	0.578648	1.293606	-0.519471	0.045276	-0.859804	-0.381310	-0.752863	1.964416	-1.047646	-0.384643	2.308865	1.966755
-0.450944	0.014611	0.230127	0.000000	0.359394	-0.000000	0.933186	0.000000	-1.167477	-0.386139	-0.717806	0.322791	-0.040107	0.005682	1.177993	0.375588	0.748793	0.324516	-0.042066	0.033820	0.653504	0.115356	-0.515012	-0.617829	0.681010	-0.059129	0.317181	-0.621142	0.000000	-1.543957	-1.221048	-0.588091	1.762605	-0.708697	0.015287	1.556420	1.216815	0.623448	1.766129	-0.712008	0.045552	-0.916061	-0.507634	-0.568865	2.163980	-1.183504	-0.287724	2.530664	2.174799
-0.454560	0.014611	0.232762	-0.000000	0.351136	-0.000000	0.936324	0.000000	-1.200892	-0.413164	-0.730078	0.364451	-0.056950	0.005997	1.211356	0.402441	0.761713	0.365761	-0.058770	0.034740	0.634252	0.103280	-0.523531	-0.571357	0.655183	-0.063215	0.371159	-0.574227	0.000000	-1.585093	-1.285374	-0.577480	1.902912	-0.766707	0.015354	1.589465	1.279527	0.611947	1.894523	-0.765034	0.046768	-0.941162	-0.635140	-0.258075	2.325630	-1.299515	-0.187618	2.781206	2.344927
-0.458199	0.014611	0.235371	-0.000000	0.342854	-0.000000	0.939389	0.000000	-1.230880	-0.437554	-0.740905	0.398907	-0.070775	0.006296	1.241572	0.426769	0.773271	0.400297	-0.072668	0.035691	0.615857	0.089950	-0.525335	-0.524804	0.629030	-0.066634	0.428430	-0.527345	0.000000	-1.328042	-1.087653	-0.469065	1.362612	-0.540282	0.014072	1.353496	1.090118	0.509845	1.391403	-0.554573	0.049028	-0.876869	-0.729145	0.245510	2.331726	-1.323976	-0.137620	3.028151	2.342500
-0.461884	0.014611	0.237926	0.000000	0.334552	-0.000000	0.942378	0.000000	-1.254014	-0.456671	-0.748841	0.418956	-0.078562	0.006560	1.265496	0.446046	0.782107	0.421417	-0.080953	0.036701	0.599177	0.074114	-0.513711	-0.478088	0.602224	-0.068720	0.492285	-0.480527	0.000000	-1.223493	-1.026016	-0.407401	1.175883	-0.461085	0.013476	1.252958	1.030282	0.450446	1.212489	-0.478846	0.050798	-0.748652	-0.798580	0.985504	2.220428	-1.314425	-0.062155	3.294194	2.270046
-0.465604	0.014611	0.240418	-0.000000	0.326242	-0.000000	0.945286	0.000000	-1.279820	-0.478594	-0.757201	0.445943	-0.089218	0.006835	1.291690	0.467980	0.791289	0.448797	-0.091821	0.037723	0.585911	0.058007	-0.485915	-0.435987	0.576453	-0.069120	0.560197	-0.436543	0.000000	-1.323745	-1.131303	-0.423324	1.436117	-0.568725	0.013864	1.338139	1.129958	0.463462	1.447262	-0.575727	0.051195	-0.620626	-0.808739	1.591935	2.047418	-1.275663	0.001046	3.446367	2.163824
-0.469342	0.014611	0.242880	-0.000000	0.317917	-0.000000	0.948119	0.000000	-1.306963	-0.501923	-0.765774	0.476400	-0.101311	0.007115	1.319021	0.491244	0.800645	0.479307	-0.103982	0.038749	0.574352	0.041764	-0.450033	-0.396191	0.551197	-0.068678	0.630140	-0.393974	0.000000	-1.110467	-0.990123	-0.314328	1.023468	-0.380057	0.013996	1.123738	0.974464	0.353472	1.017791	-0.380206	0.051826	-0.501601	-0.734983	2.018144	1.799572	-1.147169	0.088112	3.366786	1.945890
-0.473121	0.014611	0.245236	-0.000000	0.309616	-0.000000	0.950862	0.000000	-1.324239	-0.518199	-0.769774	0.486881	-0.104421	0.007395	1.336640	0.506959	0.805428	0.489508	-0.107030	0.039796	0.565847	0.028608	-0.405189	-0.364004	0.530566	-0.065596	0.694869	-0.358707	0.000000	-0.888604	-0.831982	-0.207773	0.578313	-0.180079	0.013832	0.905123	0.806298	0.247294	0.566192	-0.177781	0.052734	-0.397241	-0.614003	2.186469	1.527958	-0.968435	0.152355	3.093596	1.656835
-0.476908	0.014611	0.247553	-0.000000	0.301314	-0.000000	0.953525	0.000000	-1.342508	-0.535202	-0.774085	0.499533	-0.108514	0.007668	1.355226	0.523496	0.810537	0.501955	-0.111093	0.040859	0.558463	0.017204	-0.362574	-0.335073	0.512460	-0.062584	0.753884	-0.327701	0.000000	-0.963083	-0.886387	-0.231005	0.741042	-0.253801	0.013329	0.977641	0.867958	0.271752	0.734599	-0.253963	0.053959	-0.313209	-0.482492	2.019192	1.283646	-0.778963	0.147076	2.664910	1.337242
-0.480713	0.014611	0.249791	-0.000000	0.293034	-0.000000	0.956102	0.000000	-1.362762	-0.553655	-0.779015	0.516523	-0.114573	0.007928	1.375746	0.541677	0.816298	0.518892	-0.117188	0.041954	0.553319	0.009308	-0.324422	-0.312658	0.499407	-0.059713	0.801465	-0.305218	0.000000	-0.993806	-0.909951	-0.232692	0.817847	-0.288174	0.012549	1.006436	0.896142	0.274606	0.814417	-0.290153	0.053991	-0.234179	-0.298151	1.540554	1.007704	-0.508997	0.131852	1.896422	0.901960
-0.484527	0.014611	0.251942	-0.000000	0.284790	-0.000000	0.958590	0.000000	-1.382260	-0.571600	-0.783393	0.532247	-0.120041	0.008170	1.395484	0.559342	0.821521	0.534532	-0.122699	0.043018	0.549095	0.005278	-0.300952	-0.294765	0.492100	-0.057310	0.829741	-0.291622	0.000000	-0.965443	-0.890918	-0.212002	0.770341	-0.266019	0.011883	0.977138	0.876778	0.254433	0.765751	-0.268262	0.052816	-0.199674	-0.153166	0.989931	0.838142	-0.293546	0.114300	1.172456	0.568672
-0.488345	0.014611	0.254050	-0.000000	0.276554	-0.000000	0.960998	0.000000	-1.401380	-0.589292	-0.787495	0.547337	-0.125213	0.008403	1.414831	0.576748	0.826475	0.549522	-0.127919	0.044067	0.545332	0.003182	-0.284824	-0.279132	0.487666	-0.055141	0.848363	-0.282471	0.000000	-0.930825	-0.866301	-0.187363	0.709891	-0.237425	0.012078	0.941393	0.851892	0.230742	0.703672	-0.238091	0.057194	0.106582	0.037090	0.326321	0.230676	-0.138375	0.069801	0.292949	0.348193
-0.492162	0.014611	0.256019	-0.000000	0.268394	-0.000000	0.963297	0.000000	-1.419493	-0.606252	-0.790887	0.560642	-0.129538	0.008653	1.433139	0.593417	0.830751	0.562679	-0.132223	0.045306	0.553359	0.006762	-0.287899	-0.285538	0.486565	-0.054518	0.841459	-0.277695	0.000000	-0.894690	-0.838733	-0.163722	0.645348	-0.207966	0.012247	0.904331	0.824159	0.208041	0.637874	-0.207217	0.061491	0.403211	0.188536	-0.199831	-0.332433	-0.030065	-0.012774	-0.451630	0.160939
-0.495968	0.014611	0.257959	-0.000000	0.260254	-0.000000	0.965528	0.000000	-1.437167	-0.622841	-0.794044	0.573151	-0.133532	0.008893	1.451004	0.609715	0.834797	0.575037	-0.136207	0.046526	0.561460	0.010723	-0.292818	-0.292430	0.486463	-0.055652	0.830298	-0.276033	0.000000	-0.861791	-0.810850	-0.146027	0.585556	-0.183216	0.011503	0.871080	0.796261	0.190839	0.578046	-0.183217	0.060072	0.408834	0.217088	-0.338072	-0.368920	0.044802	-0.144555	-0.770815	-0.072678
-0.499751	0.014611	0.259844	-0.000000	0.252168	-0.000000	0.967672	0.000000	-1.453964	-0.638686	-0.796728	0.584065	-0.136866	0.009113	1.467983	0.625268	0.838384	0.585800	-0.139552	0.047709	0.569712	0.015445	-0.301422	-0.300294	0.488357	-0.060300	0.810626	-0.280602	0.000000	-0.832549	-0.786971	-0.125916	0.534283	-0.159202	0.010652	0.840813	0.772747	0.171591	0.526428	-0.159666	0.059713	0.459413	0.258789	-0.511564	-0.476296	0.151538	-0.300065	-1.168023	-0.388504
-0.503540	0.014611	0.261606	-0.000000	0.244142	-0.000000	0.969728	0.000000	-1.470469	-0.654320	-0.799080	0.594522	-0.139900	0.009319	1.484637	0.640625	0.841660	0.596094	-0.142594	0.048915	0.579837	0.021075	-0.313280	-0.311481	0.492524	-0.067654	0.783577	-0.291574	0.000000	-0.821584	-0.779034	-0.113446	0.517172	-0.147932	0.010119	0.828671	0.765379	0.159924	0.508839	-0.148341	0.060593	0.529662	0.292791	-0.633567	-0.600880	0.236778	-0.401551	-1.444660	-0.628632
-0.507333	0.014611	0.263306	-0.000000	0.236142	-0.000000	0.971719	0.000000	-1.486828	-0.669847	-0.801266	0.604751	-0.142784	0.009518	1.501130	0.655883	0.844781	0.606154	-0.145485	0.050133	0.590898	0.027157	-0.326765	-0.324330	0.497828	-0.076362	0.752840	-0.305747	0.000000	-0.798595	-0.758785	-0.096698	0.477625	-0.128739	0.009410	0.804445	0.745793	0.144140	0.468946	-0.129190	0.061535	0.519608	0.300505	-0.775313	-0.559666	0.326936	-0.463358	-1.770704	-0.868416
-0.511099	0.014611	0.264880	-0.000000	0.228250	-0.000000	0.973591	0.000000	-1.502413	-0.684671	-0.802948	0.613627	-0.145050	0.009696	1.516815	0.670456	0.847426	0.614852	-0.147762	0.051376	0.600621	0.033095	-0.344293	-0.333868	0.505602	-0.086188	0.712749	-0.326310	0.000000	-0.773579	-0.735663	-0.080428	0.434224	-0.109029	0.008685	0.778231	0.723331	0.128795	0.425266	-0.109554	0.062380	0.458826	0.287335	-0.902048	-0.416271	0.403565	-0.482590	-2.067478	-1.065202
-0.514854	0.014611	0.266414	-0.000000	0.220392	-0.000000	0.975401	0.000000	-1.517771	-0.699274	-0.804483	0.622120	-0.147145	0.009865	1.532259	0.684816	0.849933	0.623165	-0.149867	0.052628	0.609251	0.038650	-0.362847	-0.340980	0.513971	-0.095665	0.670141	-0.348355	0.000000	-0.756541	-0.719103	-0.069381	0.405565	-0.096214	0.008101	0.760168	0.707348	0.118452	0.396335	-0.096775	0.062968	0.376898	0.258692	-0.979038	-0.234326	0.448225	-0.456359	-2.256337	-1.176354
-0.518585	0.014611	0.267869	-0.000000	0.212614	-0.000000	0.977126	0.000000	-1.532675	-0.713435	-0.805723	0.629850	-0.148898	0.010020	1.547221	0.698750	0.852164	0.630706	-0.151633	0.053895	0.615697	0.043442	-0.383454	-0.343241	0.523531	-0.104443	0.622496	-0.373364	0.000000	-0.735003	-0.697523	-0.055519	0.370131	-0.080548	0.007293	0.737149	0.686593	0.105542	0.360471	-0.081125	0.063711	0.254062	0.222923	-1.061657	0.044972	0.497487	-0.400404	-2.475431	-1.306251
-0.522287	0.014611	0.269247	-0.000000	0.204924	-0.000000	0.978768	0.000000	-1.547171	-0.727175	-0.806704	0.636926	-0.150367	0.010157	1.561745	0.712280	0.854155	0.637583	-0.153112	0.055176	0.619414	0.047567	-0.405313	-0.339182	0.533870	-0.111682	0.571123	-0.400605	0.000000	-0.719738	-0.681716	-0.045772	0.345641	-0.069862	0.006664	0.720686	0.671448	0.096516	0.335602	-0.070429	0.064238	0.151737	0.197913	-1.108604	0.281979	0.526720	-0.342705	-2.615237	-1.389956
-0.525975	0.014611	0.270587	-0.000000	0.197273	-0.000000	0.980349	0.000000	-1.561464	-0.740704	-0.807554	0.643675	-0.151693	0.010286	1.576049	0.725608	0.856025	0.644130	-0.154450	0.056465	0.621767	0.051359	-0.427798	-0.331962	0.544600	-0.118151	0.517886	-0.428963	0.000000	-0.700736	-0.661148	-0.033885	0.316450	-0.057411	0.005781	0.699955	0.651880	0.085616	0.305879	-0.057955	0.064872	0.114535	0.159246	-1.154834	0.364192	0.451274	-0.202602	-2.746325	-1.258181
-0.529612	0.014611	0.271819	-0.000000	0.189771	-0.000000	0.981818	0.000000	-1.575201	-0.753621	-0.808059	0.649584	-0.152663	0.010388	1.589743	0.738355	0.857579	0.649819	-0.155431	0.057771	0.623995	0.053937	-0.451507	-0.324614	0.551921	-0.119786	0.461270	-0.450933	0.000000	-0.682557	-0.640897	-0.022691	0.289434	-0.046089	0.004869	0.679940	0.632694	0.075430	0.278285	-0.046593	0.065462	0.094175	0.115523	-1.186734	0.405252	0.396678	-0.083025	-2.840786	-1.186050
-0.533228	0.014611	0.273016	-0.000000	0.182318	-0.000000	0.983230	0.000000	-1.588766	-0.766340	-0.808462	0.655253	-0.153536	0.010481	1.603246	0.750916	0.859042	0.655261	-0.156313	0.059083	0.625534	0.055980	-0.475268	-0.315752	0.560467	-0.121472	0.404255	-0.476405	0.000000	-0.669748	-0.626026	-0.015020	0.271471	-0.038788	0.004152	0.665629	0.618683	0.068536	0.259800	-0.039226	0.065853	0.042379	0.075343	-1.190671	0.518800	0.488451	-0.086906	-2.870683	-1.448670
-0.536804	0.014611	0.274144	-0.000000	0.174973	-0.000000	0.984564	0.000000	-1.601990	-0.778662	-0.808660	0.660443	-0.154215	0.010554	1.616368	0.763103	0.860321	0.660211	-0.157000	0.060405	0.625691	0.056951	-0.499133	-0.303862	0.571459	-0.123262	0.346443	-0.508879	0.000000	-0.640988	-0.594909	-0.004046	0.219303	-0.017006	0.003094	0.646922	0.600158	0.059935	0.236568	-0.030176	0.066330	-0.015911	0.024901	-1.181297	0.646216	0.561319	-0.070028	-2.876593	-1.654422
-0.540334	0.014611	0.275208	-0.000000	0.167743	-0.000000	0.985822	0.000000	-1.614406	-0.790136	-0.808624	0.664025	-0.154216	0.010605	1.629123	0.774922	0.861439	0.664724	-0.157520	0.061736	0.624897	0.056976	-0.522520	-0.289903	0.582920	-0.124273	0.289191	-0.542581	0.000000	-0.610659	-0.563103	0.004746	0.159022	0.008367	0.002225	0.633168	0.586382	0.053929	0.220208	-0.023967	0.066655	-0.051548	-0.010580	-1.163296	0.723788	0.578849	-0.040829	-2.855563	-1.700430
-0.543842	0.014611	0.276240	-0.000000	0.160569	-0.000000	0.987025	0.000000	-1.626417	-0.801186	-0.808470	0.666803	-0.153880	0.010643	1.641695	0.786558	0.862478	0.669019	-0.157958	0.063071	0.623629	0.056528	-0.545665	-0.274910	0.594613	-0.124895	0.232220	-0.576896	0.000000	-0.574276	-0.524795	0.014690	0.090206	0.037041	0.001058	0.589746	0.541601	0.043756	0.134677	0.011685	0.067224	-0.079428	-0.046602	-1.118554	0.781855	0.559926	-0.037067	-2.764279	-1.732135
-0.547273	0.014611	0.277179	-0.000000	0.153584	-0.000000	0.988127	0.000000	-1.637377	-0.811128	-0.808036	0.667633	-0.152735	0.010647	1.652713	0.796586	0.863190	0.670111	-0.157053	0.064425	0.621720	0.055112	-0.567262	-0.258629	0.605317	-0.125756	0.178620	-0.611867	0.000000	-0.552481	-0.500320	0.022383	0.058085	0.049652	-0.000064	0.547212	0.497827	0.034393	0.052355	0.045828	0.067736	-0.094022	-0.073564	-1.060385	0.808400	0.531493	-0.054768	-2.637734	-1.740871
-0.550675	0.014611	0.278090	-0.000000	0.146665	-0.000000	0.989178	0.000000	-1.648516	-0.821199	-0.807575	0.669127	-0.151894	0.010641	1.663583	0.806471	0.863854	0.671113	-0.156125	0.065781	0.619868	0.053585	-0.588081	-0.242574	0.615873	-0.127086	0.126711	-0.646531	0.000000	-0.565904	-0.509995	0.024426	0.107890	0.026839	-0.000800	0.536117	0.487059	0.030807	0.045618	0.047509	0.067888	-0.089794	-0.081864	-1.002076	0.791398	0.520486	-0.089963	-2.510864	-1.717943
-0.554020	0.014611	0.278944	-0.000000	0.139880	-0.000000	0.990161	0.000000	-1.660013	-0.831528	-0.807059	0.671949	-0.151661	0.010615	1.674158	0.816069	0.864422	0.671936	-0.155153	0.067141	0.618128	0.051837	-0.607345	-0.226973	0.626136	-0.129354	0.078185	-0.680585	0.000000	-0.449356	-0.372170	0.027376	-0.167528	0.117852	-0.006247	0.532353	0.484481	0.027704	0.066288	0.036665	0.068000	-0.072236	-0.081639	-0.911900	0.738130	0.502118	-0.156820	-2.317896	-1.655695
-0.557303	0.014611	0.279745	-0.000000	0.133241	-0.000000	0.991076	0.000000	-1.666490	-0.836086	-0.806480	0.662426	-0.147180	0.010391	1.684877	0.825850	0.864962	0.673765	-0.154659	0.068501	0.616978	0.050320	-0.624557	-0.213049	0.635958	-0.133359	0.033995	-0.712759	0.000000	-0.261110	-0.155757	0.029759	-0.630465	0.277187	-0.013684	0.537801	0.491388	0.026639	0.104040	0.018720	0.068015	-0.050130	-0.073003	-0.834957	0.675240	0.485583	-0.221914	-2.155349	-1.585281
-0.560555	0.014611	0.280519	-0.000000	0.126672	-0.000000	0.991945	0.000000	-1.670458	-0.837758	-0.805869	0.646730	-0.140574	0.010068	1.695670	0.835724	0.865488	0.676097	-0.154404	0.069861	0.616123	0.048917	-0.640743	-0.199963	0.645559	-0.138231	-0.008029	-0.743996	0.000000	-0.158131	-0.041811	0.027399	-0.865370	0.363274	-0.017262	0.367641	0.277357	0.025240	-0.327897	0.165598	0.075528	-0.007555	-0.048037	-0.714189	0.556551	0.457473	-0.333846	-1.907266	-1.448327
-0.563704	0.014611	0.281218	-0.000000	0.120335	-0.000000	0.992727	0.000000	-1.672816	-0.837758	-0.805384	0.627811	-0.132649	0.009700	1.699583	0.836944	0.865971	0.660649	-0.148035	0.071522	0.616676	0.048398	-0.653124	-0.190787	0.654257	-0.146712	-0.042295	-0.770692	0.000000	-0.117302	0.000000	0.023474	-0.940378	0.395788	-0.018185	0.185773	0.050849	0.025325	-0.790006	0.325864	0.083061	0.040838	-0.017430	-0.581081	0.422470	0.419709	-0.459648	-1.637172	-1.277092
-0.566817	0.014611	0.281894	-0.000000	0.114079	-0.000000	0.993466	0.000000	-1.675150	-0.837758	-0.804930	0.609115	-0.124742	0.009340	1.703101	0.837758	0.866500	0.644497	-0.141369	0.073184	0.617757	0.048220	-0.663986	-0.183065	0.662348	-0.156617	-0.073516	-0.795079	0.000000	-0.115511	0.000000	0.021163	-0.923616	0.394401	-0.017656	0.156108	0.020340	0.028720	-0.842731	0.348075	0.083139	0.080395	0.008130	-0.467134	0.313414	0.374217	-0.566351	-1.408624	-1.103862
-0.569856	0.014611	0.282524	-0.000000	0.107986	-0.000000	0.994146	0.000000	-1.677436	-0.837758	-0.804537	0.590866	-0.116873	0.008994	1.705827	0.837758	0.867120	0.626939	-0.134112	0.074848	0.619892	0.048723	-0.671810	-0.178251	0.669225	-0.169366	-0.098640	-0.814847	0.000000	-0.113714	0.000000	0.018677	-0.899279	0.391173	-0.017027	0.133306	0.000000	0.032778	-0.867632	0.361654	0.082245	0.131951	0.037997	-0.301029	0.173446	0.310837	-0.714537	-1.075167	-0.873950
-0.572815	0.014611	0.283113	-0.000000	0.102067	-0.000000	0.994772	0.000000	-1.679698	-0.837758	-0.804183	0.573144	-0.109095	0.008659	1.708433	0.837758	0.867812	0.609792	-0.126903	0.076474	0.623035	0.049740	-0.676027	-0.176127	0.674781	-0.185198	-0.116522	-0.830037	0.000000	-0.112802	0.000000	0.017262	-0.879538	0.387718	-0.016613	0.128758	0.000000	0.035466	-0.852260	0.359809	0.080826	0.169724	0.057235	-0.165829	0.072559	0.261264	-0.830105	-0.803548	-0.702332
-0.575735	0.014611	0.283680	-0.000000	0.096234	-0.000000	0.995359	0.000000	-1.681948	-0.837758	-0.803847	0.555685	-0.101364	0.008330	1.710978	0.837758	0.868539	0.592849	-0.119719	0.078081	0.626681	0.051013	-0.678443	-0.175348	0.679676	-0.202571	-0.130782	-0.842940	0.000000	-0.112337	0.000000	0.016160	-0.850366	0.381030	-0.016239	0.123051	0.000000	0.038499	-0.829554	0.355677	0.078921	0.189668	0.059696	-0.042309	0.018387	0.217950	-0.920648	-0.560194	-0.554921
-0.578528	0.014611	0.284189	-0.000000	0.090675	-0.000000	0.995875	0.000000	-1.684192	-0.837758	-0.803536	0.539129	-0.093854	0.008010	1.713355	0.837758	0.869352	0.576609	-0.112676	0.079630	0.630621	0.052128	-0.677720	-0.175391	0.683499	-0.222024	-0.138930	-0.852234	0.000000	-0.112346	0.000000	0.015533	-0.819385	0.373005	-0.015995	0.117555	0.000000	0.041191	-0.805452	0.350472	0.077019	0.197153	0.055197	0.037919	-0.002845	0.193451	-0.969147	-0.408152	-0.461623
-0.581275	0.014611	0.284682	-0.000000	0.085212	-0.000000	0.996358	0.000000	-1.686442	-0.837758	-0.803226	0.522909	-0.086444	0.007690	1.715680	0.837758	0.870187	0.560631	-0.105700	0.081161	0.634567	0.053221	-0.676926	-0.175462	0.687414	-0.241337	-0.147108	-0.861405	0.000000	-0.112829	0.000000	0.015537	-0.794178	0.365517	-0.015972	0.113618	0.000000	0.042868	-0.785857	0.345393	0.075605	0.197528	0.053551	0.043245	-0.004911	0.200319	-0.958532	-0.410444	-0.452338
-0.583931	0.014611	0.285139	-0.000000	0.079941	-0.000000	0.996795	0.000000	-1.688705	-0.837758	-0.802915	0.507362	-0.079233	0.007371	1.717900	0.837758	0.871066	0.545175	-0.098860	0.082655	0.638522	0.054270	-0.675990	-0.175588	0.691512	-0.260365	-0.155348	-0.870328	0.000000	-0.113809	0.000000	0.015879	-0.758900	0.354271	-0.016099	0.108463	0.000000	0.044858	-0.758438	0.337586	0.073750	0.197853	0.051347	0.050084	-0.007576	0.209083	-0.944476	-0.413357	-0.440069
-0.586492	0.014611	0.285567	-0.000000	0.074872	-0.000000	0.997189	0.000000	-1.690994	-0.837758	-0.802590	0.492553	-0.072273	0.007046	1.720018	0.837758	0.871981	0.530293	-0.092197	0.084111	0.642481	0.055274	-0.674923	-0.175765	0.695777	-0.279116	-0.163643	-0.879008	0.000000	-0.114805	0.000000	0.016384	-0.731209	0.344899	-0.016314	0.104678	0.000000	0.046173	-0.736919	0.330965	0.072385	0.197972	0.049689	0.055017	-0.009505	0.215366	-0.934029	-0.415447	-0.430961
-0.589004	0.014611	0.285978	-0.000000	0.069903	-0.000000	0.997554	0.000000	-1.693297	-0.837758	-0.802260	0.478114	-0.065438	0.006718	1.722087	0.837758	0.872913	0.515698	-0.085622	0.085550	0.646441	0.056257	-0.673789	-0.175968	0.700127	-0.297727	-0.171966	-0.887566	0.000000	-0.116566	0.000000	0.017408	-0.691997	0.330638	-0.016850	0.099689	0.000000	0.047669	-0.706479	0.320705	0.070630	0.197884	0.047474	0.061198	-0.011941	0.223131	-0.920369	-0.417997	-0.419019
-0.591364	0.014611	0.286349	-0.000000	0.065252	-0.000000	0.997865	0.000000	-1.695657	-0.837758	-0.801894	0.464873	-0.059048	0.006372	1.724006	0.837758	0.873888	0.502034	-0.079369	0.086937	0.650396	0.057173	-0.672475	-0.176243	0.704703	-0.315930	-0.180363	-0.895768	0.000000	-0.118580	0.000000	0.018628	-0.651297	0.315236	-0.017551	0.094709	0.000000	0.049019	-0.674903	0.309512	0.068920	0.197625	0.045256	0.067118	-0.014287	0.218670	-0.903282	-0.410001	-0.407195
-0.593670	0.014611	0.286709	-0.000000	0.060710	-0.000000	0.998153	0.000000	-1.698040	-0.837758	-0.801514	0.452062	-0.052828	0.006016	1.725875	0.837758	0.874874	0.488702	-0.073241	0.088307	0.654346	0.058067	-0.671105	-0.176540	0.708873	-0.333858	-0.188366	-0.903854	0.000000	-0.120345	0.000000	0.019710	-0.619173	0.302455	-0.018260	0.090960	0.000000	0.049904	-0.650007	0.300105	0.067690	0.197238	0.043592	0.071265	-0.015944	0.188279	-0.882591	-0.380462	-0.398466
-0.595869	0.014611	0.287046	-0.000000	0.056389	-0.000000	0.998406	0.000000	-1.700471	-0.837758	-0.801106	0.440107	-0.046949	0.005642	1.727644	0.837758	0.875884	0.476034	-0.067365	0.089644	0.658286	0.058917	-0.669624	-0.176881	0.712234	-0.351234	-0.195581	-0.911707	0.000000	-0.122893	0.000000	0.021231	-0.575018	0.284418	-0.019359	0.085896	0.000000	0.051029	-0.615816	0.286725	0.066097	0.196543	0.041378	0.076526	-0.018062	0.185309	-0.865025	-0.373784	-0.386962
-0.597954	0.014611	0.287363	-0.000000	0.052298	-0.000000	0.998629	0.000000	-1.702956	-0.837758	-0.800665	0.429061	-0.041451	0.005242	1.729311	0.837758	0.876915	0.464070	-0.061772	0.090951	0.662208	0.059723	-0.668044	-0.177262	0.716286	-0.368459	-0.203317	-0.919333	0.000000	-0.124940	0.000000	0.022434	-0.540907	0.270139	-0.020299	0.082052	0.000000	0.051831	-0.589422	0.276061	0.064938	0.195889	0.039721	0.080276	-0.019582	0.211249	-0.859361	-0.393304	-0.378430
-0.599984	0.014611	0.287670	-0.000000	0.048322	-0.000000	0.998832	0.000000	-1.705468	-0.837758	-0.800208	0.418470	-0.036144	0.004830	1.730926	0.837758	0.877957	0.452457	-0.056322	0.092242	0.666122	0.060506	-0.666413	-0.177664	0.720684	-0.385608	-0.211313	-0.926844	0.000000	-0.127894	0.000000	0.024056	-0.493553	0.249714	-0.021763	0.076765	0.000000	0.052886	-0.552854	0.260710	0.063453	0.194775	0.037531	0.084874	-0.021474	0.221488	-0.846590	-0.398501	-0.367242
-0.601835	0.014611	0.287954	-0.000000	0.044705	-0.000000	0.998998	0.000000	-1.708072	-0.837758	-0.799703	0.409319	-0.031463	0.004371	1.732382	0.837758	0.879031	0.441956	-0.051344	0.093489	0.669999	0.061224	-0.664649	-0.178121	0.725145	-0.402323	-0.219257	-0.934022	0.000000	-0.130987	0.000000	0.025667	-0.444981	0.228404	-0.023357	0.071365	0.000000	0.053945	-0.515390	0.244618	0.062004	0.193484	0.035352	0.089204	-0.023275	0.223310	-0.832228	-0.396554	-0.356181
-0.603624	0.014611	0.288232	-0.000000	0.041212	-0.000000	0.999149	0.000000	-1.710708	-0.837758	-0.799182	0.400671	-0.027008	0.003895	1.733781	0.837758	0.880115	0.431842	-0.046538	0.094722	0.673861	0.061920	-0.662845	-0.178595	0.729616	-0.418898	-0.227175	-0.941091	0.000000	-0.133434	0.000000	0.026834	-0.407217	0.211470	-0.024686	0.067151	0.000000	0.054765	-0.486305	0.231729	0.060952	0.192307	0.033729	0.092159	-0.024522	0.224003	-0.821780	-0.394633	-0.348020
-0.605289	0.014611	0.288498	-0.000000	0.037967	-0.000000	0.999277	0.000000	-1.713409	-0.837758	-0.798630	0.393030	-0.023004	0.003384	1.735068	0.837758	0.881221	0.422503	-0.042075	0.095927	0.677691	0.062573	-0.660962	-0.179102	0.734105	-0.435194	-0.235042	-0.947943	0.000000	-0.136802	0.000000	0.028320	-0.355753	0.188133	-0.026558	0.061360	0.000000	0.055908	-0.446723	0.213894	0.059570	0.190568	0.031587	0.095834	-0.026095	0.224295	-0.808202	-0.391636	-0.337270
-0.606824	0.014611	0.288757	-0.000000	0.034981	-0.000000	0.999387	0.000000	-1.716180	-0.837758	-0.798049	0.386441	-0.019482	0.002833	1.736235	0.837758	0.882351	0.413973	-0.037982	0.097105	0.681484	0.063184	-0.659012	-0.179639	0.738588	-0.451226	-0.242841	-0.954582	0.000000	-0.139400	0.000000	0.029381	-0.316317	0.170061	-0.028036	0.056890	0.000000	0.056802	-0.416434	0.200028	0.058549	0.189134	0.029997	0.098388	-0.027207	0.224039	-0.798277	-0.389057	-0.329308
-0.608295	0.014611	0.289011	0.000000	0.032124	-0.000000	0.999484	0.000000	-1.718985	-0.837758	-0.797454	0.380378	-0.016202	0.002262	1.737343	0.837758	0.883493	0.405846	-0.034074	0.098269	0.685257	0.063773	-0.657027	-0.180190	0.743067	-0.467125	-0.250605	-0.961115	0.000000	-0.142977	0.000000	0.030637	-0.262113	0.144919	-0.030117	0.050622	0.000000	0.058094	-0.374886	0.180636	0.057191	0.186959	0.027911	0.101395	-0.028553	0.222732	-0.785597	-0.384908	-0.318877
-0.609562	0.014611	0.289259	-0.000000	0.029668	-0.000000	0.999559	0.000000	-1.721899	-0.837758	-0.796824	0.375956	-0.013686	0.001628	1.738260	0.837758	0.884675	0.398977	-0.030756	0.099392	0.688962	0.064300	-0.654956	-0.180781	0.747497	-0.482649	-0.258237	-0.967337	0.000000	-0.146630	0.000000	0.031777	-0.206853	0.119119	-0.032257	0.044146	0.000000	0.059456	-0.332583	0.160662	0.055830	0.184610	0.025853	0.104134	-0.029808	0.220758	-0.773315	-0.380265	-0.308573
-0.610759	0.014611	0.289507	-0.000000	0.027350	-0.000000	0.999625	0.000000	-1.724850	-0.837758	-0.796183	0.372103	-0.011437	0.000972	1.739109	0.837758	0.885871	0.392543	-0.027647	0.100502	0.692641	0.064807	-0.652861	-0.181382	0.751897	-0.498057	-0.265815	-0.973458	0.000000	-0.149435	0.000000	0.032489	-0.164244	0.099070	-0.033916	0.039044	0.000000	0.060561	-0.300024	0.145049	0.054798	0.182651	0.024343	0.105888	-0.030646	0.218493	-0.764566	-0.376199	-0.300987
-0.611814	0.014611	0.289754	-0.000000	0.025308	-0.000000	0.999679	0.000000	-1.727876	-0.837758	-0.795524	0.369387	-0.009723	0.000272	1.739822	0.837758	0.887097	0.386976	-0.024954	0.101584	0.696268	0.065274	-0.650720	-0.182007	0.756237	-0.513232	-0.273285	-0.979377	0.000000	-0.153211	0.000000	0.033288	-0.106434	0.071784	-0.036146	0.031990	0.000000	0.062105	-0.255889	0.123705	0.053392	0.179860	0.022363	0.107963	-0.031674	0.214750	-0.753320	-0.370218	-0.290996
-0.612723	0.014611	0.290004	-0.000000	0.023553	-0.000000	0.999722	0.000000	-1.730979	-0.837758	-0.794852	0.367846	-0.008565	-0.000474	1.740389	0.837758	0.888356	0.382307	-0.022699	0.102638	0.699836	0.065702	-0.648543	-0.182649	0.760487	-0.528190	-0.280624	-0.985098	0.000000	-0.156078	0.000000	0.033773	-0.062329	0.050905	-0.037833	0.026506	0.000000	0.063321	-0.222254	0.107306	0.052315	0.177638	0.020905	0.109325	-0.032378	0.211406	-0.745215	-0.365316	-0.283600
-0.613559	0.014611	0.290257	-0.000000	0.021941	-0.000000	0.999759	0.000000	-1.734119	-0.837758	-0.794173	0.366894	-0.007687	-0.001242	1.740882	0.837758	0.889630	0.378086	-0.020662	0.103677	0.703374	0.066110	-0.646347	-0.183302	0.764693	-0.543041	-0.287898	-0.990721	0.000000	-0.159925	0.000000	0.034173	-0.002097	0.022359	-0.040059	0.018793	0.000000	0.065047	-0.176362	0.084716	0.050806	0.174408	0.019015	0.110745	-0.033178	0.205794	-0.735097	-0.357868	-0.273927
-0.614167	0.014611	0.290520	-0.000000	0.020772	-0.000000	0.999784	0.000000	-1.737376	-0.837758	-0.793485	0.367762	-0.007671	-0.002076	1.741140	0.837758	0.890957	0.375253	-0.019310	0.104670	0.706812	0.066462	-0.644113	-0.183977	0.768719	-0.557594	-0.294939	-0.996055	0.000000	-0.163779	0.000000	0.034390	0.059067	-0.006623	-0.042256	0.010797	0.000000	0.066832	-0.129775	0.061658	0.049238	0.171000	0.017165	0.111896	-0.033887	0.199400	-0.725445	-0.349791	-0.264382
-0.614695	0.014611	0.290788	-0.000000	0.019993	-0.000000	0.999800	0.000000	-1.740671	-0.837758	-0.792797	0.369256	-0.007951	-0.002932	1.741314	0.837758	0.892303	0.372895	-0.018196	0.105646	0.710214	0.066797	-0.641871	-0.184657	0.772669	-0.572058	-0.301889	-1.001296	0.000000	-0.166667	0.000000	0.034335	0.105966	-0.028810	-0.043853	0.004470	0.000000	0.068235	-0.094066	0.043859	0.047986	0.168251	0.015828	0.112465	-0.034317	0.193711	-0.718760	-0.343013	-0.257368
-0.615066	0.014611	0.291068	-0.000000	0.019103	-0.000000	0.999818	0.000000	-1.744042	-0.837758	-0.792111	0.372001	-0.008823	-0.003830	1.741319	0.837758	0.893687	0.371490	-0.017556	0.106589	0.713542	0.067095	-0.639614	-0.185349	0.776468	-0.586344	-0.308659	-1.006350	0.000000	-0.170472	0.000000	0.034039	0.169340	-0.058688	-0.045898	-0.004274	0.000000	0.070155	-0.045767	0.019701	0.046226	0.164407	0.014092	0.112967	-0.034800	0.185251	-0.710331	-0.333254	-0.248134
-0.615273	0.014611	0.291362	-0.000000	0.018706	-0.000000	0.999825	0.000000	-1.747489	-0.837758	-0.791436	0.376030	-0.010299	-0.004768	1.741143	0.837758	0.895110	0.371064	-0.017408	0.107495	0.716790	0.067360	-0.637353	-0.186049	0.780079	-0.600472	-0.315220	-1.011222	0.000000	-0.173292	0.000000	0.033648	0.217499	-0.081318	-0.047368	-0.011069	0.000000	0.071627	-0.009030	0.001264	0.044839	0.161393	0.012824	0.113145	-0.035093	0.178254	-0.704369	-0.325394	-0.241303
-0.615399	0.014611	0.291664	-0.000000	0.018406	-0.000000	0.999831	0.000000	-1.750974	-0.837758	-0.790765	0.380701	-0.012076	-0.005725	1.740876	0.837758	0.896552	0.371129	-0.017505	0.108383	0.719998	0.067608	-0.635089	-0.186753	0.783598	-0.614519	-0.321675	-1.016002	-0.007434	-0.166839	0.000000	0.033903	0.237200	-0.085366	-0.047702	-0.011605	0.000000	0.065273	0.051049	-0.039864	0.054936	0.157112	0.011215	0.112984	-0.035348	0.167564	-0.697193	-0.313769	-0.232390
-0.615384	0.014440	0.291992	-0.000258	0.018410	-0.000378	0.999830	-0.000297	-1.754163	-0.837758	-0.790080	0.385518	-0.013714	-0.006676	1.740679	0.837758	0.897721	0.373106	-0.019002	0.109693	0.723074	0.067809	-0.632833	-0.187463	0.786782	-0.628359	-0.327770	-1.020517	-0.020116	-0.153801	0.000000	0.035021	0.227411	-0.072300	-0.046998	-0.006613	0.000000	0.053784	0.117371	-0.090961	0.072606	0.152664	0.009659	0.112566	-0.035513	0.155930	-0.690551	-0.301347	-0.223604
-0.615360	0.014159	0.292329	-0.000826	0.018418	-0.001197	0.999829	-0.000805	-1.757126	-0.837758	-0.789365	0.389797	-0.014968	-0.007605	1.740612	0.837758	0.898703	0.375824	-0.021144	0.111287	0.726104	0.067995	-0.630586	-0.188173	0.789835	-0.642141	-0.333729	-1.024946	-0.035858	-0.136858	0.000000	0.037223	0.187086	-0.043583	-0.045353	0.003168	0.000000	0.039846	0.172836	-0.139304	0.093932	0.149138	0.008552	0.111961	-0.035534	0.146095	-0.686155	-0.291084	-0.217161
-0.615317	0.013656	0.292683	-0.001759	0.018432	-0.002523	0.999825	-0.001732	-1.759637	-0.837758	-0.788591	0.393001	-0.015457	-0.008490	1.740806	0.837758	0.899314	0.380020	-0.024575	0.113450	0.729040	0.068151	-0.628355	-0.188884	0.792626	-0.655806	-0.339414	-1.029204	-0.057720	-0.114870	0.000000	0.040935	0.134985	-0.006636	-0.043199	0.015345	0.000000	0.022492	0.244137	-0.201072	0.121008	0.144252	0.007134	0.110894	-0.035470	0.131917	-0.680800	-0.276467	-0.208688
-0.615255	0.012939	0.293052	-0.003111	0.018451	-0.004395	0.999814	-0.003113	-1.761721	-0.837758	-0.787727	0.395197	-0.015234	-0.009333	1.741226	0.837758	0.899603	0.385589	-0.029187	0.116128	0.731874	0.068280	-0.626150	-0.189592	0.795112	-0.669373	-0.344788	-1.033294	-0.074771	-0.098825	0.000000	0.044300	0.097163	0.020067	-0.041615	0.023827	0.000000	0.010401	0.295629	-0.245383	0.140299	0.140454	0.006114	0.109906	-0.035355	0.120485	-0.677182	-0.264811	-0.202423
-0.615183	0.012116	0.293428	-0.004674	0.018472	-0.006541	0.999797	-0.004723	-1.763590	-0.837758	-0.786819	0.396888	-0.014654	-0.010155	1.741759	0.837758	0.899730	0.391845	-0.034390	0.119062	0.734658	0.068395	-0.623959	-0.190299	0.797445	-0.682893	-0.350006	-1.037300	-0.098816	-0.078332	0.000000	0.049925	0.049913	0.053201	-0.039597	0.033733	0.000000	-0.003926	0.360653	-0.300749	0.163864	0.135145	0.004851	0.108203	-0.035065	0.103509	-0.673161	-0.247748	-0.194275
-0.615084	0.010985	0.293824	-0.006873	0.018502	-0.009458	0.999758	-0.007066	-1.764854	-0.837758	-0.785730	0.397193	-0.013106	-0.010917	1.742575	0.837758	0.899446	0.400015	-0.041217	0.122682	0.737280	0.068474	-0.621822	-0.190995	0.799252	-0.696300	-0.354698	-1.041065	-0.123732	-0.058424	0.000000	0.056295	0.004957	0.084578	-0.037644	0.042665	0.000000	-0.017066	0.423339	-0.353696	0.185950	0.129665	0.003651	0.106236	-0.034685	0.085323	-0.669660	-0.229605	-0.186247
-0.614974	0.009757	0.294226	-0.009288	0.018534	-0.012613	0.999702	-0.009672	-1.765927	-0.837758	-0.784567	0.397086	-0.011271	-0.011660	1.743465	0.837758	0.899048	0.408779	-0.048538	0.126500	0.739845	0.068542	-0.619709	-0.191686	0.800858	-0.709679	-0.359190	-1.044750	-0.143402	-0.044131	0.000000	0.061895	-0.025979	0.106008	-0.036254	0.048217	0.000000	-0.025584	0.467824	-0.390761	0.200817	0.125363	0.002823	0.104474	-0.034296	0.070249	-0.667623	-0.214714	-0.180364
-0.614846	0.008333	0.294640	-0.012133	0.018571	-0.016248	0.999619	-0.012802	-1.766619	-0.837758	-0.783254	0.396154	-0.008865	-0.012367	1.744504	0.837758	0.898423	0.418728	-0.056847	0.130715	0.742295	0.068587	-0.617643	-0.192367	0.802062	-0.723005	-0.363286	-1.048279	-0.170500	-0.026345	0.002599	0.073469	-0.054917	0.120018	-0.033275	0.054532	0.000000	-0.035748	0.525035	-0.437949	0.219079	0.119458	0.001783	0.101875	-0.033688	0.048727	-0.665429	-0.193576	-0.172651
-0.614699	0.006721	0.295063	-0.015413	0.018612	-0.020330	0.999496	-0.016492	-1.766981	-0.837654	-0.781628	0.394889	-0.006470	-0.012991	1.745647	0.837758	0.897618	0.429780	-0.066056	0.135263	0.744623	0.068613	-0.615634	-0.193034	0.802807	-0.736296	-0.366933	-1.051656	-0.191479	-0.013959	0.006495	0.085230	-0.067385	0.119602	-0.030196	0.058451	0.000000	-0.042477	0.566365	-0.471666	0.231603	0.114901	0.001052	0.099735	-0.033164	0.031523	-0.664170	-0.176760	-0.166962
-0.614543	0.005015	0.295490	-0.018910	0.018656	-0.024634	0.999344	-0.020461	-1.767178	-0.837498	-0.779845	0.393459	-0.004081	-0.013575	1.746842	0.837758	0.896724	0.441383	-0.075714	0.139979	0.746891	0.068629	-0.613654	-0.193693	0.803323	-0.749571	-0.370356	-1.054958	-0.220762	0.573999	0.561924	0.058481	-1.529009	0.755929	-0.035421	0.061879	0.000000	-0.049622	0.618444	-0.513345	0.245891	0.108579	0.000185	0.096503	-0.032328	0.006196	-0.663251	-0.152151	-0.159568
-0.614359	0.003042	0.295929	-0.023069	0.018705	-0.029557	0.999115	-0.025322	-1.744021	-0.815177	-0.779289	0.333729	0.023767	-0.014408	1.748122	0.837758	0.895633	0.454518	-0.086589	0.145099	0.748966	0.068620	-0.611774	-0.194327	0.803055	-0.762827	-0.373019	-1.058039	-0.250918	1.024535	0.982103	0.045189	-2.649289	1.253600	-0.040456	0.064075	0.000000	-0.055531	0.668527	-0.552855	0.258556	0.102085	-0.000613	0.093019	-0.031402	-0.020830	-0.662829	-0.125974	-0.152293
-0.614166	0.000983	0.296370	-0.027451	0.018756	-0.034669	0.998837	-0.030498	-1.726196	-0.798214	-0.778038	0.287487	0.046063	-0.015193	1.749405	0.837758	0.894502	0.468124	-0.097828	0.150321	0.750974	0.068604	-0.609933	-0.194949	0.802490	-0.776085	-0.375395	-1.061049	-0.274512	0.624633	0.580236	0.097330	-1.637688	0.837202	-0.036806	0.064278	0.000000	-0.058547	0.703860	-0.580055	0.266206	0.097024	-0.001136	0.090119	-0.030604	-0.043127	-0.663054	-0.104459	-0.146982
-0.613954	-0.001246	0.296817	-0.032279	0.018810	-0.040161	0.998486	-0.036303	-1.719036	-0.791968	-0.775396	0.268221	0.057255	-0.015880	1.750693	0.837758	0.893291	0.482672	-0.109792	0.155747	0.752847	0.068575	-0.608169	-0.195551	0.801330	-0.789349	-0.377198	-1.063918	-0.306849	0.234753	0.181678	0.132355	-0.642189	0.417085	-0.033630	0.050971	-0.013442	-0.057927	0.718381	-0.604990	0.275374	0.090118	-0.001762	0.086007	-0.029451	-0.074957	-0.663821	-0.073810	-0.140029
-0.613724	-0.003636	0.297267	-0.037560	0.018867	-0.046000	0.998046	-0.042772	-1.716806	-0.790947	-0.772743	0.261799	0.062746	-0.016538	1.751444	0.837220	0.892185	0.496859	-0.122028	0.161336	0.754579	0.068534	-0.606493	-0.196127	0.799491	-0.802637	-0.378348	-1.066651	-0.331757	0.049844	-0.014293	0.132748	-0.160552	0.203313	-0.032517	0.030807	-0.033607	-0.053979	0.704826	-0.615191	0.281476	0.084810	-0.002179	0.082737	-0.028518	-0.100406	-0.664744	-0.049351	-0.134909
-0.613484	-0.006107	0.297720	-0.043065	0.018925	-0.052010	0.997538	-0.049573	-1.717042	-0.792539	-0.770086	0.261799	0.065387	-0.017181	1.751925	0.836414	0.891132	0.510865	-0.134399	0.167006	0.756239	0.068488	-0.604860	-0.196692	0.797314	-0.815938	-0.379172	-1.069315	-0.366274	-0.004044	-0.082816	0.143021	0.000000	0.134081	-0.030942	0.029856	-0.031462	-0.052530	0.756654	-0.655032	0.288177	0.077489	-0.002627	0.077997	-0.027137	-0.138012	-0.666599	-0.013264	-0.128272
-0.613217	-0.008808	0.298174	-0.049260	0.018987	-0.058491	0.996891	-0.057423	-1.716968	-0.794260	-0.767023	0.261799	0.068109	-0.017776	1.752638	0.835962	0.890084	0.527125	-0.148229	0.172863	0.757678	0.068429	-0.603373	-0.197213	0.793971	-0.829301	-0.378878	-1.071782	-0.401665	0.006756	-0.086324	0.156821	0.000000	0.136361	-0.029349	-0.011447	-0.079586	-0.051601	0.695994	-0.648494	0.294524	0.070004	-0.003006	0.073008	-0.025666	-0.178294	-0.668861	0.025363	-0.121760
-0.612941	-0.011580	0.298629	-0.055684	0.019049	-0.065109	0.996141	-0.065640	-1.716772	-0.795992	-0.763813	0.261799	0.070842	-0.018355	1.751467	0.833230	0.889068	0.538705	-0.160339	0.178787	0.759040	0.068367	-0.601939	-0.197718	0.790182	-0.842693	-0.378157	-1.074185	-0.429193	0.015900	-0.087254	0.167802	0.000000	0.137112	-0.028178	-0.152677	-0.250551	-0.049219	0.344951	-0.519546	0.299558	0.064200	-0.003214	0.068989	-0.024459	-0.211766	-0.670992	0.057444	-0.117019
-0.612646	-0.014497	0.299084	-0.062572	0.019113	-0.072006	0.995256	-0.074591	-1.716332	-0.797750	-0.760311	0.261799	0.073594	-0.018903	1.746531	0.825940	0.888115	0.540923	-0.169011	0.184845	0.760246	0.068300	-0.600613	-0.198191	0.785500	-0.856141	-0.376581	-1.076462	-0.466764	0.029051	-0.086911	0.183022	0.000000	0.137261	-0.026642	-0.277680	-0.396688	-0.047308	0.057845	-0.419054	0.303417	0.056298	-0.003421	0.063381	-0.022760	-0.259915	-0.674132	0.103599	-0.110823
-0.612333	-0.017549	0.299536	-0.069930	0.019177	-0.079149	0.994222	-0.084310	-1.715610	-0.799469	-0.756492	0.261799	0.076332	-0.019421	1.740360	0.817363	0.887176	0.541019	-0.177101	0.190924	0.761292	0.068231	-0.599404	-0.198629	0.779785	-0.869658	-0.374013	-1.078618	-0.495598	0.039646	-0.085469	0.194870	0.000000	0.136737	-0.025508	-0.323969	-0.444935	-0.046827	-0.021768	-0.397270	0.304177	0.050251	-0.003522	0.058988	-0.021418	-0.298674	-0.676720	0.140754	-0.106272
-0.612011	-0.020669	0.299987	-0.077517	0.019242	-0.086409	0.993053	-0.094415	-1.714746	-0.801169	-0.752516	0.261799	0.079063	-0.019923	1.733572	0.808142	0.886242	0.540053	-0.184901	0.197013	0.762256	0.068159	-0.598254	-0.199048	0.773553	-0.883210	-0.370950	-1.080713	-0.535353	0.054210	-0.083104	0.211883	0.000000	0.137807	-0.023180	-0.362638	-0.478360	-0.044905	-0.064699	-0.388487	0.302893	0.041941	-0.003563	0.052765	-0.019492	-0.356767	-0.680506	0.196504	-0.100392
-0.611616	-0.023979	0.300390	-0.085821	0.019308	-0.093990	0.991679	-0.105724	-1.713441	-0.802793	-0.748017	0.261799	0.081844	-0.020348	1.725855	0.798228	0.885379	0.538431	-0.192641	0.203040	0.762969	0.068088	-0.597294	-0.199408	0.765514	-0.896878	-0.366153	-1.082634	-0.575982	0.070083	-0.078467	0.229456	0.000000	0.137137	-0.021110	-0.386545	-0.491615	-0.041915	-0.062211	-0.398079	0.299896	0.033462	-0.003539	0.046290	-0.017475	-0.419664	-0.684455	0.256920	-0.094637
-0.611225	-0.027348	0.300802	-0.094360	0.019373	-0.101653	0.990145	-0.117454	-1.711943	-0.804307	-0.743338	0.261799	0.084549	-0.020768	1.718110	0.788478	0.884566	0.537564	-0.200825	0.209008	0.763595	0.068018	-0.596402	-0.199747	0.756767	-0.910588	-0.360674	-1.084499	-0.607434	0.084594	-0.070210	0.242984	0.000000	0.131392	-0.020748	-0.388572	-0.479347	-0.038238	-0.005554	-0.431419	0.295520	0.026922	-0.003444	0.041147	-0.015860	-0.472845	-0.687525	0.308070	-0.090468
-0.610842	-0.030835	0.301235	-0.103376	0.019438	-0.109490	0.988407	-0.130022	-1.710058	-0.805601	-0.738297	0.261799	0.087100	-0.021178	1.710312	0.779055	0.883850	0.538209	-0.209897	0.214860	0.764046	0.067950	-0.595648	-0.200043	0.746601	-0.924379	-0.353830	-1.086252	-0.650254	0.104299	-0.058697	0.261956	0.000000	0.124723	-0.019785	-0.402221	-0.473922	-0.036567	0.051863	-0.466729	0.288555	0.018038	-0.003260	0.034049	-0.013616	-0.550430	-0.691544	0.382803	-0.085032
-0.610441	-0.034431	0.301660	-0.112876	0.019502	-0.117468	0.986448	-0.143464	-1.707771	-0.806655	-0.732859	0.261799	0.089538	-0.021559	1.702021	0.769521	0.883103	0.539639	-0.219494	0.220551	0.764316	0.067888	-0.595040	-0.200292	0.734749	-0.938250	-0.345362	-1.087900	-0.683017	0.119343	-0.049680	0.276875	0.000000	0.120460	-0.018702	-0.420648	-0.478044	-0.037740	0.081328	-0.486346	0.282479	0.011247	-0.003080	0.028543	-0.011865	-0.613613	-0.694491	0.443740	-0.081047
-0.610030	-0.038082	0.302081	-0.122607	0.019563	-0.125505	0.984293	-0.157342	-1.705284	-0.807589	-0.727222	0.261799	0.091919	-0.021926	1.693486	0.759933	0.882340	0.541462	-0.229351	0.226160	0.764496	0.067827	-0.594506	-0.200517	0.722056	-0.952159	-0.336081	-1.089494	-0.727992	0.140870	-0.035067	0.298074	0.000000	0.113542	-0.017238	-0.422835	-0.461647	-0.016260	0.125241	-0.506352	0.273627	0.008401	0.052007	0.036517	-0.033005	-0.710532	-0.697903	0.537436	-0.075924
-0.609593	-0.041884	0.302488	-0.133077	0.019625	-0.133707	0.981849	-0.172584	-1.702136	-0.808058	-0.720936	0.261799	0.094080	-0.022249	1.685108	0.751055	0.882452	0.544648	-0.239748	0.231496	0.764652	0.069968	-0.593580	-0.201612	0.706328	-0.966166	-0.323864	-1.090937	-0.773866	0.163382	-0.018734	0.320235	0.000000	0.105800	-0.015745	-0.424719	-0.443769	0.006828	0.171882	-0.526230	0.263721	0.012669	0.142859	0.054409	-0.068219	-0.817075	-0.700819	0.640598	-0.070930
-0.609146	-0.045732	0.302889	-0.143780	0.019683	-0.141930	0.979181	-0.188297	-1.698749	-0.808338	-0.714413	0.261799	0.096151	-0.022556	1.676497	0.742182	0.882613	0.548337	-0.250400	0.236708	0.765003	0.073541	-0.592330	-0.203246	0.689373	-0.980192	-0.310457	-1.092332	-0.809257	0.181365	-0.004557	0.338018	-0.000001	0.099053	-0.014575	-0.442177	-0.443400	0.010473	0.209512	-0.545412	0.254457	0.027221	0.250335	0.078647	-0.108687	-0.909080	-0.702213	0.729889	-0.067329
-0.608681	-0.049672	0.303279	-0.154968	0.019739	-0.150217	0.976233	-0.204954	-1.694882	-0.808240	-0.707416	0.261799	0.098042	-0.022832	1.667421	0.733319	0.882871	0.553029	-0.261564	0.241674	0.765741	0.079981	-0.590434	-0.205959	0.669965	-0.994254	-0.294669	-1.093630	-0.857294	0.206316	0.016026	0.362939	-0.000001	0.089189	-0.012946	-0.460568	-0.437640	0.021760	0.261244	-0.568765	0.241420	0.033779	0.371973	0.115621	-0.115962	-1.045348	-0.702821	0.862379	-0.062653
-0.608199	-0.053695	0.303656	-0.166646	0.019792	-0.158532	0.972988	-0.222589	-1.690496	-0.807697	-0.699896	0.261799	0.099718	-0.023074	1.658074	0.724676	0.883484	0.558787	-0.273151	0.246365	0.766354	0.088420	-0.587705	-0.207884	0.647559	-1.008305	-0.275962	-1.094838	-0.893980	0.225759	0.032726	0.382543	0.000000	0.081142	-0.011673	-0.470704	-0.429377	0.035052	0.301223	-0.584626	0.231134	0.029063	0.446958	0.146848	-0.086408	-1.157773	-0.702354	0.971843	-0.059235
-0.607707	-0.057761	0.304027	-0.178548	0.019841	-0.166842	0.969480	-0.240713	-1.685851	-0.806931	-0.692114	0.261799	0.101287	-0.023299	1.648593	0.716144	0.884273	0.565078	-0.284949	0.250919	0.766904	0.097860	-0.584560	-0.209416	0.623654	-1.022349	-0.255795	-1.095999	-0.944221	0.253144	0.057399	0.410865	0.000000	0.069040	-0.009825	-0.484419	-0.417490	0.055680	0.355683	-0.603882	0.216305	0.003670	0.517325	0.199251	-0.000514	-1.333420	-0.698766	1.143287	-0.054872
-0.607188	-0.061939	0.304375	-0.191201	0.019887	-0.175152	0.965593	-0.260358	-1.680370	-0.805401	-0.683461	0.261799	0.102480	-0.023467	1.638698	0.707977	0.885711	0.573014	-0.297306	0.255017	0.766501	0.109113	-0.579735	-0.207905	0.594222	-1.036255	-0.230230	-1.097033	-0.995323	0.281504	0.083627	0.440761	0.000000	0.055987	-0.007864	-0.499070	-0.402315	0.077559	0.413725	-0.623056	0.187390	-0.032228	0.573395	0.257239	0.101452	-1.528177	-0.692654	1.333669	-0.050640
-0.606661	-0.066149	0.304714	-0.204073	0.019928	-0.183416	0.961413	-0.280526	-1.674591	-0.803586	-0.674483	0.261799	0.103527	-0.023613	1.628630	0.700051	0.887376	0.581627	-0.309872	0.258415	0.765615	0.120795	-0.574270	-0.205358	0.562527	-1.050055	-0.202448	-1.098025	-1.034626	0.303876	0.104992	0.465104	0.000000	0.045089	-0.006253	-0.512019	-0.384201	0.094616	0.464460	-0.638691	0.134852	-0.068459	0.605505	0.305228	0.179220	-1.697975	-0.684634	1.499983	-0.047603
-0.606116	-0.070426	0.305037	-0.217427	0.019965	-0.191625	0.956873	-0.301743	-1.668215	-0.801201	-0.664857	0.261799	0.104283	-0.023717	1.618217	0.692609	0.889496	0.591592	-0.322854	0.260411	0.763762	0.133334	-0.567526	-0.200736	0.526303	-1.063641	-0.170231	-1.098937	-1.087911	0.334710	0.134827	0.499578	0.000000	0.029479	-0.003958	-0.587934	-0.443228	0.104427	0.352295	-0.573938	0.073513	-0.356413	0.505937	0.368901	0.766794	-1.949329	-0.669429	1.746507	-0.043684
-0.605553	-0.074761	0.305341	-0.231262	0.019996	-0.199742	0.951957	-0.324043	-1.661203	-0.798193	-0.654500	0.261799	0.104706	-0.023771	1.605113	0.682322	0.891553	0.595719	-0.332829	0.261355	0.751358	0.141033	-0.559514	-0.174686	0.484554	-1.076832	-0.132588	-1.099772	-1.128529	0.358579	0.158213	0.526947	0.000000	0.016962	-0.002125	-0.688860	-0.549878	0.102089	0.133303	-0.461168	0.034042	-0.752118	0.324472	0.416417	1.570398	-2.156559	-0.654644	1.949975	-0.040841
-0.604982	-0.079124	0.305635	-0.245300	0.020022	-0.207781	0.946707	-0.346884	-1.653872	-0.794873	-0.643779	0.261799	0.104962	-0.023802	1.590662	0.670614	0.893579	0.596925	-0.341301	0.261773	0.733678	0.146312	-0.550869	-0.137920	0.440041	-1.089826	-0.092232	-1.100570	-1.184002	0.391948	0.191106	0.566970	0.000001	-0.001521	0.000539	-0.649959	-0.460069	0.148988	0.353169	-0.546440	0.010502	-0.875650	0.373995	0.472313	1.652749	-2.473969	-0.625309	2.262066	-0.037235
-0.604384	-0.083560	0.305899	-0.260081	0.020041	-0.215647	0.940985	-0.371403	-1.645525	-0.790549	-0.631822	0.261799	0.104645	-0.023750	1.579114	0.663919	0.897512	0.609845	-0.354687	0.261775	0.716332	0.155993	-0.540622	-0.108576	0.385595	-1.101844	-0.042105	-1.101262	-1.240342	0.426376	0.224997	0.609517	0.000001	-0.021269	0.003343	-0.581750	-0.333019	0.206861	0.656433	-0.668837	0.000096	-0.839269	0.540379	0.522554	1.325696	-2.828888	-0.589439	2.611193	-0.033757
-0.603777	-0.088017	0.306152	-0.275053	0.020054	-0.223391	0.934901	-0.396498	-1.636817	-0.785873	-0.619398	0.261799	0.104111	-0.023668	1.567392	0.657293	0.901854	0.623182	-0.368054	0.261777	0.700107	0.167928	-0.529967	-0.084892	0.326886	-1.113404	0.012216	-1.101921	-1.283564	0.453413	0.251377	0.644469	0.000000	-0.037581	0.005596	-0.594783	-0.327957	0.237453	0.687614	-0.667441	0.000035	-0.755239	0.709496	0.553106	0.901127	-3.148669	-0.555074	2.925784	-0.031292
-0.603153	-0.092514	0.306382	-0.290480	0.020060	-0.230954	0.928375	-0.422745	-1.627388	-0.780493	-0.606043	0.261799	0.103142	-0.023526	1.555323	0.650801	0.907011	0.637350	-0.381384	0.261777	0.686123	0.184372	-0.518497	-0.072531	0.259648	-1.124047	0.074926	-1.102514	-1.342095	0.490603	0.287051	0.694177	0.000000	-0.060815	0.008675	-0.613734	-0.323252	0.279994	0.723861	-0.661156	0.000219	-0.490579	1.018327	0.580694	-0.016676	-3.510236	-0.491849	3.281348	-0.028133
-0.602511	-0.097042	0.306588	-0.306357	0.020057	-0.238295	0.921390	-0.450181	-1.617193	-0.774391	-0.591631	0.261799	0.101678	-0.023321	1.542843	0.644363	0.913053	0.652136	-0.394500	0.261786	0.680484	0.208661	-0.506739	-0.085559	0.186476	-1.133078	0.143470	-1.103046	-1.386659	0.519353	0.314182	0.733779	0.000000	-0.079354	0.011042	-0.629109	-0.321250	0.313218	0.747053	-0.653119	0.000553	-0.177613	1.312460	0.591522	-0.968844	-3.732784	-0.431368	3.500085	-0.025859
-0.601861	-0.101586	0.306782	-0.322397	0.020048	-0.245479	0.914001	-0.478212	-1.606614	-0.767926	-0.576692	0.261799	0.099968	-0.023084	1.530159	0.637951	0.919539	0.667232	-0.407509	0.261799	0.679018	0.236871	-0.494837	-0.111285	0.110337	-1.141302	0.214930	-1.103548	-1.447344	0.559488	0.350398	0.791751	0.000000	-0.106514	0.014167	-0.645047	-0.313827	0.362456	0.787741	-0.643685	0.000332	0.266436	1.687325	0.599752	-2.275664	-4.190656	-0.337675	3.952310	-0.023010
-0.601185	-0.106165	0.306937	-0.339138	0.020028	-0.252307	0.906050	-0.508075	-1.594813	-0.760375	-0.559961	0.261799	0.097418	-0.022754	1.517041	0.631810	0.927552	0.683646	-0.420248	0.261799	0.691141	0.276154	-0.482749	-0.176586	0.018850	-1.146585	0.301562	-1.103966	-1.508352	0.595611	0.372647	0.847174	-0.000001	-0.129342	0.015484	-0.656694	-0.313130	0.406888	0.805636	-0.621758	0.000000	0.495687	1.933550	0.607077	-3.128438	-4.642593	-0.232238	4.397810	-0.020292
-0.600501	-0.110750	0.307080	-0.356101	0.019740	-0.259001	0.897620	-0.538546	-1.582790	-0.753020	-0.542805	0.261799	0.094794	-0.022465	1.503891	0.625426	0.935815	0.699457	-0.432380	0.261799	0.698846	0.314213	-0.470553	-0.236422	-0.075367	-1.150591	0.390842	-1.104360	-1.553910	0.612348	0.357884	0.879146	0.000000	-0.134895	0.012426	-0.659207	-0.331308	0.425711	0.760457	-0.576246	0.000000	0.164254	1.841804	0.615205	-2.718560	-4.847446	-0.136515	4.596479	-0.018400
-0.599799	-0.115351	0.307202	-0.373626	0.018922	-0.265517	0.888564	-0.570231	-1.570319	-0.746059	-0.524795	0.261799	0.092022	-0.022257	1.490673	0.618557	0.944580	0.714064	-0.443298	0.261799	0.697711	0.349826	-0.458141	-0.285328	-0.175048	-1.152045	0.485421	-1.104702	-1.610009	0.627309	0.312625	0.907575	0.000001	-0.130263	0.003779	-0.649440	-0.363338	0.435545	0.678600	-0.503904	0.000000	-0.337127	1.699750	0.540717	-2.087806	-5.026263	0.001949	4.767291	-0.015995
-0.599083	-0.119958	0.307307	-0.391808	0.017126	-0.271991	0.878757	-0.602946	-1.557697	-0.740515	-0.506502	0.261799	0.089583	-0.022314	1.477913	0.610892	0.953237	0.726601	-0.452536	0.261799	0.685360	0.382203	-0.448925	-0.319934	-0.276417	-1.150514	0.581534	-1.104999	-1.648568	0.632992	0.259493	0.918225	-0.000001	-0.117760	-0.006133	-0.632271	-0.393194	0.431465	0.600992	-0.440898	0.000000	-0.757733	1.578391	0.420851	-1.551545	-5.089529	0.113919	4.824735	-0.014284
-0.598359	-0.124569	0.307404	-0.410210	0.014835	-0.278368	0.868343	-0.636174	-1.545000	-0.735680	-0.488066	0.261799	0.087312	-0.022503	1.465382	0.602830	0.961839	0.738104	-0.460934	0.261799	0.667402	0.412962	-0.441307	-0.347390	-0.378629	-1.147489	0.678411	-1.105274	-1.691465	0.646049	0.193819	0.926023	-0.000001	-0.100015	-0.021507	-0.600561	-0.421406	0.423288	0.542621	-0.375299	-0.000345	-1.242669	1.444224	0.288264	-1.025333	-5.125486	0.276369	4.852489	-0.012201
-0.597616	-0.129180	0.307480	-0.429507	0.011233	-0.284743	0.856924	-0.670605	-1.531855	-0.732763	-0.469461	0.261799	0.085583	-0.023174	1.453891	0.594036	0.970168	0.748306	-0.467548	0.261785	0.635654	0.439972	-0.437394	-0.360948	-0.481437	-1.139459	0.775633	-1.105487	-1.728652	0.662491	0.131793	0.929832	0.000000	-0.081671	-0.038209	-0.552684	-0.422493	0.419079	0.552022	-0.340187	-0.002777	-1.772706	1.282518	0.149705	-0.448187	-5.063706	0.439903	4.782212	-0.010243
-0.596868	-0.133787	0.307549	-0.448885	0.007238	-0.291013	0.844844	-0.705320	-1.518500	-0.730408	-0.450873	0.261799	0.084045	-0.024031	1.443275	0.585930	0.978602	0.760185	-0.474541	0.261688	0.596494	0.464262	-0.435319	-0.365318	-0.581177	-1.129893	0.869699	-1.105683	-1.750119	0.678343	0.089614	0.928538	0.000000	-0.067370	-0.052102	-0.487033	-0.370975	0.426915	0.677764	-0.368646	-0.009038	-2.328643	1.078574	0.011931	0.240857	-4.833884	0.555125	4.545674	-0.008911
-0.596109	-0.138387	0.307606	-0.468638	0.002466	-0.297219	0.831885	-0.740609	-1.504722	-0.729178	-0.432319	0.261799	0.082888	-0.025258	1.434409	0.579197	0.987245	0.775417	-0.482293	0.261424	0.542508	0.483115	-0.436917	-0.351313	-0.674792	-1.117254	0.957460	-1.105844	-1.773053	0.702131	0.037748	0.923791	0.000000	-0.048099	-0.071602	-0.456402	-0.391886	0.407833	0.669523	-0.320441	-0.011981	-2.593082	1.015052	-0.212380	0.312342	-4.473752	0.712520	4.176259	-0.007266
-0.595342	-0.142973	0.307652	-0.488637	-0.002986	-0.303361	0.818045	-0.776242	-1.490415	-0.728898	-0.413921	0.261799	0.082121	-0.026895	1.425019	0.570255	0.994915	0.786966	-0.487359	0.261209	0.492770	0.504864	-0.443814	-0.352824	-0.760127	-1.101392	1.036750	-1.105974	-1.785929	0.721937	0.002126	0.917933	0.000000	-0.033491	-0.086955	-0.476095	-0.474754	0.371361	0.531396	-0.219671	-0.010135	-2.433743	1.123677	-0.411070	-0.269457	-4.163236	0.833383	3.858536	-0.006133
-0.594570	-0.147552	0.307693	-0.508575	-0.008774	-0.309359	0.803475	-0.812047	-1.475844	-0.729093	-0.395602	0.261799	0.081548	-0.028736	1.415366	0.560207	1.002099	0.796673	-0.491080	0.261018	0.445158	0.528062	-0.453360	-0.362092	-0.841321	-1.083918	1.111802	-1.106089	-1.794536	0.751621	-0.038040	0.906667	0.000001	-0.014145	-0.108504	-0.470456	-0.491546	0.337437	0.531361	-0.170486	-0.102277	-2.834536	0.921936	-0.621106	0.006117	-3.776000	0.968847	3.461158	-0.004807
-0.593789	-0.152098	0.307720	-0.528796	-0.015424	-0.315341	0.787843	-0.848024	-1.460350	-0.730420	-0.377655	0.261799	0.081555	-0.031235	1.406200	0.550593	1.008413	0.808220	-0.494178	0.257118	0.379389	0.541742	-0.468658	-0.352579	-0.911168	-1.062638	1.175196	-1.106166	-1.797484	0.783277	-0.073107	0.893494	0.000001	0.004988	-0.130657	-0.455996	-0.478387	0.306776	0.593372	-0.149096	-0.219208	-3.359173	0.625911	-0.793672	0.523015	-3.399993	1.093256	3.074631	-0.003606
-0.593007	-0.156630	0.307744	-0.548781	-0.022302	-0.321165	0.771489	-0.883946	-1.444513	-0.732017	-0.359862	0.261799	0.081748	-0.033963	1.397126	0.541072	1.014370	0.820408	-0.497044	0.252250	0.310791	0.553098	-0.485107	-0.341171	-0.977321	-1.040188	1.234787	-1.106233	-1.793274	0.808954	-0.093429	0.881869	0.000000	0.018956	-0.147819	-0.449187	-0.471368	0.280076	0.641355	-0.131705	-0.291727	-3.571232	0.451633	-0.879915	0.665208	-3.122967	1.180911	2.789277	-0.002846
-0.592220	-0.161134	0.307761	-0.568650	-0.029641	-0.326887	0.754257	-0.919755	-1.427992	-0.734157	-0.342380	0.261799	0.082313	-0.037148	1.388233	0.531738	1.019616	0.833874	-0.499446	0.245449	0.236540	0.559807	-0.503855	-0.325971	-1.036086	-1.015401	1.286767	-1.106280	-1.781894	0.844359	-0.114883	0.865538	0.000000	0.037010	-0.170967	-0.442547	-0.467688	0.242272	0.700915	-0.104645	-0.359102	-3.896449	0.152935	-0.956994	0.998884	-2.787183	1.278430	2.441988	-0.001958
-0.591432	-0.165602	0.307772	-0.588249	-0.037329	-0.332510	0.736211	-0.955222	-1.410739	-0.736613	-0.325241	0.261799	0.083228	-0.040801	1.379424	0.522364	1.024061	0.848444	-0.501230	0.237886	0.154933	0.559216	-0.523386	-0.301216	-1.088809	-0.989051	1.332466	-1.106312	-1.769097	0.871822	-0.126746	0.852697	0.000000	0.050125	-0.188532	-0.439417	-0.469203	0.212276	0.742297	-0.081451	-0.387657	-4.172331	-0.120826	-0.986394	1.357233	-2.560637	1.337099	2.206498	-0.001389
-0.590643	-0.170053	0.307780	-0.607462	-0.045173	-0.337942	0.717457	-0.990519	-1.393119	-0.739227	-0.308272	0.261799	0.084318	-0.044689	1.370656	0.512970	1.028107	0.863566	-0.502704	0.229942	0.069646	0.554974	-0.543310	-0.271682	-1.138512	-0.961918	1.375027	-1.106336	-1.743466	0.909603	-0.133985	0.835457	0.000000	0.066530	-0.212104	-0.445098	-0.473523	0.166699	0.792317	-0.045167	-0.424241	-3.788133	-0.115709	-0.969136	0.612505	-2.268598	1.453459	1.901862	-0.000823
-0.589854	-0.174439	0.307783	-0.626251	-0.053374	-0.343354	0.697903	-1.024960	-1.374355	-0.741972	-0.291822	0.261799	0.085890	-0.049285	1.361620	0.503423	1.030729	0.880137	-0.503037	0.220916	0.003408	0.554587	-0.562152	-0.276716	-1.179552	-0.930913	1.408541	-1.106345	-1.712124	0.947919	-0.135539	0.818452	0.000000	0.082190	-0.235729	-0.457528	-0.479501	0.117165	0.837816	0.003180	-0.469266	-3.262189	-0.048783	-0.906917	-0.325421	-2.001211	1.570007	1.621395	-0.000381
-0.589067	-0.178800	0.307786	-0.644483	-0.061607	-0.348575	0.677747	-1.059004	-1.355202	-0.744648	-0.275534	0.261799	0.087606	-0.054118	1.352355	0.493790	1.032793	0.897079	-0.502577	0.211172	-0.060841	0.553023	-0.579587	-0.284699	-1.218560	-0.899117	1.439883	-1.106351	-1.682189	0.976968	-0.130355	0.806314	-0.000001	0.093063	-0.253452	-0.474668	-0.485992	0.075310	0.865632	0.062552	-0.523146	-3.112864	-0.137128	-0.801438	-0.546607	-1.848653	1.629239	1.458472	-0.000188
-0.588282	-0.183111	0.307786	-0.662104	-0.069939	-0.353694	0.656984	-1.092248	-1.335276	-0.747186	-0.259570	0.261799	0.089612	-0.059424	1.342633	0.483983	1.033741	0.914762	-0.500535	0.199990	-0.121107	0.549102	-0.594209	-0.298580	-1.253499	-0.865743	1.466880	-1.106352	-1.636568	1.015621	-0.118107	0.791168	-0.000001	0.106825	-0.277053	-0.503317	-0.495903	0.015822	0.896093	0.099365	-0.536355	-2.994817	-0.313485	-0.677951	-0.599542	-1.698491	1.713979	1.275909	0.112727
-0.587502	-0.187365	0.307786	-0.678986	-0.078254	-0.358731	0.635741	-1.124466	-1.314577	-0.749372	-0.243887	0.261799	0.091879	-0.065200	1.332222	0.473954	1.033426	0.932923	-0.498603	0.189717	-0.180634	0.540483	-0.606705	-0.308680	-1.286500	-0.830558	1.490919	-1.101842	-1.598093	1.044580	-0.104918	0.780597	0.000001	0.116595	-0.294733	-0.529164	-0.504287	-0.031558	0.913984	0.095214	-0.502294	-2.967117	-0.489679	-0.598209	-0.457754	-1.625827	1.781873	1.164997	0.281909
-0.586725	-0.191590	0.307787	-0.695212	-0.086524	-0.363576	0.614008	-1.156172	-1.293493	-0.751383	-0.228346	0.261799	0.094276	-0.071213	1.321467	0.463812	1.032479	0.951321	-0.496726	0.179899	-0.239791	0.529515	-0.618138	-0.316890	-1.318532	-0.794468	1.513479	-1.095076	-1.538193	1.082486	-0.079954	0.768510	0.000001	0.128747	-0.318332	-0.573498	-0.517683	-0.102711	0.926554	0.169533	-0.540661	-3.116138	-0.834629	-0.550538	0.061744	-1.530367	1.678866	1.038146	0.444469
-0.585958	-0.195720	0.307790	-0.710441	-0.094619	-0.368488	0.592063	-1.185994	-1.271278	-0.752571	-0.213147	0.261799	0.097029	-0.077934	1.309283	0.453246	1.029318	0.969985	-0.491821	0.168091	-0.305279	0.507098	-0.628727	-0.306210	-1.347714	-0.763403	1.532445	-1.084063	-1.472569	1.119792	-0.050336	0.757810	0.000000	0.140445	-0.342011	-0.623786	-0.532303	-0.179109	0.931156	0.265558	-0.596710	-3.234690	-1.154876	-0.528185	0.544808	-1.390785	1.449347	0.891268	0.466135
-0.585196	-0.199813	0.307795	-0.724913	-0.102550	-0.373242	0.569803	-1.215074	-1.248701	-0.753396	-0.198033	0.261799	0.099894	-0.084893	1.296515	0.442520	1.025315	0.988568	-0.486104	0.156030	-0.369179	0.483320	-0.639265	-0.295098	-1.374163	-0.736494	1.549130	-1.076430	-1.416916	1.146987	-0.023180	0.751412	0.000000	0.148855	-0.359935	-0.667548	-0.544375	-0.242218	0.925156	0.326522	-0.615702	-3.115628	-1.257004	-0.524390	0.577317	-1.185772	1.137720	0.720283	0.212660
-0.584443	-0.203835	0.307804	-0.738450	-0.110226	-0.377984	0.547421	-1.242671	-1.225398	-0.753498	-0.183090	0.261799	0.102983	-0.092331	1.282581	0.431471	1.019629	1.006991	-0.478760	0.143463	-0.429904	0.456818	-0.649702	-0.283118	-1.395145	-0.717895	1.561256	-1.075557	-1.337048	1.182422	0.016905	0.744249	0.000000	0.160071	-0.384182	-0.744516	-0.581169	-0.326431	0.873408	0.428675	-0.654599	-3.129048	-1.495140	-0.517330	1.016496	-0.936833	0.741149	0.459188	-0.268835
-0.583702	-0.207779	0.307817	-0.750988	-0.117543	-0.382759	0.525069	-1.268556	-1.201404	-0.752720	-0.168263	0.261799	0.106296	-0.100261	1.266735	0.419273	1.012258	1.023504	-0.468957	0.129846	-0.494341	0.423514	-0.659958	-0.254438	-1.411636	-0.706848	1.567498	-1.087184	-1.272872	1.208362	0.049879	0.739888	0.000000	0.168481	-0.402622	-0.816184	-0.624280	-0.389645	0.801760	0.520939	-0.693943	-3.268184	-1.750196	-0.510526	1.642763	-0.768396	0.457890	0.238511	-0.737622
-0.582966	-0.211684	0.307834	-0.762763	-0.124636	-0.387417	0.502560	-1.293586	-1.177064	-0.751503	-0.153495	0.261799	0.109722	-0.108436	1.249933	0.406500	1.004043	1.039061	-0.457923	0.115705	-0.560632	0.386810	-0.670123	-0.217407	-1.425881	-0.699579	1.570797	-1.105062	-1.178691	1.192552	0.093594	0.729407	0.089842	0.130178	-0.429687	-0.860536	-0.595994	-0.507672	0.845268	0.589028	-0.682106	-3.118279	-1.838887	-0.513506	1.750214	-0.735795	0.336601	0.082487	-1.335302
-0.582251	-0.215460	0.307861	-0.773267	-0.131086	-0.392357	0.480552	-1.315704	-1.153702	-0.748976	-0.139087	0.265393	0.111504	-0.117448	1.232313	0.395433	0.991951	1.057315	-0.445396	0.102562	-0.619072	0.349959	-0.680498	-0.184429	-1.441068	-0.693384	1.570797	-1.140596	-1.078802	0.757238	0.096001	0.705562	0.922133	-0.215944	-0.455010	-0.908020	-0.563141	-0.636792	0.877434	0.668813	-0.677734	-2.869974	-1.837714	-0.528367	1.631039	-0.810084	0.413972	-0.000468	-1.812986
-0.581544	-0.219190	0.307893	-0.782995	-0.137219	-0.397251	0.458565	-1.336738	-1.146774	-0.747663	-0.125272	0.298685	0.101084	-0.126636	1.213612	0.383974	0.978572	1.074159	-0.431170	0.088596	-0.675431	0.313302	-0.691258	-0.152166	-1.458284	-0.683020	1.570778	-1.177581	-0.997487	-0.475436	0.005057	0.661108	3.149708	-1.131084	-0.468228	-0.989085	-0.592559	-0.733307	0.771731	0.796189	-0.739480	-2.713904	-1.823193	-0.557205	1.577469	-0.962302	0.726707	-0.001943	-1.921844
-0.580853	-0.222827	0.307934	-0.791707	-0.142806	-0.402322	0.436971	-1.355603	-1.172719	-0.748774	-0.112643	0.391381	0.066260	-0.136177	1.192750	0.371731	0.962618	1.088184	-0.413548	0.072983	-0.727628	0.277031	-0.702787	-0.121330	-1.479560	-0.664316	1.570719	-1.217470	-0.883359	-0.951824	0.044437	0.646913	4.032104	-1.455723	-0.470845	-0.925842	-0.554714	-0.759764	0.929794	0.863316	-0.669963	-2.688050	-1.925151	-0.544456	1.925414	-1.161650	1.254335	-0.006407	-1.731908
-0.580179	-0.226364	0.307985	-0.799390	-0.147763	-0.407642	0.415897	-1.372072	-1.184847	-0.745885	-0.099396	0.459969	0.042855	-0.145470	1.176579	0.361786	0.948181	1.111351	-0.396638	0.061797	-0.782953	0.236296	-0.713036	-0.075149	-1.504750	-0.632847	1.570522	-1.246857	-0.793454	-0.433657	0.194445	0.670051	3.127894	-1.027457	-0.461535	-0.749877	-0.468508	-0.702906	1.272553	0.836592	-0.503915	-2.805245	-2.092535	-0.496471	2.500821	-1.308399	1.732975	-0.011632	-1.338074
-0.579515	-0.229851	0.308042	-0.806358	-0.152367	-0.412984	0.394988	-1.387341	-1.190066	-0.740996	-0.085841	0.516497	0.025162	-0.154639	1.162755	0.352991	0.934502	1.139086	-0.380084	0.052826	-0.839838	0.193330	-0.722646	-0.021298	-1.531896	-0.594997	1.570254	-1.270993	-0.665012	-0.592467	0.324573	0.687471	3.423443	-1.070535	-0.412158	-0.349951	-0.277761	-0.490130	1.916790	0.779244	-0.266449	-2.204850	-1.659787	-0.531982	1.335580	-1.436442	2.315335	-0.014761	-0.380108
-0.578881	-0.233178	0.308118	-0.812037	-0.155949	-0.418948	0.375178	-1.398673	-1.208546	-0.732902	-0.071897	0.596907	0.000034	-0.161956	1.162581	0.350675	0.928576	1.188022	-0.365468	0.051139	-0.871147	0.169904	-0.734316	-0.021726	-1.562208	-0.540233	1.569931	-1.262062	-0.530869	-0.828201	0.449207	0.701091	3.852381	-1.167283	-0.352395	0.035098	-0.102842	-0.255518	2.518129	0.725164	-0.025149	-1.420185	-1.036978	-0.560626	-0.350750	-1.509732	2.832603	-0.026277	0.792381
-0.578258	-0.236448	0.308201	-0.817029	-0.159100	-0.425032	0.355667	-1.408576	-1.223194	-0.723028	-0.057797	0.670592	-0.021529	-0.168734	1.164159	0.348877	0.924281	1.239811	-0.351078	0.051820	-0.896645	0.151851	-0.745071	-0.035328	-1.592286	-0.481693	1.569203	-1.239297	-0.423843	-0.540784	0.582756	0.712812	3.348257	-0.899991	-0.311914	0.166494	-0.064094	-0.133118	2.732214	0.708223	0.152442	-0.984448	-0.634084	-0.492027	-1.338779	-1.492202	3.115986	-0.056654	1.829925
-0.577658	-0.239603	0.308298	-0.821062	-0.161469	-0.431567	0.336950	-1.415626	-1.230177	-0.709592	-0.043384	0.730837	-0.035966	-0.174433	1.169240	0.348112	0.923251	1.297311	-0.337139	0.057237	-0.910525	0.144541	-0.753997	-0.075277	-1.621896	-0.415594	1.567665	-1.188865	-0.275439	-0.331798	0.751966	0.706288	2.977565	-0.671541	-0.255932	0.234938	-0.047512	-0.026694	2.875700	0.704423	0.348135	-0.356767	0.007466	-0.464350	-2.877379	-1.424029	3.425276	-0.072026	3.306231
-0.577083	-0.242638	0.308411	-0.824129	-0.162969	-0.438651	0.319120	-1.419594	-1.236466	-0.692949	-0.029546	0.789695	-0.048391	-0.178972	1.173556	0.346976	0.923214	1.354839	-0.322901	0.065746	-0.910916	0.152149	-0.763645	-0.150423	-1.649247	-0.344682	1.566322	-1.107048	-0.159842	-0.305715	0.872213	0.684758	2.925544	-0.596131	-0.212429	0.206196	-0.061384	0.010544	2.876761	0.715640	0.464075	0.149037	0.566897	-0.491418	-4.197162	-1.339251	3.605721	-0.064707	4.483050
-0.576520	-0.245612	0.308532	-0.826578	-0.164008	-0.445935	0.301683	-1.422020	-1.242406	-0.674704	-0.015994	0.847859	-0.059811	-0.182930	1.177488	0.345656	0.923673	1.412381	-0.308513	0.075800	-0.904563	0.167217	-0.773653	-0.243164	-1.675466	-0.271365	1.565077	-1.009543	-0.027192	-0.288141	1.031289	0.626965	2.832160	-0.480547	-0.168388	0.137252	-0.042977	0.003028	2.826196	0.754469	0.528258	-0.104298	0.429390	-0.485861	-3.532781	-1.094097	3.769474	-0.221610	5.859592
-0.575990	-0.248399	0.309025	-0.827931	-0.164175	-0.453927	0.285531	-1.420681	-1.247991	-0.651698	-0.004467	0.902981	-0.067613	-0.185707	1.179046	0.345257	0.923335	1.467887	-0.292722	0.086876	-0.915088	0.169325	-0.783079	-0.291734	-1.693011	-0.193903	1.557458	-0.872664	0.088477	-0.263718	1.180680	0.562063	2.692151	-0.343141	-0.138446	0.032037	-0.021600	-0.053340	2.719140	0.796994	0.556234	-0.568318	0.067058	-0.465742	-2.304671	-0.816476	3.851065	-0.384110	7.060927
-0.575461	-0.251133	0.309738	-0.828820	-0.164177	-0.461934	0.269667	-1.418481	-1.252955	-0.627476	0.006488	0.955545	-0.073536	-0.188468	1.178770	0.344792	0.921539	1.521147	-0.276634	0.098049	-0.927296	0.169899	-0.792283	-0.335350	-1.708125	-0.117322	1.549712	-0.727106	0.153127	-0.217056	1.271821	0.519177	2.500108	-0.202239	-0.137232	-0.105512	-0.026555	-0.162664	2.550584	0.819261	0.563520	-0.694582	-0.048024	-0.449091	-1.933042	-0.634244	3.784823	-0.393555	7.711813
-0.574933	-0.253759	0.310891	-0.829070	-0.163906	-0.470124	0.254483	-1.414556	-1.256674	-0.600825	0.016300	1.002986	-0.075702	-0.191196	1.174826	0.344195	0.916828	1.569911	-0.259952	0.109417	-0.942871	0.167404	-0.801043	-0.369056	-1.718380	-0.042510	1.541716	-0.564192	0.237045	-0.269675	1.408318	0.405030	2.420975	-0.089330	-0.084386	-0.290513	0.044418	-0.417215	2.394605	0.826617	0.527771	-0.823508	-0.169542	-0.427665	-1.529113	-0.328451	3.200633	-0.316244	7.575737
-0.574380	-0.256297	0.312430	-0.828748	-0.163359	-0.478446	0.239957	-1.408999	-1.263742	-0.571144	0.022690	1.052384	-0.077110	-0.191843	1.167149	0.346569	0.904851	1.616931	-0.243569	0.119160	-0.960236	0.163117	-0.809390	-0.396515	-1.721263	0.010703	1.537063	-0.424076	0.298274	-0.395283	1.521963	0.276710	2.494407	-0.060876	-0.006334	-0.430468	0.155836	-0.689729	2.329266	0.815409	0.466876	-0.890654	-0.236738	-0.412193	-1.294909	-0.052002	2.390691	-0.190848	6.720947
-0.573814	-0.258790	0.314162	-0.828036	-0.162654	-0.486772	0.225729	-1.402625	-1.272485	-0.539946	0.027368	1.102762	-0.078137	-0.191450	1.157607	0.350429	0.889239	1.663081	-0.227335	0.128092	-0.978497	0.157934	-0.817530	-0.420852	-1.720460	0.053118	1.534082	-0.295354	0.376490	-0.418991	1.614127	0.170286	2.328038	0.097700	0.022429	-0.259209	0.012887	-0.663838	2.298915	0.780024	0.360467	-0.947163	-0.299468	-0.393108	-1.059310	0.172439	1.089240	-0.019002	4.612067
-0.573173	-0.261182	0.316390	-0.826703	-0.161558	-0.495286	0.212494	-1.393939	-1.280501	-0.506579	0.029501	1.145505	-0.073202	-0.190946	1.156781	0.347085	0.878297	1.708888	-0.212368	0.133579	-0.998123	0.151139	-0.825114	-0.438887	-1.714366	0.054272	1.536303	-0.239593	0.452435	-0.414264	1.684725	0.076956	2.100039	0.275383	0.043801	-0.041738	-0.143226	-0.634871	2.296984	0.731843	0.239930	-0.985736	-0.346822	-0.375059	-0.864987	0.282311	0.223013	0.100723	3.079642
-0.572494	-0.263550	0.318755	-0.825058	-0.160304	-0.503753	0.199538	-1.384528	-1.289055	-0.472557	0.030447	1.186764	-0.067122	-0.189698	1.155937	0.344700	0.863844	1.754961	-0.198062	0.137689	-1.017927	0.144062	-0.832533	-0.455452	-1.709168	0.062038	1.538110	-0.172168	0.506836	-0.454578	1.733670	-0.012077	1.988584	0.361143	0.099676	-0.043058	-0.071289	-0.898166	2.316877	0.682245	0.136662	-0.999066	-0.367887	-0.362699	-0.754628	0.215057	0.718840	0.069726	3.954370
-0.571738	-0.265870	0.321397	-0.823008	-0.158775	-0.512252	0.187204	-1.373666	-1.298684	-0.437232	0.029018	1.225049	-0.058756	-0.186959	1.155059	0.344233	0.842370	1.801563	-0.185078	0.139045	-1.038085	0.136423	-0.839622	-0.469072	-1.705764	0.083026	1.539092	-0.081419	0.577077	-0.514683	1.784734	-0.132923	1.836345	0.475487	0.173665	0.002375	-0.037804	-1.124547	2.338886	0.614861	0.056948	-1.009345	-0.385934	-0.358143	-0.627962	0.150782	0.354234	0.032991	3.096729
-0.570880	-0.268162	0.324259	-0.820621	-0.156969	-0.520725	0.175464	-1.361445	-1.309643	-0.401168	0.025130	1.260217	-0.048103	-0.182751	1.156032	0.343187	0.818862	1.848516	-0.173467	0.139967	-1.058300	0.128624	-0.846859	-0.480570	-1.703137	0.076208	1.539430	-0.048299	0.628051	-0.564533	1.812407	-0.225158	1.719469	0.561246	0.228775	0.071847	-0.059517	-1.200831	2.352053	0.563392	0.040651	-1.011449	-0.391946	-0.363676	-0.548336	0.121629	-0.688535	0.008890	0.935507
-0.569971	-0.270441	0.327231	-0.817983	-0.155010	-0.529131	0.164003	-1.348544	-1.321266	-0.364735	0.020012	1.293827	-0.036306	-0.177808	1.157933	0.341852	0.794337	1.895645	-0.162542	0.140671	-1.078543	0.120745	-0.854169	-0.491006	-1.700898	0.055485	1.539447	-0.043998	0.692606	-0.636351	1.828985	-0.346141	1.558852	0.664009	0.307918	0.153273	-0.132908	-1.301315	2.324450	0.463407	0.021799	-0.996476	-0.394182	-0.341445	-0.466332	0.089294	-2.052702	0.038588	-1.873268
-0.568869	-0.272708	0.330452	-0.815040	-0.152651	-0.537468	0.153415	-1.333741	-1.335097	-0.328009	0.011284	1.322571	-0.021542	-0.170434	1.162163	0.337871	0.766810	1.941494	-0.154931	0.140839	-1.098160	0.112857	-0.860516	-0.499223	-1.699565	-0.005900	1.540974	-0.123230	0.754866	-0.709906	1.832525	-0.464230	1.395199	0.758275	0.389959	0.220507	-0.221591	-1.401399	2.265835	0.341599	0.009641	-0.972971	-0.391055	-0.315379	-0.397776	0.052238	-3.142165	0.066116	-4.119913
-0.567691	-0.274982	0.333728	-0.811923	-0.150139	-0.545680	0.143084	-1.318349	-1.349662	-0.291434	0.001442	1.349635	-0.005975	-0.162210	1.166753	0.332989	0.738281	1.986278	-0.148878	0.141057	-1.117462	0.105103	-0.866784	-0.506917	-1.698809	-0.070202	1.542092	-0.208795	0.798991	-0.764993	1.821110	-0.547797	1.269218	0.818560	0.453775	0.247404	-0.289181	-1.476510	2.186000	0.224657	0.013421	-0.949505	-0.380982	-0.309423	-0.358497	0.008935	-3.360970	0.035501	-4.595016
-0.566359	-0.277268	0.337114	-0.808626	-0.147351	-0.553754	0.133299	-1.301781	-1.365697	-0.255164	-0.010628	1.373340	0.011200	-0.152283	1.172060	0.326304	0.707749	2.028934	-0.145945	0.141376	-1.136140	0.097618	-0.872893	-0.513563	-1.699208	-0.140339	1.542394	-0.307031	0.855571	-0.834802	1.793819	-0.652822	1.098749	0.888692	0.538388	0.480202	-0.245048	-1.529813	2.054813	0.065051	-0.040831	-0.914448	-0.362869	-0.299589	-0.315022	-0.001451	-3.358559	-0.025785	-4.735163
-0.564848	-0.279587	0.340557	-0.805218	-0.144286	-0.561624	0.124031	-1.284127	-1.383054	-0.219682	-0.024670	1.393585	0.029573	-0.140674	1.185961	0.323187	0.677089	2.068471	-0.146276	0.139424	-1.154040	0.090588	-0.878768	-0.519518	-1.698867	-0.204544	1.541060	-0.398201	0.896302	-0.884411	1.764260	-0.726785	0.968999	0.933590	0.601485	0.802511	-0.111250	-1.534629	1.937830	-0.057423	-0.125992	-0.885308	-0.345764	-0.290783	-0.289084	0.026271	-3.136072	-0.087103	-4.470189
-0.563246	-0.281923	0.344027	-0.801693	-0.141072	-0.569350	0.115012	-1.265929	-1.401073	-0.184594	-0.039699	1.412100	0.048544	-0.128224	1.204160	0.321854	0.646364	2.106447	-0.148241	0.136336	-1.171552	0.083787	-0.884525	-0.525127	-1.698157	-0.265782	1.538910	-0.485838	0.947165	-0.934467	1.710993	-0.808753	0.793090	0.977025	0.680086	1.483998	0.208658	-1.475243	1.780605	-0.190143	-0.290649	-0.834706	-0.316495	-0.285506	-0.265738	0.080195	-2.536269	-0.118774	-3.354941
-0.561336	-0.284338	0.347497	-0.798183	-0.137457	-0.576729	0.106740	-1.246240	-1.420433	-0.151242	-0.057021	1.425309	0.068654	-0.113471	1.245321	0.331533	0.618079	2.139695	-0.153882	0.127798	-1.187428	0.077929	-0.890188	-0.530147	-1.695659	-0.305995	1.536309	-0.532399	0.995749	-0.971237	1.648947	-0.878848	0.615668	1.009577	0.752928	2.223393	0.553048	-1.410554	1.625252	-0.309505	-0.463307	-0.777727	-0.283091	-0.282514	-0.249349	0.140211	-1.978993	-0.117904	-2.308226
-0.559311	-0.286790	0.350941	-0.794634	-0.133696	-0.583903	0.098691	-1.226099	-1.439922	-0.118636	-0.074853	1.436727	0.088927	-0.098107	1.293096	0.343976	0.589942	2.171457	-0.160622	0.117804	-1.202661	0.072463	-0.895825	-0.535101	-1.692548	-0.344942	1.534193	-0.578167	1.029640	-0.980979	1.593042	-0.917201	0.481349	1.021830	0.798760	2.719522	0.760338	-1.399460	1.513875	-0.391928	-0.572487	-0.729454	-0.253572	-0.280565	-0.244276	0.186241	-1.884052	-0.081593	-2.248797
-0.557054	-0.289315	0.354330	-0.791134	-0.129662	-0.590758	0.091106	-1.205054	-1.459672	-0.087520	-0.093709	1.444563	0.109527	-0.081521	1.354102	0.361947	0.562101	2.200250	-0.169559	0.104898	-1.216607	0.067786	-0.901410	-0.539918	-1.688210	-0.381357	1.533046	-0.622351	1.072553	-0.971386	1.512129	-0.953267	0.301927	1.028228	0.847416	3.320053	0.993201	-1.419152	1.369888	-0.495497	-0.699984	-0.659409	-0.210335	-0.279306	-0.243339	0.248647	-1.610028	-0.033066	-1.836677
-0.554540	-0.291933	0.357610	-0.787752	-0.125359	-0.597230	0.083955	-1.183197	-1.478778	-0.058151	-0.112984	1.448804	0.130056	-0.064210	1.425898	0.383704	0.533176	2.226253	-0.180442	0.089805	-1.229038	0.064050	-0.906997	-0.544834	-1.682602	-0.409343	1.532871	-0.651634	1.103020	-0.947249	1.446655	-0.969006	0.167114	1.025565	0.874562	3.724697	1.135196	-1.459776	1.265270	-0.568422	-0.782042	-0.602606	-0.174998	-0.279361	-0.247006	0.296217	-1.293916	0.003400	-1.277900
-0.551897	-0.294598	0.360835	-0.784387	-0.120914	-0.603477	0.077017	-1.160933	-1.497562	-0.029654	-0.132469	1.451247	0.150549	-0.046538	1.503090	0.407354	0.503710	2.250861	-0.192296	0.073617	-1.240711	0.060786	-0.912585	-0.549799	-1.676361	-0.433114	1.533182	-0.673467	1.140216	-0.871819	1.352581	-0.965072	-0.012088	1.009548	0.885178	4.131648	1.264043	-1.571223	1.132578	-0.656011	-0.864267	-0.448695	-0.043338	-0.284129	-0.417569	0.374776	-1.123745	0.043219	-1.082443
-0.548830	-0.297433	0.363813	-0.781364	-0.116078	-0.609097	0.070693	-1.137588	-1.513651	-0.004048	-0.151587	1.448320	0.170438	-0.028803	1.591164	0.434266	0.470327	2.271556	-0.206682	0.055234	-1.246985	0.062317	-0.918362	-0.561537	-1.667611	-0.454293	1.534600	-0.694932	1.175123	-0.764915	1.254953	-0.944206	-0.190732	0.986347	0.876770	4.457965	1.340307	-1.694223	1.004410	-0.737108	-0.928308	-0.324175	0.050039	-0.289385	-0.504050	0.460652	-1.015689	0.078440	-1.023890
-0.545609	-0.300335	0.366681	-0.778435	-0.111105	-0.614433	0.064553	-1.113929	-1.528159	0.020544	-0.170237	1.443618	0.190003	-0.011467	1.681408	0.460967	0.435941	2.291037	-0.221780	0.036484	-1.253678	0.062787	-0.924160	-0.569961	-1.657935	-0.473741	1.536319	-0.714423	1.198769	-0.646383	1.178879	-0.909197	-0.323904	0.962181	0.846889	4.620975	1.324623	-1.769598	0.913399	-0.790597	-0.955869	-0.355548	-0.029472	-0.290909	-0.255492	0.530225	-0.885959	0.101098	-0.875840
-0.542078	-0.303370	0.369330	-0.775783	-0.105872	-0.619271	0.058789	-1.089638	-1.539506	0.043108	-0.187955	1.435364	0.208925	0.005072	1.776003	0.487250	0.399543	2.308092	-0.238306	0.016999	-1.261207	0.061138	-0.929999	-0.571757	-1.646402	-0.489731	1.538643	-0.729966	1.227990	-0.450286	1.077036	-0.845339	-0.501075	0.926380	0.783565	4.726255	1.264200	-1.859886	0.796562	-0.855270	-0.974299	-0.325525	-0.053241	-0.295894	-0.094883	0.628623	-0.718518	0.128663	-0.694181
-0.538214	-0.306559	0.371704	-0.773475	-0.100385	-0.623547	0.053372	-1.064809	-1.546170	0.063625	-0.204051	1.423575	0.227059	0.019875	1.870458	0.511535	0.361545	2.322900	-0.255991	-0.002488	-1.266699	0.060658	-0.935996	-0.573756	-1.632790	-0.502482	1.541466	-0.742190	1.248166	-0.274673	1.000334	-0.784551	-0.633651	0.896835	0.718449	4.721102	1.189234	-1.919922	0.712311	-0.898778	-0.974373	-0.249115	-0.009387	-0.301844	-0.102518	0.706637	-0.597075	0.147346	-0.569735
-0.534181	-0.309825	0.373941	-0.771312	-0.094767	-0.627520	0.048125	-1.039711	-1.550493	0.083121	-0.219337	1.410018	0.244798	0.033810	1.964847	0.534820	0.322746	2.336584	-0.274257	-0.021976	-1.271172	0.060762	-0.942073	-0.575857	-1.618137	-0.513614	1.544537	-0.752755	1.271695	0.038803	0.901999	-0.650647	-0.800744	0.861450	0.589740	4.554910	1.049051	-1.946215	0.606805	-0.946812	-0.946964	-0.136074	0.059032	-0.311705	-0.128178	0.818729	-0.439799	0.167480	-0.421190
-0.529609	-0.313352	0.375684	-0.769794	-0.088779	-0.630581	0.043353	-1.013941	-1.544618	0.099705	-0.230077	1.391545	0.261517	0.043465	2.052655	0.553497	0.283697	2.347172	-0.293864	-0.040366	-1.272142	0.063019	-0.948464	-0.578883	-1.600041	-0.520074	1.548165	-0.759037	1.293024	0.359574	0.801381	-0.532609	-0.975639	0.830255	0.442770	4.287374	0.893918	-1.933978	0.505817	-0.988191	-0.901190	0.010496	0.186064	-0.320821	-0.287674	0.928676	-0.284402	0.182807	-0.282449
-0.524852	-0.316971	0.377297	-0.768406	-0.082684	-0.633400	0.038727	-0.987990	-1.536110	0.115176	-0.240641	1.370993	0.278009	0.051521	2.136342	0.570577	0.245387	2.356817	-0.313785	-0.058023	-1.270752	0.068205	-0.954905	-0.587364	-1.580990	-0.524990	1.551850	-0.764053	1.306677	0.557095	0.717875	-0.519458	-1.131681	0.813325	0.322893	3.978390	0.774145	-1.878507	0.435185	-1.011782	-0.846211	0.187516	0.405782	-0.324544	-0.696880	1.000303	-0.168613	0.187069	-0.187431
-0.519728	-0.320775	0.378651	-0.767313	-0.076374	-0.635762	0.034396	-0.961674	-1.522334	0.128420	-0.250855	1.346278	0.294050	0.056381	2.211790	0.584463	0.208556	2.364579	-0.334335	-0.074215	-1.264641	0.079250	-0.961446	-0.606758	-1.560029	-0.526819	1.555648	-0.766535	1.323402	0.815746	0.599463	-0.499219	-1.326388	0.816241	0.143158	3.487229	0.631091	-1.768993	0.345522	-1.036660	-0.754535	0.306988	0.537407	-0.329073	-0.847615	1.074958	-0.012901	0.186795	-0.059916
-0.514307	-0.324737	0.379861	-0.766338	-0.069929	-0.637883	0.030349	-0.935054	-1.503480	0.139155	-0.260610	1.317937	0.310658	0.057248	2.275831	0.595820	0.174627	2.370638	-0.355251	-0.088205	-1.258472	0.089701	-0.968068	-0.621269	-1.537992	-0.525506	1.559321	-0.766450	1.334849	1.006192	0.505359	-0.482018	-1.462403	0.837558	-0.006565	3.059524	0.536294	-1.660216	0.281662	-1.050396	-0.672008	0.309166	0.515127	-0.332144	-0.664505	1.115325	0.104871	0.182131	0.036339
-0.508736	-0.328779	0.381000	-0.765407	-0.063414	-0.639869	0.026444	-0.908280	-1.482086	0.148635	-0.270136	1.287782	0.327552	0.056118	2.334171	0.605914	0.142148	2.375846	-0.376351	-0.101095	-1.252275	0.099855	-0.974732	-0.633339	-1.515416	-0.522624	1.562933	-0.765081	1.348242	1.280090	0.331404	-0.489341	-1.640061	0.882793	-0.261393	2.395785	0.450058	-1.473785	0.203335	-1.059131	-0.534669	0.348532	0.562869	-0.332646	-0.622883	1.151276	0.261761	0.173485	0.171396
-0.502850	-0.333005	0.381944	-0.764637	-0.056801	-0.641528	0.022946	-0.881124	-1.452276	0.152411	-0.280183	1.252335	0.345970	0.046792	2.371662	0.613823	0.115676	2.378771	-0.397616	-0.109592	-1.244531	0.112216	-0.981374	-0.646184	-1.491940	-0.515036	1.566261	-0.759594	1.360330	1.547194	0.190860	-0.483426	-1.818469	0.921420	-0.485550	1.669562	0.390938	-1.266746	0.129515	-1.061497	-0.379177	0.406969	0.642841	-0.321147	-0.675489	1.180768	0.416681	0.149876	0.309026
-0.496904	-0.337274	0.382829	-0.763897	-0.050190	-0.643071	0.019576	-0.853867	-1.420199	0.156269	-0.289473	1.215043	0.364409	0.036696	2.400954	0.621552	0.091478	2.381026	-0.418811	-0.116262	-1.235996	0.125569	-0.987578	-0.660358	-1.468185	-0.505956	1.568928	-0.752720	1.367959	1.717311	0.197023	-0.426550	-1.956829	0.922973	-0.543262	1.054633	0.377528	-1.096265	0.079244	-1.056210	-0.242238	0.466365	0.717295	-0.288235	-0.775121	1.201850	0.528556	0.100344	0.413010
-0.490836	-0.341631	0.383599	-0.763246	-0.043585	-0.644412	0.016465	-0.826406	-1.383584	0.160292	-0.297245	1.174062	0.382889	0.025061	2.413848	0.628924	0.071825	2.381941	-0.439865	-0.119281	-1.225877	0.140908	-0.992904	-0.677189	-1.443866	-0.493894	1.570275	-0.743073	1.376900	1.882368	0.135064	-0.422907	-2.067947	0.920786	-0.666902	0.405025	0.392304	-0.916753	-0.108230	-1.043848	-0.044591	0.468108	0.747937	-0.306018	-0.704296	1.213434	0.670538	0.045612	0.548953
-0.484734	-0.346039	0.384267	-0.762672	-0.037056	-0.645567	0.013601	-0.798791	-1.344904	0.161672	-0.306389	1.132325	0.401240	0.010020	2.417155	0.637244	0.054808	2.376697	-0.460565	-0.118046	-1.217271	0.155486	-0.999818	-0.688530	-1.419647	-0.479135	1.570753	-0.730762	1.382636	1.959783	0.035959	-0.474302	-2.096203	0.915923	-0.794632	0.045520	0.427866	-0.817932	-0.339174	-1.030558	0.114949	0.411314	0.719425	-0.365591	-0.498401	1.209685	0.771619	0.013039	0.648873
-0.478616	-0.350473	0.384883	-0.762123	-0.030566	-0.646620	0.010859	-0.771100	-1.305193	0.161730	-0.316218	1.090213	0.419526	-0.006724	2.415668	0.646038	0.039108	2.368374	-0.481087	-0.114683	-1.209424	0.169685	-1.007527	-0.697125	-1.395479	-0.463029	1.570796	-0.717118	1.388395	2.291980	0.136562	-0.226525	-2.462173	1.055551	-0.828091	-0.125086	0.499386	-0.802457	-0.837588	-1.004712	0.324615	0.383496	0.674633	-0.352077	-0.366302	1.178515	0.891713	0.001085	0.773823
-0.472580	-0.354931	0.385366	-0.761679	-0.024298	-0.647432	0.008471	-0.743255	-1.253225	0.167134	-0.315450	1.033838	0.443462	-0.023104	2.412151	0.657219	0.022709	2.343194	-0.500753	-0.105061	-1.201932	0.182472	-1.013901	-0.703182	-1.372507	-0.443466	1.570796	-0.699809	1.392868	2.622449	0.273174	0.072332	-2.843034	1.204265	-0.812001	-0.199670	0.578578	-0.825143	-1.385945	-0.970103	0.524707	0.401607	0.694048	-0.317135	-0.397503	1.134408	1.000529	-0.000003	0.891116
-0.466616	-0.359379	0.385812	-0.761252	-0.018140	-0.648163	0.006194	-0.715386	-1.200295	0.172657	-0.313324	0.976492	0.467696	-0.039204	2.407682	0.669181	0.006102	2.312936	-0.519891	-0.093695	-1.193360	0.197447	-1.020213	-0.713025	-1.350103	-0.423008	1.570796	-0.681474	1.394755	2.694735	0.282093	0.174184	-2.916001	1.226669	-0.791105	-0.271136	0.637172	-0.840809	-1.766735	-0.930530	0.655550	0.482574	0.858167	-0.312421	-0.681499	1.091868	1.067793	0.000000	0.968087
-0.460794	-0.363807	0.386183	-0.760882	-0.012202	-0.648751	0.004142	-0.687465	-1.145435	0.178418	-0.308483	0.917198	0.492529	-0.054748	2.401306	0.682706	-0.010923	2.272524	-0.537974	-0.078839	-1.182629	0.216798	-1.026398	-0.730442	-1.328832	-0.400755	1.570796	-0.661085	1.396059	2.604914	0.278004	0.157606	-2.794221	1.055680	-0.758137	-0.362486	0.703806	-0.851415	-2.191389	-0.861780	0.794210	0.501189	0.937337	-0.303462	-0.712690	1.028827	1.141642	0.000000	1.055388
-0.455204	-0.368180	0.386493	-0.760562	-0.006556	-0.649220	0.002303	-0.659543	-1.096098	0.183777	-0.307020	0.864723	0.509924	-0.069530	2.393182	0.697334	-0.027954	2.225281	-0.554362	-0.061926	-1.173312	0.234940	-1.032351	-0.741533	-1.308950	-0.377342	1.570796	-0.639258	1.396090	2.397805	0.262947	0.030889	-2.538504	0.776753	-0.729556	-0.428021	0.745144	-0.851632	-2.447534	-0.798197	0.871347	0.448135	0.891948	-0.294727	-0.475459	0.976756	1.185122	0.000000	1.109344
-0.449729	-0.372525	0.386772	-0.760258	-0.001056	-0.649620	0.000572	-0.631621	-1.049523	0.188936	-0.307247	0.815658	0.523599	-0.083930	2.384185	0.712512	-0.044988	2.174623	-0.569902	-0.043985	-1.164703	0.252476	-1.038187	-0.749460	-1.289762	-0.353350	1.570796	-0.616712	1.394182	1.895496	0.190329	-0.320870	-1.980019	0.341885	-0.685638	-0.500518	0.778742	-0.814222	-2.652907	-0.697038	0.925948	0.401539	0.844169	-0.288269	-0.386377	0.898033	1.213229	-0.000003	1.143147
-0.444765	-0.376770	0.386962	-0.760023	0.003897	-0.649878	-0.000853	-0.603776	-1.020278	0.191390	-0.319855	0.785522	0.523599	-0.096955	2.373162	0.728483	-0.060523	2.119164	-0.582244	-0.024889	-1.157251	0.268707	-1.043882	-0.756988	-1.273028	-0.328813	1.570796	-0.593532	1.391003	1.403391	0.109270	-0.661567	-1.464713	0.000001	-0.637682	-0.554830	0.792518	-0.749860	-2.763098	-0.589760	0.949448	0.362256	0.800449	-0.282916	-0.357558	0.815484	1.225317	-0.000003	1.163071
-0.439991	-0.380937	0.387142	-0.759799	0.008632	-0.650092	-0.002182	-0.575981	-0.993387	0.193307	-0.333710	0.757070	0.523599	-0.109437	2.361992	0.744213	-0.074983	2.064099	-0.593493	-0.006007	-1.150213	0.284494	-1.049504	-0.763763	-1.257143	-0.304337	1.570796	-0.570189	1.387216	1.226854	0.068884	-0.755131	-1.338491	0.000000	-0.596979	-0.565809	0.774394	-0.669213	-2.733654	-0.507815	0.933283	0.331128	0.767234	-0.277489	-0.301094	0.751913	1.220740	0.000000	1.175395
-0.435601	-0.384947	0.387301	-0.759613	0.012931	-0.650233	-0.003316	-0.548287	-0.971204	0.194146	-0.350060	0.731983	0.523599	-0.120834	2.350529	0.759459	-0.087292	2.009818	-0.602556	0.012443	-1.144006	0.299396	-1.054981	-0.769032	-1.242952	-0.279983	1.570796	-0.546517	1.380891	0.974302	0.000342	-0.897074	-1.152487	0.000000	-0.544981	-0.535887	0.716616	-0.543087	-2.586538	-0.415970	0.879298	0.284261	0.718120	-0.269523	-0.225747	0.662145	1.191180	0.000000	1.157127
-0.431708	-0.388794	0.387440	-0.759459	0.016720	-0.650323	-0.004267	-0.520746	-0.954415	0.193320	-0.369593	0.710970	0.523599	-0.131237	2.340556	0.772877	-0.096706	1.960637	-0.610131	0.029165	-1.138843	0.313219	-1.060285	-0.772792	-1.230657	-0.256690	1.570796	-0.523904	1.375180	0.772002	-0.062086	-1.016419	-0.999697	0.000000	-0.507683	-0.480026	0.648068	-0.434540	-2.395302	-0.360142	0.814477	0.245091	0.677658	-0.263000	-0.169183	0.591058	1.151405	0.000000	1.117395
-0.428062	-0.392561	0.387570	-0.759318	0.020254	-0.650384	-0.005124	-0.493280	-0.940324	0.191662	-0.390717	0.691995	0.523599	-0.141142	2.331328	0.785382	-0.104673	1.914006	-0.616962	0.045022	-1.134202	0.326502	-1.065501	-0.775799	-1.219310	-0.233927	1.570796	-0.501821	1.365654	0.504118	-0.167292	-1.174203	-0.786403	0.000000	-0.458599	-0.303203	0.481464	-0.297267	-1.937157	-0.354744	0.674068	0.185606	0.611404	-0.253829	-0.088911	0.490949	1.056625	-0.000003	1.001552
-0.425292	-0.396032	0.387690	-0.759219	0.022915	-0.650405	-0.005720	-0.466119	-0.934251	0.186629	-0.416561	0.679514	0.523599	-0.149581	2.328428	0.792136	-0.108597	1.883151	-0.624321	0.056127	-1.131418	0.337675	-1.070438	-0.776349	-1.211019	-0.214425	1.570796	-0.483842	1.354839	0.242461	-0.287524	-1.326199	-0.568010	0.000000	-0.410018	-0.079757	0.291051	-0.146971	-1.409832	-0.375594	0.510496	0.121215	0.536998	-0.244346	-0.005287	0.387120	0.931704	-0.000003	0.838581
-0.422859	-0.399386	0.387815	-0.759127	0.025248	-0.650422	-0.006233	-0.439087	-0.930626	0.180161	-0.443765	0.669275	0.523599	-0.157542	2.328138	0.797024	-0.110552	1.857613	-0.631986	0.065442	-1.129353	0.347982	-1.075275	-0.776010	-1.203825	-0.196659	1.570796	-0.468278	1.345327	0.058836	-0.395049	-1.428257	-0.399932	0.000000	-0.374243	0.115937	0.151083	0.000646	-1.011115	-0.398521	0.376206	0.067332	0.472109	-0.236884	0.061348	0.304893	0.801546	0.000000	0.657497
-0.421098	-0.402509	0.387946	-0.759057	0.026925	-0.650434	-0.006580	-0.412306	-0.931897	0.170827	-0.473691	0.663517	0.523599	-0.164550	2.333066	0.798179	-0.108571	1.842706	-0.640262	0.071175	-1.128725	0.356560	-1.079913	-0.773895	-1.198823	-0.182363	1.570796	-0.457542	1.331350	-0.169475	-0.555349	-1.546937	-0.169739	0.000000	-0.326793	0.455350	-0.065468	0.179141	-0.369596	-0.462200	0.027618	-0.010493	0.377507	-0.227353	0.154781	0.191122	0.600367	-0.005251	0.369881
-0.420098	-0.405363	0.388099	-0.759011	0.027727	-0.650452	-0.006742	-0.385833	-0.937405	0.157947	-0.505642	0.662485	0.523599	-0.170614	2.346352	0.794405	-0.103386	1.842829	-0.650474	0.066546	-1.129773	0.363083	-1.084369	-0.769819	-1.196180	-0.172644	1.570586	-0.453482	1.319880	-0.328313	-0.688267	-1.622879	0.007470	0.000000	-0.291386	0.768781	-0.250326	0.299263	0.193968	-0.534788	-0.360965	-0.073355	0.300486	-0.220519	0.228292	0.102681	0.428750	-0.013125	0.119540
-0.419478	-0.408085	0.388262	-0.758946	0.028455	-0.650495	-0.006883	-0.359511	-0.945030	0.143296	-0.538606	0.663816	0.523599	-0.176206	2.363817	0.788166	-0.096600	1.850465	-0.661654	0.056737	-1.131659	0.368579	-1.088734	-0.764763	-1.194716	-0.165213	1.570271	-0.452760	1.302795	-0.443462	-0.821272	-1.655288	0.174174	0.000000	-0.259729	0.975609	-0.452763	0.350060	0.646469	-0.674891	-0.171394	-0.127006	0.221497	-0.211793	0.297917	0.022915	0.274967	0.000012	-0.085426
-0.419482	-0.410471	0.388471	-0.758896	0.028432	-0.650555	-0.006865	-0.333721	-0.955143	0.125097	-0.571854	0.669452	0.523599	-0.181003	2.385376	0.776295	-0.089384	1.868688	-0.677469	0.059691	-1.134853	0.371942	-1.092841	-0.757903	-1.195263	-0.161646	1.570586	-0.456899	1.284581	-0.500527	-0.918647	-1.648664	0.292042	0.000000	-0.238597	1.071668	-0.583491	0.365281	0.888959	-0.767456	0.081774	-0.160867	0.161483	-0.205716	0.346507	-0.028569	0.180719	0.013125	-0.195076
-0.419492	-0.412783	0.388696	-0.758845	0.028409	-0.650616	-0.006848	-0.308128	-0.965051	0.106550	-0.604553	0.675497	0.523599	-0.185750	2.406684	0.764827	-0.081989	1.886024	-0.692352	0.060008	-1.138094	0.375038	-1.096963	-0.750903	-1.195859	-0.157984	1.570796	-0.460563	1.269788	-0.485119	-0.944699	-1.607580	0.322729	0.000000	-0.234782	1.052785	-0.553223	0.378678	0.822452	-0.697452	-0.116005	-0.164363	0.141411	-0.206831	0.356928	-0.032163	0.187746	0.005198	-0.159436
-0.419512	-0.414943	0.388952	-0.758738	0.028313	-0.650746	-0.006773	-0.282929	-0.974548	0.087309	-0.636157	0.682361	0.523599	-0.190394	2.427488	0.754166	-0.074237	1.901586	-0.705368	0.055051	-1.141428	0.377599	-1.101114	-0.743625	-1.196550	-0.154136	1.570794	-0.463277	1.249034	-0.466228	-0.979818	-1.553161	0.366727	0.000000	-0.229999	1.087981	-0.503445	0.454663	0.796962	-0.627953	-0.220876	-0.168142	0.115441	-0.207722	0.370011	-0.037155	0.194849	-0.000101	-0.114965
-0.419543	-0.416959	0.389238	-0.758656	0.028229	-0.650845	-0.006709	-0.258167	-0.983700	0.067357	-0.666679	0.690166	0.523599	-0.194950	2.450203	0.744689	-0.063803	1.917902	-0.717470	0.051173	-1.144820	0.379656	-1.105272	-0.736103	-1.197345	-0.150190	1.570792	-0.465162	1.232714	-0.453301	-1.006457	-1.512636	0.402041	0.000000	-0.226643	1.159680	-0.459051	0.555250	0.825250	-0.593719	-0.180401	-0.170317	0.096558	-0.207946	0.379217	-0.041050	0.198478	-0.000122	-0.083900
-0.419580	-0.418904	0.389540	-0.758520	0.028075	-0.651011	-0.006589	-0.233621	-0.992680	0.047050	-0.696662	0.698443	0.523599	-0.199460	2.473875	0.735804	-0.052027	1.934596	-0.729116	0.047835	-1.148240	0.381461	-1.109432	-0.728457	-1.198192	-0.146197	1.570789	-0.466633	1.209510	-0.439161	-1.043152	-1.459636	0.454575	0.000000	-0.222641	1.140541	-0.441034	0.551960	0.782415	-0.558765	-0.172372	-0.173065	0.072925	-0.208497	0.389943	-0.046128	0.201453	-0.000146	-0.047222
-0.419637	-0.420645	0.389884	-0.758411	0.027936	-0.651145	-0.006483	-0.209786	-1.001266	0.025631	-0.725065	0.708349	0.523599	-0.203855	2.495825	0.727048	-0.041724	1.949199	-0.739821	0.044278	-1.151742	0.382573	-1.113612	-0.720505	-1.199190	-0.142132	1.570786	-0.467051	1.185289	-0.427143	-1.080759	-1.407245	0.510906	0.000000	-0.218918	1.095092	-0.432040	0.518354	0.721940	-0.526780	-0.174544	-0.175732	0.050275	-0.209242	0.399718	-0.051123	0.203332	-0.000176	-0.013412
-0.419702	-0.422322	0.390240	-0.758302	0.027797	-0.651280	-0.006377	-0.186209	-1.009766	0.003820	-0.752952	0.718879	0.523599	-0.208217	2.517678	0.718522	-0.031293	1.963474	-0.750188	0.040853	-1.155270	0.383472	-1.117802	-0.712468	-1.200237	-0.138063	1.570782	-0.467169	1.166009	-0.420615	-1.110211	-1.368669	0.557654	0.000000	-0.216417	1.087928	-0.414760	0.528033	0.697377	-0.501500	-0.164681	-0.177678	0.034346	-0.210053	0.406103	-0.054783	0.203687	-0.000194	0.009038
-0.419781	-0.423872	0.390623	-0.758113	0.027539	-0.651512	-0.006183	-0.163146	-1.018091	-0.018777	-0.779812	0.730655	0.523599	-0.212512	2.539342	0.710457	-0.020603	1.977094	-0.759881	0.037691	-1.158849	0.383947	-1.122014	-0.704261	-1.201381	-0.133985	1.570778	-0.466689	1.139352	-0.414327	-1.151026	-1.317894	0.624402	0.000000	-0.213305	1.075077	-0.392346	0.538282	0.664216	-0.470018	-0.152871	-0.160286	0.053348	-0.212783	0.312392	-0.059614	0.203372	-0.000212	0.036646
-0.419877	-0.425302	0.391030	-0.757979	0.027350	-0.651677	-0.006042	-0.140635	-1.026339	-0.042221	-0.805668	0.743855	0.523599	-0.216749	2.560682	0.702828	-0.009761	1.990042	-0.768988	0.034738	-1.161681	0.385606	-1.126313	-0.699972	-1.202621	-0.129928	1.570774	-0.465703	1.118609	-0.411409	-1.182762	-1.280266	0.677758	0.000000	-0.211133	1.062930	-0.375989	0.543960	0.639009	-0.448062	-0.145015	-0.132242	0.097778	-0.216067	0.165430	-0.063199	0.202538	-0.000221	0.055607
-0.419981	-0.426672	0.391448	-0.757838	0.027147	-0.651852	-0.005891	-0.118401	-1.034547	-0.066088	-0.831022	0.757766	0.523599	-0.220957	2.581859	0.695418	0.001155	2.002654	-0.777803	0.031890	-1.164139	0.387858	-1.130656	-0.697644	-1.203909	-0.125883	1.570769	-0.464465	1.089484	-0.411066	-1.227787	-1.230717	0.755800	0.000000	-0.208478	1.038861	-0.355166	0.546841	0.600970	-0.421667	-0.136759	-0.161579	0.028304	-0.216138	0.306010	-0.071558	0.361891	-0.001064	0.387040
-0.420114	-0.427874	0.391899	-0.757611	0.026812	-0.652131	-0.005647	-0.097056	-1.042781	-0.091333	-0.854897	0.774087	0.523599	-0.225088	2.602236	0.688622	0.012112	2.014081	-0.785855	0.029268	-1.168144	0.386738	-1.134959	-0.687732	-1.205484	-0.115453	1.570731	-0.450222	1.059360	-0.413066	-1.274705	-1.181455	0.838463	0.000000	-0.205959	1.034391	-0.318359	0.560315	0.561994	-0.373144	-0.121430	-0.201759	-0.059296	-0.217018	0.494784	-0.078425	0.460045	-0.003171	0.599614
-0.420256	-0.429024	0.392359	-0.757455	0.026580	-0.652323	-0.005478	-0.076027	-1.051070	-0.117076	-0.878280	0.791304	0.523599	-0.229196	2.623235	0.682683	0.023568	2.025134	-0.792729	0.027033	-1.172209	0.385486	-1.139337	-0.677852	-1.207046	-0.107482	1.570642	-0.440480	1.035628	-0.417173	-1.312138	-1.144704	0.905700	0.000000	-0.204198	1.081055	-0.254050	0.597783	0.533962	-0.284807	-0.092354	-0.206250	-0.069246	-0.222731	0.492406	-0.077540	0.275624	-0.006965	0.262016
-0.420419	-0.430070	0.392839	-0.757201	0.026192	-0.652636	-0.005201	-0.055631	-1.059468	-0.143818	-0.900685	0.810315	0.523599	-0.233256	2.645478	0.678460	0.036024	2.035439	-0.797247	0.025573	-1.176394	0.383968	-1.143868	-0.668036	-1.208585	-0.104428	1.570453	-0.439741	1.003051	-0.597942	-1.436158	-1.022072	1.281242	-0.000221	-0.122111	1.069731	-0.217779	0.592645	0.503629	-0.236697	-0.068669	-0.205114	-0.082363	-0.223371	0.488932	-0.079510	0.149500	-0.003189	0.044955
-0.420604	-0.431021	0.393336	-0.757026	0.025922	-0.652851	-0.005011	-0.035905	-1.074988	-0.174522	-0.919163	0.842554	0.523590	-0.234080	2.666024	0.673972	0.047274	2.045279	-0.802197	0.024286	-1.180414	0.382191	-1.148272	-0.658295	-1.210227	-0.101502	1.570515	-0.438682	0.977881	-0.864983	-1.584720	-0.874831	1.777308	-0.000551	-0.000732	1.006031	-0.227672	0.547450	0.486141	-0.252859	-0.062214	-0.198913	-0.092089	-0.218621	0.486086	-0.083351	0.144725	0.006261	0.056950
-0.420800	-0.431923	0.393841	-0.756755	0.025498	-0.653184	-0.004715	-0.016515	-1.094068	-0.207207	-0.935678	0.881407	0.523577	-0.233285	2.685719	0.669353	0.057922	2.054885	-0.807362	0.023085	-1.184351	0.380285	-1.152613	-0.648592	-1.211919	-0.098639	1.570703	-0.437463	0.942811	-1.535854	-1.851823	-0.604644	2.908404	-0.009726	0.309835	0.978756	-0.211975	0.543622	0.457084	-0.233780	-0.063084	-0.201714	-0.103201	-0.223362	0.482425	-0.087744	0.141736	0.004679	0.071790
-0.421033	-0.432694	0.394370	-0.756563	0.025195	-0.653419	-0.004509	0.001807	-1.136422	-0.248595	-0.943349	0.958890	0.523201	-0.221687	2.705174	0.665493	0.069019	2.063562	-0.811548	0.021763	-1.188483	0.378063	-1.157207	-0.638998	-1.213736	-0.095832	1.570702	-0.435811	0.906756	-2.363947	-2.144224	-0.353025	4.312298	-0.200714	0.682317	0.965989	-0.186941	0.552221	0.426239	-0.201973	-0.064487	-0.207099	-0.113594	-0.230661	0.479010	-0.091949	0.139543	-0.000042	0.085898
-0.421278	-0.433424	0.394904	-0.756372	0.024891	-0.653654	-0.004302	0.019755	-1.188625	-0.292976	-0.949799	1.053899	0.515548	-0.205993	2.724359	0.661875	0.080010	2.071935	-0.815441	0.020505	-1.192635	0.375741	-1.161839	-0.629432	-1.215597	-0.093057	1.570701	-0.434027	0.878626	-3.102744	-2.368719	-0.261456	5.626950	-0.746547	0.989485	0.945818	-0.168812	0.544304	0.403357	-0.179943	-0.059632	-0.208655	-0.121171	-0.233591	0.476904	-0.095239	0.137156	-0.000036	0.095695
-0.421549	-0.434075	0.395452	-0.756071	0.024408	-0.654023	-0.003982	0.036952	-1.260532	-0.343344	-0.953807	1.183968	0.493339	-0.182107	2.743007	0.658741	0.090791	2.079697	-0.818746	0.019377	-1.196829	0.373217	-1.166550	-0.619922	-1.217546	-0.090346	1.570701	-0.431983	0.840126	-3.956840	-2.524210	-0.153260	7.021743	-1.396994	1.358113	0.916409	-0.145593	0.531398	0.372940	-0.152090	-0.054179	-0.210905	-0.130873	-0.237572	0.474438	-0.099608	0.133979	-0.000042	0.107923
-0.421847	-0.434653	0.396010	-0.755866	0.024077	-0.654273	-0.003767	0.053360	-1.346899	-0.393944	-0.955929	1.334769	0.459669	-0.151668	2.761015	0.656051	0.101266	2.086852	-0.821524	0.018338	-1.201071	0.370506	-1.171342	-0.610454	-1.219581	-0.087698	1.570700	-0.429710	0.810493	-4.499084	-2.532893	-0.082536	7.799110	-1.826787	1.603854	0.892437	-0.128898	0.519946	0.350189	-0.132342	-0.050854	-0.212726	-0.137846	-0.240612	0.472832	-0.102866	0.131598	-0.000045	0.116466
-0.422160	-0.435196	0.396573	-0.755657	0.023739	-0.654528	-0.003549	0.069372	-1.440495	-0.444660	-0.957109	1.495933	0.420268	-0.117953	2.778704	0.653585	0.111589	2.093704	-0.824039	0.017343	-1.205338	0.367703	-1.176175	-0.601008	-1.221660	-0.085082	1.570699	-0.427324	0.769527	-5.023646	-2.509264	0.023283	8.188540	-1.682320	1.833866	0.856400	-0.108337	0.501104	0.319672	-0.108473	-0.047970	-0.215393	-0.146607	-0.244749	0.471234	-0.107160	0.128438	-0.000042	0.126604
-0.422516	-0.435642	0.397150	-0.755337	0.023217	-0.654917	-0.003222	0.084141	-1.547845	-0.494315	-0.954998	1.662311	0.392376	-0.078314	2.795271	0.651718	0.121310	2.099639	-0.825863	0.016419	-1.209687	0.364642	-1.181132	-0.591605	-1.223868	-0.082560	1.570698	-0.424646	0.727565	-5.445525	-2.514969	0.170459	8.309263	-1.365899	2.001881	0.817585	-0.088939	0.479853	0.288904	-0.086190	-0.046093	-0.218198	-0.154980	-0.248927	0.469898	-0.111428	0.125238	-0.000042	0.135814
-0.422889	-0.436060	0.397729	-0.755121	0.022865	-0.655179	-0.003003	0.098475	-1.658316	-0.545258	-0.950290	1.828303	0.365632	-0.037878	2.811408	0.650027	0.130783	2.105260	-0.827487	0.015500	-1.214066	0.361504	-1.186132	-0.582213	-1.226118	-0.080072	1.570697	-0.421892	0.694981	-5.680018	-2.611789	0.365274	8.280981	-1.279914	2.061752	0.785315	-0.075737	0.461192	0.265390	-0.071199	-0.045793	-0.220445	-0.160795	-0.252104	0.469097	-0.114599	0.122741	-0.000042	0.141580
-0.423292	-0.436422	0.398315	-0.754790	0.022320	-0.655581	-0.002678	0.111940	-1.775046	-0.598786	-0.940387	1.993550	0.341179	0.004157	2.826684	0.648688	0.139758	2.110255	-0.828711	0.014588	-1.218505	0.358210	-1.191216	-0.572841	-1.228452	-0.077651	1.570696	-0.418983	0.650552	-5.889067	-2.696908	0.710177	7.950127	-1.357864	2.057372	0.739598	-0.059283	0.433943	0.233442	-0.052425	-0.046270	-0.223532	-0.168132	-0.256366	0.468151	-0.118792	0.119280	-0.000045	0.148173
-0.423729	-0.436736	0.398905	-0.754567	0.021952	-0.655851	-0.002463	0.124497	-1.893879	-0.653135	-0.921883	2.146308	0.311317	0.044417	2.840991	0.647656	0.148141	2.114598	-0.829584	0.013649	-1.223007	0.354778	-1.196386	-0.563487	-1.230869	-0.075301	1.570695	-0.415965	0.616475	-5.968010	-2.727698	1.032703	7.481945	-1.560722	1.990888	0.703275	-0.047810	0.411719	0.209028	-0.039254	-0.047283	-0.225922	-0.173317	-0.259572	0.467521	-0.121909	0.116582	-0.000045	0.152289
-0.424182	-0.437026	0.399497	-0.754229	0.021394	-0.656259	-0.002145	0.136599	-2.013766	-0.707894	-0.899079	2.292828	0.278750	0.083792	2.854815	0.646776	0.156227	2.118616	-0.830281	0.012696	-1.227541	0.351277	-1.201599	-0.554140	-1.233328	-0.072988	1.570695	-0.412891	0.569581	-5.856052	-2.541715	1.520202	6.244689	-2.141826	1.742883	0.682974	-0.002326	0.371318	0.155592	0.047193	-0.028485	-0.229234	-0.179522	-0.263888	0.466646	-0.125915	0.112697	-0.000262	0.155818
-0.424687	-0.437255	0.400092	-0.754001	0.021015	-0.656534	-0.001939	0.147280	-2.128121	-0.754803	-0.861075	2.396096	0.225644	0.114132	2.868310	0.647563	0.162993	2.120822	-0.827696	0.012509	-1.232176	0.347597	-1.206942	-0.544821	-1.235906	-0.070793	1.570685	-0.409732	0.521701	-5.622750	-2.210777	1.982051	4.614931	-2.886155	1.394364	0.655377	0.035225	0.330916	0.108027	0.118223	-0.016861	-0.234115	-0.185157	-0.269732	0.465769	-0.129846	0.108906	-0.001591	0.158016
-0.425211	-0.437468	0.400687	-0.753774	0.020637	-0.656808	-0.001734	0.157467	-2.238676	-0.796325	-0.819797	2.477425	0.163304	0.139567	2.881030	0.648185	0.169464	2.122937	-0.825552	0.012022	-1.236906	0.343871	-1.212388	-0.535509	-1.238522	-0.068631	1.570631	-0.406571	0.484693	-5.337924	-1.806787	2.227694	2.969432	-3.578855	1.026386	0.597191	0.022881	0.308706	0.101227	0.085126	-0.039403	-0.241238	-0.188634	-0.277519	0.465152	-0.132731	0.106500	-0.004917	0.158145
-0.425772	-0.437649	0.401282	-0.753430	0.020063	-0.657221	-0.001442	0.166668	-2.341638	-0.827075	-0.771967	2.514873	0.082490	0.155188	2.892198	0.648478	0.175342	2.124871	-0.824291	0.010933	-1.241826	0.340052	-1.218043	-0.526215	-1.241215	-0.066533	1.570488	-0.403406	0.434345	-4.904694	-1.029146	2.602747	1.233178	-4.629786	0.623751	0.530767	0.020641	0.273355	0.080377	0.071783	-0.051336	-0.268671	-0.264271	-0.277820	0.589921	-0.136513	0.100939	-0.003526	0.156653
-0.426371	-0.437806	0.401874	-0.753201	0.019681	-0.657495	-0.001253	0.174841	-2.434864	-0.837491	-0.715687	2.526752	-0.021887	0.164517	2.902261	0.649011	0.180398	2.126152	-0.822681	0.009968	-1.247653	0.333300	-1.223501	-0.511913	-1.243983	-0.064594	1.570490	-0.400305	0.395838	-4.539752	-0.266689	2.919708	0.274348	-5.513529	0.387792	0.489348	0.029625	0.242543	0.055903	0.084873	-0.046693	-0.302699	-0.374255	-0.270492	0.777703	-0.139308	0.095004	0.001886	0.154288
-0.426990	-0.437951	0.402465	-0.752857	0.019105	-0.657907	-0.000981	0.182501	-2.523228	-0.837742	-0.655179	2.525847	-0.138051	0.170700	2.911772	0.649663	0.185043	2.127107	-0.820896	0.009066	-1.253934	0.325082	-1.228862	-0.495106	-1.246787	-0.062733	1.570564	-0.397235	0.343029	-3.975904	-0.006402	3.390635	-0.180960	-6.425104	0.250894	0.430161	0.039038	0.197930	0.023049	0.101146	-0.054653	-0.267217	-0.270694	-0.278130	0.582239	-0.140154	0.089017	-0.015384	0.148760
-0.427669	-0.438070	0.403050	-0.752629	0.018723	-0.658179	-0.000814	0.188562	-2.593900	-0.837747	-0.580062	2.519514	-0.278891	0.174552	2.919467	0.650572	0.188315	2.127074	-0.818635	0.007782	-1.258342	0.322473	-1.234626	-0.488623	-1.249589	-0.061033	1.569875	-0.394354	0.289224	-3.365582	0.000045	3.799912	-0.407135	-7.012407	0.177849	0.368816	0.047244	0.151378	-0.009960	0.116536	-0.066264	-0.222212	-0.132941	-0.289309	0.327705	-0.140291	0.083198	-0.038290	0.141609
-0.428369	-0.438186	0.403631	-0.752401	0.018341	-0.658450	-0.000648	0.194070	-2.657851	-0.837740	-0.503183	2.509562	-0.418547	0.177814	2.926525	0.651553	0.191098	2.126709	-0.816235	0.006415	-1.262822	0.319764	-1.240435	-0.481998	-1.252399	-0.059405	1.569032	-0.391570	0.247759	-2.861565	0.000930	3.932139	-0.678557	-6.923766	0.133481	0.320989	0.052600	0.114771	-0.034928	0.126982	-0.072579	-0.227681	-0.140359	-0.292614	0.338318	-0.140983	0.077771	-0.049782	0.134388
-0.429111	-0.438293	0.404205	-0.752063	0.017773	-0.658852	-0.000427	0.198473	-2.708363	-0.837710	-0.422776	2.492371	-0.555842	0.179892	2.932307	0.652676	0.192906	2.125677	-0.813556	0.004879	-1.267449	0.316858	-1.246331	-0.475090	-1.255228	-0.057922	1.567883	-0.388979	0.191497	-2.134007	0.000453	3.954288	-1.130944	-6.305765	0.081350	0.255477	0.059009	0.064424	-0.068468	0.140099	-0.081673	-0.235310	-0.150914	-0.296962	0.354532	-0.143251	0.070191	-0.057876	0.123110
-0.429897	-0.438400	0.404770	-0.751840	0.017398	-0.659116	-0.000290	0.201730	-2.743211	-0.837722	-0.345011	2.464324	-0.670778	0.181068	2.936744	0.653913	0.193675	2.123970	-0.810631	0.003148	-1.272235	0.313728	-1.252313	-0.467817	-1.258129	-0.056598	1.566717	-0.386646	0.148560	-1.546586	-0.001146	3.855162	-1.538074	-5.467191	0.047517	0.205016	0.063264	0.025506	-0.093812	0.149326	-0.088999	-0.241277	-0.159325	-0.300169	0.368229	-0.145945	0.064246	-0.058532	0.113411
-0.430705	-0.438507	0.405331	-0.751619	0.017025	-0.659378	-0.000164	0.204415	-2.770226	-0.837756	-0.268570	2.430848	-0.774530	0.181792	2.940507	0.655207	0.193926	2.121924	-0.807583	0.001319	-1.277100	0.310485	-1.258338	-0.460361	-1.261066	-0.055352	1.565542	-0.384442	0.089828	-0.701070	0.294800	3.499182	-2.216679	-3.621201	0.020711	0.134754	0.067943	-0.028756	-0.128061	0.160587	-0.098816	-0.252819	-0.170951	-0.307661	0.389069	-0.148827	0.055777	-0.061995	0.098216
-0.431582	-0.438625	0.405875	-0.751293	0.016476	-0.659764	-0.000000	0.205323	-2.771254	-0.825930	-0.205044	2.375657	-0.815626	0.181896	2.942134	0.656631	0.192525	2.118847	-0.804207	-0.000805	-1.282347	0.306890	-1.264620	-0.452254	-1.264082	-0.054367	1.564237	-0.382717	0.030471	0.062096	0.582029	3.057653	-2.974695	-1.501252	-0.055315	0.063574	0.072537	-0.083843	-0.162464	0.171277	-0.109705	-0.262240	-0.182842	-0.312948	0.410824	-0.152150	0.047109	-0.063676	0.081693
-0.432484	-0.438750	0.406413	-0.751077	0.016112	-0.660018	0.000102	0.205634	-2.767742	-0.814475	-0.146264	2.311861	-0.834580	0.179580	2.943050	0.658108	0.190572	2.115426	-0.800732	-0.003069	-1.287589	0.303171	-1.270856	-0.443928	-1.267152	-0.053468	1.562995	-0.381175	-0.014344	0.402582	0.554298	2.701901	-3.620160	0.159268	-0.236811	0.010324	0.076531	-0.125242	-0.188321	0.178796	-0.120248	-0.261834	-0.192051	-0.309512	0.427271	-0.156155	0.040570	-0.059003	0.068016
-0.433434	-0.438890	0.406937	-0.750764	0.015584	-0.660387	0.000222	0.204749	-2.755151	-0.803758	-0.096968	2.230850	-0.809255	0.172424	2.942547	0.659692	0.187515	2.111315	-0.797055	-0.005614	-1.292821	0.299208	-1.277000	-0.435163	-1.270328	-0.052744	1.561877	-0.379997	-0.070512	0.638700	0.460638	2.302126	-4.296571	1.852006	-0.518497	-0.057262	0.082135	-0.178624	-0.220990	0.189075	-0.132781	-0.266919	-0.200516	-0.311360	0.445519	-0.161028	0.033532	-0.058106	0.050655
-0.434442	-0.439048	0.407446	-0.750560	0.015238	-0.660627	0.000304	0.202813	-2.742194	-0.796049	-0.054179	2.139998	-0.760500	0.158840	2.940760	0.661394	0.183427	2.106586	-0.793169	-0.008380	-1.298266	0.295151	-1.283310	-0.426107	-1.273593	-0.052127	1.560671	-0.379148	-0.109952	0.652397	0.347863	2.058106	-4.665643	2.730694	-0.759534	-0.105399	0.086549	-0.217299	-0.244123	0.196970	-0.141034	-0.274941	-0.204000	-0.317562	0.456429	-0.164324	0.029513	-0.061429	0.038285
-0.435477	-0.439216	0.407947	-0.750260	0.014731	-0.660979	0.000432	0.200351	-2.729055	-0.789844	-0.014643	2.044225	-0.700028	0.142042	2.938331	0.663154	0.178823	2.101550	-0.789177	-0.011256	-1.303818	0.291048	-1.289703	-0.416906	-1.276901	-0.051563	1.559420	-0.378465	-0.155365	0.654387	0.272480	1.698229	-4.545665	3.242752	-1.034283	-0.160521	0.094342	-0.263426	-0.271386	0.208072	-0.152876	-0.280416	-0.201686	-0.322485	0.460854	-0.166035	0.027617	-0.087881	0.024332
-0.436613	-0.439417	0.408422	-0.750069	0.014409	-0.661202	0.000553	0.196599	-2.716019	-0.785150	0.013751	1.958171	-0.630789	0.117469	2.934339	0.665167	0.172890	2.095731	-0.784846	-0.014495	-1.309483	0.287083	-1.296209	-0.407673	-1.280234	-0.051022	1.557155	-0.378175	-0.195995	0.618649	0.231819	1.327242	-4.061532	3.346552	-1.231817	-0.209719	0.103341	-0.306017	-0.296313	0.219586	-0.164994	-0.283465	-0.194194	-0.326321	0.457770	-0.170606	0.028083	-0.104600	0.012268
-0.437786	-0.439630	0.408887	-0.749879	0.014086	-0.661425	0.000675	0.192512	-2.704309	-0.780571	0.038446	1.881763	-0.566166	0.092769	2.929942	0.667288	0.166583	2.089697	-0.780393	-0.017856	-1.315157	0.283280	-1.302755	-0.398595	-1.283726	-0.050440	1.555236	-0.377974	-0.221096	0.519156	0.223199	1.049840	-3.338081	3.000504	-1.241236	-0.240129	0.111371	-0.334092	-0.312388	0.228712	-0.174076	-0.284219	-0.182140	-0.329244	0.446153	-0.182477	0.031151	-0.078720	0.005560
-0.439035	-0.439869	0.409332	-0.749610	0.013631	-0.661738	0.000961	0.187755	-2.695252	-0.776222	0.055744	1.824648	-0.510769	0.067819	2.924734	0.669622	0.159527	2.083235	-0.775697	-0.021458	-1.320852	0.279798	-1.309379	-0.389827	-1.287533	-0.049776	1.554007	-0.377953	-0.249783	0.266379	0.193056	0.661280	-2.232444	2.267815	-1.065538	-0.275099	0.122958	-0.368243	-0.331515	0.242066	-0.173890	-0.284359	-0.156681	-0.333059	0.415466	-0.194326	0.036261	-0.065014	-0.000625
-0.440370	-0.440136	0.409755	-0.749437	0.013338	-0.661940	0.001202	0.182520	-2.693654	-0.772849	0.064897	1.792465	-0.475453	0.050148	2.918938	0.672206	0.151853	2.076437	-0.770711	-0.024811	-1.326531	0.277013	-1.316078	-0.381977	-1.291499	-0.048989	1.552635	-0.377999	-0.267705	-0.013298	0.156458	0.355835	-1.297429	1.514789	-0.792548	-0.297147	0.132309	-0.391385	-0.344133	0.252970	-0.164525	-0.283808	-0.130545	-0.335851	0.381047	-0.200230	0.040858	-0.070339	-0.003191
-0.441746	-0.440418	0.410167	-0.749271	0.013056	-0.662133	0.001494	0.177047	-2.695784	-0.769964	0.069978	1.772751	-0.450178	0.036117	2.912848	0.674914	0.143871	2.069470	-0.765579	-0.028039	-1.332204	0.274576	-1.322813	-0.374585	-1.295543	-0.048142	1.551193	-0.378080	-0.284441	-0.195134	0.137430	0.121997	-0.505835	0.654798	-0.184926	-0.317132	0.146881	-0.416673	-0.357562	0.264665	-0.207471	0.304645	1.929963	-0.370476	-3.791428	-0.216076	0.060329	-0.065005	-0.001659
-0.443265	-0.440747	0.410543	-0.749035	0.012657	-0.662406	0.002064	0.171143	-2.701459	-0.767352	0.069777	1.772232	-0.449261	0.042751	2.906253	0.678081	0.135186	2.062134	-0.760124	-0.033110	-1.314346	0.354211	-1.330897	-0.533634	-1.300142	-0.046576	1.550035	-0.378066	-0.296392	-0.301564	0.131354	-0.013901	-0.020677	0.059841	0.300901	-0.331491	0.162138	-0.438726	-0.368732	0.277157	-0.246124	0.975102	4.104548	-0.349456	-8.303194	-0.231907	0.081712	-0.061390	0.003502
-0.444835	-0.441094	0.410905	-0.748882	0.012398	-0.662583	0.002488	0.165191	-2.707847	-0.764710	0.069422	1.771924	-0.447784	0.048153	2.899588	0.681400	0.126322	2.054721	-0.754492	-0.037884	-1.293200	0.438758	-1.336792	-0.706713	-1.304819	-0.044873	1.548738	-0.377940	-0.299978	-0.355041	0.133611	-0.025541	-0.004929	0.101887	0.208533	-0.336707	0.173548	-0.452185	-0.374579	0.290450	-0.223889	1.221743	4.473144	-0.185317	-9.355942	-0.237787	0.092049	-0.071889	0.011828
-0.446510	-0.441476	0.411242	-0.748675	0.012050	-0.662819	0.003371	0.159144	-2.715661	-0.762007	0.068756	1.772035	-0.445185	0.051092	2.892785	0.685023	0.117099	2.047151	-0.748506	-0.042066	-1.265476	0.533137	-1.338309	-0.907872	-1.309653	-0.042894	1.547160	-0.377593	-0.299977	-0.400203	0.138929	-0.032393	0.009745	0.131449	0.153550	-0.337529	0.189798	-0.466703	-0.380170	0.305143	-0.232875	1.197112	3.789949	-0.158983	-8.600307	-0.253445	0.120454	-0.073919	0.027470
-0.448297	-0.441896	0.411549	-0.748509	0.011772	-0.663006	0.004295	0.153192	-2.723855	-0.759152	0.068126	1.772313	-0.442526	0.054295	2.886087	0.688992	0.107654	2.039514	-0.742287	-0.047199	-1.245315	0.590356	-1.343151	-1.050725	-1.314957	-0.040055	1.545781	-0.376842	-0.296385	-0.414467	0.144647	-0.031035	0.016022	0.133727	0.163447	-0.333554	0.202762	-0.475011	-0.382698	0.313887	-0.268583	0.913513	2.396564	-0.283617	-6.414087	-0.271043	0.152723	-0.066456	0.042602
-0.450141	-0.442336	0.411843	-0.748362	0.011528	-0.663170	0.005238	0.147288	-2.732239	-0.756221	0.067514	1.772676	-0.439836	0.057630	2.879442	0.693134	0.098098	2.031843	-0.735950	-0.052809	-1.228935	0.628999	-1.349654	-1.164435	-1.320495	-0.036785	1.544501	-0.375889	-0.284434	-0.426173	0.150052	-0.025805	0.020394	0.138977	0.169228	-0.320750	0.219469	-0.482196	-0.382769	0.329709	-0.277333	0.601748	0.819096	-0.327665	-3.858414	-0.301841	0.318354	-0.073108	0.303525
-0.452169	-0.442838	0.412090	-0.748235	0.011321	-0.663305	0.006456	0.141815	-2.740902	-0.753150	0.067094	1.773129	-0.436967	0.061064	2.873257	0.697771	0.088366	2.024203	-0.729098	-0.058293	-1.221245	0.623120	-1.356257	-1.205062	-1.327030	-0.027321	1.542856	-0.364701	-0.267703	-0.432998	0.153904	-0.018460	0.022209	0.144734	0.172715	-0.302750	0.235972	-0.486717	-0.380659	0.346574	-0.277658	0.334483	-0.588086	-0.298366	-1.539773	-0.324327	0.428256	-0.082237	0.467026
-0.454263	-0.443362	0.412321	-0.748115	0.011128	-0.663430	0.007778	0.136580	-2.749559	-0.750065	0.066776	1.773564	-0.434047	0.064539	2.867332	0.702572	0.078630	2.016617	-0.722088	-0.063915	-1.215556	0.605476	-1.361589	-1.226026	-1.333468	-0.019655	1.541212	-0.357208	-0.249782	-0.432658	0.154975	-0.010758	0.020805	0.148547	0.175740	-0.283211	0.248340	-0.487057	-0.376660	0.358473	-0.288099	0.184441	-1.470509	-0.202978	-0.064924	-0.317004	0.293335	-0.082207	0.189868
-0.456490	-0.443931	0.412519	-0.748008	0.010962	-0.663534	0.009309	0.131823	-2.758208	-0.746951	0.066663	1.773961	-0.431025	0.068094	2.861929	0.707704	0.068884	2.009137	-0.714759	-0.069816	-1.213868	0.564299	-1.364377	-1.207659	-1.339710	-0.015587	1.539568	-0.357106	-0.221099	-0.421488	0.155063	0.012176	0.016820	0.154123	0.176425	-0.252175	0.264306	-0.485127	-0.369221	0.377062	-0.289238	-0.025132	-2.527854	-0.030807	2.042472	-0.322470	0.221392	-0.088239	0.021356
-0.458857	-0.444549	0.412682	-0.747914	0.010826	-0.663614	0.011074	0.127736	-2.766419	-0.743863	0.067263	1.774237	-0.427882	0.071596	2.857245	0.713145	0.059225	2.001848	-0.707005	-0.075485	-1.216561	0.504362	-1.362821	-1.144327	-1.346367	-0.010800	1.537682	-0.356353	-0.195999	-0.405067	0.154126	0.038873	0.012249	0.158670	0.174427	-0.225157	0.275891	-0.481900	-0.362051	0.393052	-0.280509	-0.189450	-3.231461	0.132072	3.728714	-0.337997	0.248408	-0.097314	0.045754
-0.461295	-0.445190	0.412827	-0.747826	0.010703	-0.663682	0.012956	0.123983	-2.774411	-0.740786	0.068218	1.774451	-0.424678	0.075071	2.852922	0.718740	0.049608	1.994655	-0.699037	-0.081037	-1.221446	0.435041	-1.359094	-1.058510	-1.353230	-0.005651	1.535676	-0.355276	-0.155367	-0.402701	0.149652	0.025686	0.003308	0.160229	0.175967	-0.181699	0.290897	-0.474256	-0.349432	0.402829	-0.329058	-0.562191	-4.111864	0.172862	6.130064	-0.368646	0.351482	-0.097194	0.148654
-0.463959	-0.445909	0.412917	-0.747757	0.010628	-0.663711	0.015227	0.121521	-2.782527	-0.737877	0.068290	1.774369	-0.421473	0.078634	2.849977	0.724781	0.040254	1.987870	-0.690892	-0.088647	-1.239049	0.339887	-1.355906	-0.899125	-1.361113	0.003260	1.533795	-0.350407	-0.109951	-0.398338	0.163308	0.053572	-0.017104	0.196055	0.215014	-0.133550	0.305183	-0.464566	-0.334835	0.416678	-0.363417	-0.851610	-4.402876	0.178000	7.507852	-0.397381	0.423560	-0.095671	0.200224
-0.466703	-0.446655	0.412986	-0.747693	0.010568	-0.663724	0.017642	0.119585	-2.790344	-0.734254	0.070361	1.773767	-0.416836	0.083672	2.847580	0.730947	0.031025	1.981261	-0.682370	-0.095574	-1.255510	0.258926	-1.351974	-0.758196	-1.369126	0.011291	1.531849	-0.347267	-0.070511	-0.375962	0.216770	0.203491	-0.056100	0.303415	0.325550	-0.092483	0.314626	-0.455242	-0.321716	0.444929	-0.312146	-0.765979	-3.338576	0.233936	6.123739	-0.407198	0.357613	-0.100520	0.070634
-0.469607	-0.447455	0.413017	-0.747639	0.010542	-0.663708	0.020341	0.118701	-2.797565	-0.729206	0.076430	1.772125	-0.409336	0.091656	2.846278	0.737366	0.022045	1.975002	-0.673095	-0.101133	-1.269688	0.206344	-1.346549	-0.654175	-1.377401	0.017564	1.529774	-0.347582	0.076216	-0.333065	0.239372	0.243081	-0.072169	0.329005	0.363824	-0.005311	0.323609	-0.412824	-0.269285	0.450595	-0.344450	-0.439578	-1.362456	0.333825	3.104073	-0.435728	0.829247	-0.086692	0.765237
-0.472675	-0.448312	0.413009	-0.747790	0.011405	-0.663379	0.024506	0.122634	-2.803667	-0.724679	0.080084	1.770880	-0.403676	0.098225	2.847368	0.743891	0.014512	1.970490	-0.664346	-0.109352	-1.273093	0.204428	-1.338621	-0.634033	-1.386555	0.044461	1.528381	-0.316657	0.256870	-0.291079	0.219806	0.152542	-0.057274	0.260019	0.310690	0.084388	0.327633	-0.358508	-0.203750	0.430828	-0.444168	-0.035590	0.537536	0.427714	-0.041513	-0.468695	1.602633	-0.061101	1.936727
-0.475825	-0.449196	0.412982	-0.748035	0.012714	-0.662886	0.029404	0.128976	-2.809209	-0.720414	0.082532	1.769834	-0.398936	0.104084	2.849654	0.750471	0.007704	1.966852	-0.655862	-0.118900	-1.271112	0.227846	-1.329440	-0.655835	-1.396148	0.081670	1.527330	-0.270113	0.604696	-0.175679	0.233756	0.185005	-0.032970	0.231729	0.300234	0.227952	0.325197	-0.253013	-0.076795	0.432499	-0.441838	0.298768	1.544267	0.668323	-1.404172	-0.505564	3.343156	-0.044197	4.867615
-0.479196	-0.450140	0.412935	-0.748819	0.016422	-0.661484	0.037938	0.146822	-2.810694	-0.715329	0.087485	1.769562	-0.394407	0.110234	2.856486	0.756899	0.004392	1.967418	-0.647046	-0.127025	-1.261143	0.266198	-1.311888	-0.690200	-1.406777	0.178187	1.526613	-0.121953	0.973403	-0.052565	0.260283	0.250812	-0.005004	0.223543	0.311095	0.368929	0.319199	-0.141310	0.057989	0.439613	-0.408616	0.570139	2.007280	0.944901	-1.775074	-0.488433	4.267341	-0.070307	6.201902
-0.482630	-0.451093	0.412899	-0.749711	0.020823	-0.659728	0.047533	0.167912	-2.811311	-0.710002	0.092564	1.769634	-0.389994	0.116528	2.864411	0.763239	0.002052	1.969171	-0.638277	-0.135244	-1.248306	0.308137	-1.291644	-0.726838	-1.415686	0.252363	1.524518	-0.022037	1.216735	0.012565	0.278451	0.260303	0.020882	0.214862	0.321915	0.450891	0.312546	-0.068362	0.147015	0.436190	-0.415673	0.785196	2.276292	1.146716	-1.945649	-0.359419	2.591869	-0.173739	2.583835
-0.486190	-0.452065	0.412885	-0.750840	0.026610	-0.657284	0.059247	0.195491	-2.810192	-0.704191	0.097897	1.770397	-0.385812	0.123110	2.874522	0.769401	0.001657	1.973299	-0.629599	-0.143652	-1.229735	0.357250	-1.266019	-0.768026	-1.421154	0.281862	1.519664	-0.018599	1.511718	0.086296	0.300464	0.260848	0.059351	0.204441	0.335152	0.538385	0.301638	0.019928	0.255552	0.430021	-0.423581	1.074240	2.526148	1.420873	-1.954447	-0.228494	1.519454	-0.283682	0.091553
-0.489854	-0.453037	0.412924	-0.752137	0.033570	-0.654116	0.072776	0.228381	-2.807859	-0.697984	0.102998	1.772008	-0.381816	0.129934	2.885946	0.775304	0.002849	1.979393	-0.621076	-0.152187	-1.205337	0.409183	-1.234810	-0.805016	-1.424825	0.313141	1.513170	-0.018375	1.710843	0.131768	0.315306	0.252168	0.091177	0.197481	0.344177	0.587660	0.291917	0.079424	0.329331	0.424179	-0.428371	1.292747	2.631869	1.630279	-1.797014	-0.161099	1.586210	-0.345176	-0.028931
-0.493569	-0.454008	0.412990	-0.753387	0.041111	-0.650472	0.087200	0.263925	-2.804921	-0.691579	0.107983	1.774044	-0.377913	0.136878	2.898028	0.781078	0.004834	1.986472	-0.612632	-0.160787	-1.178025	0.462525	-1.200808	-0.839907	-1.427598	0.345311	1.505857	-0.019756	1.932051	0.172681	0.329763	0.222745	0.137240	0.194521	0.351841	0.620735	0.274725	0.146752	0.412968	0.411156	-0.431864	1.631972	2.782936	1.917055	-1.776835	-0.061828	1.684722	-0.410357	-0.086174
-0.497409	-0.454950	0.413188	-0.754818	0.050082	-0.645719	0.103868	0.305663	-2.800952	-0.684793	0.111908	1.777498	-0.374035	0.144008	2.910776	0.786293	0.008719	1.995912	-0.604630	-0.169462	-1.140058	0.520500	-1.158127	-0.876090	-1.427299	0.380530	1.496756	-0.021822	2.123752	0.200957	0.339961	0.182023	0.184560	0.192071	0.359480	0.632447	0.254355	0.206684	0.486660	0.393897	-0.433338	2.021843	2.893262	2.242187	-1.759367	0.041407	1.781663	-0.410858	-0.088781
-0.501278	-0.455872	0.413446	-0.756087	0.059402	-0.640423	0.121091	0.348875	-2.796883	-0.677980	0.115264	1.781426	-0.370230	0.151257	2.923326	0.791252	0.013102	2.005938	-0.596876	-0.178120	-1.097151	0.578255	-1.111120	-0.910281	-1.425942	0.416577	1.489422	-0.023308	2.234393	0.208527	0.342011	0.139439	0.220186	0.186644	0.368433	0.617677	0.235090	0.243999	0.530598	0.375353	-0.432074	2.392361	2.876760	2.566701	-1.610032	0.120723	1.843721	-0.278336	-0.045365
-0.505208	-0.456754	0.413825	-0.757273	0.069431	-0.634249	0.139446	0.395038	-2.792611	-0.671113	0.117485	1.786305	-0.366570	0.158745	2.935483	0.795697	0.018479	2.017136	-0.589616	-0.186745	-1.044363	0.635571	-1.055459	-0.940491	-1.422470	0.454279	1.485623	-0.023636	2.352411	0.208527	0.338656	0.076671	0.267351	0.186174	0.376767	0.581563	0.204019	0.289494	0.578541	0.348519	-0.426628	2.881935	2.796465	2.995402	-1.375419	0.235081	1.773983	-0.162888	-0.186420
-0.509186	-0.457531	0.414348	-0.758340	0.079927	-0.627206	0.158572	0.442971	-2.788542	-0.664434	0.118331	1.792120	-0.362783	0.166327	2.946589	0.799413	0.024681	2.029080	-0.582935	-0.195185	-0.981874	0.690114	-0.991304	-0.965298	-1.416538	0.487536	1.482907	-0.030765	2.418750	0.200945	0.331567	0.025102	0.302473	0.190893	0.380309	0.542146	0.176676	0.320415	0.606489	0.326808	-0.419715	3.245710	2.692468	3.313880	-1.172812	0.327289	1.607279	-0.122231	-0.441421
-0.513189	-0.458254	0.414942	-0.759118	0.090628	-0.619542	0.178030	0.491788	-2.784573	-0.657850	0.118489	1.798404	-0.358934	0.173957	2.957169	0.802764	0.031296	2.041396	-0.576544	-0.203534	-0.914535	0.743269	-0.922904	-0.987403	-1.409378	0.518570	1.480733	-0.041293	2.462967	0.176907	0.314170	-0.061263	0.337464	0.204726	0.376391	0.451273	0.065549	0.329127	0.559717	0.357464	-0.467917	3.783274	2.452081	3.804836	-0.842996	0.458026	0.745617	0.423467	-1.874913
-0.517204	-0.458916	0.415822	-0.759857	0.101657	-0.610769	0.198103	0.541490	-2.781465	-0.651867	0.115881	1.805619	-0.354594	0.181383	2.964639	0.802035	0.037846	2.051469	-0.568636	-0.213902	-0.830543	0.788197	-0.839111	-0.999018	-1.398217	0.517361	1.499846	-0.105761	2.477778	0.173604	0.294928	-0.142545	0.344816	0.213101	0.380688	0.347489	-0.037757	0.333695	0.516576	0.370343	-0.504080	4.319142	2.140875	4.316540	-0.479649	0.568309	-0.067650	0.899437	-3.153898
-0.521216	-0.459529	0.416810	-0.760287	0.112628	-0.601419	0.218113	0.590899	-2.777629	-0.646053	0.112788	1.812197	-0.350410	0.189185	2.971068	0.801254	0.044644	2.062059	-0.561730	-0.223697	-0.741769	0.828904	-0.750242	-1.006589	-1.386646	0.515864	1.516711	-0.167449	2.455717	0.228190	0.282273	-0.178857	0.297016	0.201432	0.408845	0.269312	-0.041623	0.352165	0.555325	0.295261	-0.461010	4.677537	1.824223	4.696980	-0.176378	0.599116	-0.089170	0.730804	-2.945132
-0.525223	-0.460042	0.418017	-0.760550	0.123534	-0.591280	0.238100	0.639719	-2.772338	-0.640576	0.108726	1.817500	-0.346537	0.197737	2.975412	0.800370	0.051933	2.073682	-0.556826	-0.232343	-0.643441	0.861166	-0.651232	-1.006073	-1.374253	0.513794	1.529078	-0.223566	2.396661	0.197715	0.253761	-0.270235	0.303140	0.213972	0.409391	0.143951	-0.079092	0.364790	0.561136	0.223653	-0.424707	5.001965	1.334199	5.129942	0.253500	0.660291	-0.124708	0.483727	-2.640574
-0.529204	-0.460436	0.419475	-0.760704	0.134123	-0.580463	0.257688	0.686766	-2.769721	-0.635902	0.101978	1.824322	-0.341851	0.205560	2.976826	0.798090	0.059235	2.084504	-0.552784	-0.240685	-0.541691	0.882272	-0.545045	-0.996449	-1.360234	0.510876	1.536060	-0.273072	2.330232	0.097430	0.223662	-0.370992	0.360137	0.244457	0.382068	0.034094	-0.131434	0.365268	0.531131	0.191343	-0.413345	5.130383	0.915916	5.399106	0.595012	0.721276	-0.156513	0.281820	-2.392672
-0.533171	-0.460771	0.421059	-0.760575	0.144509	-0.569137	0.276996	0.732928	-2.768440	-0.631630	0.093887	1.831905	-0.336759	0.213020	2.976776	0.795112	0.066544	2.094927	-0.549172	-0.248876	-0.438226	0.897803	-0.435268	-0.982273	-1.345402	0.507534	1.540350	-0.319273	2.197495	0.022042	0.186697	-0.483457	0.381699	0.262170	0.363437	-0.132930	-0.202316	0.357742	0.469905	0.148937	-0.392219	4.847020	0.331703	5.438486	1.089236	0.801912	-0.211370	0.106359	-2.046806
-0.537065	-0.460898	0.423069	-0.760667	0.154097	-0.557194	0.295252	0.774666	-2.768839	-0.628435	0.082640	1.839590	-0.331364	0.220098	2.971509	0.789997	0.073545	2.103300	-0.546826	-0.256374	-0.347810	0.895540	-0.327505	-0.952880	-1.328158	0.502421	1.540314	-0.354944	2.035268	-0.035912	0.151588	-0.590252	0.384906	0.269520	0.349136	-0.313413	-0.259504	0.366786	0.396222	0.107853	-0.313929	4.253129	-0.228421	5.242989	1.615496	0.877017	-0.274958	-0.017172	-1.697513
-0.540923	-0.460946	0.425238	-0.760607	0.163250	-0.544911	0.312888	0.814339	-2.769877	-0.625566	0.070277	1.847301	-0.325978	0.226985	2.964239	0.784732	0.081215	2.110776	-0.544858	-0.261433	-0.268101	0.888666	-0.225548	-0.917653	-1.310321	0.496535	1.539664	-0.387174	1.880458	-0.083864	0.127071	-0.674025	0.386834	0.268923	0.334826	-0.463676	-0.270769	0.416999	0.328851	0.079513	-0.131070	3.450096	-0.574405	4.807705	2.053180	0.921458	-0.332955	-0.063249	-1.439434
-0.544712	-0.460836	0.427724	-0.760704	0.171624	-0.532292	0.329455	0.849884	-2.772193	-0.623352	0.055679	1.855064	-0.320607	0.233491	2.952962	0.779167	0.090225	2.116454	-0.543646	-0.261617	-0.209806	0.872564	-0.135197	-0.870753	-1.291299	0.489103	1.537784	-0.412521	1.644480	-0.146031	0.098947	-0.781711	0.392494	0.262371	0.311527	-0.678062	-0.309882	0.424947	0.219941	0.049135	-0.007319	2.202411	-0.876567	3.996715	2.710684	0.971860	-0.419656	-0.115472	-1.108304
-0.548408	-0.460548	0.430560	-0.761105	0.179015	-0.519498	0.344666	0.880118	-2.775718	-0.621608	0.039008	1.863001	-0.315483	0.239446	2.937117	0.772337	0.098213	2.119573	-0.542893	-0.261726	-0.180004	0.853603	-0.065679	-0.809225	-1.271447	0.479749	1.535045	-0.431506	1.445350	-0.191337	0.081275	-0.859475	0.399059	0.253145	0.290892	-0.849366	-0.357285	0.386656	0.123972	0.031911	-0.004559	1.133956	-0.983822	3.215569	3.259276	1.003036	-0.491718	-0.147730	-0.869710
-0.552058	-0.460172	0.433572	-0.761517	0.185880	-0.506522	0.359132	0.907698	-2.779847	-0.620101	0.021300	1.871026	-0.310482	0.245127	2.918987	0.764875	0.105691	2.121413	-0.542369	-0.261799	-0.164448	0.833211	-0.006574	-0.740382	-1.251178	0.469434	1.531875	-0.447310	1.135644	-0.286853	0.066358	-1.014890	0.417882	0.213832	0.259035	-1.093638	-0.410712	0.321913	-0.023675	0.025111	-0.001818	0.422950	-0.887048	2.291893	3.356132	1.036054	-0.601198	-0.193307	-0.580073
-0.555537	-0.459499	0.437159	-0.762851	0.191042	-0.493673	0.371279	0.925544	-2.787192	-0.618954	-0.001587	1.879716	-0.306930	0.249808	2.893371	0.755909	0.111090	2.118626	-0.541888	-0.261799	-0.163086	0.818121	0.025996	-0.674980	-1.230005	0.455701	1.527312	-0.454709	0.796415	-0.387603	0.058909	-1.179310	0.444821	0.162895	0.222303	-1.348847	-0.454763	0.248843	-0.184590	0.029953	0.000001	0.104375	-0.708117	1.532609	3.118434	1.065266	-0.718980	-0.242594	-0.310896
-0.558947	-0.458718	0.440953	-0.764405	0.195506	-0.480824	0.382454	0.939555	-2.795351	-0.617744	-0.025872	1.888819	-0.303966	0.254019	2.865033	0.746685	0.115645	2.114030	-0.541171	-0.261799	-0.160273	0.804887	0.054730	-0.615644	-1.208567	0.440675	1.522171	-0.459746	0.508817	-0.448602	0.063653	-1.284158	0.475740	0.118813	0.187070	-1.552999	-0.474057	0.185604	-0.320327	0.047648	-0.000001	0.213305	-0.568956	1.244871	2.663590	1.085111	-0.816001	-0.285980	-0.133744
-0.562222	-0.457719	0.445164	-0.766698	0.198646	-0.468173	0.391827	0.945896	-2.805136	-0.616408	-0.052954	1.898746	-0.302177	0.257290	2.831251	0.736946	0.118514	2.105813	-0.539982	-0.261799	-0.154554	0.795363	0.075791	-0.568437	-1.186600	0.423061	1.515873	-0.460059	0.163047	-0.461805	0.068074	-1.395880	0.486091	0.057330	0.137560	-1.761192	-0.496683	0.141301	-0.471121	0.071365	-0.000001	0.590450	-0.461005	0.951438	1.725705	1.114941	-0.956187	-0.351286	0.075526
-0.565341	-0.456496	0.449813	-0.769868	0.200352	-0.455814	0.399245	0.946077	-2.813823	-0.615021	-0.081708	1.908262	-0.301673	0.259521	2.794586	0.726817	0.121297	2.095185	-0.538317	-0.261799	-0.136655	0.786447	0.092787	-0.546616	-1.163970	0.402428	1.508120	-0.456725	-0.068028	-0.420600	0.069956	-1.458575	0.470680	0.009183	0.098523	-1.869285	-0.511314	0.138081	-0.561559	0.089245	0.000000	1.047230	-0.438224	0.798985	0.773634	1.139802	-1.069415	-0.405845	0.212281
-0.568382	-0.455161	0.454680	-0.773412	0.201323	-0.443565	0.405651	0.943175	-2.821960	-0.613610	-0.111297	1.917573	-0.301810	0.261231	2.756480	0.716494	0.124037	2.083351	-0.536413	-0.261799	-0.112665	0.777834	0.107751	-0.537491	-1.141008	0.380285	1.499639	-0.451567	-0.282177	-0.259340	0.075328	-1.480752	0.404572	-0.046569	0.045707	-1.911724	-0.543320	0.193930	-0.621963	0.095613	0.000001	1.564518	-0.456806	0.660740	-0.388677	1.188675	-1.203094	-0.492567	0.333261
-0.571171	-0.453546	0.460167	-0.778356	0.200367	-0.431781	0.409365	0.934789	-2.824197	-0.612008	-0.140938	1.924445	-0.303535	0.261349	2.718117	0.705085	0.129054	2.070306	-0.534492	-0.261799	-0.074074	0.768174	0.119217	-0.562163	-1.116423	0.354304	1.488417	-0.443394	-0.461017	-0.081944	0.069840	-1.493737	0.342888	-0.096260	-0.024480	-1.921415	-0.579871	0.267751	-0.660759	0.094987	0.000001	1.921378	-0.497675	0.550597	-1.358585	1.249021	-1.337265	-0.588539	0.414627
-0.573870	-0.451863	0.465840	-0.783638	0.198833	-0.420067	0.412215	0.924735	-2.825238	-0.610816	-0.171046	1.931289	-0.305660	0.260252	2.679623	0.693299	0.134747	2.056921	-0.532613	-0.261799	-0.035810	0.757927	0.129774	-0.591835	-1.091047	0.326794	1.476098	-0.434982	-0.586200	0.007659	0.039144	-1.528878	0.340751	-0.126232	-0.115630	-1.931334	-0.608148	0.318449	-0.686383	0.091882	-0.000001	1.896949	-0.541767	0.482442	-1.733547	1.308313	-1.451994	-0.670850	0.432552
-0.576390	-0.450044	0.471888	-0.789733	0.196178	-0.408570	0.413408	0.911341	-2.823890	-0.610442	-0.202093	1.938075	-0.308585	0.256724	2.640863	0.680759	0.141792	2.042851	-0.530817	-0.261799	0.001804	0.746504	0.138515	-0.631505	-1.064090	0.296224	1.461583	-0.426092	-0.745176	0.186831	0.095068	-1.540336	0.272709	-0.189065	-0.163444	-1.944542	-0.645867	0.383403	-0.716347	0.085944	0.003448	1.913379	-0.572340	0.296040	-2.209969	1.400980	-1.598912	-0.790745	0.424118
-0.578721	-0.448140	0.478275	-0.796553	0.192566	-0.397218	0.413086	0.894928	-2.817765	-0.607013	-0.232660	1.942197	-0.313223	0.253714	2.601841	0.667464	0.150083	2.028267	-0.529175	-0.261661	0.040725	0.735033	0.141616	-0.680233	-1.035008	0.262838	1.444468	-0.418017	-0.858450	0.365984	0.209656	-1.522334	0.172758	-0.253343	-0.144016	-1.954371	-0.674149	0.430131	-0.735658	0.080140	0.008623	1.962403	-0.574090	0.084566	-2.549627	1.480657	-1.704521	-0.888258	0.393534
-0.580957	-0.446194	0.484830	-0.803651	0.188456	-0.385898	0.411962	0.877003	-2.809251	-0.602056	-0.262986	1.944986	-0.318718	0.250963	2.562689	0.653793	0.158997	2.013425	-0.527611	-0.261454	0.080300	0.723540	0.141897	-0.733490	-1.004864	0.228043	1.426053	-0.410351	-0.997542	0.532621	0.304733	-1.537570	0.105494	-0.321283	-0.189067	-1.977551	-0.698152	0.524313	-0.761142	0.064979	0.106779	1.861615	-0.454322	-0.328450	-2.620396	1.605862	-1.829627	-1.037785	0.311264
-0.582892	-0.444195	0.491837	-0.811747	0.183161	-0.374720	0.408782	0.855026	-2.796460	-0.594824	-0.294162	1.946417	-0.326074	0.246152	2.522739	0.639538	0.171056	1.997821	-0.526576	-0.257390	0.115190	0.716861	0.128478	-0.785049	-0.970773	0.189652	1.402957	-0.405567	-1.128678	0.671262	0.384480	-1.566146	0.060472	-0.382161	-0.258877	-2.003241	-0.697379	0.642553	-0.764722	0.029899	0.264942	1.694085	-0.293869	-0.769375	-2.552424	1.849927	-1.998714	-2.135479	0.049783
-0.584722	-0.442204	0.498975	-0.820000	0.177520	-0.363500	0.404913	0.831856	-2.782401	-0.586677	-0.325632	1.947405	-0.334005	0.240608	2.482559	0.625898	0.184699	1.982836	-0.526415	-0.250856	0.148063	0.711785	0.111122	-0.835587	-0.930867	0.148095	1.340634	-0.408359	-1.218112	0.766385	0.453107	-1.588166	0.027218	-0.425264	-0.313731	-2.020615	-0.651324	0.761474	-0.718334	-0.035673	0.450159	1.542870	-0.173545	-1.064630	-2.475876	2.286221	-2.236305	-5.077791	-0.518502
-0.586342	-0.440229	0.506377	-0.828726	0.171228	-0.352271	0.399749	0.806301	-2.765805	-0.576700	-0.357689	1.947506	-0.343085	0.233602	2.441915	0.613485	0.201515	1.969088	-0.528003	-0.239384	0.176905	0.709919	0.085893	-0.884084	-0.879325	0.100200	1.199845	-0.426307	-1.329409	0.885564	0.553173	-1.615286	-0.019765	-0.478482	-0.387223	-2.042401	-0.706786	0.824590	-0.756550	-0.036243	0.536225	1.295271	-0.009127	-1.426829	-2.310292	2.659127	-2.945908	-5.251229	-2.033538
-0.587739	-0.438320	0.514006	-0.837812	0.164444	-0.340973	0.393404	0.778680	-2.746978	-0.564550	-0.390243	1.946614	-0.353144	0.225119	2.400863	0.597626	0.217683	1.952574	-0.527865	-0.229407	0.199874	0.711420	0.054049	-0.927999	-0.824502	0.030258	1.130584	-0.489701	-1.406892	0.969207	0.634633	-1.633916	-0.056988	-0.515196	-0.442598	-2.057666	-0.836028	0.800319	-0.860262	0.028479	0.480090	1.075065	0.117168	-1.674835	-2.138425	2.782132	-3.772667	-2.568826	-3.737767
-0.589027	-0.436443	0.521748	-0.846934	0.157386	-0.329584	0.386403	0.750026	-2.727036	-0.551314	-0.423046	1.945226	-0.363693	0.215898	2.359608	0.580044	0.233527	1.934677	-0.526864	-0.220180	0.219907	0.714605	0.018899	-0.969621	-0.768039	-0.050706	1.097092	-0.575818	-1.498279	1.068473	0.756387	-1.652773	-0.114924	-0.555307	-0.514457	-2.098709	-0.912721	0.820519	-0.906107	0.008333	0.502133	0.750532	0.258730	-1.967638	-1.883012	2.829935	-3.680104	-1.756191	-3.738772
-0.589966	-0.434742	0.529774	-0.856508	0.149861	-0.318055	0.377858	0.718749	-2.704239	-0.534295	-0.456354	1.942017	-0.375356	0.204541	2.316915	0.561117	0.250504	1.916330	-0.527532	-0.209322	0.229896	0.721769	-0.024656	-1.003319	-0.711304	-0.116946	1.060337	-0.639252	-1.581776	1.159060	0.878634	-1.673603	-0.171828	-0.592715	-0.591376	-2.146375	-0.961043	0.850289	-0.923401	-0.043948	0.551826	0.413572	0.374511	-2.234323	-1.619072	2.837828	-3.207919	-1.858768	-3.026530
-0.590784	-0.433124	0.537876	-0.865972	0.142232	-0.306382	0.368772	0.686755	-2.680674	-0.516169	-0.489990	1.938353	-0.387401	0.192243	2.273753	0.541602	0.267539	1.897741	-0.528622	-0.198107	0.236450	0.729586	-0.070474	-1.034384	-0.654526	-0.179023	1.022741	-0.696879	-1.635475	1.216584	0.961515	-1.698026	-0.205958	-0.621283	-0.661896	-2.181339	-1.005113	0.854658	-0.941411	-0.075625	0.578601	0.156023	0.423431	-2.403834	-1.421481	2.840900	-2.895585	-1.921725	-2.590847
-0.591359	-0.431673	0.546131	-0.875492	0.134446	-0.294529	0.358736	0.653330	-2.655576	-0.495834	-0.524275	1.933779	-0.400208	0.178065	2.229661	0.520913	0.284690	1.878673	-0.530557	-0.186178	0.236136	0.738707	-0.120810	-1.060179	-0.597668	-0.232769	0.983468	-0.742886	-1.699026	1.268750	1.102148	-1.686276	-0.284979	-0.504484	-0.790158	-2.232969	-1.070911	0.842811	-0.973046	-0.108097	0.616252	-0.171989	0.443740	-2.595150	-1.171646	2.865228	-2.544904	-1.988709	-2.184345
-0.591681	-0.430439	0.554500	-0.884949	0.126690	-0.282465	0.347891	0.618794	-2.629924	-0.472083	-0.557441	1.926954	-0.407581	0.160637	2.184434	0.498766	0.301251	1.858819	-0.532946	-0.173457	0.229571	0.747335	-0.174280	-1.081250	-0.539917	-0.280819	0.943193	-0.784253	-1.740712	1.289511	1.230248	-1.644297	-0.369382	-0.300750	-0.912051	-2.275521	-1.125574	0.820705	-1.002532	-0.125131	0.645974	-0.406435	0.425300	-2.712697	-0.994548	2.898753	-2.331342	-2.026297	-2.010383
-0.591876	-0.429314	0.562927	-0.894177	0.118923	-0.270235	0.336568	0.583701	-2.603995	-0.446624	-0.590047	1.919003	-0.412238	0.141583	2.138640	0.475890	0.317518	1.838572	-0.535562	-0.160339	0.219879	0.755719	-0.229317	-1.099961	-0.481718	-0.326023	0.902416	-0.823301	-1.784404	1.375484	1.398844	-1.632477	-0.491631	-0.607350	-0.762202	-2.320379	-1.205269	0.776855	-1.060551	-0.147802	0.634930	-0.662459	0.375347	-2.814846	-0.784999	2.904016	-2.047853	-2.048796	-1.795864
-0.591859	-0.428293	0.571470	-0.903347	0.111472	-0.257740	0.324204	0.547418	-2.574905	-0.416129	-0.622740	1.907289	-0.431875	0.130149	2.091619	0.450555	0.332326	1.816397	-0.538858	-0.148060	0.203072	0.762349	-0.286873	-1.112650	-0.423756	-0.362733	0.861241	-0.856087	-1.820192	1.463890	1.573765	-1.597199	-0.625163	-0.918619	-0.607843	-2.352327	-1.287085	0.728520	-1.128164	-0.152011	0.622160	-0.901217	0.273125	-2.883281	-0.599796	2.885825	-1.772187	-2.052703	-1.602370
-0.591832	-0.427227	0.580035	-0.912199	0.104111	-0.245102	0.311415	0.510894	-2.545440	-0.383673	-0.653935	1.893997	-0.448982	0.117270	2.044547	0.424406	0.346659	1.793445	-0.541642	-0.135453	0.183830	0.766644	-0.344649	-1.123952	-0.366285	-0.396910	0.820308	-0.887396	-1.838122	1.491892	1.720799	-1.484796	-0.743377	-0.728858	-0.716197	-2.356052	-1.348073	0.692944	-1.186413	-0.113650	0.646693	-1.083827	0.097853	-2.899593	-0.495741	2.848911	-1.582065	-2.034473	-1.491454
-0.591784	-0.426073	0.588640	-0.920800	0.096983	-0.232301	0.297922	0.473893	-2.515229	-0.347297	-0.682132	1.877553	-0.461029	0.101501	1.997377	0.396632	0.360043	1.768941	-0.543404	-0.122192	0.159719	0.766263	-0.402857	-1.132480	-0.309800	-0.426016	0.779862	-0.915745	-1.854022	1.545978	1.874863	-1.338167	-0.876117	-0.584908	-0.773920	-2.355456	-1.426659	0.641276	-1.263788	-0.066623	0.666452	-1.254961	-0.142333	-2.893744	-0.374955	2.763803	-1.329531	-1.991104	-1.324716
-0.591717	-0.424866	0.597249	-0.929074	0.090090	-0.219400	0.283848	0.436733	-2.483601	-0.308679	-0.707462	1.858952	-0.472379	0.086313	1.950329	0.367340	0.372310	1.742894	-0.544307	-0.108795	0.133632	0.760950	-0.460398	-1.138951	-0.255733	-0.450092	0.740664	-0.940384	-1.859984	1.599133	1.958957	-1.230674	-0.957033	-0.558775	-0.752159	-2.350905	-1.483582	0.599369	-1.321635	-0.034447	0.671572	-1.329063	-0.327328	-2.868728	-0.297844	2.673129	-1.140903	-1.944327	-1.185575
-0.591641	-0.423632	0.605859	-0.936951	0.083295	-0.206397	0.269415	0.399493	-2.451264	-0.268939	-0.731359	1.839272	-0.483380	0.071415	1.903341	0.337289	0.384018	1.716075	-0.544782	-0.095329	0.106557	0.753170	-0.517606	-1.144393	-0.202875	-0.471652	0.702089	-0.963168	-1.856010	1.677227	2.087831	-1.051693	-1.095325	-0.513095	-0.720011	-2.339411	-1.554371	0.535072	-1.398683	0.010903	0.674273	-1.291361	-0.469068	-2.765512	-0.219649	2.532390	-0.920957	-1.854137	-1.062732
-0.591538	-0.422374	0.614419	-0.944443	0.076887	-0.193410	0.254377	0.362492	-2.416512	-0.225166	-0.749530	1.815139	-0.492903	0.057512	1.856752	0.305165	0.393713	1.686946	-0.543871	-0.081824	0.081977	0.742188	-0.571019	-1.147737	-0.154437	-0.486930	0.666498	-0.982894	-1.844038	1.762986	2.215626	-0.850669	-1.245138	-0.458872	-0.684677	-2.325380	-1.621311	0.464308	-1.475665	0.057670	0.674142	-1.196531	-0.571550	-2.632488	-0.162250	2.373589	-0.725209	-1.746994	-0.962248
-0.591428	-0.421125	0.622944	-0.951468	0.070586	-0.180403	0.239125	0.325732	-2.380744	-0.180314	-0.765385	1.789467	-0.501735	0.044028	1.810326	0.272436	0.402590	1.657049	-0.542475	-0.068363	0.058695	0.730308	-0.622906	-1.150883	-0.107931	-0.500661	0.632209	-1.001658	-1.826154	1.839262	2.296662	-0.677097	-1.360723	-0.407130	-0.653402	-2.313414	-1.666821	0.403031	-1.533455	0.094116	0.670816	-1.099337	-0.638834	-2.518239	-0.147521	2.228892	-0.609211	-1.649484	-0.890267
-0.591301	-0.419896	0.631398	-0.958023	0.064540	-0.167456	0.223573	0.289446	-2.342941	-0.133299	-0.776613	1.760710	-0.509188	0.031376	1.764216	0.238492	0.409834	1.625608	-0.540106	-0.054991	0.038004	0.716634	-0.671749	-1.153637	-0.065282	-0.511298	0.600519	-1.018504	-1.794363	1.959211	2.387935	-0.422643	-1.516488	-0.329331	-0.608516	-2.298996	-1.722445	0.311918	-1.610404	0.143398	0.663385	-0.949183	-0.691767	-2.344376	-0.145105	2.025557	-0.436753	-1.516952	-0.796440
-0.591162	-0.418722	0.639744	-0.964064	0.058756	-0.154652	0.207872	0.253957	-2.302376	-0.084797	-0.782291	1.728807	-0.514908	0.019687	1.718366	0.203539	0.415067	1.592633	-0.536739	-0.041828	0.020728	0.702638	-0.716681	-1.156687	-0.026909	-0.518131	0.571531	-1.033516	-1.764578	2.062905	2.443849	-0.214507	-1.634589	-0.264369	-0.572463	-2.289364	-1.760397	0.236519	-1.668060	0.180884	0.655571	-0.821140	-0.703900	-2.197838	-0.156221	1.865254	-0.294048	-1.415670	-0.727680
-0.591015	-0.417576	0.648036	-0.969622	0.053091	-0.141885	0.192050	0.218863	-2.260425	-0.035545	-0.785194	1.695327	-0.519762	0.008478	1.672641	0.168077	0.419295	1.558886	-0.532871	-0.028768	0.005158	0.688478	-0.759662	-1.159886	0.009328	-0.523060	0.543892	-1.047612	-1.712978	2.243865	2.489123	0.104833	-1.793510	-0.167029	-0.523401	-2.299356	-1.820495	0.112775	-1.757467	0.218445	0.642131	-0.644783	-0.671507	-1.967227	-0.185433	1.619922	-0.160500	-1.250504	-0.637028
-0.590850	-0.416567	0.656111	-0.974608	0.047849	-0.129502	0.176290	0.185438	-2.212621	0.014768	-0.778098	1.657067	-0.521589	-0.001249	1.626392	0.130719	0.419578	1.522334	-0.528001	-0.016143	-0.005063	0.675777	-0.795370	-1.164105	0.037888	-0.524551	0.521511	-1.058997	-1.653320	2.459377	2.512330	0.455983	-1.952025	-0.063586	-0.474827	-2.313122	-1.864215	-0.026349	-1.844600	0.264406	0.624550	-0.470360	-0.611842	-1.711906	-0.218585	1.362203	-0.054018	-1.073556	-0.545511
-0.590680	-0.415623	0.664095	-0.979103	0.042735	-0.117248	0.160573	0.152730	-2.162050	0.064948	-0.766954	1.617246	-0.522306	-0.010515	1.580116	0.093508	0.418241	1.485102	-0.522295	-0.003786	-0.013656	0.664005	-0.828138	-1.168630	0.063817	-0.525221	0.500950	-1.069432	-1.599645	2.667123	2.502456	0.759578	-2.069193	0.019665	-0.440322	-2.315181	-1.853329	-0.147868	-1.895720	0.327130	0.604419	-0.348228	-0.542267	-1.491566	-0.241569	1.165015	0.007477	-0.937137	-0.474265
-0.590500	-0.414805	0.671896	-0.983076	0.037904	-0.105318	0.145029	0.121452	-2.105936	0.114866	-0.747715	1.574299	-0.520803	-0.018862	1.533784	0.056586	0.413663	1.446505	-0.514916	0.008034	-0.018992	0.654087	-0.855033	-1.173768	0.084488	-0.524252	0.484025	-1.077968	-1.520161	2.999038	2.459141	1.211444	-2.220795	0.133954	-0.397413	-2.290699	-1.847997	-0.280144	-1.918694	0.371069	0.581315	-0.199374	-0.443219	-1.171966	-0.254956	0.904362	0.074278	-0.752978	-0.377446
-0.590311	-0.414152	0.679477	-0.986530	0.033359	-0.093790	0.129807	0.091924	-2.042088	0.163314	-0.718497	1.528414	-0.516948	-0.026412	1.488488	0.019588	0.407035	1.408354	-0.507452	0.019466	-0.021631	0.646276	-0.875017	-1.178828	0.099991	-0.522250	0.470831	-1.084530	-1.454600	3.289202	2.404036	1.585695	-2.331048	0.222149	-0.367548	-2.251917	-1.850885	-0.357059	-1.902047	0.374258	0.566789	-0.098209	-0.364210	-0.912872	-0.252053	0.710543	0.112991	-0.613137	-0.303450
-0.590118	-0.413580	0.686950	-0.989547	0.028951	-0.082448	0.114724	0.063268	-1.974368	0.211028	-0.684287	1.481057	-0.511917	-0.033564	1.443708	-0.017450	0.399381	1.370423	-0.499946	0.030706	-0.022921	0.639518	-0.891547	-1.183850	0.112910	-0.519732	0.459500	-1.090106	-1.355228	3.774744	2.273953	2.170643	-2.464819	0.343546	-0.326221	-2.416092	-1.863923	-0.668050	-2.040362	0.438768	0.523544	0.012118	-0.282595	-0.532499	-0.188652	0.456492	0.150523	-0.422256	-0.189385
-0.589915	-0.413308	0.694036	-0.992038	0.024985	-0.071845	0.100373	0.037715	-1.891098	0.254272	-0.631671	1.429821	-0.503206	-0.039461	1.391845	-0.054969	0.380313	1.326740	-0.489901	0.040408	-0.021146	0.634972	-0.896317	-1.186374	0.118251	-0.516229	0.453940	-1.092105	-1.247919	4.322627	2.102561	2.809492	-2.587452	0.465020	-0.291443	-2.607435	-1.865900	-1.010401	-2.180645	0.502440	0.481127	0.101189	-0.226441	-0.180753	-0.098962	0.236282	0.179856	-0.252724	-0.077993
-0.589709	-0.413154	0.700977	-0.994143	0.021159	-0.061505	0.086307	0.013352	-1.801463	0.295130	-0.571907	1.377559	-0.493316	-0.045222	1.339410	-0.092086	0.358965	1.283197	-0.479848	0.049951	-0.018873	0.630461	-0.898777	-1.187808	0.122361	-0.512538	0.449391	-1.093225	-1.158502	4.799533	1.923443	3.345208	-2.664137	0.553409	-0.281217	-2.649999	-1.835510	-1.181313	-2.169779	0.503074	0.469064	0.138567	-0.223809	-0.007577	-0.017199	0.144002	0.193967	-0.176942	-0.012019
-0.589498	-0.413236	0.707623	-0.995845	0.017625	-0.051721	0.072856	-0.008625	-1.699117	0.331209	-0.497863	1.323256	-0.481070	-0.050709	1.285845	-0.128389	0.333061	1.239948	-0.469778	0.059171	-0.015604	0.626020	-0.896620	-1.187062	0.124011	-0.508470	0.446863	-1.092586	-1.031311	5.420029	1.607467	4.033214	-2.731222	0.674723	-0.263840	-2.811503	-1.771479	-1.506818	-2.208281	0.526018	0.437962	0.172980	-0.230175	0.128251	0.061348	0.082942	0.209454	-0.124143	0.052544
-0.589284	-0.413590	0.713938	-0.997179	0.014380	-0.042553	0.060142	-0.027901	-1.584662	0.359429	-0.410579	1.268310	-0.466327	-0.055775	1.226950	-0.162945	0.298692	1.194866	-0.458807	0.067469	-0.011954	0.621254	-0.893647	-1.185354	0.125679	-0.504160	0.444425	-1.091124	-0.929981	5.873999	1.312690	4.529593	-2.755246	0.768318	-0.248010	-3.011274	-1.705881	-1.824196	-2.276975	0.559814	0.403389	0.187224	-0.242361	0.158812	0.097403	0.083639	0.218575	-0.120734	0.083423
-0.589069	-0.414080	0.720088	-0.998225	0.011279	-0.033690	0.047793	-0.045825	-1.464157	0.383717	-0.316679	1.213046	-0.450337	-0.060630	1.165394	-0.196624	0.260093	1.148869	-0.447386	0.075306	-0.008115	0.616325	-0.890267	-1.183166	0.127356	-0.499727	0.442033	-1.089249	-0.782941	6.329572	0.972094	5.031207	-2.825844	0.872482	-0.209083	-3.269386	-1.610540	-2.253533	-2.299798	0.570381	0.362749	0.204440	-0.258197	0.197095	0.143573	0.084398	0.230144	-0.116213	0.122970
-0.588795	-0.415011	0.725687	-0.998954	0.008606	-0.025842	0.036736	-0.059218	-1.331479	0.398313	-0.209330	1.155276	-0.431428	-0.064139	1.096175	-0.227366	0.208551	1.102874	-0.435992	0.081979	-0.003776	0.610926	-0.885764	-1.179611	0.129055	-0.494954	0.439777	-1.086205	-0.627947	6.620923	0.634706	5.361073	-2.895391	0.971273	-0.169970	-3.534114	-1.497422	-2.696843	-2.290514	0.565887	0.321323	0.220464	-0.273760	0.233732	0.188473	0.085048	0.241318	-0.111706	0.161427
-0.588548	-0.416122	0.731084	-0.999471	0.006073	-0.018354	0.026158	-0.070942	-1.199320	0.409105	-0.102236	1.097230	-0.411486	-0.067429	1.024029	-0.256521	0.152219	1.057249	-0.424750	0.088159	0.000704	0.605375	-0.880918	-1.175627	0.130758	-0.490075	0.437565	-1.082792	-0.502749	6.582466	0.349510	5.342406	-2.916339	1.048785	-0.153582	-3.753863	-1.378518	-3.056273	-2.262980	0.554515	0.284394	0.231141	-0.285143	0.259367	0.220737	0.085421	0.249253	-0.108346	0.189060
-0.588355	-0.417595	0.736076	-0.999789	0.003821	-0.011593	0.016547	-0.079328	-1.068180	0.412293	0.004366	1.038623	-0.389476	-0.070282	0.946020	-0.282507	0.086300	1.012355	-0.413811	0.093355	0.005469	0.599520	-0.875389	-1.170782	0.132472	-0.484984	0.435443	-1.078642	-0.327879	6.300208	0.006559	5.078059	-2.925059	1.142099	-0.135991	-4.113615	-1.172693	-3.587352	-2.289037	0.557521	0.237811	0.244184	-0.300053	0.291908	0.262475	0.085824	0.259438	-0.103894	0.224811
-0.588161	-0.419448	0.740625	-0.999950	0.001842	-0.005603	0.008007	-0.084058	-0.947312	0.409368	0.100886	0.980228	-0.365802	-0.072868	0.859485	-0.303429	0.008725	0.965687	-0.402450	0.097672	0.010471	0.593373	-0.869242	-1.165128	0.134191	-0.479697	0.433409	-1.073800	-0.190762	5.915311	-0.222696	4.700236	-2.917205	1.204570	-0.125992	-4.433538	-0.982854	-4.024600	-2.355664	0.573408	0.204865	0.253074	-0.311035	0.315090	0.292832	0.086056	0.266786	-0.100576	0.250810
-0.587966	-0.421491	0.744952	-1.000000	-0.000000	0.000000	-0.000000	-0.086959	-0.831568	0.403385	0.192375	0.921935	-0.341293	-0.075321	0.768679	-0.321821	-0.074684	0.918129	-0.390875	0.101549	0.015592	0.587079	-0.862785	-1.159069	0.135914	-0.474312	0.431420	-1.068610	-0.071358	5.294359	-0.403773	4.128247	-2.882967	1.266027	-0.130320	-4.557729	-0.697953	-4.284390	-2.260448	0.534098	0.148066	0.263180	-0.325274	0.343578	0.331414	0.086245	0.276004	-0.096202	0.283849
-0.587772	-0.424135	0.748578	-0.999959	-0.001446	0.004410	-0.006309	-0.086912	-0.735538	0.393217	0.266016	0.864909	-0.315161	-0.078081	0.677176	-0.331347	-0.162651	0.875269	-0.381086	0.103594	0.020999	0.580362	-0.855499	-1.151871	0.137641	-0.468657	0.429561	-1.062446	0.003060	4.680078	-0.515237	3.589396	-2.843514	1.315603	-0.145008	-4.523571	-0.387035	-4.352044	-2.135901	0.489896	0.085019	0.272135	-0.339229	0.370476	0.368726	0.086356	0.284832	-0.091863	0.315809
-0.587578	-0.426960	0.751983	-0.999882	-0.002773	0.008453	-0.012093	-0.086837	-0.644365	0.382776	0.335951	0.808194	-0.288669	-0.081122	0.587736	-0.337303	-0.248766	0.832693	-0.371279	0.104950	0.026478	0.573510	-0.847966	-1.144320	0.139368	-0.462919	0.427745	-1.055978	0.005191	4.315477	-0.535623	3.311227	-2.820124	1.342469	-0.166097	-4.368557	-0.119201	-4.212962	-2.114616	0.491130	0.033343	0.277582	-0.349376	0.388891	0.395301	0.086357	0.291023	-0.088651	0.338572
-0.587386	-0.430147	0.754948	-0.999776	-0.003859	0.011763	-0.016829	-0.086704	-0.562919	0.371792	0.398465	0.752104	-0.261462	-0.084725	0.502433	-0.336115	-0.331169	0.790685	-0.361440	0.104928	0.032102	0.566387	-0.839943	-1.136059	0.141095	-0.457016	0.426015	-1.048903	0.007813	3.874427	-0.532275	2.984257	-2.760795	1.360923	-0.192431	-4.004922	0.173452	-3.875453	-2.006653	0.458598	-0.031662	0.283754	-0.362574	0.411905	0.429454	0.086288	0.298881	-0.084412	0.367826
-0.587196	-0.433643	0.757511	-0.999669	-0.004732	0.014418	-0.020630	-0.086524	-0.489388	0.361485	0.455321	0.697762	-0.234232	-0.088819	0.427539	-0.330365	-0.403784	0.752426	-0.352935	0.103684	0.037828	0.559007	-0.831490	-1.127141	0.142820	-0.450964	0.424369	-1.041265	0.009617	3.577584	-0.506876	2.772076	-2.695262	1.361772	-0.210844	-3.614602	0.344577	-3.508381	-1.866046	0.408578	-0.077491	0.287573	-0.372231	0.428024	0.454119	0.086185	0.304485	-0.081267	0.388953
-0.587008	-0.437293	0.759874	-0.999558	-0.005498	0.016747	-0.023963	-0.086320	-0.419815	0.351517	0.509348	0.644294	-0.206991	-0.093159	0.357849	-0.322332	-0.471504	0.716043	-0.345097	0.101828	0.043605	0.551498	-0.822822	-1.117895	0.144543	-0.444837	0.422765	-1.033345	0.011693	3.393029	-0.599673	2.665466	-2.878592	1.479936	-0.232129	-3.053416	0.507629	-2.968521	-1.676437	0.338083	-0.132288	0.291117	-0.384578	0.447294	0.485113	0.085960	0.311378	-0.077145	0.415495
-0.586828	-0.441328	0.761693	-0.999476	-0.005979	0.018209	-0.026056	-0.086056	-0.353667	0.337498	0.561940	0.582619	-0.175035	-0.098104	0.305402	-0.310059	-0.522525	0.685369	-0.339412	0.098392	0.049472	0.543623	-0.813598	-1.107737	0.146258	-0.438509	0.421283	-1.024645	0.013550	3.309283	-0.720610	2.647001	-3.141949	1.629806	-0.251530	-2.486830	0.630164	-2.418452	-1.482612	0.264587	-0.183202	0.293660	-0.396539	0.465105	0.514826	0.085677	0.317871	-0.073069	0.440943
-0.586652	-0.445463	0.763350	-0.999405	-0.006378	0.019417	-0.027788	-0.085778	-0.287444	0.322692	0.615228	0.518616	-0.141799	-0.103220	0.258376	-0.297126	-0.568242	0.656738	-0.334514	0.094500	0.055351	0.535636	-0.804218	-1.097301	0.147970	-0.432122	0.419842	-1.015707	0.014698	3.315106	-0.779690	2.699448	-3.316748	1.725903	-0.264311	-2.080438	0.679798	-2.020879	-1.329444	0.205579	-0.217397	0.294495	-0.405076	0.476892	0.535697	0.085402	0.322302	-0.070071	0.458822
-0.586484	-0.449800	0.764685	-0.999361	-0.006612	0.020121	-0.028796	-0.085468	-0.221062	0.306310	0.669918	0.449949	-0.105999	-0.108677	0.222185	-0.282867	-0.603360	0.632191	-0.331189	0.089696	0.061252	0.527420	-0.794523	-1.086309	0.149674	-0.425617	0.418480	-1.006292	0.016009	3.566518	-1.030573	2.964836	-3.934824	2.081014	-0.279724	-1.591343	0.725354	-1.539959	-1.136175	0.129664	-0.258140	0.294722	-0.416031	0.491260	0.562260	0.084987	0.327824	-0.066134	0.481573
-0.586325	-0.454287	0.765736	-0.999345	-0.006697	0.020376	-0.029163	-0.085137	-0.144783	0.281469	0.733822	0.361223	-0.058558	-0.114409	0.194722	-0.268111	-0.629841	0.611291	-0.329327	0.084175	0.067140	0.518995	-0.784568	-1.074811	0.151369	-0.419009	0.417196	-0.996444	0.016829	3.937952	-1.347888	3.310592	-4.687346	2.517697	-0.290070	-1.264077	0.744076	-1.216137	-0.999446	0.074790	-0.285070	0.294235	-0.423937	0.501038	0.581247	0.084640	0.331685	-0.063227	0.497837
-0.586172	-0.458849	0.766646	-0.999341	-0.006721	0.020438	-0.029255	-0.084795	-0.063544	0.252395	0.802342	0.262455	-0.005291	-0.120279	0.171622	-0.253104	-0.652005	0.592213	-0.328197	0.078294	0.073022	0.510463	-0.774481	-1.063059	0.153060	-0.412349	0.415951	-0.986378	0.017595	1.926869	-0.470043	1.591289	-2.479035	1.760590	-0.302750	-0.900919	0.752026	-0.853787	-0.838019	0.012731	-0.317033	0.292371	-0.433758	0.512153	0.604665	0.084107	0.336237	-0.059441	0.517893
-0.586036	-0.463555	0.767189	-0.999367	-0.006586	0.020020	-0.028659	-0.084433	-0.067708	0.262668	0.797473	0.262062	0.011865	-0.126519	0.158686	-0.238030	-0.663992	0.577771	-0.328818	0.071493	0.078835	0.501644	-0.764081	-1.050624	0.154734	-0.405559	0.414819	-0.975728	0.018140	-0.230416	0.523979	-0.257741	-0.016384	0.890126	-0.315716	-0.583532	0.750683	-0.535482	-0.688189	-0.043450	-0.345711	0.289718	-0.443052	0.521988	0.626773	0.083523	0.340370	-0.055713	0.536825
-0.585907	-0.468282	0.767629	-0.999412	-0.006347	0.019284	-0.027609	-0.084070	-0.072761	0.273354	0.792032	0.261799	0.030314	-0.132908	0.148280	-0.223077	-0.673425	0.564686	-0.329935	0.064465	0.084610	0.492741	-0.753602	-1.037988	0.156401	-0.398734	0.413723	-0.964905	0.018304	-0.297086	0.555046	-0.300749	-0.006554	0.987199	-0.326991	-0.393747	0.741700	-0.343952	-0.586429	-0.080692	-0.362861	0.286934	-0.449470	0.528046	0.641966	0.083043	0.343045	-0.052992	0.549842
-0.585792	-0.473052	0.767865	-0.999469	-0.006037	0.018331	-0.026248	-0.083701	-0.079592	0.284869	0.785443	0.261799	0.051353	-0.139598	0.142936	-0.208362	-0.677750	0.554314	-0.332046	0.056979	0.090312	0.483666	-0.742960	-1.024946	0.158055	-0.391838	0.412699	-0.953735	0.018304	-0.375132	0.587767	-0.354290	-0.000001	1.095808	-0.341590	-0.174567	0.725253	-0.122476	-0.458944	-0.125777	-0.382124	0.282571	-0.457455	0.534970	0.660944	0.082360	0.346202	-0.049431	0.566095
-0.585693	-0.477812	0.767935	-0.999535	-0.005650	0.017145	-0.024552	-0.083337	-0.087766	0.296865	0.777860	0.261799	0.074146	-0.146572	0.141298	-0.194067	-0.678324	0.546328	-0.334966	0.049180	0.095913	0.474443	-0.732203	-1.011550	0.159695	-0.384886	0.411745	-0.942262	0.018140	-0.425535	0.605785	-0.391589	0.000000	1.161652	-0.352215	-0.035575	0.709562	0.018217	-0.369473	-0.156165	-0.393870	0.278812	-0.463013	0.539298	0.674209	0.081813	0.348264	-0.046811	0.577454
-0.585601	-0.482566	0.767922	-0.999604	-0.005224	0.015842	-0.022689	-0.082976	-0.096613	0.309101	0.769780	0.261799	0.097819	-0.153687	0.141513	-0.179980	-0.677022	0.539535	-0.338292	0.041224	0.101465	0.465145	-0.721388	-0.997977	0.161328	-0.377907	0.410827	-0.930636	0.017594	-0.482649	0.620823	-0.439057	0.000000	1.213680	-0.365274	0.104288	0.686577	0.160331	-0.268506	-0.187239	-0.403967	0.293638	-0.461831	0.571290	0.690018	0.081031	0.350421	-0.043422	0.590995
-0.585535	-0.487224	0.767720	-0.999676	-0.004715	0.014288	-0.020467	-0.082634	-0.107072	0.321698	0.760298	0.261799	0.122694	-0.161183	0.145469	-0.166604	-0.671911	0.535588	-0.342456	0.033021	0.107659	0.455969	-0.709351	-0.983950	0.162936	-0.370869	0.410009	-0.918622	0.016829	-0.536866	0.632109	-0.487542	0.005677	1.239139	-0.377206	0.214838	0.663334	0.273377	-0.182194	-0.211016	-0.410285	0.300040	-0.463315	0.591819	0.704587	0.080211	0.352184	-0.040105	0.603472
-0.585478	-0.491825	0.767474	-0.999744	-0.004189	0.012684	-0.018173	-0.082303	-0.118088	0.334385	0.750278	0.262026	0.147385	-0.168775	0.150106	-0.153447	-0.666086	0.532247	-0.346733	0.024813	0.113466	0.446612	-0.697715	-0.969794	0.164536	-0.363820	0.409222	-0.906498	0.016009	-0.578532	0.638837	-0.527850	0.022705	1.225198	-0.384428	0.265840	0.646843	0.326814	-0.136711	-0.219490	-0.410668	0.270990	-0.476845	0.561717	0.714071	0.079554	0.353048	-0.037703	0.611597
-0.585440	-0.496307	0.767141	-0.999808	-0.003630	0.010981	-0.015736	-0.081993	-0.130213	0.347251	0.739184	0.262708	0.171702	-0.176560	0.156103	-0.140730	-0.658838	0.530119	-0.351236	0.016595	0.118498	0.436896	-0.686883	-0.955387	0.166119	-0.356748	0.408500	-0.894158	0.014698	-1.856206	1.005954	-1.712923	1.100046	0.728036	-0.390711	0.308369	0.626143	0.373475	-0.095251	-0.221658	-0.407191	0.247831	-0.487385	0.541638	0.725433	0.078636	0.353782	-0.034575	0.621334
-0.585423	-0.500620	0.766760	-0.999863	-0.003060	0.009246	-0.013253	-0.081715	-0.192336	0.374623	0.681761	0.306028	0.176506	-0.184404	0.162441	-0.128401	-0.651147	0.528437	-0.355599	0.008525	0.123379	0.427117	-0.676049	-0.940777	0.167682	-0.349668	0.407839	-0.881644	0.013551	-3.731132	1.549953	-3.450300	2.699070	-0.003706	-0.392940	0.321175	0.611626	0.390047	-0.078556	-0.216451	-0.401620	0.242164	-0.489692	0.541663	0.733043	0.077923	0.354042	-0.032286	0.627849
-0.585415	-0.504848	0.766355	-0.999911	-0.002484	0.007495	-0.010747	-0.081451	-0.279459	0.409249	0.601172	0.370670	0.171553	-0.192277	0.168950	-0.116265	-0.643236	0.526977	-0.359894	0.000530	0.128185	0.417308	-0.665216	-0.926065	0.169235	-0.342586	0.407209	-0.869044	0.011693	-5.015136	1.588438	-4.699279	3.259950	-0.328519	-0.387079	0.306208	0.592518	0.381383	-0.083022	-0.196816	-0.388080	0.234176	-0.491766	0.540419	0.741269	0.076915	0.353767	-0.029352	0.634891
-0.585440	-0.508739	0.765936	-0.999945	-0.001925	0.005801	-0.008320	-0.081247	-0.392942	0.438161	0.493790	0.436426	0.163365	-0.199887	0.174689	-0.104700	-0.635892	0.525116	-0.363472	-0.006998	0.132747	0.407446	-0.654433	-0.911126	0.170758	-0.335518	0.406665	-0.856249	0.009617	-5.774193	1.358255	-5.478886	3.220910	-0.417165	-0.375934	0.271334	0.573182	0.353701	-0.104964	-0.168912	-0.370447	0.225941	-0.493172	0.538367	0.748223	0.075868	0.353082	-0.026499	0.640853
-0.585475	-0.512493	0.765534	-0.999972	-0.001383	0.004160	-0.005968	-0.081067	-0.510427	0.463579	0.382017	0.499507	0.154867	-0.207315	0.179803	-0.093338	-0.629088	0.522779	-0.366650	-0.014288	0.137223	0.397581	-0.643681	-0.896136	0.172270	-0.328463	0.406149	-0.843410	0.007814	-6.074344	1.096278	-5.808204	3.020261	-0.440473	-0.362305	0.224410	0.557963	0.313209	-0.140695	-0.138898	-0.352589	0.219523	-0.493465	0.535956	0.752020	0.075042	0.352101	-0.024450	0.644101
-0.585534	-0.515969	0.765162	-0.999988	-0.000875	0.002625	-0.003769	-0.080934	-0.635915	0.482012	0.261462	0.557237	0.145746	-0.214379	0.183666	-0.082382	-0.623364	0.519488	-0.369028	-0.021102	0.141527	0.387708	-0.632994	-0.881045	0.173760	-0.321434	0.405687	-0.830485	0.005191	-6.042895	0.768760	-5.818671	2.640455	-0.461494	-0.342687	0.263842	0.466391	0.325139	-0.007719	-0.175016	-0.324534	0.210810	-0.493149	0.531995	0.755797	0.073898	0.350370	-0.021797	0.647332
-0.585616	-0.519114	0.764859	-0.999997	-0.000423	0.001268	-0.001821	-0.080859	-0.752142	0.494330	0.149270	0.605125	0.136407	-0.221022	0.190357	-0.074682	-0.616082	0.522470	-0.373651	-0.027269	0.145655	0.377855	-0.622402	-0.865904	0.175226	-0.314448	0.405277	-0.817517	0.003060	-5.695812	0.539482	-5.505287	2.271491	-0.469735	-0.326902	0.369921	0.344269	0.383538	0.227478	-0.259209	-0.300323	0.204166	-0.492400	0.528485	0.757693	0.073011	0.348767	-0.019871	0.648957
-0.585710	-0.522095	0.764591	-1.000000	-0.000000	0.000000	-0.000000	-0.080812	-0.863748	0.503591	0.041250	0.648096	0.126957	-0.227455	0.198463	-0.068611	-0.608022	0.528587	-0.379396	-0.033115	0.149694	0.368012	-0.611855	-0.850737	0.176680	-0.307483	0.404893	-0.804526	0.001175	-5.493703	0.244738	-5.523420	2.149045	-0.718341	-0.374233	0.130346	0.394522	0.192453	-0.081147	-0.106974	-0.263558	0.195168	-0.490333	0.522764	0.758325	0.071769	0.346006	-0.017433	0.649503
-0.585838	-0.524514	0.764471	-0.999998	0.000312	-0.000922	0.001327	-0.080812	-0.971890	0.504119	-0.071667	0.691087	0.107673	-0.235991	0.195571	-0.058901	-0.608384	0.519224	-0.377930	-0.037812	0.153462	0.358242	-0.601491	-0.835571	0.178097	-0.300608	0.404580	-0.791536	0.000000	-5.402084	-0.075777	-5.749110	2.209406	-1.077664	-0.456017	-0.162132	0.473968	-0.036095	-0.479022	0.083224	-0.224852	0.186105	-0.487553	0.516370	0.757693	0.070487	0.342827	-0.015081	0.648962
-0.585971	-0.526745	0.764392	-0.999996	0.000519	-0.001536	0.002213	-0.080812	-1.079831	0.500560	-0.188714	0.736473	0.083851	-0.245696	0.191977	-0.049652	-0.609466	0.509426	-0.376067	-0.042109	0.157138	0.348510	-0.591200	-0.820430	0.179500	-0.293770	0.404289	-0.778568	0.000000	-5.386668	-0.382335	-6.058580	2.388975	-1.418072	-0.543601	-0.214740	0.439428	-0.090066	-0.511555	0.112910	-0.194824	0.179272	-0.484668	0.510852	0.755814	0.069480	0.339977	-0.013412	0.647348
-0.586117	-0.528600	0.764398	-0.999992	0.000776	-0.002280	0.003288	-0.080812	-1.187357	0.488826	-0.314010	0.786646	0.050950	-0.257735	0.186981	-0.041324	-0.611987	0.498762	-0.373413	-0.045605	0.160633	0.338855	-0.581057	-0.805339	0.180876	-0.287008	0.404043	-0.765643	0.000000	-4.711908	-0.730620	-5.673747	2.442865	-1.778638	-0.401830	-0.269689	0.390833	-0.149290	-0.539298	0.145220	-0.156015	0.170165	-0.480074	0.502852	0.752018	0.068091	0.335743	-0.011276	0.644098
-0.586263	-0.530084	0.764462	-0.999989	0.000909	-0.002659	0.003838	-0.080812	-1.268307	0.471335	-0.415664	0.834187	0.012705	-0.261769	0.181190	-0.034019	-0.615438	0.487854	-0.370258	-0.048349	0.163945	0.329307	-0.571086	-0.790349	0.182224	-0.280340	0.403838	-0.752804	0.000000	-3.715298	-0.946479	-4.787132	2.344175	-1.979090	-0.101588	-0.299509	0.352493	-0.184156	-0.548388	0.163999	-0.127835	0.163341	-0.476083	0.496385	0.748225	0.067018	0.332251	-0.009739	0.640853
-0.586410	-0.531383	0.764556	-0.999985	0.001050	-0.003050	0.004410	-0.080812	-1.335969	0.450967	-0.505495	0.880413	-0.028213	-0.261799	0.175001	-0.027225	-0.619353	0.476826	-0.366853	-0.050718	0.167166	0.319812	-0.561202	-0.775410	0.183557	-0.273718	0.403654	-0.740008	0.000000	-2.648479	-1.165143	-3.941655	2.297200	-2.225291	-0.000751	-0.315653	0.295833	-0.211485	-0.532559	0.176459	-0.091602	0.154328	-0.469662	0.486869	0.741267	0.065515	0.326960	-0.007828	0.634892
-0.586539	-0.532138	0.764702	-0.999985	0.001078	-0.003114	0.004509	-0.080812	-1.374247	0.424730	-0.573330	0.926075	-0.076307	-0.261799	0.168564	-0.022185	-0.623897	0.466552	-0.363200	-0.052013	0.170118	0.310520	-0.551611	-0.760698	0.184844	-0.267262	0.403525	-0.727408	0.000000	-1.723573	-1.344358	-3.242803	2.280288	-2.444928	0.000000	-0.315461	0.234736	-0.225699	-0.496346	0.179797	-0.056266	0.145387	-0.462495	0.476755	0.733027	0.063963	0.321233	-0.006005	0.627832
-0.586657	-0.532715	0.764852	-0.999984	0.001107	-0.003179	0.004608	-0.080812	-1.404912	0.397192	-0.635208	0.971624	-0.126010	-0.261799	0.162382	-0.017835	-0.628381	0.456972	-0.359661	-0.052969	0.172982	0.301312	-0.542131	-0.746089	0.186115	-0.260869	0.403414	-0.714895	0.000000	-1.152775	-1.441994	-2.796234	2.271950	-2.565896	0.000000	-0.296301	0.183094	-0.221229	-0.444315	0.171226	-0.030780	0.138791	-0.456307	0.468534	0.725438	0.062746	0.316466	-0.004736	0.621332
-0.586753	-0.532935	0.765012	-0.999985	0.001069	-0.003038	0.004414	-0.080812	-1.420358	0.367050	-0.685179	1.016953	-0.178942	-0.261799	0.156712	-0.014862	-0.632746	0.448780	-0.356351	-0.053244	0.175670	0.292268	-0.532870	-0.731681	0.187354	-0.254603	0.403336	-0.702555	0.000000	-0.522667	-1.551289	-2.286205	2.270228	-2.682341	0.000000	-0.252308	0.107487	-0.200623	-0.349422	0.148515	0.002315	0.130127	-0.447328	0.457016	0.714055	0.061073	0.309683	-0.003141	0.611582
-0.586815	-0.532806	0.765157	-0.999987	0.001022	-0.002884	0.004198	-0.080812	-1.425819	0.335141	-0.726656	1.062433	-0.233304	-0.261799	0.152290	-0.013536	-0.636406	0.442995	-0.353721	-0.052876	0.178187	0.283419	-0.523851	-0.717527	0.188558	-0.248482	0.403288	-0.690432	0.000000	-0.148243	-1.617643	-1.967733	2.276042	-2.736118	0.000000	-0.205477	0.045711	-0.174192	-0.259107	0.123017	0.026475	0.123729	-0.440057	0.447969	0.704584	0.059781	0.304281	-0.002015	0.603472
-0.586859	-0.532503	0.765294	-0.999989	0.000921	-0.002564	0.003743	-0.080812	-1.426287	0.302344	-0.763889	1.107995	-0.288387	-0.261799	0.148492	-0.013033	-0.639714	0.438415	-0.351430	-0.052185	0.180619	0.274666	-0.514951	-0.703497	0.189745	-0.242432	0.403255	-0.678416	0.000000	0.181144	-1.691083	-1.637207	2.302769	-2.733016	0.000000	-0.114360	-0.047935	-0.115679	-0.098796	0.071511	0.057397	0.115437	-0.429278	0.435096	0.690053	0.057977	0.296433	-0.000652	0.591028
-0.586835	-0.531686	0.765372	-0.999992	0.000822	-0.002269	0.003319	-0.080812	-1.418573	0.267498	-0.792144	1.154544	-0.342625	-0.261799	0.147716	-0.015453	-0.641033	0.439044	-0.350860	-0.050580	0.182804	0.266248	-0.506447	-0.689924	0.190877	-0.236624	0.403262	-0.666791	0.000000	0.409290	-1.757583	-1.355767	2.342248	-2.678853	0.000000	-0.023873	-0.136544	-0.054502	0.053287	0.023497	0.087484	0.107308	-0.417750	0.421654	0.674205	0.056114	0.288133	0.000619	0.577453
-0.586782	-0.530701	0.765417	-0.999994	0.000724	-0.001974	0.002896	-0.080812	-1.409916	0.232041	-0.818119	1.201685	-0.395541	-0.261799	0.147538	-0.018495	-0.641894	0.440547	-0.350491	-0.048686	0.184911	0.257956	-0.498085	-0.676529	0.191990	-0.230907	0.403280	-0.655318	0.000000	0.480050	-1.803511	-1.184896	2.386856	-2.580059	0.000000	0.021053	-0.183229	-0.020102	0.118916	0.008482	0.109156	0.101425	-0.408331	0.411000	0.660940	0.054656	0.281441	0.001466	0.566092
-0.586672	-0.529381	0.765397	-0.999996	0.000548	-0.001468	0.002162	-0.080812	-1.399371	0.195357	-0.839540	1.250018	-0.445827	-0.261799	0.148558	-0.022782	-0.641837	0.443800	-0.350521	-0.046214	0.186861	0.249914	-0.490007	-0.663487	0.193064	-0.225367	0.403320	-0.644147	0.000000	0.523025	-1.856680	-0.965412	2.439713	-2.401429	0.000000	0.203327	-0.317452	0.111470	0.409461	-0.099678	0.137170	0.093779	-0.395058	0.396264	0.641970	0.052652	0.272078	0.002500	0.549842
-0.586493	-0.527733	0.765289	-0.999998	0.000427	-0.001128	0.001668	-0.080812	-1.388995	0.157774	-0.856736	1.299273	-0.491598	-0.261799	0.155671	-0.031193	-0.637435	0.456925	-0.354478	-0.043199	0.188662	0.242153	-0.482235	-0.650850	0.194096	-0.220023	0.403380	-0.633324	0.000000	0.516734	-1.890506	-0.807047	2.474397	-2.232273	0.000001	0.431818	-0.472107	0.274429	0.779659	-0.246905	0.157519	0.088194	-0.384568	0.384811	0.626774	0.051104	0.264727	0.003206	0.536826
-0.586280	-0.525920	0.765135	-1.000000	0.000241	-0.000615	0.000917	-0.080812	-1.378702	0.119737	-0.871822	1.348994	-0.535118	-0.261799	0.165830	-0.041666	-0.630860	0.474987	-0.360397	-0.039913	0.190389	0.234532	-0.474614	-0.638416	0.195108	-0.214778	0.403449	-0.622674	0.000000	0.533167	-1.887372	-0.576402	2.416846	-1.970834	0.000001	0.740476	-0.663221	0.504893	1.249038	-0.430029	0.183278	0.081075	-0.369566	0.368772	0.604637	0.048947	0.254284	0.004007	0.517869
-0.585946	-0.523625	0.764810	-1.000000	0.000120	-0.000308	0.000458	-0.080812	-1.367668	0.082279	-0.879792	1.395947	-0.570432	-0.261799	0.185290	-0.057722	-0.617239	0.506887	-0.371679	-0.035868	0.191905	0.227371	-0.467484	-0.626665	0.196054	-0.209852	0.403540	-0.612609	0.000066	0.568280	-1.849901	-0.338033	2.287197	-1.691496	0.000000	0.913931	-0.766118	0.647451	1.478433	-0.510146	0.208591	0.074178	-0.353889	0.352220	0.581248	0.046727	0.243412	0.004715	0.497837
-0.585568	-0.521173	0.764421	-1.000000	-0.000000	0.000000	-0.000000	-0.080809	-1.355970	0.045741	-0.885343	1.440482	-0.602778	-0.261799	0.202388	-0.072311	-0.604962	0.534124	-0.380803	-0.031569	0.193356	0.220376	-0.460526	-0.615166	0.196977	-0.205041	0.403637	-0.602760	0.000264	0.617993	-1.780620	-0.156546	2.105501	-1.468641	-0.000001	0.736695	-0.656041	0.546607	1.128501	-0.348289	0.227587	0.069256	-0.341367	0.339218	0.562274	0.044991	0.234768	0.005138	0.481585
-0.585104	-0.518408	0.763903	-1.000000	-0.000160	0.000364	-0.000559	-0.080801	-1.342948	0.011054	-0.886054	1.480167	-0.629177	-0.261799	0.214757	-0.083964	-0.595375	0.552027	-0.385610	-0.026765	0.194676	0.213716	-0.453915	-0.604174	0.197853	-0.200461	0.403746	-0.593346	0.000939	0.708446	-1.648539	0.080636	1.782817	-1.160751	0.013994	0.693482	-0.619958	0.545605	0.977159	-0.265565	0.251652	0.062919	-0.324000	0.321350	0.535698	0.042607	0.222806	0.005604	0.458819
-0.584567	-0.515344	0.763280	-1.000000	-0.000258	0.000575	-0.000888	-0.080772	-1.327633	-0.020201	-0.882118	1.511795	-0.649208	-0.261239	0.230127	-0.097109	-0.583138	0.573210	-0.391426	-0.021503	0.195873	0.207416	-0.447672	-0.593738	0.198681	-0.196129	0.403862	-0.584408	0.001752	0.794455	-1.519812	0.254907	1.480618	-0.921877	0.034987	0.805958	-0.675959	0.644983	1.100175	-0.303369	0.268768	0.058337	-0.310495	0.307570	0.514840	0.040768	0.213520	0.005884	0.440955
-0.583993	-0.512130	0.762606	-0.999999	-0.000394	0.000842	-0.001315	-0.080731	-1.311170	-0.049738	-0.875858	1.539392	-0.666053	-0.260400	0.246996	-0.111002	-0.569576	0.596034	-0.397745	-0.016014	0.197009	0.201296	-0.441612	-0.583580	0.199484	-0.191921	0.403981	-0.575708	0.003461	0.969318	-1.348028	0.598089	1.022419	-0.614063	0.435075	0.906251	-0.719305	0.742388	1.177916	-0.316308	0.290457	0.052565	-0.291502	0.288393	0.485109	0.038213	0.200476	0.006120	0.415497
-0.583340	-0.508491	0.761826	-0.999998	-0.000470	0.000962	-0.001522	-0.080633	-1.288860	-0.074122	-0.858194	1.552692	-0.673770	-0.243836	0.266377	-0.125882	-0.553442	0.620327	-0.404078	-0.009885	0.197976	0.195756	-0.436136	-0.574334	0.200210	-0.188110	0.404106	-0.567788	0.005587	1.184902	-1.146494	0.956343	0.488770	-0.297356	0.871108	0.999596	-0.756494	0.834377	1.241173	-0.322209	0.311144	0.047011	-0.271866	0.268684	0.454119	0.035589	0.187000	0.006263	0.388953
-0.582670	-0.504718	0.761029	-0.999998	-0.000545	0.001083	-0.001728	-0.080508	-1.263774	-0.095598	-0.837604	1.558943	-0.677947	-0.225555	0.286980	-0.141262	-0.536201	0.645681	-0.410633	-0.003568	0.198890	0.190422	-0.430865	-0.565416	0.200908	-0.184441	0.404232	-0.560150	0.007651	1.393053	-0.928479	1.175839	-0.039834	-0.031769	0.999930	1.091212	-0.794006	0.917503	1.320714	-0.338893	0.325249	0.043084	-0.256425	0.253300	0.429457	0.033539	0.176407	0.006263	0.367826
-0.581966	-0.500677	0.760196	-0.999997	-0.000636	0.001189	-0.001933	-0.080327	-1.233138	-0.111261	-0.811160	1.551098	-0.675041	-0.203839	0.310025	-0.157642	-0.516742	0.673155	-0.417634	0.003125	0.199699	0.185499	-0.426004	-0.557155	0.201551	-0.181054	0.404357	-0.553075	0.010818	1.733509	-0.571993	1.456103	-0.853598	0.317843	1.092682	1.079357	-0.773332	0.932398	1.215523	-0.273247	0.343859	0.038047	-0.235201	0.232229	0.395292	0.030731	0.161843	0.006174	0.338563
-0.581248	-0.496384	0.759363	-0.999997	-0.000689	0.001239	-0.002038	-0.080075	-1.194434	-0.118478	-0.779360	1.524799	-0.665233	-0.181848	0.330154	-0.172195	-0.498905	0.694302	-0.421563	0.010186	0.200411	0.181014	-0.421576	-0.549604	0.202137	-0.177967	0.404479	-0.546607	0.013506	2.036116	-0.255293	1.657061	-1.545689	0.576694	1.103033	0.970001	-0.704838	0.871651	0.978249	-0.158106	0.357684	0.034419	-0.218813	0.216015	0.368725	0.028572	0.150596	0.006043	0.315812
-0.580523	-0.491965	0.758529	-0.999997	-0.000757	0.001282	-0.002151	-0.079787	-1.151693	-0.121473	-0.744878	1.489271	-0.651973	-0.159718	0.348825	-0.185835	-0.481876	0.712285	-0.423958	0.017432	0.201076	0.176747	-0.417363	-0.542406	0.202694	-0.175030	0.404599	-0.540442	0.017715	2.508169	0.059235	1.917619	-2.539641	1.030335	1.081459	0.954561	-0.685665	0.879665	0.873944	-0.091571	0.374905	0.029851	-0.196034	0.193547	0.331412	0.025580	0.134951	0.005732	0.283854
-0.579805	-0.487191	0.757745	-0.999997	-0.000788	0.001276	-0.002173	-0.079367	-1.094107	-0.116109	-0.702655	1.423213	-0.624020	-0.138590	0.368336	-0.199621	-0.463718	0.729259	-0.425226	0.025182	0.201605	0.173172	-0.413834	-0.536348	0.203160	-0.172569	0.404708	-0.535253	0.022341	3.001493	0.341282	2.177736	-3.516632	1.474169	1.038943	0.984210	-0.694344	0.917368	0.846922	-0.056862	0.390507	0.025444	-0.172637	0.170501	0.292833	0.022513	0.118874	0.005332	0.250809
-0.579100	-0.482306	0.756996	-0.999997	-0.000819	0.001270	-0.002195	-0.078893	-1.031633	-0.107821	-0.657769	1.348605	-0.593007	-0.118160	0.388194	-0.213609	-0.445182	0.746162	-0.426232	0.033052	0.202093	0.169841	-0.410543	-0.530693	0.203595	-0.170275	0.404812	-0.530410	0.026280	3.367937	0.560506	2.377406	-4.157800	1.703569	0.986491	1.010162	-0.709426	0.945712	0.841555	-0.037219	0.399480	0.022306	-0.154399	0.152561	0.262482	0.020127	0.106334	0.004932	0.224815
-0.578420	-0.477200	0.756314	-0.999997	-0.000845	0.001219	-0.002162	-0.078315	-0.959389	-0.093688	-0.607559	1.256901	-0.555877	-0.099130	0.408743	-0.227999	-0.425890	0.762922	-0.426715	0.041162	0.202498	0.166996	-0.407731	-0.525848	0.203965	-0.168316	0.404905	-0.526260	0.031949	3.752717	0.729987	2.597255	-4.798618	1.953328	0.912756	0.942453	-0.673825	0.903958	0.683960	0.052065	0.411257	0.018234	-0.129456	0.128020	0.220735	0.016867	0.089173	0.004319	0.189058
-0.577784	-0.471889	0.755735	-0.999997	-0.000854	0.001176	-0.002122	-0.077616	-0.881525	-0.078622	-0.553878	1.156661	-0.514873	-0.081650	0.425892	-0.240562	-0.409023	0.773521	-0.424150	0.049503	0.202823	0.164663	-0.405422	-0.521864	0.204269	-0.166708	0.404985	-0.522848	0.036512	3.963509	0.764981	2.727406	-5.118746	2.098593	0.854633	0.814956	-0.605355	0.813002	0.452952	0.166346	0.419960	0.015265	-0.110286	0.109153	0.188477	0.014365	0.075977	0.003799	0.161427
-0.577170	-0.466475	0.755207	-0.999997	-0.000858	0.001096	-0.002036	-0.076855	-0.800849	-0.063089	-0.498462	1.052151	-0.471933	-0.064945	0.441341	-0.252213	-0.393370	0.781040	-0.420061	0.057960	0.203108	0.162585	-0.403365	-0.518309	0.204540	-0.165276	0.405057	-0.519803	0.043222	3.902912	0.650596	2.698468	-5.017755	2.075431	0.780222	0.781202	-0.603048	0.790367	0.371347	0.226577	0.428749	0.011411	-0.083803	0.083041	0.143574	0.010910	0.057738	0.002980	0.122969
-0.576652	-0.460776	0.754885	-0.999997	-0.000847	0.001030	-0.001952	-0.075887	-0.725408	-0.052598	-0.445940	0.955950	-0.431856	-0.050441	0.457140	-0.264684	-0.377409	0.788375	-0.415087	0.066653	0.203279	0.161311	-0.402101	-0.516121	0.204706	-0.164398	0.405104	-0.517929	0.050347	3.465480	0.420604	2.431617	-4.384497	1.830683	0.738672	0.707180	-0.604069	0.721762	0.275944	0.305395	0.412230	0.007599	-0.056700	0.056271	0.097401	0.007376	0.039066	0.002084	0.083426
-0.576176	-0.454991	0.754649	-0.999998	-0.000836	0.000964	-0.001868	-0.074841	-0.662230	-0.046265	-0.401198	0.876772	-0.398706	-0.035398	0.469628	-0.276376	-0.364499	0.792077	-0.407845	0.074449	0.203412	0.160317	-0.401114	-0.514413	0.204835	-0.163714	0.405140	-0.516466	0.056160	2.545989	0.108788	1.848184	-3.108078	1.311292	0.779190	0.458904	-0.545622	0.492930	0.003541	0.475478	0.345033	0.004761	-0.035672	0.035430	0.061347	0.004640	0.024575	0.001330	0.052546
-0.575782	-0.449030	0.754584	-0.999998	-0.000799	0.000858	-0.001714	-0.073640	-0.623569	-0.048247	-0.372012	0.831627	-0.379405	-0.019273	0.475496	-0.286509	-0.357691	0.788516	-0.396068	0.080454	0.203470	0.159884	-0.400684	-0.513667	0.204891	-0.163416	0.405157	-0.515827	0.063965	1.398894	-0.244546	1.118344	-1.529476	0.644001	0.692124	0.254810	-0.496169	0.327427	-0.249580	0.566445	0.394062	0.001912	-0.014436	0.014358	0.024876	0.001878	0.009943	0.000553	0.021307
-0.575486	-0.442927	0.754712	-0.999998	-0.000768	0.000787	-0.001606	-0.072282	-0.606274	-0.056047	-0.356464	0.815593	-0.372946	-0.007713	0.479821	-0.296222	-0.351402	0.782094	-0.385187	0.090212	0.203489	0.159739	-0.400540	-0.513418	0.204910	-0.163316	0.405163	-0.515614	0.069860	0.597645	-0.462774	0.606962	-0.437853	0.162396	0.521002	0.196937	-0.480446	0.308003	-0.356887	0.532828	0.534830	0.000478	-0.003609	0.003590	0.006220	0.000469	0.002486	0.000139	0.005327
-0.575239	-0.436751	0.754938	-0.999999	-0.000712	0.000683	-0.001436	-0.070846	-0.599663	-0.066758	-0.347734	0.814113	-0.372909	0.001567	0.483374	-0.305727	-0.345371	0.774241	-0.374755	0.101847	0.203489	0.159739	-0.400540	-0.513418	0.204910	-0.163316	0.405163	-0.515614	0.075618	0.356044	-0.531550	0.449347	-0.122327	0.046936	0.541466	0.066071	-0.441763	0.188677	-0.515527	0.638483	0.508489	0.000000	-0.000000	-0.000001	0.000000	0.000000	-0.000000	0.000000	0.000000
-0.575127	-0.430492	0.755411	-0.999999	-0.000665	0.000617	-0.001317	-0.069258	-0.592032	-0.077309	-0.338490	0.810699	-0.371068	0.013946	0.482463	-0.313893	-0.343855	0.761473	-0.359648	0.110551	0.203489	0.159739	-0.400540	-0.513418	0.204910	-0.163316	0.405163	-0.515614	0.079793	0.453974	-0.508430	0.503341	-0.293660	0.144342	0.622498	-0.120576	-0.398369	0.005352	-0.692680	0.776734	0.431926	0.000000	0.000000	-0.000001	0.000000	0.000000	0.000000	-0.000001	0.000000
-0.575054	-0.424258	0.755947	-0.999999	-0.000617	0.000551	-0.001199	-0.067654	-0.581504	-0.087095	-0.327600	0.802367	-0.367135	0.026467	0.478551	-0.321662	-0.345157	0.746534	-0.343685	0.119124	0.203489	0.159739	-0.400540	-0.513418	0.204910	-0.163316	0.405163	-0.515614	0.080945	0.671348	-0.451031	0.626829	-0.662623	0.301331	0.633114	-0.345816	-0.368556	-0.206070	-0.855601	0.840962	0.422097	-0.000001	0.000000	0.000001	0.000000	0.000000	0.000000	-0.000001	0.000000
-0.575058	-0.418072	0.756608	-0.999999	-0.000536	0.000459	-0.001019	-0.066020	-0.565178	-0.095350	-0.313417	0.784195	-0.359015	0.039270	0.468631	-0.328635	-0.352098	0.727249	-0.326010	0.127435	0.203489	0.159739	-0.400540	-0.513418	0.204910	-0.163316	0.405163	-0.515614	0.080711	0.789180	-0.411502	0.685592	-0.877512	0.399013	0.625205	-0.620466	-0.318711	-0.463361	-1.056527	0.919149	0.406212	0.000000	0.000000	0.000001	0.000000	0.000000	0.000000	0.000001	0.000000
-0.575128	-0.412038	0.757353	-0.999999	-0.000480	0.000400	-0.000900	-0.064426	-0.549937	-0.103555	-0.300177	0.767266	-0.351175	0.051475	0.453732	-0.334410	-0.363692	0.704272	-0.306919	0.135373	0.203489	0.159739	-0.400540	-0.513418	0.204910	-0.163316	0.405163	-0.515614	0.079212	0.748585	-0.409640	0.650278	-0.830899	0.388554	0.602763	-0.807210	-0.273779	-0.637877	-1.195042	0.972252	0.392241	0.000001	0.000000	0.000001	0.000000	-0.000000	0.000000	0.000001	0.000000
-0.575231	-0.406081	0.758140	-1.000000	-0.000394	0.000315	-0.000724	-0.062851	-0.535235	-0.111736	-0.287406	0.750959	-0.343473	0.063381	0.436342	-0.339586	-0.377613	0.679447	-0.287120	0.143125	0.203489	0.159739	-0.400540	-0.513418	0.204910	-0.163316	0.405163	-0.515614	0.074572	0.747918	-0.385679	0.632596	-0.864345	0.409776	0.573556	-1.056342	-0.201485	-0.871513	-1.373435	1.034500	0.369196	0.000000	0.000000	0.000000	0.000000	0.000000	0.000000	0.000000	0.000000
-0.575413	-0.400506	0.758992	-1.000000	-0.000336	0.000264	-0.000613	-0.061443	-0.520020	-0.118982	-0.274873	0.732693	-0.334783	0.074417	0.411478	-0.342469	-0.398552	0.649335	-0.265539	0.150141	0.203489	0.159739	-0.400540	-0.513418	0.204910	-0.163316	0.405163	-0.515614	0.068170	0.815228	-0.348737	0.656742	-0.997061	0.471067	0.541927	-1.302809	-0.120454	-1.102746	-1.548590	1.091491	0.343310	-0.000000	0.000000	-0.000001	0.000000	0.000000	0.000000	0.000000	0.000000
-0.575615	-0.395111	0.759846	-1.000000	-0.000279	0.000214	-0.000502	-0.060125	-0.502626	-0.125685	-0.261136	0.711076	-0.324630	0.085058	0.384230	-0.344404	-0.421723	0.617504	-0.243460	0.156857	0.203489	0.159739	-0.400540	-0.513418	0.204910	-0.163316	0.405163	-0.515614	0.061383	0.978518	-0.307926	0.746877	-1.248184	0.580776	0.512201	-1.481409	-0.049325	-1.269915	-1.677251	1.128742	0.320806	0.000000	0.000000	-0.000001	0.000000	-0.000001	0.000000	0.000000	0.000000
-0.575857	-0.390076	0.760703	-1.000000	-0.000198	0.000148	-0.000352	-0.058987	-0.480879	-0.131299	-0.244998	0.682765	-0.311552	0.094905	0.352222	-0.344442	-0.449349	0.582245	-0.220390	0.162973	0.203489	0.159739	-0.400540	-0.513418	0.204910	-0.163316	0.405163	-0.515614	0.050569	1.031209	-0.266054	0.762236	-1.356679	0.628532	0.468488	-1.833755	0.075918	-1.598119	-1.936910	1.208108	0.288514	0.000000	0.000000	0.000001	0.000000	-0.000000	0.000000	0.000000	0.000000
-0.576127	-0.385503	0.761522	-1.000000	-0.000147	0.000108	-0.000259	-0.058102	-0.461378	-0.136327	-0.230647	0.656809	-0.299489	0.103798	0.310880	-0.341368	-0.485647	0.540027	-0.195136	0.168398	0.203489	0.159739	-0.400540	-0.513418	0.204910	-0.163316	0.405163	-0.515614	0.041139	0.947007	-0.244079	0.695180	-1.268368	0.590488	0.432678	-2.183763	0.192652	-1.923334	-2.197844	1.289978	0.262603	0.000000	0.000000	0.000001	0.000000	0.000001	0.000000	0.000000	0.000000
-0.576411	-0.381161	0.762323	-1.000000	-0.000075	0.000055	-0.000132	-0.057342	-0.442999	-0.141062	-0.217190	0.632031	-0.287933	0.112212	0.264871	-0.336736	-0.526282	0.494331	-0.168790	0.173477	0.203489	0.159739	-0.400540	-0.513418	0.204910	-0.163316	0.405163	-0.515614	0.025917	0.878041	-0.206260	0.637994	-1.201798	0.560088	0.377961	-2.048624	0.268877	-1.790823	-2.142654	1.240631	0.223086	-0.000000	0.000000	0.000000	0.000000	0.000000	0.000000	0.000000	0.000000
-0.576718	-0.377669	0.763006	-1.000000	-0.000038	0.000027	-0.000066	-0.057065	-0.426256	-0.144578	-0.205127	0.608737	-0.277085	0.118916	0.228935	-0.330613	-0.557280	0.454321	-0.145510	0.177321	0.203489	0.159739	-0.400540	-0.513418	0.204910	-0.163316	0.405163	-0.515614	0.011533	0.808337	-0.166542	0.581459	-1.128952	0.526244	0.319477	-0.727975	0.063518	-0.543918	-1.058896	0.732012	0.185662	-0.000000	-0.000000	0.000000	0.000000	-0.000001	0.000000	0.000000	0.000000
-0.577026	-0.374498	0.763634	-1.000000	-0.000000	0.000000	-0.000000	-0.056881	-0.410666	-0.147724	-0.193932	0.586872	-0.266883	0.124991	0.235752	-0.334196	-0.548039	0.451975	-0.139510	0.180903	0.203489	0.159739	-0.400540	-0.513418	0.204910	-0.163316	0.405163	-0.515614	0.004613	0.721887	-0.138865	0.516335	-1.021791	0.477846	0.272352	2.478404	-0.664447	2.473916	1.765762	-0.563891	0.166023	0.000000	-0.000000	-0.000001	0.000000	0.000000	-0.000000	0.000001	0.000000
-0.577335	-0.371968	0.764150	-1.000000	0.000038	-0.000027	0.000066	-0.056881	-0.397380	-0.150132	-0.184474	0.567865	-0.257972	0.129810	0.328071	-0.357190	-0.458324	0.524952	-0.168066	0.183962	0.203489	0.159739	-0.400540	-0.513418	0.204910	-0.163316	0.405163	-0.515614	0.000000	0.594274	-0.105444	0.420627	-0.856796	0.404102	0.211726	6.478786	-1.053838	6.367897	4.756138	-1.956468	0.144312	0.000000	0.000000	0.000000	0.000000	0.000000	-0.000000	0.000001	0.000000
-0.577627	-0.370047	0.764555	-1.000000	0.000058	-0.000041	0.000100	-0.056881	-0.386895	-0.151942	-0.177107	0.552601	-0.250719	0.133460	0.494904	-0.376349	-0.293323	0.642221	-0.217769	0.186676	0.203489	0.159739	-0.400540	-0.513418	0.204910	-0.163316	0.405163	-0.515614	0.000000	0.489324	-0.082994	0.342203	-0.716496	0.341897	0.167918	9.273307	-0.910018	9.191354	6.417295	-2.749536	0.131391	0.000000	0.000001	0.000001	0.000000	0.000000	0.000000	-0.000001	0.000000
-0.577910	-0.368428	0.764904	-1.000000	0.000079	-0.000056	0.000137	-0.056881	-0.377807	-0.153452	-0.170786	0.539206	-0.244296	0.136527	0.699003	-0.393591	-0.090670	0.781644	-0.278047	0.189218	0.203489	0.159739	-0.400540	-0.513418	0.204910	-0.163316	0.405163	-0.515614	0.000000	0.346325	-0.055953	0.239486	-0.518535	0.252325	0.114460	9.822672	-0.000269	9.933409	6.697355	-2.947706	0.100102	-0.000000	0.000000	0.000000	0.000000	0.000000	0.000000	-0.000001	0.000000
-0.578136	-0.367626	0.765095	-1.000000	0.000083	-0.000060	0.000145	-0.056881	-0.373042	-0.154180	-0.167528	0.531859	-0.240626	0.138039	0.887811	-0.376360	0.104013	0.910115	-0.335677	0.190680	0.203489	0.159739	-0.400540	-0.513418	0.204910	-0.163316	0.405163	-0.515614	0.000000	0.203898	-0.030694	0.139163	-0.317560	0.160046	0.064176	8.813049	1.037685	9.163518	6.207376	-2.770016	0.019040	-0.000000	-0.000000	0.000000	0.000000	-0.000000	0.000000	-0.000001	0.000000
-0.578332	-0.367065	0.765237	-1.000000	0.000088	-0.000063	0.000154	-0.056881	-0.369652	-0.154680	-0.165219	0.526503	-0.237894	0.139094	1.051525	-0.352084	0.275871	1.029939	-0.388848	0.189979	0.203489	0.159739	-0.400540	-0.513418	0.204910	-0.163316	0.405163	-0.515614	0.000000	0.100681	-0.013589	0.067938	-0.168251	0.089735	0.029899	6.930423	1.566049	7.450952	5.558393	-2.435468	-0.143206	0.000000	0.000000	0.000000	0.000000	0.000000	0.000000	0.000000	0.000000
-0.578469	-0.366986	0.765280	-1.000000	0.000084	-0.000061	0.000147	-0.056881	-0.369014	-0.154723	-0.164810	0.525129	-0.237037	0.139235	1.165028	-0.313718	0.402051	1.132451	-0.433096	0.184952	0.203489	0.159739	-0.400540	-0.513418	0.204910	-0.163316	0.405163	-0.515614	0.000000	-0.029799	0.007185	-0.021789	0.023061	-0.000469	-0.012575	4.641855	2.031750	5.369864	4.667875	-2.193251	-0.150779	0.000000	0.000000	0.000000	0.000000	0.000000	0.000000	0.000001	0.000000
-0.578526	-0.367326	0.765232	-1.000000	0.000079	-0.000057	0.000139	-0.056881	-0.370844	-0.154392	-0.166091	0.527426	-0.237913	0.138591	1.237200	-0.270814	0.490666	1.216654	-0.476578	0.183948	0.203489	0.159739	-0.400540	-0.513418	0.204910	-0.163316	0.405163	-0.515614	0.000000	-0.122294	0.021242	-0.085148	0.160703	-0.065460	-0.042006	3.091928	2.201935	3.961100	3.981259	-2.164567	0.000121	-0.000000	-0.000000	0.000000	0.000000	0.000000	0.000000	0.000000	0.000000
-0.578544	-0.367875	0.765138	-1.000000	0.000068	-0.000049	0.000119	-0.056881	-0.373906	-0.153874	-0.168216	0.531557	-0.239655	0.137554	1.288705	-0.225640	0.560495	1.291701	-0.519678	0.184957	0.203489	0.159739	-0.400540	-0.513418	0.204910	-0.163316	0.405163	-0.515614	0.000000	-0.230317	0.038229	-0.159662	0.325276	-0.147205	-0.077208	1.534444	2.241608	2.578385	3.138897	-1.814394	-0.134071	0.000000	0.000000	0.000000	0.000000	-0.000000	0.000000	0.000000	0.000000
-0.578411	-0.368959	0.764916	-1.000000	0.000057	-0.000041	0.000100	-0.056881	-0.380056	-0.152863	-0.172477	0.540437	-0.243801	0.135503	1.298577	-0.181149	0.593801	1.342210	-0.549154	0.178585	0.203489	0.159739	-0.400540	-0.513418	0.204910	-0.163316	0.405163	-0.515614	0.000000	-0.327123	0.053885	-0.227042	0.475624	-0.224175	-0.109585	0.324371	2.223398	1.510619	2.406910	-1.410368	-0.346199	0.000000	0.000000	-0.000001	0.000000	-0.000000	-0.000000	-0.000001	0.000000
-0.578218	-0.370190	0.764656	-1.000000	0.000046	-0.000033	0.000081	-0.056881	-0.386991	-0.151718	-0.177298	0.550582	-0.248622	0.133171	1.301680	-0.136704	0.620920	1.387978	-0.576093	0.171109	0.203489	0.159739	-0.400540	-0.513418	0.204910	-0.163316	0.405163	-0.515614	0.000000	-0.385998	0.063955	-0.269021	0.570635	-0.274863	-0.130556	-0.183424	2.220118	1.046707	2.051529	-1.220213	-0.429134	0.000000	0.000000	-0.000001	0.000000	0.000000	0.000000	0.000001	0.000000
-0.577904	-0.371714	0.764317	-1.000000	0.000028	-0.000020	0.000049	-0.056881	-0.395496	-0.150305	-0.183238	0.563262	-0.254795	0.130280	1.291240	-0.092345	0.635669	1.424271	-0.597962	0.161420	0.203489	0.159739	-0.400540	-0.513418	0.204910	-0.163316	0.405163	-0.515614	0.000000	-0.451153	0.076236	-0.316695	0.679915	-0.335924	-0.155663	-0.770867	2.147786	0.556450	1.497507	-0.959465	-0.519301	0.000000	0.000000	0.000001	0.000000	0.000000	0.000000	0.000001	0.000000
-0.577448	-0.373470	0.763907	-1.000000	0.000017	-0.000012	0.000029	-0.056881	-0.405037	-0.148669	-0.189965	0.577779	-0.262059	0.126945	1.270845	-0.050793	0.643178	1.447878	-0.614472	0.150337	0.203489	0.159739	-0.400540	-0.513418	0.204910	-0.163316	0.405163	-0.515614	0.000000	-0.490028	0.084591	-0.346241	0.748850	-0.376841	-0.172359	-1.144305	2.042609	0.284940	1.021817	-0.758494	-0.571638	-0.000000	0.000000	0.000001	0.000000	-0.000000	0.000000	-0.000001	0.000000
-0.576922	-0.375341	0.763461	-1.000000	-0.000000	0.000000	-0.000000	-0.056881	-0.415097	-0.146921	-0.197088	0.593216	-0.269869	0.123386	1.245468	-0.010640	0.647067	1.465143	-0.628302	0.138554	0.203489	0.159739	-0.400540	-0.513418	0.204910	-0.163316	0.405163	-0.515614	0.013815	-0.523733	0.089400	-0.387082	0.814907	-0.417630	-0.190424	-1.499689	1.883042	0.028336	0.454450	-0.486262	-0.626589	-0.000000	0.000000	0.000000	0.000000	0.000000	0.000000	-0.000001	0.000000
-0.576164	-0.377470	0.762919	-1.000000	-0.000009	0.000006	-0.000015	-0.056328	-0.425986	-0.145093	-0.205449	0.610375	-0.278764	0.119328	1.210857	0.024529	0.644312	1.466056	-0.633922	0.125273	0.203489	0.159739	-0.400540	-0.513418	0.204910	-0.163316	0.405163	-0.515614	0.035919	-0.546745	0.090285	-0.428852	0.864452	-0.448974	-0.206107	-1.778352	1.699289	-0.162639	-0.091901	-0.214766	-0.667386	0.000000	0.000000	-0.000001	0.000000	0.000000	0.000000	-0.000001	0.000000
-0.575339	-0.379665	0.762352	-1.000000	-0.000017	0.000012	-0.000030	-0.055444	-0.436967	-0.143310	-0.214242	0.627794	-0.287828	0.115142	1.174334	0.057331	0.640561	1.461467	-0.636893	0.111859	0.203489	0.159739	-0.400540	-0.513418	0.204910	-0.163316	0.405163	-0.515614	0.060790	-0.553603	0.086875	-0.461227	0.883937	-0.461589	-0.215676	-1.921770	1.521735	-0.237261	-0.504524	-0.016049	-0.677322	0.000000	-0.000000	-0.000001	0.000000	0.000000	-0.000000	-0.000001	0.000000
-0.574380	-0.381991	0.761733	-1.000000	-0.000026	0.000019	-0.000046	-0.053896	-0.448130	-0.141618	-0.223898	0.645733	-0.297228	0.110701	1.133987	0.085398	0.634821	1.445875	-0.634564	0.098180	0.203489	0.159739	-0.400540	-0.513418	0.204910	-0.163316	0.405163	-0.515614	0.091183	-0.555088	0.082218	-0.496652	0.897108	-0.472146	-0.226776	-2.138245	1.278774	-0.392060	-1.070017	0.278370	-0.688476	0.000000	-0.000000	0.000000	0.000000	0.000000	-0.000000	0.000001	0.000000
-0.573313	-0.384409	0.761074	-1.000000	-0.000031	0.000023	-0.000055	-0.051797	-0.459171	-0.140021	-0.234108	0.663679	-0.306714	0.106071	1.088804	0.108482	0.624879	1.418667	-0.625758	0.084320	0.203489	0.159739	-0.400540	-0.513418	0.204910	-0.163316	0.405163	-0.515614	0.111904	-0.550492	0.078647	-0.517442	0.897434	-0.475397	-0.233871	-2.319655	1.091991	-0.549652	-1.505658	0.521280	-0.695313	-0.000000	0.000000	0.000000	0.000000	0.000000	0.000000	0.000001	0.000000
-0.572193	-0.386873	0.760395	-1.000000	-0.000037	0.000027	-0.000065	-0.049420	-0.470150	-0.138472	-0.244595	0.681630	-0.316244	0.101346	1.041200	0.129078	0.612835	1.385649	-0.613713	0.070368	0.203489	0.159739	-0.400540	-0.513418	0.204910	-0.163316	0.405163	-0.515614	0.135389	-0.641154	0.063108	-0.601213	1.028329	-0.533852	-0.240939	-2.584734	0.760870	-0.734811	-2.214283	0.865197	-0.678187	0.000000	0.000000	0.000000	0.000000	0.000000	0.000000	0.000000	0.000000
-0.570953	-0.389421	0.759677	-1.000000	-0.000039	0.000028	-0.000068	-0.046381	-0.484817	-0.137497	-0.258156	0.704812	-0.328068	0.096433	0.985415	0.138917	0.595487	1.330095	-0.591150	0.057192	0.203489	0.159739	-0.400540	-0.513418	0.204910	-0.163316	0.405163	-0.515614	0.156116	-0.677253	0.052333	-0.647600	1.082197	-0.559081	-0.246110	-2.850118	0.402813	-0.914215	-2.951255	1.206814	-0.641536	0.000001	0.000000	0.000000	0.000000	0.000000	0.000000	0.000000	0.000000
-0.569687	-0.391977	0.758951	-1.000000	-0.000041	0.000029	-0.000072	-0.043176	-0.497240	-0.136379	-0.270499	0.724918	-0.338607	0.091501	0.927196	0.145190	0.576267	1.267598	-0.565440	0.044706	0.203489	0.159739	-0.400540	-0.513418	0.204910	-0.163316	0.405163	-0.515614	0.168549	-0.508939	0.063056	-0.556196	0.851373	-0.462618	-0.247498	-3.032202	0.135304	-1.054429	-3.471568	1.442657	-0.589770	0.000000	0.000000	0.000000	0.000000	0.000000	-0.000000	0.000000	0.000000
-0.568370	-0.394550	0.758211	-1.000000	-0.000041	0.000030	-0.000072	-0.039639	-0.505174	-0.134975	-0.280404	0.738867	-0.346573	0.086533	0.864127	0.144329	0.553309	1.191233	-0.533444	0.033602	0.203489	0.159739	-0.400540	-0.513418	0.204910	-0.163316	0.405163	-0.515614	0.182361	-0.393867	0.067193	-0.499435	0.693047	-0.395617	-0.248408	-3.243735	-0.178024	-1.265922	-4.053497	1.704375	-0.527859	-0.000000	0.000000	0.000000	0.000000	0.000000	0.000000	0.000000	0.000000
-0.567028	-0.397103	0.757469	-1.000000	-0.000041	0.000029	-0.000071	-0.035881	-0.512995	-0.133691	-0.290477	0.752640	-0.354432	0.081565	0.797446	0.138069	0.525630	1.105458	-0.497265	0.023592	0.203489	0.159739	-0.400540	-0.513418	0.204910	-0.163316	0.405163	-0.515614	0.190654	-0.389616	0.062681	-0.505737	0.686456	-0.391614	-0.248402	-3.379139	-0.380487	-1.443015	-4.406276	1.861189	-0.486797	0.000000	0.000000	0.000000	0.000000	-0.000000	0.000001	0.000000	0.000000
-0.565673	-0.399646	0.756727	-1.000000	-0.000039	0.000028	-0.000069	-0.032013	-0.520759	-0.132467	-0.300634	0.766325	-0.362237	0.076597	0.728961	0.129110	0.495589	1.014982	-0.458996	0.014130	0.203489	0.159739	-0.400540	-0.513418	0.204910	-0.163316	0.405163	-0.515614	0.197562	-0.377622	0.056568	-0.505204	0.666606	-0.381294	-0.244964	-3.249842	-0.496069	-1.546196	-4.320934	1.812100	-0.423850	0.000000	0.000000	0.000000	0.000000	0.000000	0.000000	0.000000	0.000000
-0.564324	-0.402102	0.756001	-1.000000	-0.000037	0.000027	-0.000065	-0.027979	-0.528100	-0.131428	-0.310685	0.779304	-0.369683	0.071766	0.667453	0.118226	0.463782	0.932621	-0.424781	0.006638	0.203489	0.159739	-0.400540	-0.513418	0.204910	-0.163316	0.405163	-0.515614	0.201707	-0.361297	0.050942	-0.498434	0.639996	-0.367444	-0.239825	-2.794157	-0.484502	-1.480777	-3.701265	1.519735	-0.358253	-0.000000	0.000000	0.000000	0.000000	0.000000	-0.000000	0.000000	0.000000
-0.562989	-0.404509	0.755287	-1.000000	-0.000035	0.000025	-0.000061	-0.023945	-0.535211	-0.130430	-0.320571	0.791925	-0.376935	0.067004	0.617195	0.109730	0.436358	0.866931	-0.398207	-0.000200	0.203489	0.159739	-0.400540	-0.513418	0.204910	-0.163316	0.405163	-0.515614	0.201707	-0.344044	0.047886	-0.486021	0.613120	-0.352843	-0.234707	-1.950382	-0.305536	-1.152066	-2.451055	0.946721	-0.309227	0.000000	-0.000000	0.000000	0.000000	0.000000	-0.000000	-0.000001	0.000000
-0.561686	-0.406821	0.754596	-1.000000	-0.000031	0.000022	-0.000054	-0.019910	-0.541862	-0.129513	-0.330126	0.803829	-0.383797	0.062378	0.589437	0.106005	0.417699	0.834579	-0.386912	-0.005731	0.203489	0.159739	-0.400540	-0.513418	0.204910	-0.163316	0.405163	-0.515614	0.198939	-0.320970	0.041688	-0.466806	0.572528	-0.331736	-0.223567	-0.926663	-0.082637	-0.710740	-0.949594	0.259849	-0.256772	0.000000	0.000000	0.000000	0.000000	0.000000	0.000000	0.000000	0.000000
-0.560440	-0.408999	0.753942	-1.000000	-0.000028	0.000020	-0.000049	-0.015987	-0.548050	-0.128762	-0.339243	0.814826	-0.390204	0.058061	0.580128	0.106424	0.407928	0.828947	-0.387813	-0.010471	0.203489	0.159739	-0.400540	-0.513418	0.204910	-0.163316	0.405163	-0.515614	0.194794	-0.303619	0.035447	-0.450414	0.538532	-0.314690	-0.211982	-0.234871	0.072747	-0.377481	0.052384	-0.197448	-0.227125	0.000000	0.000001	0.000000	0.000000	-0.000000	0.000001	0.000001	0.000000
-0.559223	-0.411111	0.753306	-1.000000	-0.000023	0.000017	-0.000040	-0.012119	-0.554006	-0.128095	-0.348142	0.825370	-0.396385	0.053899	0.580042	0.108915	0.402600	0.836674	-0.394810	-0.014816	0.203489	0.159739	-0.400540	-0.513418	0.204910	-0.163316	0.405163	-0.515614	0.185124	-0.341964	0.038897	-0.434570	0.586717	-0.339103	-0.267748	-0.000620	0.116440	-0.252470	0.372791	-0.332452	-0.203744	0.000000	0.000000	0.000001	0.000000	0.000000	0.000000	0.000000	0.000000
-0.558136	-0.412965	0.752743	-1.000000	-0.000020	0.000014	-0.000034	-0.008582	-0.561728	-0.127206	-0.356626	0.838295	-0.403769	0.047351	0.580104	0.111082	0.397829	0.843859	-0.401111	-0.018621	0.203489	0.159739	-0.400540	-0.513418	0.204910	-0.163316	0.405163	-0.515614	0.172690	-0.340459	0.045702	-0.399303	0.572801	-0.333746	-0.297206	0.001548	0.104511	-0.233360	0.347199	-0.305501	-0.184732	0.000000	-0.000001	0.000001	0.000000	0.000000	-0.000000	-0.000001	0.000000
-0.557104	-0.414715	0.752211	-1.000000	-0.000016	0.000012	-0.000029	-0.005211	-0.567625	-0.126267	-0.364115	0.848282	-0.409735	0.042011	0.580104	0.113095	0.393266	0.850562	-0.407030	-0.022205	0.203489	0.159739	-0.400540	-0.513418	0.204910	-0.163316	0.405163	-0.515614	0.160261	-0.203544	0.049526	-0.324651	0.352487	-0.227387	-0.206692	-0.002974	0.093014	-0.217835	0.311078	-0.276893	-0.168196	0.000000	-0.000001	-0.000001	0.000000	-0.000001	-0.000000	0.000000	0.000000
-0.556186	-0.416256	0.751740	-1.000000	-0.000012	0.000008	-0.000020	-0.002172	-0.569870	-0.125225	-0.369612	0.852394	-0.412864	0.039084	0.579985	0.114802	0.389116	0.856302	-0.412187	-0.025349	0.203489	0.159739	-0.400540	-0.513418	0.204910	-0.163316	0.405163	-0.515614	0.140919	-0.105365	0.047054	-0.255479	0.191814	-0.144715	-0.135123	-0.007759	0.077346	-0.193080	0.260866	-0.235949	-0.144267	0.000000	0.000000	-0.000001	0.000000	-0.000000	-0.000000	0.000001	0.000000
-0.555409	-0.417550	0.751343	-1.000000	-0.000009	0.000006	-0.000015	0.000426	-0.571839	-0.124385	-0.374334	0.855955	-0.415523	0.036606	0.579794	0.116189	0.385542	0.860997	-0.416468	-0.027976	0.203489	0.159739	-0.400540	-0.513418	0.204910	-0.163316	0.405163	-0.515614	0.124340	-0.095022	0.039521	-0.226384	0.171146	-0.127080	-0.118298	-0.010414	0.065345	-0.171482	0.221680	-0.203152	-0.124915	0.000000	0.000000	0.000000	0.000000	0.000001	0.000000	0.000000	0.000000
-0.554702	-0.418721	0.750984	-1.000000	-0.000005	0.000004	-0.000009	0.002802	-0.573671	-0.123644	-0.378667	0.859240	-0.417947	0.034352	0.579568	0.117416	0.382257	0.865169	-0.420313	-0.030345	0.203489	0.159739	-0.400540	-0.513418	0.204910	-0.163316	0.405163	-0.515614	0.098090	-0.076064	0.029681	-0.178933	0.135875	-0.099547	-0.092476	-0.010982	0.049221	-0.136092	0.168206	-0.156273	-0.096587	0.000000	0.000000	0.000000	0.000000	0.000000	0.000000	0.000000	0.000000
-0.554247	-0.419465	0.750754	-1.000000	-0.000003	0.000002	-0.000005	0.004349	-0.574882	-0.123197	-0.381491	0.861390	-0.419505	0.032907	0.579355	0.118158	0.380099	0.867725	-0.422719	-0.031840	0.203489	0.159739	-0.400540	-0.513418	0.204910	-0.163316	0.405163	-0.515614	0.069077	-0.054060	0.019887	-0.126017	0.095941	-0.069481	-0.064457	-0.009634	0.033006	-0.096357	0.113803	-0.107250	-0.066600	-0.000001	0.000000	0.000000	0.000000	-0.000000	0.000000	-0.000001	0.000000
-0.553891	-0.420048	0.750574	-1.000000	-0.000001	0.000001	-0.000002	0.005565	-0.575833	-0.122849	-0.383708	0.863077	-0.420726	0.031774	0.579183	0.118736	0.378402	0.869721	-0.424603	-0.033009	0.203489	0.159739	-0.400540	-0.513418	0.204910	-0.163316	0.405163	-0.515614	0.044209	-0.034566	0.012491	-0.080529	0.061277	-0.044249	-0.041044	-0.006528	0.020729	-0.061728	0.071838	-0.068025	-0.042271	0.000000	0.000000	0.000001	0.000000	-0.000000	0.000000	0.000000	0.000000
-0.553730	-0.420309	0.750493	-1.000000	-0.000000	0.000000	-0.000001	0.006118	-0.576265	-0.122698	-0.384712	0.863841	-0.421275	0.031265	0.579094	0.118987	0.377630	0.870599	-0.425440	-0.033530	0.203489	0.159739	-0.400540	-0.513418	0.204910	-0.163316	0.405163	-0.515614	0.027632	-0.021571	0.007562	-0.050205	0.038165	-0.027429	-0.025436	-0.004455	0.012545	-0.038645	0.043863	-0.041878	-0.026052	0.000001	0.000000	0.000001	0.000000	-0.000001	0.000000	0.000001	0.000000
