:020000040800F2
:10400000107A01206D430008F9ED000859DF00081F
:1040100065ED0008D1620008A31801080000000047
:10402000000000000000000000000000C5F30008D0
:10403000E37000080000000055F20008D1F300080A
:104040008743000887430008874300088743000828
:104050008743000887430008874300088743000818
:104060008743000887430008874300081D70000845
:10407000297000083570000887430008874300084E
:104080008743000887430008F16100088743000860
:104090002518010887430008874300088743000864
:1040A00087430008874300088743000887430008C8
:1040B000C5F50008D1F500088743000887430008CC
:1040C00087430008874300088743000887430008A8
:1040D00087430008874300088743000875010108EB
:1040E0008743000887430008874300088743000888
:1040F0008743000887430008874300088743000878
:104100008743000887430008874300088743000867
:104110008743000887430008874300088743000857
:104120008743000887430008874300088743000847
:104130008743000887430008874300088743000837
:10414000874300088743000887430008D9D8000840
:104150008743000887430008874300088743000817
:104160008743000887430008874300088743000807
:1041700087430008874300088743000887430008F7
:1041800087430008874300088743000887430008E7
:104190008743000800000000CD7500088743000831
:1041A00087430008874300088743000887430008C7
:1041B00087430008874300088743000887430008B7
:1041C00087430008874300088743000887430008A7
:1041D000874300088743000800F002F800F0B6F8B3
:1041E0000AA090E8000C82448344AAF10107DA4552
:1041F00001D100F0ABF8AFF2090EBAE80F0013F0EE
:10420000010F18BFFB1A43F001031847983801004B
:10421000B83801000A444FF0000C10F8013B13F0CD
:10422000070408BF10F8014B1D1108BF10F8015B0F
:10423000641E05D010F8016B641E01F8016BF9D102
:1042400013F0080F1EBF10F8014BAD1C0C1B09D159
:104250006D1E58BF01F801CBFAD505E014F8016BCB
:1042600001F8016B6D1EF9D59142D6D3704700005D
:104270000023002400250026103A28BF78C1FBD86F
:10428000520728BF30C148BF0B6070476E2900F04D
:104290001383702900F05D84662912F0CE856529AC
:1042A00012F0CB85672912F0C885612912F0C78505
:1042B00003681B0A28BF41F08001692900F0C08211
:1042C000642900F0BD82752900F0BA826F2900F0E0
:1042D000EA83782900F02984E92900F08583E4291C
:1042E00000F08283F52900F07F83EF2900F0E78357
:1042F000F82900F028840368DB0928BF41F0800119
:10430000632901F04D81732901F05281E32901F005
:104310005D81F32901F06281002070471FB512F022
:1043200008FD9DE8030000F0E7F901F0B1F9040091
:104330000020002111F076FE401C6060002000216A
:1043400011F05AFEE0601FBD10B510BD01F072F90A
:104350001146FFF7E3FF0FF049FA01F04FFA03B4FB
:10436000FFF7F2FF03BC01F07FFA00000948804725
:1043700009480047FEE7FEE7FEE7FEE7FEE7FEE747
:10438000FEE7FEE7FEE7FEE704480549054A064B5F
:104390007047000049F40008D9410008103B002094
:1043A000107A0120107B0020107B002070B506469B
:1043B00000F086F9056806F10B0020F00704B4420E
:1043C0009CBF002070BD2B466A68BAB11068A0423D
:1043D00010D304F1080188423CBF5068586007D3ED
:1043E0005168101941601168091B01605860146020
:1043F000101D70BD13465268002AE7D12146284699
:1044000000F066F90028DED170BD70B50446051FC6
:1044100000F056F90068002C14BF446870BD002CF1
:1044200018BFAC423CBF20466468F8D301680A1844
:10443000AA4218BF456003D12A68054611440160AD
:1044400028684119A1421CBF6C6070BD6168696039
:1044500021680844286070BD53EA020C00F06980AE
:104460002DE9F04B4FF00006002B1FBFB3FA83F588
:1044700003FA05F424FA05F65E4012BF1643B2FAB9
:1044800082F502FA05F4C5F120051EBF22FA05FCEB
:1044900044EA0C04203556EA044C4FEA144418BF91
:1044A000641C4FF000084FF00009904271EB030CC0
:1044B00039D3002919BFB1FA81F701FA07F6B0FA2A
:1044C00080F700FA07F6C7F120071EBF20FA07FCA5
:1044D00046EA0C062037B6FBF4FCA7EB0507103FB5
:1044E00007F01F0BCBF120060CFA0BFB2CFA06F69B
:1044F00044BFB3460026202FA4BF5E464FF0000BFA
:104500005BEA060C08BF4FF0010B19EB0B09ABFB84
:10451000027C48EB0608C01B06FB02CC0BFB03CC5D
:1045200071EB0C01C1E70B46024641464846BDE827
:10453000F08B13B54FF000004FF00001AFF3008097
:10454000BDE81C40704700007CB51D4616460C00B7
:10455000009001D02044401E074B7B442A46694608
:104560000190304600F0C1F905461CB100206946B3
:1045700000F0CEF928467CBDBD030000032A40F2BE
:10458000308010F0030C00F0158011F8013BBCF1F5
:10459000020F624498BF11F801CB00F8013B38BF0D
:1045A00011F8013BA2F1040298BF00F801CB38BF1B
:1045B00000F8013B11F0030300F02580083AC0F039
:1045C000088051F8043B083A51F804CBA0E80810E1
:1045D000F5E7121D5CBF51F8043B40F8043BAFF314
:1045E0000080D20724BF11F8013B11F801CB48BF6E
:1045F00011F8012B24BF00F8013B00F801CB48BFA4
:1046000000F8012B704710B5203AC0F00B80B1E8DC
:104610001850203AA0E81850B1E81850A0E81850F7
:10462000BFF4F5AF5FEA027C24BFB1E81850A0E800
:10463000185044BF18C918C0BDE810405FEA827C1A
:1046400024BF51F8043B40F8043B08BF7047D20731
:1046500028BF31F8023B48BF11F8012B28BF20F8D2
:10466000023B48BF00F8012B70474FF0000200B535
:10467000134694469646203922BFA0E80C50A0E885
:104680000C50B1F12001BFF4F7AF090728BFA0E833
:104690000C5048BF0CC05DF804EB890028BF40F8FF
:1046A000042B08BF704748BF20F8022B11F0804F41
:1046B00018BF00F8012B7047704770477047000023
:1046C00000487047B83A00207047704770477047FD
:1046D00038B504460A4600206946AFF3008000283A
:1046E00008BF38BD02460099204600F009FB0120B2
:1046F00038BD012000F096BFF8B5AFF30080054645
:1047000000200C46102000BF0646A819A0420DD973
:10471000324669460020AFF30080070008BF00F072
:1047200081FF0098A04218BF0546C419FFF7C8FFD3
:1047300005600746F01D20F007004619284600F0E6
:104740000AF8B44208BFF8BDA21B31463868BDE87C
:10475000F84000F0D5BA00210160C0E901107047AF
:104760001020704710B500F0C7FA006810BD10B5F2
:10477000044600F0C1FA046010BD70B504468569B6
:104780000068C10601D5302600E02026C00707D00A
:1047900070BDD4E9012130469047206A401C206258
:1047A0006D1EF6D570BD70B5044685690078C007EA
:1047B00007D170BDD4E9012120209047206A401C18
:1047C00020626D1EF6D570BD09684A0501D540B25C
:1047D0007047C905FCD500B2704709684A0501D584
:1047E000C0B27047C905FCD580B2704770B50C46A1
:1047F0000546012A05D02878800600D5EA690023FD
:1048000002E0012305E05B1C934202D2E05C002839
:10481000F9D1A869E618C01AA861286A1844286264
:104820002846FFF7AAFF04E0D5E9012114F8010B9F
:104830009047B442F8D32846FFF7B5FF70BD00009B
:104840002DE9F0410646002410687529314616A569
:1048500010D0FFF7B9FF002802DA404213A507E0A5
:1048600031688A0701D512A502E0490704D511A5D0
:10487000012401E0FFF7B1FF00210A2206F124071D
:1048800009E0B0FBF2FCB0FBF2F302FB1C0030309D
:1048900078541846491C0028F3D123462A4630464E
:1048A000BDE8F04100F08BBA000000002D000000D0
:1048B0002B0000002000000011680268006A530508
:1048C00001D508700AE0D30501D5088006E013067B
:1048D00003D5C217C1E9000200E00860012070475B
:1048E00001694A1C02610878704700B58FB0CDE9B4
:1048F00001310021059105497944CDE903101146A4
:10490000684600F031F90FB000BD0000E5FFFFFF81
:104910000A6802F8010B0A607047D1E900239A4245
:1049200002D2531C0B601070704700002DE9FF5F2E
:1049300015468A460446DFF8AC80F8440027D8E9DB
:1049400000103E46CDE9001010E03AF816106A4615
:1049500002A800F047FE411C07D02178890603D544
:10496000E269391891420DD80744761C20788006F8
:1049700002D5E069B84205DDAE42E6DB3AF8160042
:104980000028E2D1A069C01BA0612046FFF7F5FE18
:10499000D8E90010CDE90010002017E03AF818100F
:1049A0006A4602A800F01EFEB0F1FF3F81460BD020
:1049B00000250DF1080B05E0D4E901211BF80500E5
:1049C00090476D1C4D45F7D308F10100B042804679
:1049D000E4DB206A384420622046FFF7E4FEBDE8AD
:1049E000FF9F0000D22601002DE9F0418046D21D34
:1049F00022F007020025D2E90002F52915A614D0FD
:104A0000011E72F1000106DA0023D0EB030063EB14
:104A1000020211A608E0D8F800108B0701D50FA6F6
:104A200002E0490701D50EA601251146002408F130
:104A3000240704E000F07EF930323A55641C50EA55
:104A40000102F7D12B46324621464046BDE8F041EF
:104A500000F0B5B9000000002D0000002B000000A0
:104A60002000000030B4002100F1240408E002F02E
:104A70000705D208303542EA4372DB086554491C09
:104A800052EA0305F3D10468002310A2250707D5D5
:104A9000A40600D421B1C46901230DA2641EC4611F
:104AA00030BC00F08CB910B5044621461068FFF701
:104AB00094FE02462046BDE810400023D2E7D21DF6
:104AC00022F00701D1E90023CCE70000000000003C
:104AD00030000000F0B40D460188090502D5214CD4
:104AE0007C4402E01F4C7C440E34002100F124067B
:104AF00008E002F00F071209E75D42EA03721B09A2
:104B00007754491C52EA0307F3D1027800231207B5
:104B100004D5702D06D009B1022311342246F0BC11
:104B200000F04DB901231034F8E770B504460D4686
:104B300021461068FFF751FE024629462046BDE88F
:104B400070400023C6E7D21D22F00703D3E90023FB
:104B5000C0E70368126843F0200303600823C361C1
:104B60000023B7E7342501002DE9F05F89460446AC
:104B70004FF0000ADFF874B1FB44C0F820A02046D3
:104B8000E1688847002874D0252806D0D4E901219F
:104B90009047206A401C2062F1E700265F462046CD
:104BA000E16888472028054607DB312D05D27819B2
:104BB00010F8200C08B10643F1E7B00701D526F044
:104BC0000406C4F81CA00027C4F818A02A2D09D098
:104BD00028460EF067FA38B304EB8708303DC8F872
:104BE000185019E059F8041B204604EB8702916124
:104BF000E1688847012F054618D1E069002820DACE
:104C000026F020061DE0D8F8180000EB800005EB28
:104C100040003038C8F818002046E168884705464B
:104C20000EF040FA0028EED1012F0AD02E2D08D127
:104C30002046E16888477F1C0546022F46F0200683
:104C4000C4DBA069002803DA404246F00106A061F7
:104C5000F00701D026F010066C2D0BD0682D09D07E
:104C60004C2D39D06A2D35D0742D35D07A2D33D0D6
:104C700016E038E0E1682F4620468847B8420546EE
:104C800009D16C2F26D04FF48060E168064320469E
:104C90008847054604E06C2F1AD04FF48070064315
:104CA0000DB3A5F14100192802D8203546F400665D
:104CB0004A462946204626604E46FFF7E7FA80B16D
:104CC00001280BD0F61D26F0070000F1080956E771
:104CD0004020E4E78020D8E70020D6E706F1040969
:104CE0004DE7284652E7206ABDE8F09FC424010042
:104CF00000487047B03A002000487047B03A0020A2
:104D0000034640688C46002818BF88423CBF0346D3
:104D10004068F8D318681844884207D00CF10300A3
:104D200020F00700001D411A521A0146081D0A60B2
:104D3000FFF76BBB30B5B0F10A024FEA900E71F18C
:104D400000034EEA817EB0EB0E0061EB91014FEA69
:104D5000101E4EEA017E10EB0E0041EB11114FEADE
:104D6000102E4EEA016E10EB0E0041EB11214FEABE
:104D7000104E4EEA014E10EB0E0041EB114140186F
:104D800041F100014FEAD00040EA41704FEAD10101
:104D900010EB80054FEA810444EA907444EB01046F
:104DA0006D1944EB0404521BA3414FF0000348BFAC
:104DB0000A3200D530BD401C41F1000130BD2DE963
:104DC000F0470D4699469246044600F124080168D2
:104DD000880604D5E06921F01001216000E001207F
:104DE000A84201DD471B00E00027A1697A1902EB08
:104DF0000900081AA0612078C00602D42046FFF7F7
:104E0000BCFC002608E0D4E901211AF8060090470E
:104E1000206A401C761C20624E45F4DB2078C006D8
:104E20000AD52046FFF7A9FC06E0D4E9012130208D
:104E30009047206A401C2062381EA7F10107F4DC6D
:104E400007E0D4E9012118F805009047206A401CCA
:104E50002062281EA5F10105F3DC2046FFF7A3FC24
:104E60002078000602D50220BDE8F0870120FBE78C
:104E700070472DE9FF4F0C461E464FF0FF378BB0B1
:104E8000D2E90001DDF860800A908A46C1F30A5534
:104E900005B93D46002108464FF00000BAF1000F69
:104EA00000F4400005DA00EB80004FF4400101EA15
:104EB00050004FEA9059B9F1010F00DDB9460A9848
:104EC00050EA4A000ED044F61050A5F2FF35454393
:104ED0002F14B8F1000F1ED07542291E1EDDC9F136
:104EE00000021CE0B8F1010F4FF0000001D03021AA
:104EF00003E0F24305E02154401CB042FBDB3046A6
:104F00000022002121540B99C1F80880C1E900203A
:104F10000FB0BDE8F08FBD1B6D1CDEE74A4600DA1E
:104F2000694206A800F0F8FB06AB93E8070003AB64
:104F300083E8070050460A9900F092FD8DE80700CB
:104F4000A0F500501F3800900398002D0ADD42F2B2
:104F50001F014A460844002303A90390684600F055
:104F6000FBFF09E0A0F500504A461F38002303A9C3
:104F70000390684601F005F88DE807000004000C76
:104F800003D04FF0FF30410800E01046B8F1000FA9
:104F900003D00022009215461EE0751E05D4FFF7CF
:104FA000C9FE303262556D1EF9D5B3460122084361
:104FB00002D000227F1C04E02078302801D100229A
:104FC0007F1E002A099784D01DE0112D07DAFFF714
:104FD000B1FE303262556D1C50EA0102F5D1084332
:104FE00002D00098C8B10EE00021681E05E0235CE5
:104FF000625C63542254401E491C8142F7DBAB467D
:10500000A81B401E0990002004F80B000B98099A79
:10501000C0F80880C0E9002B7AE711264FF000089D
:1050200057E72DE9F04F88460446D21D22F00701CC
:1050300091B0D1E90001CDE90A010CF04BFD024627
:105040000B98C00F01D02D2007E02068810701D503
:105050002B2002E0202101EAC000032A099001D0A0
:10506000072A05DB03464146204600F015FB0BE10D
:105070002078800601D5E06900E00620B8F1650FD0
:10508000814606D0B8F1660F18D0B8F1670F70D11D
:1050900031E00020B9F1110F009001DB112301E094
:1050A00009F101030AAA01A90CA8FFF7E2FEDDE954
:1050B0000C70002609F10105834647E001204B46AC
:1050C00000904FF000470AAA01A90CA8FFF7D1FEF3
:1050D000DDE90DB00C995D46002610B909F101001B
:1050E0000D18B9EB050003D4C0F1FF3609F1010535
:1050F000A5EB09002BE0B9F1010F01DA4FF001092E
:105100000020B9F1110F0090484601DD112300E0A5
:1051100003460AAA01A90CA8FFF7ABFEDDE90C7053
:105120004D4600268346207800070AD4AB4500DAB6
:105130005D4601A8012D04DD411911F8011C30293B
:1051400007D04F4502DA17F1040F04DA0120824636
:105150000FE06D1EEEE7002F02DCED1B3E4403E086
:10516000781CA84200DD7D1CB81B00F1010A4FF03D
:1051700000472078000703D4AA4501DB4FF0FF3A2F
:105180000021B7F1004F0DF143088DF8431024D0F2
:1051900002202B23002F01DA7F422D230A21021E39
:1051A000A0F1010000DC5FB197FBF1FC97FBF1F28D
:1051B00001FB1C7C17460CF1300C08F801CDEEE722
:1051C000A8F1010003702188090501D5452100E0FF
:1051D0006521A0F1010800F8011C09980FA9A1EBB5
:1051E0000807FF1D00B10120411901EBEA70A16918
:1051F0003844081A401EA0612078C00602D4204618
:10520000FFF7BBFA099828B1D4E901219047206A39
:10521000401C20622078C00622D52046FFF7ADFA58
:105220001EE0002E04DBB34502DD01A8805D00E036
:105230003020D4E901219047206A401C2062761C6E
:10524000AAF101005FEA000A0AD100F021FAC06861
:105250000168405CD4E901219047206A401C20622B
:10526000281EA5F10105DCDC07E0D4E9012118F8CE
:10527000010B9047206A401C2062381EA7F10107ED
:10528000F3DC2046FFF78FFA032011B041E600005F
:105290002DE9F04F04460D46D21D22F0070089B0DB
:1052A000D0E90097484639460CF014FC0246F80F46
:1052B00001D02D2307E02068810701D52B2302E0D0
:1052C000202101EAC0038DF820300BB1012000E05D
:1052D0000020032A824601D0072A04DB2946204603
:1052E00000F0DAF93FE12078800601D40D2500E0D6
:1052F000E569C7F30A560D2D49DA00214FEA175B1D
:1053000008464FF00000002F00F4400007DA00EBE1
:1053100080004FF4400100EBD07001EA600081157D
:10532000012901DD4FF0FF3100224FEA850CBCF16D
:10533000180F06D31346ACF118004FF08052C2404C
:1053400003E04FF4801323FA0CF30CF10C0CBCF1C6
:10535000200F04D3ACF1200C09FA0CF001E007FA9D
:105360000CF000294FF0004801DD18B90FE00ED114
:1053700040450CD319EB02095F4121B9404502D1E8
:105380009F4329EA0209BBEB175F00D0761C2088F7
:10539000000502D57B48784402E07A487844193801
:1053A00008AA302302F80A30037C0AF10101002E1A
:1053B0000AF1020A53546A4602DC4FF0300101E060
:1053C0004FF031014FF001088DF8001002D0A6F225
:1053D000FF3603E059EA470100D06B4E002D02DC96
:1053E0002178090704D54FF002082E218DF801100D
:1053F000C44600210BE0C7F303433F01C35C491CD3
:105400006D1E02F80830052908F1010801DA002DA7
:10541000F1DC00210CE000EB1973491C1B786D1EB8
:10542000082902F808304FEA091908F1010801DAE1
:10543000002DF0DC21688B0602D516E0A8F10108EA
:10544000E04505DD02EB080313F8013C302BF5D0F5
:10545000B8F1000F09DD02EB080313F8013C2E2B15
:1054600003D1090701D4A8F10108002D05DD3E2173
:1054700002F808106D1E08F10108407C002E02F8A9
:10548000080008F1010804DA2D20764202F808002D
:1054900002E02B2002F808000A214FF47A708642BD
:1054A00008F101080BDB96FBF0F3303302F808300B
:1054B00096FBF0F308F1010800FB136601E0642E8F
:1054C0000CDB642096FBF0F3303302F8083096FBD7
:1054D000F0F308F1010800FB136601E00A2E06DB79
:1054E00096FBF1F0303002F8080008F1010896FB55
:1054F000F1F001FB1060303002F80800A16908F1FA
:10550000010808EB050202EB0A00081AA0612078E6
:10551000C00602D42046FFF730F9216A08AE01EB3D
:105520000A00206204E0D4E9012116F8010B90473B
:10553000BAF1010AF7D22078C00602D52046FFF75B
:105540001CF96E4609E016F8010B3E280FD0D4E98D
:1055500001219047206A401C2062B8F10108F2D274
:105560002046FFF720F909B00320BDE8F08F206A3C
:105570002844206203E0D4E90121302090476D1EC9
:10558000EBD3F8E7191E010002FCFFFF10B54369D9
:1055900013B1AFF3008001E0FFF728F9012010BD3F
:1055A000127800F124010A7000224A700122EDE70E
:1055B00011684FF0FF32E9E710B5436913B1AFF35B
:1055C000008001E0FFF7B2F9012010BD128800F160
:1055D000240182840022C2840122EDE711684FF089
:1055E000FF32E9E770B516460C46054600F048F86C
:1055F000036893F80101012806D0FF2C0FD8185D2D
:1056000068B101202C7070BDD3F8070132462146E5
:1056100003F2071303442846BDE8704018474FF0D3
:10562000FF3070BD10B500F0F7F8BDE8104000F095
:10563000EEB870477546FFF75BFBAE46050069465E
:10564000534620F00700854618B020B5FEF79CFEB3
:10565000BDE820404FF000064FF000074FF0000873
:105660004FF0000B21F00701AC46ACE8C009ACE8F4
:10567000C009ACE8C009ACE8C0098D46704700001D
:1056800010B500F005F8001D10BD00BF990901001C
:1056900000487047D03A00202DE9F0411F460446EB
:1056A00003260168072A01F4006004DB08B116A58F
:1056B00005E016A503E008B115A500E015A521F049
:1056C00010002060A069C01EA0610FB1401EA06143
:1056D0002046FFF752F84FB1D4E9012138469047F0
:1056E000206A401C2062C01C206206E0206AFAE7A3
:1056F000D4E9012115F8010B9047761EF8D2204617
:10570000FFF751F8BDE8F0814E414E006E616E002A
:10571000494E4600696E66002DE9F04781461646FF
:105720008AB0354878440DC88DE80D003248784479
:10573000801C03AC0DC884E80D0041F69B30084482
:10574000372190FBF1F290FBF1F5A5F1800501FB0B
:1057500012041B3C02D56442012000E00020DFF867
:1057600098A080460027FA44AAF1BE0A0EE0E0079E
:105770000AD03246684607EB470101230AEB810154
:1057800000F0FFFB8DE8070064107F1C002CEED1B9
:10579000194F7F44AE3F19E0E80715D007EB04101E
:1057A0000DF1180A90E80E008AE80E00C068F04279
:1057B00001D1981908903246012306A903A800F0E8
:1057C000E0FB03AB83E807006D10641C002DE3D100
:1057D0004FF0010332466946B8F1000F03A802D02A
:1057E00000F0BAFB01E000F0CCFBC9E90001C9F808
:1057F00008200AB0BDE8F0871C1B010010B5044664
:10580000AFF300802046BDE81040FEF7A8BD002899
:1058100001D000F029B8704710B5012805D000214B
:1058200003A000F027F8012010BD09A1F8E700004F
:1058300053494752544D454D3A204F7574206F6679
:105840002068656170206D656D6F727900000000E1
:105850003A2048656170206D656D6F727920636FC5
:10586000727275707465640001491820ABBEFEE762
:105870002600020070B505460C460A2000E06D1CAB
:1058800000F052F835B128780028F8D102E0641C05
:1058900000F04AF814B120780028F8D1BDE8704033
:1058A0000A2000F041B800004FF0013C50F8042BF2
:1058B00051F8043B9A4221D1A2EB0C03934313EA23
:1058C000CC1317D150F8042B51F8043B9A4215D150
:1058D000A2EB0C03934313EACC130BD150F8042B27
:1058E00051F8043B9A4209D1A2EB0C03934313EA0B
:1058F000CC13DBD04FF00000704700BFD01A01BAC4
:10590000B1FA81F101F0180122FA01F0CB40C1F1A6
:105910002001DBB2C0B2C01A2CFA01F3D11A9143B4
:1059200011EAC311E6D1704708B569468DF8000049
:105930000320ABBE08BD00009FED221A9FED222A76
:1059400020EE010AB5EE001A30EE010ABDEEC01AD3
:1059500011EE100AB5EE400AF1EE10FAB8BF0138A8
:1059600001EE100AB8EEC11A30EE410A20EE020A2A
:10597000BDEEC01A9FED152A11EE100A002130EE7F
:10598000021AB1EB502F47F2A0211CBF0020B0EE4D
:10599000410AC0F6010101EE100A01EB8001B8EEE8
:1059A000411A30EE410A91ED001A91ED012AB7EE4D
:1059B000003A33EE403A23EE011A20EE020A31EEAD
:1059C000000A704783F9223E00000044000000C432
:1059D0009FED201A9FED202A20EE010ABDEEC01A8D
:1059E00011EE100AB5EE400AF1EE10FAB8BF013818
:1059F00001EE100AB8EEC11A30EE410A20EE020A9A
:105A0000BDEEC01A9FED152A11EE100A002130EEEE
:105A1000021AB1EB502F47F2A0211CBF0020B0EEBC
:105A2000410AC0F6010101EE100A01EB8001B8EE57
:105A3000411A30EE410A91ED001A91ED012AB7EEBC
:105A4000003A33EE403A23EE011A20EE020A31EE1C
:105A5000000A704783F9223E00000044000000C4A1
:105A60005FEA400C08BF91F0000F4FEA8C234FEA29
:105A7000C12243EA51514FEA1C5018BF00F5F040D3
:105A80004FEA300018BF41F000415FEA6C5C00F063
:105A90002980BCF1FF3F08BF40F080407047130CE5
:105AA00006BF12044FF0100C4FF0000C130E04BF91
:105AB00012020CF1080C130F04BF12010CF1040CBC
:105AC000930F04BF92000CF1020CD30F04BF5200DD
:105AD0000CF1010C11464FF00002A0F11F00A0EBE9
:105AE0000C00704711F0004F08BF704731F00041C3
:105AF0003FF4D5AF0B0C06BF09044FF0100C4FF06C
:105B0000000C0B0E04BF09020CF1080C0B0F04BFB4
:105B100009010CF1040C8B0F04BF89000CF1020C7D
:105B2000CB0F04BF49000CF1010CCCF12003A0EB1A
:105B30000C0022FA03F302FA0CF241EA030100F12D
:105B40000100704720F07F4C80EA030023F07F477C
:105B5000ACEB070303F57C5300F0004003F1FF03B7
:105B60002DE980494FEA154B09B44FEA144325EA61
:105B70000B4E24EA03480FF2042606EB13274908CC
:105B80003E785FEA320203FB0667C7F5000707FBB2
:105B900006F64FEA54374FEAD64606F1020607FBEF
:105BA000066CCCF1005C4FEA1C472CEA074C07FB63
:105BB00006F40CFB06F504EB15464FEA961634BFC7
:105BC00000204FF000404FEAD13706FB07FC4FEAB8
:105BD0001C4C0CFB0BF7D21B03FB0CF761EB070112
:105BE0000CFB0EF7B0EB074072EB17420CFB08F70B
:105BF00034BFA2EB0742B2EB074261EB17414FEA19
:105C00000C444FEA910706FB07FC4FEA1C4C0CFBC7
:105C10000BF7B0EBC74072EB573203FB0CF734BF06
:105C2000A2EBC742B2EBC74261EB57310CFB0EF758
:105C3000B0EBC70072EB57720CFB08F734BFA2EB56
:105C4000C702B2EBC70261EB5771039F4FEA816154
:105C500041EA921104EBCC044FEAD1374FEA826259
:105C600006FB07FC42EA90124FEA80604FEA1C4CA8
:105C70000CFB0BF7D21B03FB0CF761EB07010CFBD2
:105C80000EF7B0EB074072EB17420CFB08F734BF7E
:105C9000A2EB0742B2EB074261EB17414FEA8C558A
:105CA0004FEA910704EB9C2406FB07FC4FEA1C4CCF
:105CB0000CFB0BF7B0EBC74072EB573203FB0CF752
:105CC00034BFA2EBC742B2EBC74261EB57310CFBCA
:105CD0000EF7B0EBC70072EB57720CFB08F734BF3E
:105CE000A2EBC702B2EBC70261EB577115EB4C2573
:105CF0004FEA816141EA92114FEA82624FEAD1375D
:105D000042EA901206FB07FC44F100044FEA80606F
:105D10004FEA1C4C0CFB0BF7D21B03FB0CF761EB9F
:105D200007010CFB0EF7B0EB074072EB17420CFBC0
:105D300008F734BFA2EB0742B2EB074261EB174111
:105D400015EB1C154FEA813141EA92414FEA82324C
:105D500042EA90424FEA80304FEA0C7644F1000468
:105D600048EA03434EEA0B484FF0000EB2EB080C32
:105D700071EB030724BF624639464EEB0E0E4FF01F
:105D8000000B0018524149414BEB0B0BB2EB080CD6
:105D900071EB03077BF1000B24BF624639464EEBE3
:105DA0000E0E4FF0000B0018524149414BEB0B0B0C
:105DB000B2EB080C71EB03077BF1000B24BF6246CA
:105DC00039464EEB0E0E51EA020718BF46F00106A7
:105DD00016EB0E7655F1000254F1000103D5BDE833
:105DE0008901BDE80088BDE88901BDE80048B61911
:105DF000524141EB0101A3F10103704780807F7E96
:105E00007D7C7B7A79787776767574737271717030
:105E10006F6E6E6D6C6C6B6A6A69686867666665E2
:105E20006464636362616160605F5F5E5E5D5D5C70
:105E30005C5B5B5A5A5959585857575656555555E1
:105E40005454535352525251515050504F4F4F4E41
:105E50004E4D4D4D4C4C4C4B4B4B4A4A4A4949498F
:105E600048484847474747464646454545444444D1
:105E7000444343434342424242414141002B9C46FA
:105E800030D477002BD01CB54FEA370703B44FF05E
:105E900010004FF01001BAF1000F06D0BCF1000F56
:105EA000DCBF40F0080040F008014FF000000FBCDC
:105EB000BDE810400BF1010BBBF1010F08BF5FEA19
:105EC000170722BF12F1010211F101014FF0004149
:105ED00043F1000300F0004043EA00007047F9D3AB
:105EE0005708D0E746EA064613F1400F4FEA164638
:105EF0001FDD13F1200FDFBF16430A4600212033B8
:105F00005B42BED0C3F1200746EA064602FA07F715
:105F10004FEA164646EA0706C3F1200722FA03F2C3
:105F200001FA07F721FA03F14FF0000342EA0702F2
:105F3000A7E746EA020646EA06464FEA164646EA5A
:105F40000106BCBF46EA0646360C4FF000034FF090
:105F500000024FF0000194E72DE9804C9A469346E9
:105F600070B491E8380007C831EA400C48BF34EA01
:105F7000430C03D5FFF7E6FDFFF780FFF0BCBDE85B
:105F8000008C2DE9804C9A46934670B491E8380015
:105F900007C810F0804F08BF13F0804F03D100F006
:105FA00005F8FFF76BFFF0BCBDE8008C20F07F47E1
:105FB00080EA030023F07F4C07EB0C03A3F57C532E
:105FC00000F00040A3F1FE0392F0000F00F0B38058
:105FD00095F0000F00F077802DE901494FEA11405C
:105FE0004FEA144621EA004800FB06FC24EA064773
:105FF00008FB06F607FB08F800FB07F718EB064856
:106000004CEB164C4FEA124B18EB07484FEA15467B
:106010004CEB174022EA0B4E0BFB06FC25EA064729
:106020000EFB06F607FB0EFE0BFB07F71EEB064EFC
:106030004CEB164C4FF000061EEB074E4CEB174B8B
:1060400018EB0B0840F1000018EB0E0B58EB0008A2
:1060500040F100008F1A4FF000013CBFC943661B9E
:1060600014BFB5EB040C00213CBFC943F61B4FEA3B
:1060700017444EEA8E0E27EA04454FEA1C4704FBFC
:1060800007622CEA074C05FB07F70CFB05F604FB3F
:106090000CFC16EB074642EB174216EB0C4642EBA4
:1060A0001C421BEB060658EB0202414146EA9E06E3
:1060B00001D5BDE80189B619524141EB0101A3F1B7
:1060C0000103BDE801894FEA14454FEA114724EA6C
:1060D000054621EA074C05FB07F406FB07F70CFB16
:1060E00006F105FB0CFC11EB074144EB17444FEAAA
:1060F000124711EB0C4144EB1C4422EA074C05FB10
:1061000007F206FB07F70CFB06F605FB0CFC16EB8B
:10611000074642EB174216EB0C4642EB1C456A1849
:1061200054F1000148BF7047B619524141EB0101DB
:10613000A3F10103704795F0000F37D04FEA1142E9
:106140004FEA144721EA024624EA074C02FB07F112
:1061500006FB07F70CFB06F402FB0CFC14EB0744F0
:1061600041EB17414FEA154714EB0C4441EB1C413E
:1061700025EA074C02FB07F506FB07F70CFB06F6C2
:1061800002FB0CFC16EB074645EB174516EB0C46DD
:1061900045EB1C42121951F1000148BF7047B61976
:1061A000524141EB0101A3F1010370474FEA14454D
:1061B0004FEA114724EA054621EA074C05FB07F19F
:1061C00006FB07F70CFB06F24FF0000605FB0CFC84
:1061D00012EB074241EB174112EB0C4251EB1C4111
:1061E00048BF7047921841EB0101A3F101037047CA
:1061F00010B5044802F07CFDBDE81040024802F0F2
:1062000077BD00000C04002078040020F8B5044697
:10621000002000902068816811F0010F4AD1816848
:10622000254A114237D18168D5432940491C8160F4
:106230002068B0F1A04F02D02049884201D1204807
:1062400000E02048806800F0E07000020DD51E4894
:106250001E490068B0FBF1F0401C00EB40008000DC
:1062600000E0401E00900028FBD104F015FB06461C
:106270001BE0816811F0010F03D181682940491C9E
:10628000816004F009FB801B02280ED92068006899
:10629000C043C00709D0E06D40F01000E065206EFB
:1062A00040F0010020660120F8BD20680168C94364
:1062B000C907DED10020F8BD3F000080000100507A
:1062C0000003005000070050D0000020400D0300E4
:1062D000FEE770B58AB006464FF080400024039375
:1062E0000092CDE901048012CDE904404000CDE9DF
:1062F00006040D46304603F04FFC0028FAD02A462B
:106300006946304603F02CFB0AB070BD70B58AB008
:106310000024CDE9002406464FF48010CDE9044066
:10632000CDE902434000CDE906040D46304603F0B6
:1063300033FC0028FAD02A466946304603F010FBA9
:106340000AB070BD70B51A4D04462888401C80B252
:106350000521B0FBF1F2288001FB120018B90021E1
:10636000204608F079FF94ED4E1AD4ED411A95EDD0
:10637000010A71EE610AF4EEC00AF1EE10FA02DDD4
:1063800031EE400A08E0B1EE402AF4EEC20AF1EE26
:1063900010FA04D231EE000A84ED4E0A01E0C4ED99
:1063A0004E1A2046BDE8704000210BF0DDBA000017
:1063B000A8030020002070470020704710B500227D
:1063C000044905480AF055F8044903480AF048F81A
:1063D000002010BDBC270020EC1A0020BC1F0020AC
:1063E00070B50C460C4905460868401C08602946F3
:1063F0000A482268FEF7C2F82068082803D1002165
:1064000006480EF02FF9294605480AF029F80448F5
:1064100009F0EEFF002070BD5C020020A4390020CE
:10642000EC1A002000207047094A10B5D2F8BC22AF
:10643000D2F814220AB1012010BD0A4601460448D0
:106440000AF017F8BDE8104001480AF07CB80000D7
:10645000EC1A00202DE9F05F05462DED0C8BADF513
:10646000564D0E464FF428644FF0280AFE4890ED32
:10647000EB0AB8EEC00A9FEDFDAA20EE0A0ADFED96
:10648000FC0A4DF24C204FF48071C0EE20BA6844F3
:10649000FEF7EBF84DF24C304FF400716844FEF714
:1064A000E4F8DFEDF48AF448F3EE080AF34F90EDD8
:1064B0002F0A0DF57050F6EE00AA20EE200AD6ED58
:1064C000030A80EE20CAB0EE680A80EDC70AC0ED6C
:1064D000C3AA87ED000AFFF77BFA3846B0EE409A70
:1064E00090ED000AFFF728FA0DF540534DF24C21CC
:1064F00005F1F000B0EE408A4FF480726944C3F8B1
:10650000440FFEF780F843F61C726A4402F108015A
:10651000081FF0EE681AB0EE4C1AF0EE490AB0EE21
:10652000480A0CF021FF0DF5705343F60C726A44D3
:1065300002F1080196ED030A081FD3EDC71A93ED87
:10654000C91AD3EDC80A07F059FE96F8A8009FEDC6
:10655000CC8A00280DF5705090EDC40A20EE081A80
:1065600006D090EDC50A60EE080A90EDC30A05E07A
:1065700090EDC30A60EE080A90EDC50A20EE080A05
:1065800007F060F9BFA00EF05BF84FF4FA6003F07B
:1065900065F9DFEDCACA2846B0EE6C0A00F02AFEA3
:1065A000C7480EF04DF8C7A00EF04AF84FF00009AA
:1065B000F2EE049ADFF8C482002700BF98ED000ACB
:1065C00030EE2B0A88ED000AFFF702FAB0EE409A8F
:1065D00098ED000AFFF7B0F943F61C726A4402F125
:1065E0000801081FF0EE681AB0EE4C1AF0EE490AE6
:1065F0000CF0BAFE0DF5705343F60C726A4402F1CA
:10660000080196ED030A081FD3EDC71A93EDC91AC6
:10661000D3EDC80A07F0F2FD96F8A80000280DF5A2
:10662000705090EDC40A20EE081A06D090EDC50A0D
:1066300060EE080A90EDC30A05E090EDC30A60EE33
:10664000080A90EDC50A20EE080A07F0FBF864205E
:106650000CF064FE7F1C5745B0DBB0EE6C0A284698
:1066600000F0C8FDDFF800B295ED030AD5ED040A8D
:106670009BEDEBDA814830EE209AF8EECD0AD0EDB2
:1066800000DA02A901EB89008DEEA00A42F6082289
:106690006A4430EE490A80ED000AB5F8D01022F8BD
:1066A000191019EE100A10F0D3FAF8EECD0A0746C9
:1066B00088468DEEA00A10EE100A10F0C9FA41ECDF
:1066C000100BCDE9007853EC102B8AA00DF0B8FF29
:1066D0009BEDEB0A6948CD23F8EEC00A90ED001A55
:1066E000001D81EE200A037005234370082320EE6D
:1066F000290ABDEEC00A10EE101A29EE290A81708F
:10670000090AC170BDEEC00A10EE102A0271110A0A
:106710004171DC21C171DBF804200146794802F5A2
:10672000E0620CF0FBFC09F10109A145FFF642AF64
:106730004FF00009DFF84481002700BF98ED000A00
:1067400030EE6B0A88ED000AFFF742F9B0EE409A8E
:1067500098ED000AFFF7F0F843F61C726A4402F164
:106760000801081FF0EE681AB0EE4C1AF0EE490A64
:106770000CF0FAFD0DF5705343F60C726A4402F109
:10678000080196ED030A081FD3EDC71A93EDC91A45
:10679000D3EDC80A07F032FD96F8A80000280DF5E1
:1067A000705090EDC40A20EE081A06D090EDC50A8C
:1067B00060EE080A90EDC30A05E090EDC30A60EEB2
:1067C000080A90EDC50A20EE080A07F03BF864209D
:1067D0000CF0A4FD7F1C5745B0DBB0EE6C0A2846D8
:1067E00000F008FD95ED030AD5ED040A9BEDEBDA08
:1067F000224830EE209AF8EECD0AD0ED00DA43F6CA
:106800004C7169448DEEA00A01EB89004BF64C52A5
:106810006A4430EE490A80ED000AB5F8D01022F83B
:10682000191019EE100A10F013FAF8EECD0A074607
:1068300088468DEEA00A10EE100A10F009FA41EC1D
:10684000100BCDE9007853EC102B2AA00DF0F8FEC8
:106850009BEDEB0A0948F8EEC00A90ED001A81EEB4
:10686000200A20EE290A4FE0A4310020DB0FC940A6
:106870000000D24700000000A4300020D403002014
:106880009A99193F202D2D2D2D2D2D2D2D2D2D2D6E
:106890002D2D2D2D2D2D2D2D2D2D53544152542D7B
:1068A0002D2D2D2D2D2D2D2D2D2D2D2D2D2D2D2D18
:1068B0002D2D2D2D200A0D0A0D0000006F1283389A
:1068C0005C7201082043757272656E7420416E67B8
:1068D0006C65203A20526F746F7220416E676C6550
:1068E000203A2052617720456E636F646572200AFA
:1068F0000D0A0D00732C252E34662C252E34662CA3
:106900006500000094060020BDEEC00A001DCD23E6
:1069100010EE101A29EE290A037005234370BDEE0C
:10692000C00A8170090A10EE102AC1700271110AA2
:106930004171DC21C171DBF804200146082399482C
:1069400002F5E0620CF0EAFB09F10109A145FFF64E
:10695000F1AEB6EE001AF6EE000AB6EE000A06F048
:1069600071FF43F64C77B0EE688A0020F0EE000A23
:1069700002A96F4401EB8002884692ED000A221AB8
:1069800007EB8202401C12ED011AA04230EE011A00
:1069900000EE104AB8EEC00A60EE201A81EE210A1D
:1069A00030EE088AE6DBDFF800A29AEDEB0AB8EEDB
:1069B000C00A20EE080A10EE100A10F049F941EC66
:1069C000100B9FED7A1B0BF0C1F851EC100B0FF080
:1069D0004BFB00EE100AB5EEC00AF1EE10FA01D240
:1069E00030EE0A0A734846F64C1185ED020A80ED36
:1069F000010A00204246694402EB800393ED000A3D
:106A0000231A07EB830353ED010A01EB8003401CBB
:106A100030EE200AA04220EE2A0A83ED000AEBDBCA
:106A200000279FED658A49F24C398B46E9440021E5
:106A3000621E5B4609EB8708C819403801D520441F
:106A400002E0904200DD001B03EB800098ED000A9D
:106A5000D0ED000A491C802900EE880A88ED000A62
:106A6000EADB802F18DA03EB8700D8ED000A90EDFF
:106A7000000A70EE600A9AEDEB0AB8EEC00A20EE4A
:106A8000800A0BF06FFC4DF24C3120EE0B0A69448A
:106A900001EB870080ED000A00EE104AD8ED000AF5
:106AA0007F1CB8EEC01AA74280EE810A70EE288AD9
:106AB000BDDB0DF50050B0F9081A4BF64C50684498
:106AC00000EB440030F9020C084400EBD070471092
:106AD0003AA00DF0B5FD45A00DF0B2FD4DF24C28E9
:106AE000CB460024E844D14604EBE7127F2A00DDC0
:106AF000803AD9F8AC1361430BEB8100214690ED4D
:106B0000000A70EE680A95ED350AB8EEC00A20EE6C
:106B1000800AC0EE0A0ABDEEE00A10EE100A03B2C7
:106B200028F812303EA00DF08BFD641C802CDBDBBE
:106B30000DF540504FF480752A4644464146D0F842
:106B4000440FFDF760FD18482A4621461430FDF732
:106B50005AFD96F8A810C9F8001008F02DFB142073
:106B600002F07CFE32A00DF06BFD142002F076FEE8
:106B70000DF520509DED020AD0ED810A2E4930EE30
:106B8000600AB0EEC00A10EE100A884206DD03204B
:106B90000DF5564DBDEC0C8BBDE8F09F02200DF5B8
:106BA000564DF7E794060020A43100200000006055
:106BB000FB211940A43000200000003C0A0D2045B4
:106BC0006E636F646572206E6F6E2D6C696E6561A9
:106BD0007269747920636F6D70656E736174696F2B
:106BE0006E207461626C650A0D0000002053616DB7
:106BF000706C65204E756D626572203A204C6F6F27
:106C00006B757020496E646578203A204C6F6F6B0D
:106C100075702056616C75650A0D0A0D0000000044
:106C2000256420202025642020202564200A0D00D2
:106C3000732C732C652C65000000C0402DE9F04FCB
:106C40000C462DED088B89B0074606F025FE9FED1A
:106C5000C58AC548F3EE080AC44D90ED2F0AB0EE80
:106C6000489A20EE200AD4ED030A8DED028A80EEC8
:106C700020AAB6EE000A8DED050A85ED008AB0EE79
:106C8000480AFEF7A5FEF0EE408A95ED000AFEF7F1
:106C900053FE02AA04A903A8F0EE491AB0EE4A1A5C
:106CA000F0EE680A0CF060FB94ED030A05AA07A950
:106CB00006A8DDED021A9DED041ADDED030A07F0CA
:106CC0009DFA9DED060ADFEDAA8A20EE281A9DEDB9
:106CD000070A60EE280A9DED050A20EE280A06F054
:106CE000B1FD4FF4FA6002F0B9FD9FEDA2BA38464B
:106CF000B0EE4B0A00F07EFA012002F0AFFDDFEDAE
:106D00009EAA9E4E95ED000A37E000BFFEF760FE9A
:106D1000F0EE409A95ED000AFEF70EFE02AA04A9D5
:106D200003A8F0EE491AB0EE4A1AF0EE690A0CF028
:106D30001BFB94ED030A05AA07A906A8DDED021ABC
:106D40009DED041ADDED030A07F058FA012002F068
:106D500085FD9DED060A20EE281A9DED070A60EEDE
:106D6000280A9DED050A20EE280A06F06BFD95ED38
:106D7000000A30EE2A0A85ED000A10EE100AB04231
:106D8000C4DBDFF8E8A185ED008ADFF8F4910AF1B1
:106D9000040A4FF0DC0BA846A0E000BFFEF718FE87
:106DA000F0EE409A98ED000AFEF7C6FD02AA04A98B
:106DB00003A8F0EE491AB0EE4A1AF0EE690A0CF098
:106DC000D3FA94ED030A05AA07A906A8DDED021A75
:106DD0009DED041ADDED030A07F010FA012002F020
:106DE0003DFD9DED060A20EE281A9DED070A60EE96
:106DF000280A9DED050A20EE280A06F023FDB0EED4
:106E00004B0A384600F0F6F997ED030AD7ED040A6D
:106E100070EE209A19EE900A0FF01AFF99EDEB0A26
:106E200098ED001A0546F8EEC00A0E4681EE200ADB
:106E300010EE100A0FF00CFF41EC100BCDE90056DC
:106E400053EC102B4FA00DF0FBFB99EDEB0A98EDE6
:106E5000001ACD23F8EEC00A8AF8003001238AF820
:106E6000013081EE200AF2EE040A40490823091D90
:106E700020EE200ABDEEC00A10EE102A29EEA00A6C
:106E80008AF80220120A8AF80320BDEEC00A10EE2A
:106E9000100A8AF80400000A8AF805008AF807B088
:106EA000D9F804203B4802F5E0620CF037F998ED80
:106EB000000AB5EEC00AF1EE10FA02DDF0EE400A6B
:106EC00001E0F1EE400A10EE900A3349884201DAFF
:106ED000B0EE698A30EE2A0A88ED000A98ED000AC1
:106EE000264A10EE101A9142FFF658AFB5EE001A7E
:106EF000F5EE000AB5EE000A06F0A4FC97ED030AD1
:106F0000D7ED040A30EE200A30EE480AB5EEC00A8A
:106F1000F1EE10FA01DD012600E00026142002F057
:106F20009DFC1EA00DF08CFBCD218AF80010FD21E8
:106F30008AF801108AF807B00C49D9F804204D46A8
:106F40000823091D134802F5E0620CF0E7F814204D
:106F500002F084FC84F8A8602E6009B0BDEC088BB8
:106F6000BDE8F08F00000000A4300020D403002012
:106F70009A99193F6F1283380AD7233CDB0F494196
:106F8000A4310020732C252E34662C252E34662C3B
:106F90006300000094060020ACC52737732C732CC7
:106FA000632C63001C4991ED060A80ED000A91ED07
:106FB000050A80ED010A91ED090A80ED020A91EDC2
:106FC000080A80ED030A91ED0B0A80ED060A91EDA7
:106FD0000A0A80ED070A91ED0D0A80ED080A91ED8D
:106FE0000C0A80ED090A91ED0F0A80ED040A91ED7B
:106FF0000E0A80ED050A91ED0B0A80ED0A0A91ED6B
:107000000A0A80ED0B0A91ED1D0A80ED0E0A91ED42
:107010000A0A80ED0F0A7047A4300020014802F0F0
:1070200004BB0000BC050020014802F0FEBA0000CD
:1070300084090020014802F0F8BA00001C06002074
:107040000D4902688A4201D20C4901E00B49203106
:10705000D2B21423083AB2FBF3F2436C02F01F02DF
:1070600023F003031944816404498031C164012180
:10707000914001657047000008040240000802408A
:107080000179074A02EB81024265054A4432491EF2
:10709000826501F01F0201219140C1657047000027
:1070A000FC08024030B5D0E913456560446D14B169
:1070B000D0E91645656090F8444004F01F050124AE
:1070C000AC40056C6C60046863608368102B0368D7
:1070D00003D099600068C26030BD9A600068C160EA
:1070E00030BD70472DE9F04116462DED028BB0EE14
:1070F000408A0F460446002506F098FBC4F8D47079
:10710000C4F8E86084ED028A4FF6FF70C4F8D850E6
:10711000C4F8EC0084ED048A9FED2D8A002084EDF4
:10712000058A84ED068A84ED078AC4F8D05000BF32
:1071300004EB8001401C81ED088A2828F8DB2548F3
:10714000DFED250A90EDA70A04F5FE70B8EEC00A3F
:1071500084ED7C0A0CF080FA9FED200AF0EE008AA4
:1071600084ED890AB1EE040A84ED8A0A9FED1C0AB7
:1071700084ED8B0A9FED1B0B0BF0BCF99FED1B1BE5
:1071800053EC102B51EC110B0EF0A0FF0EF06CFF26
:1071900000EE100A0BF0EBF994ED891AC1EE000A2B
:1071A00094ED8A0A20EE280A20EE200A84ED8C0A4B
:1071B00020EEA00AD4ED8B0A20EE200A84ED8D0A81
:1071C00084ED908A84ED8F8ABDEC028BBDE8F0815E
:1071D00000000000A431002000409C467C59C445BA
:1071E00017B75138000000000054A4400000000010
:1071F0000080494010B504462DED028BB0EE408A68
:1072000008F05EF959480278DFED591AD4F8D01029
:107210008AB100EE101A0022B8EEC00A60EE210A10
:1072200094ED350AB8EEC01A80EE810A84ED050AA5
:1072300084ED060A027000EE901A94ED050A4D4B9B
:10724000F8EEE00A84ED060AD4F8D40020EEA11A84
:1072500000EE900AB8EEE02AC1EE020AC4ED050A7B
:1072600030EEC01A11EE102A9A4203DDD4F8D8206D
:10727000521E07E011EE102A12F17F5FD4F8D820D9
:1072800002D9521CC4F8D820424300EE102AF8EE6E
:10729000C00A00EE101AB8EEC00A30EE800A60EEA6
:1072A000210A00EE100AB8EEC02A80EE820A84EDB0
:1072B000000A84ED030A00EE100AD4F8E820D4EDA9
:1072C000020AB8EEC00A514391FBF0F381EE802A26
:1072D00000FB131000EE100A2749B8EEC00A42EE78
:1072E000000AF5EEC00AF1EE10FA02D270EEA10A21
:1072F00005E010EE900A884201DD70EEE10A00EE32
:10730000102A94ED302ADFED1D2AB8EEC00A11EEE6
:10731000100A1B4922EE002A884282EE220A30EE31
:10732000200A84ED010A02D931EE210A06E011EEAD
:10733000100A1449884204DD31EE610A20EE080A81
:1073400001E021EE080AD4ED7C0AF5EEC00AF1EE68
:1073500010FA01DD012100E0002104F5FE700DF0BE
:1073600081F884ED300ABDEC028B10BDDC000020FA
:10737000DB0FC94000004040DB0FC94000007A46E7
:10738000DB0FC9BFDB0FC93F2DE9F04116462DEDDC
:10739000028BB0EE408A0F460446002506F04CFAF8
:1073A000C4F8D470C4F8E86084ED028A4FF6FF7028
:1073B000C4F8D850C4F8EC009FED120A84ED048A9A
:1073C00084ED050A84ED060A84ED070A0020C4F85E
:1073D000D05000BF04EB8001401C81ED080A282832
:1073E000F8DB0948DFED090A90EDA70A04F5FE7005
:1073F000B8EEC00A84ED7C0ABDEC028BBDE8F0411A
:107400000CF02AB900000000A431002000409C4686
:1074100070B504465348D0F8B013D4F8D40000290E
:10742000D4F8D01002D1411AC4F8D0104E4A537883
:107430009FED4E1A8BB100EE901A0023F8EEE00A91
:1074400060EE811A00EE900AB8EEE02AC1EE820AE0
:10745000C4ED050AC4ED060A537001EE901AD4ED8E
:10746000050A434DF8EEE11AC4ED060A21EE812A21
:1074700001EE900AF8EEE12AC2EE221AC4ED051AD6
:1074800071EEE00AD4F8D82010EE903AAB4201DD5C
:10749000521E05E010EE903A13F17F5F02D9521CA4
:1074A000C4F8D820424301EE902AB8EEE12A01EE5A
:1074B000901AF8EEE11A72EE211A21EE812A01EEFD
:1074C000900AF8EEE12AC2EE221AC4ED001AC4EDC9
:1074D000031A01EE900AD4F8E820F8EEE11A4A43C4
:1074E00092FBF0F181EE212A00FB112001EE900ABF
:1074F000F8EEE12AD4ED021A42EE221AF5EEC01A95
:10750000F1EE10FA02D271EE811A06E011EE900A45
:107510001849884201DD71EEC11A10EE900A164931
:10752000C4ED011A884202D970EE810A06E010EE1D
:10753000900A1249884201DD70EEC10A20EE800AED
:10754000D4ED7C0AF5EEC00AF1EE10FA01DD01215E
:1075500000E0002104F5FE700CF084FF84ED300A99
:1075600070BD0000A4310020DC000020DB0FC9400A
:1075700000004040DB0FC940DB0FC9BFDB0FC93F34
:10758000C0F8E820C0F8D410002380ED020A4FF6BE
:10759000FF71C0F8D830C0F8EC1080ED040A9FED00
:1075A000090A194680ED050A80ED060A80ED070AF2
:1075B000C0F8D03000EB8102491C82ED080A28296E
:1075C000F8DB70470000000072B6FEE7014802F0E9
:1075D000EABA000094060020F0B5D1E901650C6913
:1075E0002C430D68C6B145F080452C43D1E90665B2
:1075F000354391F820704E69406D46EA0766354381
:107600008E8903EBC30300EBC30045EA0645E0E8BF
:10761000024500230B4D0FE044EA8544E6E7D41809
:10762000D65CE77846EA0766A77864783F0447EABD
:107630000424264340C01B1DCC682C5D9C42EED820
:10764000F0BD0000426E0108144A117F1448012960
:1076500001D003290FD1036823F40073036003688A
:1076600043F400630360036823F40063036003686A
:1076700043F400730360022901D003290BD1016890
:1076800041F480510160016821F48051016001687A
:1076900041F4806101600020107770479400002061
:1076A000002002400C490A6A520210D5C20703D0DA
:1076B0004A6942F004024A61800703D5486940F4F0
:1076C00000404861486940F480304861704748692B
:1076D00048F204021043F4E7002002400E4A136A05
:1076E0005B0201D5C90703D0516921F4006102E0B2
:1076F000516941F4006151615169C0B221F47E7158
:1077000041EAC0005061506940F002005061506988
:1077100040F480305061704700200240054910B5A8
:107720004C6944F001044C610260BFF36F8F436009
:1077300010BD000000200240094A10B554694023E2
:1077400044F480245461EFF3108272B610C95B1EBA
:1077500010C013F0FF03F9D182F3108810BD0000B0
:107760000020024070B5064603F096F80546134C1B
:1077700007E000BF03F090F8401BB04201D903209E
:1077800070BD2069C003F5D420694CF2FA3108407D
:107790000CD00B494A6802434A60010F01D0A1692D
:1077A000A161010100D02061012070BD2069C007E6
:1077B00001D001202061002070BD000000200240A7
:1077C0009400002070B5B3EE080A2DED028B04463C
:1077D00080ED030A9FED710A80ED250A80ED240AF1
:1077E0006F48D0ED100AC4ED340AD0ED120AC4ED92
:1077F000350AD0ED170AC4ED380AD0ED110AC4EDF0
:10780000360AD0ED130AC4ED370A84ED330A84ED4D
:10781000320AD0ED140AC4ED390AD0ED250AC4EDC0
:10782000540AD0ED260AC4ED550AD0ED180AC4ED6D
:10783000530AD0ED150AC4ED580AD0ED270AC4ED5D
:107840003E0AD0ED280AC4ED400AD0ED160AC4ED78
:10785000420AF2EE0E0AC4ED480AF1EE040AC4ED43
:107860004A0ADFED500AC4ED490ADFED4F0A002154
:10787000C4ED4C0A84F83411D0ED190A04F5806582
:10788000C4ED2B0AD0ED1A0AC5ED060AD0ED1B0A8D
:10789000C4ED1B0A84ED1C0A84ED1A0A84ED190A52
:1078A00090ED220A85ED0E0A90ED230A85ED0D0A72
:1078B00090ED240A85ED0F0A90ED2A0A85ED100A55
:1078C00090ED300A85ED110A90ED2D0A9FED378A73
:1078D00020EE080ABCEEC00A10EE101AC4F85014CC
:1078E00090ED2B0A85ED120A90ED2C0A85ED130A16
:1078F00090ED3A0A85ED150A90ED310A85ED160AEC
:1079000090ED360A85ED170A90ED330A85ED180AD9
:1079100090ED350A85ED190A90ED320A244885ED7F
:107920001A0A90EDA60AB8EEC00A85ED1B0AD0ED42
:10793000A80AF8EEE00AC5ED370AD0EDA70A04F56B
:107940008E60F8EEE00AC5ED380AF0EE480A0BF05A
:1079500083FE95ED1B0AF0EE480A04F294400BF00A
:107960007BFE95ED1B0AF0EE480A04F597600BF0DC
:1079700073FE95ED370AF0EE480A04F2E4400BF08E
:107980006BFE95ED380AF0EE480ABDEC028B04F56B
:10799000A160BDE870400BF05FBE00000000000079
:1079A000A43000206F12833ACDCCCC3D00409C46E1
:1079B000A43100202DE9F04104462DED028B90F812
:1079C000A8309FEDF00AD0F8B010D0F8BC00D4F881
:1079D000C020091AD4F8B40000EE901A801A01EE03
:1079E000100AF8EEE00AB8EEC11A60EE800A21EE45
:1079F000000AC4ED000A43B1F1EE600A84ED020A08
:107A000030EEC00A84ED010A07E084ED010AB1EE10
:107A1000400A30EE600A84ED020A94ED060AFDF792
:107A2000D7FFB0EE408A94ED060AFDF785FFD64AEF
:107A3000F0EE408A136804F13001081F0026D34D90
:107A40009FEDD35A062B48D01268F0EE480A94EC0A
:107A5000031A072AB0EE680A63D00BF02BFBCD495E
:107A6000D5ED010A5FF0010091ED040A70EEC00A45
:107A7000C5ED010AC0F1040201EB820292ED000A99
:107A8000C0F1050201EB8202401C82ED000A0528CC
:107A9000F0DB94ED0C0AB1EE041A81ED000A70EEF1
:107AA000200AC5ED010AC0EE811AC4ED171AD4ED03
:107AB000320A94ED0B1A30EEC12A84ED282AD4ED57
:107AC000330A94ED1B1A70EEC01AF4EEC11AF1EEEF
:107AD00010FA29D2B0EE610A28E094EC031AF0EE15
:107AE000480AB0EE680A0BF0E5FA84ED1A5AB5F9C7
:107AF000020000EE100AB8EEC00ADFEDA70A20EE81
:107B0000200AFDF765FFF7EE080A20EE200A84ED53
:107B1000190A6888401C00B26880282800DB6E8043
:107B2000BEE00BF0C7FABBE0B0EE410AF1EE410A4D
:107B3000B4EEE00AF1EE10FA07DDF4EEC11AF1EE50
:107B400010FA04D2B0EE611A01E0B0EE601A84EDD2
:107B5000291AB5EEC01AF1EE10FA01DCB1EE411AA5
:107B600094ED390AB4EEC01AF1EE10FA01D284EDA8
:107B7000295AB5EEC02AF1EE10FA01DCB1EE422A24
:107B8000B4EEC02AF1EE10FA01D284ED285AD4EDF9
:107B9000241AD4ED360A94ED280A40EE801AC4ED7A
:107BA000241A94ED252A94ED371AD4ED290A01EE12
:107BB000202A84ED252A94ED383AD4ED032A23EEC9
:107BC000221AB4EEE11AF1EE10FA02DDF0EE613A9B
:107BD00001E0F0EE413A23EE624AF4EEC43AF1EEEF
:107BE00010FA07DDB4EEE11AF1EE10FA04DCF0EE63
:107BF000411A01E063EE621AB4EEC21AF1EE10FA15
:107C0000C4ED241A02DDF0EE423A01E0F0EE413A12
:107C100023EE624AF4EEC43AF1EE10FA07DDB4EE58
:107C2000C21AF1EE10FA04DDB0EE421A01E023EEC2
:107C3000621A84ED251A94ED342A22EE000A84EDAE
:107C4000270A94ED352A30EE210A62EE200AC4EDAF
:107C5000260A84ED190A70EE810A20EE000AC4EDAE
:107C60001A0A00EEA00A0AF082FC84ED1D0A94EDC7
:107C7000030ADFED4A0A20EE200A10EE100A0EF089
:107C8000E7FF9FED471B53EC112B0EF079FC0EF034
:107C9000EBF900EE100A04F16801081F0BF07AFD01
:107CA00004F18C02111FD4ED1A1A94ED191A081F51
:107CB000F0EE480AB0EE680A0BF056FB04F18400BF
:107CC000021FD0EC030A111F94ED030A0C3806F0D2
:107CD00095FA3548354D94ED1E1A00684FF00108AD
:107CE000022710B3D4ED1F0A94ED200A05F0AAFD77
:107CF000D4ED1E0A94ED1F0AF4EEC00AF1EE10FA5C
:107D000006DB94ED201AF4EEC10AF1EE10FA22DA45
:107D1000B4EEE00AF1EE10FA2BDBD4ED200AB4EE5B
:107D2000E00AF1EE10FA26DA23E0D4ED200A94ED11
:107D30001F0A05F087FDD4ED1E0A94ED1F0AF4EE2C
:107D4000C00AF1EE10FA08DB94ED201AF4EEC10A35
:107D5000F1EE10FA01DB2F700FE0B4EEE00AF1EE65
:107D600010FA08DBD4ED200AB4EEE00AF1EE10FAC6
:107D700001DB2E7001E085F800802F70BDEC028BD6
:107D8000BDE8F081FFFF24BD7C030020D40000206B
:107D900000000000E40900207CD9203E36CD133FCE
:107DA000CDCCCCCCCCCCEC3FA43100207400002056
:107DB000704700002DE9F84F4FF000090446CDF858
:107DC00000900D4694F85820DFF8EC8361694F4627
:107DD0004846012A0AD00126F84A84F8586041B181
:107DE000296A012905D0A36EEBB129E00220BDE884
:107DF000F88F6868092838D1A96A4FF4785041B1E2
:107E00002B6801F07C0100EA53400843E96A08430B
:107E100002E0296800EA51402368D96C114001430F
:107E2000D964606621E0C4E91971A96A286A31B190
:107E300001F07C01401E0843E96A084300E0401E4F
:107E400029682B79C1F3846103F01F039940014332
:107E5000A06E401EA066636E43EA0103636604D110
:107E60002168C86C10401843C864206806F032F9D5
:107E700058B995F8250098B12068C16895F8262072
:107E800021F4401141EA4251C160206806F02AF90C
:107E90008246206806F01EF95AEA00000DD0FCE088
:107EA00095F8260095F82410400540EA0151206815
:107EB000C26822F440121143E6E7A86A30B1E86ACA
:107EC00020B195F8250001285ED003E095F8250043
:107ED000012804D02068C16821F0007103E0206807
:107EE000C16841F00071C16095F83000012852D09E
:107EF0002068016921F002010161AA6829682068EF
:107F0000B2F1004F38D006F008F92068416921F03D
:107F10000041416120686969C268C2F3C102520030
:107F200091402A69042A45D000EB82002B68026E3A
:107F3000DFF88CC203F0F84302EA0C020B431A4349
:107F400042F00041016620682A69A96900EB8200BD
:107F5000026E22F080720A430266297F2268286935
:107F6000012924D05FF0000102EB8000026E22F0B4
:107F700000720A43026690E0002206F0CEF8206804
:107F8000416941F00041C4E7E06D40F02000E06548
:107F90004FF00109A8E7D5E90D01084321680A69F6
:107FA00022F4FF7242F0020210430861A5E74FF08D
:107FB0000071D9E7002106F083F8400320684FF0F4
:107FC000000172D006F07CF890FAA0F0B0FA80F1CF
:107FD000286842036ED090FAA0F0B0FA80F0814297
:107FE00004D100221146206806F0AEF80121206875
:107FF00006F066F8400320684FF001015DD006F0FE
:108000005FF890FAA0F0B0FA80F12868420359D0E6
:1080100090FAA0F0B0FA80F0814204D10022012150
:10802000206806F091F80221206806F049F8400324
:1080300020684FF0020148D006F042F890FAA0F014
:10804000B0FA80F12868420344D090FAA0F0B0FA68
:1080500080F0814204D100220221206806F074F8E9
:108060000321206806F02CF8400320684FF003013C
:1080700033D006F025F890FAA0F0B0FA80F1286825
:1080800042032FD090FAA0F0B0FA80F0814204D1E0
:1080900000220321206806F057F82068816811F05B
:1080A000010F22D0B5E000E004E006F009F8C0F3CB
:1080B00084618DE7C0F3846091E706F001F8C0F3B6
:1080C0008461A2E7C0F38460A6E705F0F9FFC0F37E
:1080D0008461B7E7C0F38460BBE705F0F1FFC0F34C
:1080E0008461CCE7C0F38460D0E72A7B296850F82C
:1080F000B03FC1F3120C23EA0C0302F0180C314A12
:1081000022FA0CF20A4013430360E96841457DD12D
:10811000286841031BD090FAA0F1B1FA81F1491C03
:1081200001F01F0109294FEA403131D8002911D04F
:1081300090FAA0F1B1FA81F101F1010101F01F0102
:1081400006FA01F609D100BFC0F3846109E0C0F36B
:108150008461E4E7C0F38461EEE790FAA0F1B1FA3C
:1081600081F101F1010101F01F0146EA816102D1B3
:10817000C0F3846003E090FAA0F0B0FA80F000F160
:10818000010000F01F0000EB400041EA00513AE01E
:1081900000290ED090FAA0F1B1FA81F101F10101AC
:1081A00001F01F0106FA01F60ED100BFC0F3846191
:1081B0000EE0C0F38461F1E700007F40004010044E
:1081C00000F0FF03FFFF070090FAA0F1B1FA81F180
:1081D00001F1010101F01F0146EA816102D1C0F302
:1081E000846003E090FAA0F0B0FA80F000F10100A2
:1081F00000F01F003A4A00EB400002EB005041EA59
:10820000000141F00071AA68206800E001E005F07B
:1082100084FF34482B6803425ED022684FF0A04CA4
:108220003148324E324D624501D0AA4201D1014659
:1082300000E031468968DFF8BC8001F0E071434519
:1082400003D0DFF8B480434520D15FEA01281DD474
:10825000624505D0294B9A423ED1AA4200D0304611
:1082600041F40001826822F0E0720A4382602448EF
:1082700024490068B0FBF1F0801C00EB4000800056
:1082800000E0401E00900028FBD125E0DFF8788058
:1082900043450FD15FEAC1180CD4AA4202D11B4B4F
:1082A0009A4219D0624502D0AA4200D0304641F02D
:1082B00080710CE0DFF8588043450DD14B020BD4A0
:1082C000AA4209D0624500D0304641F4800182685C
:1082D00022F0E0720A43826084F85870484686E5CE
:1082E000000020FE0000088000030050000700503E
:1082F00000010050000021C31000C0900006005093
:10830000D0000020400D0300000052C700050050BF
:10831000000084CB10B50921074800F015F8074C80
:108320000921C4F8B4000648B03400F00DF805493E
:1083300020600220487010BD0C040020F8090020C5
:1083400078040020000000200068A1F580710F393A
:108350000ED0B1F5837F08D0B1F5037F02D0D0F8FD
:1083600080007047D0F88C007047D0F888007047C4
:10837000D0F88400704700002DE9F04704460068FB
:108380004FF0A049DFF804A10F46484501D0504501
:1083900001D13F4800E03F48806800F01F06A06917
:1083A000082805D05FF0200502F076FA804618E034
:1083B0004025F9E7781C14D002F06EFAA0EB080013
:1083C000B84200D86FB920680068284209D1E06D32
:1083D00040F00400E065002084F858000320BDE868
:1083E000F087206800682842E4D02168C86C10F447
:1083F000C07F0CD00023C86810F4406F09D0002261
:10840000DFF894C02548514505D1C84608E001234E
:10841000F1E70122F4E7614501D1804600E088469A
:10842000884508D03EB1062E05D0072E03D0514511
:1084300003D1484604E0C86803E0614500D008461F
:10844000C068E66D46F40056E66523B9830112D490
:108450008AB182040FD40A6852060CD582020AD46B
:10846000E26D22F48052E265E26DD20503D4E26D42
:1084700042F00102E265402D01D0202002E04004DC
:1084800001D4602008600020A9E70000000100502E
:108490000003005000070050000500500004005089
:1084A000704700002DE9F041044600684FF0A045F8
:1084B0003E4FA84201D0B84201D13D4900E03D49BC
:1084C000896801F01F0605F005FE08BB2168C86831
:1084D000C96C00F0004011F4C07F00D190B194F855
:1084E0005800012814D0012084F858002046FDF7D8
:1084F0008DFE01004FF000020CD084F85820084691
:10850000BDE8F081E06D40F02000E0650120F7E774
:108510000220F5E7E06DC00504D5206E20F00800CC
:10852000206600E02266E06D42F20103984340F4C9
:108530008050E0652068204BDFF880C0B84201D150
:10854000AE4604E0984201D1E64600E08646864504
:1085500000D02EB9D4F85CE02EF4801EC4F85CE0A4
:108560004FF0600EC0F800E084F858202068B84250
:1085700004D0984201D1654600E00546854209D005
:1085800046B1062E06D0072E04D0E06D40F48010D0
:10859000E065B4E7C26812F0007FB0D18268084B92
:1085A0001A4042F008028260A9E700000001005072
:1085B0000003005000070050000500500004005068
:1085C000C0FFFF7F2DE9F041044600684FF0A04551
:1085D0004C4FA84201D0B84201D14B4900E04B4971
:1085E000896801F01F0605F075FD08BB2168C868A1
:1085F000C96C00F0004011F4C07F00D190B194F834
:108600005800012814D0012084F858002046FDF7B6
:10861000FDFD01004FF000020CD084F85820084600
:10862000BDE8F081E06D40F02000E0650120F7E753
:108630000220F5E7E06DC00504D5206E20F00800AB
:10864000206600E02266E06D42F20103984340F4A8
:108650008050E06520682E4BDFF8B8C0B84201D1E9
:10866000AE4604E0984201D1E64600E086468645E3
:1086700000D02EB9D4F85CE02EF4801EC4F85CE083
:108680004FF0600EC0F800E084F858202068C268FF
:10869000920203D5426842F480624260A0690828D1
:1086A0002068426807D022F0400242602068426899
:1086B00042F0200206E022F0200242602068426878
:1086C00042F0400242602068B84204D0984201D192
:1086D000654600E00546854209D046B1062E06D023
:1086E000072E04D0E06D40F48010E06597E7C26883
:1086F00012F0007F93D18268074B1A4042F00802C3
:1087000082608CE700010050000300500007005019
:108710000005005000040050C0FFFF7F7047704705
:108720002DE9F04F044690F858009BB00F464FF0EB
:10873000000B012812D0012084F85800002617965B
:10874000189620684FF0A048DFF81C91DFF81CA1B4
:10875000474D404506D12846009508E002201BB051
:10876000BDE8F08F48450AD15046CDF800A005F08D
:10877000B9FC0090206805F0B5FC40B109E0E06D5F
:1087800040F02000E06584F858600120E7E7009899
:1087900050B1E06D40F02000E0654FF0010B00BFEC
:1087A00084F858605846DAE720684146884201D08C
:1087B000A84201D12F4800E02F48D7F800C02F4B26
:1087C00040F61F72BCF1000F2DD0D0F808C094F80D
:1087D00038802CF4604C4CEA483CD7F804804CEAD2
:1087E000080CC0F808C0D4F800C08C4501D0AC45D6
:1087F00004D18968AB6801F0010109E0D9F80810DB
:10880000DAF8085001F0010105F001059B682943E1
:1088100003F001031943C3D1BB6839681943836866
:10882000934319431DE0876827F4604787602768F2
:108830008F4201D0AF4204D18968AB6801F00101D9
:1088400009E0D9F80810DAF8085001F0010105F044
:1088500001059B68294303F001031943A0D18168F6
:10886000914381609CE70000000400500005005027
:1088700000010050000300500007005000060050A7
:108880002DE9F84F00270446009790F85800DFF8CC
:108890001C840D46B946012811D0012684F8586081
:1088A000206805F01BFC60B1E06D40F02000E06541
:1088B0005FF0010784F858903846BDE8F88F022031
:1088C000FBE7D5E900210C23206803EA9113184443
:1088D000036B01F01F014FF01F0C0CFA01FCC2F3F7
:1088E000846223EA0C038A4013430363206805F083
:1088F000F5FB8246206805F0E9FB5AEA00003CD10E
:10890000AA6829682068B2F1004F37D005F0F6FB5D
:108910002068416921F00041416120686969C268AD
:10892000C2F3C102520091402A69042A31D000EBFF
:1089300082002B68026EDFF878C303F0F84302EA86
:108940000C020B431A4342F0004101662268286979
:10895000A96902EB8000026E22F080720A4302666F
:10896000297F22682869012910D0002102EB8000AC
:10897000026E22F000720A4302667DE0002205F0DA
:10898000BDFB2068416941F00041C5E74FF000712F
:10899000ECE7002105F08EFB400320684FF000015A
:1089A00072D005F087FB90FAA0F0B0FA80F1286849
:1089B00042036ED090FAA0F0B0FA80F0814204D168
:1089C00000221146206805F0B7FB0121206805F060
:1089D00071FB400320684FF001015DD005F06AFB98
:1089E00090FAA0F0B0FA80F12868420359D090FACA
:1089F000A0F0B0FA80F0814204D100220121206869
:108A000005F09AFB0221206805F054FB4003206822
:108A10004FF0020148D005F04DFB90FAA0F0B0FAFB
:108A200080F12868420344D090FAA0F0B0FA80F0B8
:108A3000814204D100220221206805F07DFB032140
:108A4000206805F037FB400320684FF0030133D066
:108A500005F030FB90FAA0F0B0FA80F128684203EC
:108A60002FD090FAA0F0B0FA80F0814204D1002219
:108A70000321206805F060FB2068816811F0010F78
:108A800022D0ACE000E004E005F014FBC0F3846108
:108A90008DE7C0F3846091E705F00CFBC0F38461BF
:108AA000A2E7C0F38460A6E705F004FBC0F384618D
:108AB000B7E7C0F38460BBE705F0FCFAC0F384615C
:108AC000CCE7C0F38460D0E72A7B296850F8B03F38
:108AD000C1F3120C23EA0C0302F0180C754A22FAB7
:108AE0000CF20A4013430360E968414577D12868D6
:108AF00041031CD090FAA0F1B1FA81F1491C01F0B8
:108B00001F0109294FEA403132D8002912D000BF95
:108B100090FAA0F1B1FA81F101F1010101F01F0118
:108B200006FA01F609D100BFC0F3846109E0C0F381
:108B30008461E3E7C0F38461EEE790FAA0F1B1FA53
:108B400081F101F1010101F01F0146EA816102D1C9
:108B5000C0F3846003E090FAA0F0B0FA80F000F176
:108B6000010000F01F0000EB400041EA005132E03C
:108B700000290ED090FAA0F1B1FA81F101F10101C2
:108B800001F01F0106FA01F606D100BFC0F38461AF
:108B900006E0C0F38461F1E790FAA0F1B1FA81F147
:108BA00001F1010101F01F0146EA816102D1C0F328
:108BB000846003E090FAA0F0B0FA80F000F10100C8
:108BC00000F01F003C4A00EB400002EB005041EA7D
:108BD000000141F00071AA68206805F08FFA37485B
:108BE0002B6803423FF466AE21684FF0A04C344836
:108BF000344E354D614501D0A94201D1024600E015
:108C000032469268DFF8C48002F0E072434503D038
:108C1000DFF8BC80434521D15FEA02281ED46145BC
:108C200006D02C4B99427FF445AEA94200D0304685
:108C300042F40001826822F0E0720A438260264812
:108C400026490068B0FBF1F0401C00EB40008000BA
:108C500000E0401E00900028FBD12BE6DFF880806A
:108C600043450FD15FEAC2180CD4A94202D11D4B73
:108C70009942F2D0614502D0A94200D0304642F07C
:108C800080710CE0DFF860804345E6D15302E4D404
:108C9000A942E2D0614500D0304642F480018268AA
:108CA00022F0E0720A43826004E6000000007F4088
:108CB00000F0FF03FFFF0700000020FE0000088017
:108CC000000300500007005000010050000021C3C5
:108CD0001000C09000060050D0000020400D03009E
:108CE000000052C700050050000084CB7047704759
:108CF0002DE9F84F04460068066845684FF0A04823
:108D0000DFF89092404501D0484501D1A24800E0EB
:108D1000A248806800F01F07B0070ED5A8070CD541
:108D2000E06DC00603D4E06D40F40060E0652046CD
:108D3000FFF73EF8216802200860DFF864B2DFF830
:108D400064A2700701D5680703D430073FD5280710
:108D50003DD5E06DC00603D4E06D40F40070E065E1
:108D6000206805F0C3F960B32068484501D1424648
:108D700004E0584501D1524600E00246824208D044
:108D80003FB1052F05D0092F03D0484503D14146F7
:108D900006E0C16805E0584501D1514600E00146B2
:108DA000C96889040DD4016809070AD505F096F948
:108DB00058B3E06D40F01000E065206E40F0010017
:108DC00020662046FFF792FF21680C200860B0065D
:108DD00001D5A80603D470065FD568065DD5E06DA1
:108DE000C00603D4E06D40F40050E0652068C16C1B
:108DF00011F4C07F1AD00021009105F077F90246E6
:108E00002068484514D1434617E02068416821F0A6
:108E10000C014160E06D20F48070E065E06DC004FD
:108E2000CFD4E06D40F00100E065CAE70121E3E73F
:108E3000584501D1534600E00346834208D03FB174
:108E4000062F05D0072F03D0484503D1414606E041
:108E5000C16805E0584501D1514600E00146C968A6
:108E6000009BA3B18B0102D58AB18A040FD402689A
:108E700052060CD589020AD405F028F9F0B3E06D4A
:108E800040F01000E065206E40F0010020662046B2
:108E9000FFF740FA21686020086030060BD52806ED
:108EA00009D5E06D40F48030E065204600F094F98B
:108EB000216880200860F0050CD5E8050AD5E06D32
:108EC00040F40030E0652046FFF728FC21684FF4AD
:108ED00080700860B0050CD5A8050AD5E06D40F497
:108EE0008020E0652046FFF71AFC21684FF40070EF
:108EF0000860F00631D5E8062FD500E009E0E06B08
:108F0000E8B12068EFB3404501D0484512D122486E
:108F100011E02068416821F060014160E06D20F4BB
:108F20008050E065E06DC005B1D4E06D40F0010017
:108F3000E065ACE71948806800F4604050B1E06D2E
:108F400040F48060E065206E40F00200206620461C
:108F5000FFF7CDFE216810200860700517D5680561
:108F600015D5E06D40F48040E065206E40F00800CB
:108F7000206621684FF4806008602046BDE8F84F05
:108F800000E001E0FFF78CBAC068C007D6E7BDE893
:108F9000F88F00000001005000030050000700504F
:108FA0000005005000040050F8B54FF00005040023
:108FB0002E46009502D0E06D10B107E00120F8BD0B
:108FC000204600F00BF9266684F858602068816816
:108FD000C1F3407119B18168734A11408160206802
:108FE0008168C1F3007189B98168704A114041F00C
:108FF000805181606E486F490068B0FBF1F040001D
:10900000801C00E0401E00900028FBD12068816891
:10901000C1F3007141B9E16D41F01001E165216ECC
:1090200041F001012166012505F058F8E16DC906FE
:1090300000D430B1E06D40F01000E0650125284615
:10904000F8BDE06D20F4807040F00200E06520681B
:10905000816811F0010F27D14FF0A043564A984282
:1090600001D0904204D19968966801F001010AE0AC
:1090700052498968524E01F00101B66806F00106B6
:109080003143504EB66806F0010631430CD1984288
:1090900001D0904201D14C4800E04C4861688268A0
:1090A00022F47C120A438260E168E06B627F08432D
:1090B000A16841EA4231084394F8241040EA014093
:1090C000012904D1218D424A02EB41410843E16A62
:1090D00029B101F47871226B014342EA0100226850
:1090E000D1683C4B19400143D16020680169626B33
:1090F00021F0406111430161206804F0E7FF70BB7B
:10910000207F94F838102268800340EA4100D1683B
:1091100044F2020399430143D1602069002820688A
:1091200001690AD041F480310161206850F8C01F04
:1091300022696FF30D01114307E021F480310161D1
:10914000206850F8C01F6FF30D01016094F84000D3
:1091500001280CD02068016921F0010101616069DA
:1091600001282068016B21F00F0111D013E0D4E930
:1091700011010843D4E913121143084321680A6915
:1091800040F2FC739A43104340F001000861E6E7A7
:10919000226A521E11430163E06D20F0020040F08C
:1091A0000100E0654BE70000C0FFFF5FC0FFFF7FED
:1091B000D0000020400D03000001005000040050CA
:1091C000000500500006005000030050000700504A
:1091D0000000FEFF0740F0FF704700002DE9F04F50
:1091E0009BB00646142115A8FBF73FFA54216846A8
:1091F000FBF73BFA4FF40041306800258A037A4FB1
:10920000DFF8E8A17A4C4FF001094FF00308B0F104
:10921000A04F10D0774B984265D1684611920091CB
:1092200002F072FF08B1FEF7CFF93868401C3860D1
:10923000012835D03CE068461192009102F064FFAD
:1092400008B1FEF7C1F93868401C3860012807D121
:10925000E06C40F40050E064E06C00F400501A90C0
:10926000E06C40F00400E064E06C00F004001A9050
:10927000E06C40F00100E064E06C15A900F0010032
:109280001A900420444681E83100504601F0DAF992
:1092900015A94FF09040CDF85490CDE9164515E052
:1092A000E06C40F40050E064E06C00F400501A9070
:1092B000E06C40F00400E064E06CCDF8549000F005
:1092C0000400CDE916851A9015A9504601F0BAF9A7
:1092D00000220121122002F037F9122002F027F9B2
:1092E0001BB0BDE8F08F444B4FF080099901CA03D1
:1092F0004FF4807A4FF4806B984235D168461292D1
:10930000009102F001FF08B1FEF75EF97868401C99
:109310007860012807D1E06C40F48040E064E06CA4
:1093200000F480401A90E06C40F00200E064E06CD1
:10933000CDF8548000F00200CDE916851A9015A9E9
:109340002E4801F07FF92F4C2D4820602520C4E9DC
:10935000010504F10C0080E8200EE561204625623D
:109360003AE07465A662BBE7274B9842B8D16846DD
:109370001292009102F0C8FE08B1FEF725F9786854
:10938000401C7860012807D1E06C40F48040E06424
:10939000E06C00F480401A90E06C40F00200E06461
:1093A000E06C179500F002001A904FF45040CDE9A0
:1093B000150815A9114801F045F9124C1048603CF8
:1093C000283820602620C4E9010504F10C0080E85B
:1093D000200EE5612046256200F084F90028C0D007
:1093E000FEF7F2F8BDE700007C000020000800480E
:1093F000001002400001005000040050000400482A
:10940000300002401C060020000500502DE9F0410C
:10941000044600684FF0A045444FA84201D0B8422E
:1094200001D1434900E04349896801F01F0604F077
:1094300055FE18B102210846BDE8F08194F85800A5
:1094400001280CD0012084F858002046FCF7DEFEED
:1094500001004FF0000204D084F85820EBE702200E
:10946000EAE7E06D40F60163984340F48070E06500
:109470002068314BDFF8C4C0B84201D1AE4604E0E9
:10948000984201D1E64600E08646864500D02EB9D6
:10949000D4F85CE02EF4801EC4F85CE0D4F85CE004
:1094A0005FEACE4E06D5D4F860E02EF0060EC4F882
:1094B00060E000E022664FF01C0EC0F800E084F887
:1094C00058202068B84201D12A4604E0984201D1D0
:1094D000624600E0024682420ED06EB1052E0BD0ED
:1094E000092E09D0E26D42F48012E265B84213D031
:1094F000984210D165460FE0C268920105D5E26D31
:1095000022F4005242F48052E26582680C4B1A4009
:10951000121D82608FE70546E86880018BD5E06DFB
:1095200020F4005040F48050E06584E700010050D2
:1095300000030050000700500005005000040050D8
:10954000C0FFFF7F10B590F8253000210122022BCB
:1095500003D00421C163012122E003681C6824F0C8
:109560000E041C60836C1C6824F480741C60036807
:109570001C6824F001041C6090F84430046C03F073
:109580001F0302FA03F36360D0E913345C60436D98
:1095900033B11C6824F480741C60D0E916345C601C
:1095A00080F82520002280F82420084610BD70B5E0
:1095B00090F82520002401212346022A07D0042206
:1095C000C26380F8251080F82430012429E0026865
:1095D000156825F00E0515600268156825F001056F
:1095E0001560826C156825F48075156090F844202C
:1095F000056C02F01F0201FA02F26A60D0E913253D
:109600005560426D32B1156825F480751560D0E95A
:109610001625556080F8251080F82430816B01B143
:109620008847204670BDC06B7047F0B4016C0C6871
:1096300001680D6890F8442002F01F06042202FA27
:1096400006F3234211D06B070FD50B689B0603D49A
:109650000B6823F004030B6090F8441001F01F0125
:109660008A40016C4A60016B1DE0022303FA06F791
:1096700027424FF0000C4FF0010218D0AF0716D56B
:109680000C68A40605D40C6824F00A040C6080F869
:10969000252090F8441001F01F018B40016C4B60B5
:1096A00080F824C0C16A00291AD0F0BC08470823FA
:1096B000B340234214D02B0712D50B6823F00E03BE
:1096C0000B6090F84410036C01F01F0102FA01F1E5
:1096D0005960C26380F8252080F824C0416BE2E71E
:1096E000F0BC704770B504000CD02B4A21681420E0
:1096F000914209D2294A0A44B2FBF0F0800060642A
:1097000027480AE0012070BD234A52420A44B2FBB6
:10971000F0F080006064204808382064022084F85B
:1097200025000A6847F6F0708243D4E90203184323
:10973000D4E904352B431843A3691843E36918435C
:10974000236A1843104308602046FDF779FCA0689F
:109750000025B0F5804F00D16560A16C20790860CC
:10976000D4E9130141606068401E032808D82046F0
:10977000FDF786FC606D0560D4E91601416002E0EA
:109780006565A565E565E563012084F8250084F835
:109790002450002070BD000008040240F8FFFDBF07
:1097A0000000024070B5044690F82400002501280E
:1097B0000CD0012084F8240094F825600020012EAC
:1097C00006D084F824000225284670BD022070BD12
:1097D000022684F82560E0632068066826F001060A
:1097E00006602046FDF75EFC206B002820680168BB
:1097F00002D041F00E0106E021F004010160206872
:10980000016841F00A010160A06C0168C90303D539
:10981000016841F480710160606D18B1016841F424
:10982000807101602068016841F001010160CBE7AF
:10983000094810B54FF0FF31816300228263016453
:10984000026481628262C162C2620163026301F0EA
:1098500043FE002010BD00000010024070B5044619
:1098600001F01AF80546601C02D004484068044420
:1098700001F012F8401BA042FAD370BD880000200E
:1098800030B590F85C30012B07D0022B05D0016E6B
:1098900041F002010166012030BD0468A36D4D074F
:1098A00001D0DD071DD011F0380F01D09D0718D56C
:1098B00011F4E07F01D05D0713D511F4F05F01D002
:1098C0001D070ED511F4604F01D0DD0609D511F446
:1098D000403F01D09D0604D511F47C0F05D05D06F4
:1098E00003D4E56D45F00105E5654C0701D0DC07C3
:1098F0001DD111F0380F01D09C0718D411F4E07F6E
:1099000001D05C0713D411F4F05F01D01C070ED412
:1099100011F4604F01D0DC0609D411F4403F01D0AE
:109920009C0604D411F47C0F06D05B0604D50368B2
:10993000DC6D44F00204DC650B0604D5036853F8C3
:10994000DC4F14431C60CB0504D5036853F8E04F8B
:1099500014431C600068426D0A434265002030BD1C
:1099600070B5044690F85C00022803D0206E40F0E9
:10997000080007E02068D0F8C4309B0205D5206EAF
:1099800040F400702066012070BDD0F8C400C0F320
:1099900001452B462046FDF71FFE21680120A84007
:1099A000C1F8CC00A065002070BD10B590F85C2017
:1099B000012A07D0022A05D0016E41F0020101669A
:1099C000012010BD0A687AB10B7B0A690C7A42EA61
:1099D00043734A69406C496842EA847200EBC100F3
:1099E000C0E90032002010BD0B7A4A690C8A42EAB5
:1099F00083720B7B006CDB06496843EA04431A431D
:109A000040F82120EEE730B590F85C50039C012D22
:109A100005D0016E41F004010166012030BD09014D
:109A2000006841EA820141EA430150F8802F214356
:109A300022F03F0211430160002030BD90F85C30FD
:109A4000012B05D0016E41F0040101660120704731
:109A5000006842EA012181640020704790F85C10A0
:109A6000012905D0016E41F0040101660120704713
:109A70000068C16841F40001C16000207047704770
:109A800070470000F0B590F85C400025022C03D030
:109A9000016E41F0080160E00468402946D0D4F826
:109AA0009860360756D0D4F89860F60104D5D4F8FB
:109AB0008060F60500D50125D4F89840C4F3012450
:109AC0006619C46C06EBC60504EBC504256815F0E1
:109AD00080455560256843D025F0604515602568B0
:109AE0002C4F05F00055956020CC05F00045156120
:109AF00034F8045BADB2D56154F8045CC5F303459A
:109B0000D56054F8045C05F48015556154F8045C84
:109B100005F40015956154F8045CC5F306651562FB
:109B200054F8045CED0F5562002522E0D4F89060F3
:109B300036070FD0D4F89060F60104D5D4F88060D1
:109B4000B60500D50125D4F89040C4F30124661968
:109B5000846CB7E7016E41F4807101660120F0BDAD
:109B6000C5F38A45BAE700BF14F805C003F805C07D
:109B70006D1CD2F80CC017F80CC0AC45F4D80068C6
:109B8000402903D0C0F89C600020F0BDC0F894606C
:109B9000FAE70000426E01080068D0F8C40000F047
:109BA0000700704770472DE9F05F04460068016DBB
:109BB000426D01F4E05102EA0108016D426D01F0CD
:109BC000070102EA0109016D426D01F0380102EA64
:109BD000010A016D476D01F471010F40016D426D85
:109BE00001F46021456D02EA010B016DCE4371065F
:109BF00007D4E943490604D4402101652046FFF714
:109C0000D1FFF0050ED4E843C0050BD42068D0F88E
:109C1000D820D0F8E01011404FF480720265204641
:109C200000F082FBB8F1000005D0216808654146CC
:109C3000204600F07BFBB9F1000005D021680865E3
:109C40004946204600F0B6F9BAF1000005D0216877
:109C500008655146204600F015FBB00509D4E843DD
:109C6000800506D421684FF400700865204600F096
:109C70005EFB30060DD4E84300060AD42068D0F815
:109C8000D420D0F8DC10114080220265204600F07C
:109C90004CFBB00409D4E843800406D421684FF497
:109CA00000500865204600F03EFB300409D4E8432C
:109CB000000406D421684FF400400865204600F0F7
:109CC00031FB70040AD4E843400407D421684FF400
:109CD00080400865206E40F080002066BBF10000E7
:109CE00005D02168086559462046FFF7C9FE27B10F
:109CF00020680765206E38432066206E002802D059
:109D00002046FFF7BCFEBDE8F09F00002DE9F041C2
:109D1000040006D0DFF8F48194F85C00002518B147
:109D200007E00120BDE8F08184F85D50204600F096
:109D3000F9F82068816921F01001816100F0ACFD23
:109D40000646032705E000BF00F0A6FD801B0A2899
:109D500011D8206880690007F6D42068816941F035
:109D60000101816100F098FD06460BE000F094FDD2
:109D7000801B0A2806D9206E40F00100206684F876
:109D80005C70CEE720688069C007EFD020688169E9
:109D900041F0020181612168414502D15C4960685E
:109DA0000860207C01282068816937D041F040019B
:109DB0008161607C01282068816932D021F4804172
:109DC0008161A07C0128206881692DD041F48051F7
:109DD000816120688169A26821F440711143816129
:109DE0002068816921F0A40181612068016921F066
:109DF00010010161E068012819D010B302281BD0BE
:109E00002068816941F0800181612068016941F029
:109E100010010161E06803280ED012E021F040013A
:109E2000C6E741F48041CBE721F48051D0E72068B8
:109E3000816941F0040103E02068816941F020015B
:109E40008161207EE26940066FF0FF0101EB022292
:109E5000A0F100701043226AA38A521E10430A0226
:109E600002EB034318432368D861A068B0F5407F34
:109E700010D1D4E90A0301EB0321401E0843216BF2
:109E8000131303EB01110843A18C02EB01410843BA
:109E90002168C860206850F8C01FE26B1143016060
:109EA0001D4A21681B48914200D11C481C4A91421E
:109EB00001D100F5D460206451F8802FA38E22F4E4
:109EC000F81242EA03420A6000F1700161642168FD
:109ED00051F8802F94F8383022F0706242EA036221
:109EE0000A6000F1B001A164D831E164D831216584
:109EF00018316165D83100E020C08842FCD3A565E7
:109F00002566012084F85C0000200BE70064004017
:109F10000065004000A400400068004050A70040D9
:109F2000006C004010B59CB00446142115A8FAF747
:109F30009CFB54216846FAF798FB1B49206888422D
:109F400030D18014009040030E90684602F0DCF897
:109F500008B1FDF739FB1548816D41F0007181654D
:109F6000816D01F000711A91C16C41F00201C16470
:109F7000C06C15A900F002001A9060201590022014
:109F80001690002017900320189009201990084877
:109F900000F058FB00220121562001F0D5FA56208E
:109FA00001F0C5FA1CB010BD00680040001002406E
:109FB000000400482DE9F047C9077DD0A24B40219D
:109FC00003F18002FFF75EFD18B1BDE8F047FDF731
:109FD000FBBA9E4800249C4904609D489D4D8031F9
:109FE00004700B686A689C4F9748934202D1CE6810
:109FF000082E1ED0DFF8508240F2FF79012608F1CA
:10A0000040084B4504D1D1F80CC0BCF1040F56D028
:10A01000934204D1D1F80CC0BCF1020F76D002F506
:10A02000C06C634573D1BDE8F047012186480AF052
:10A0300019BB0178FF293FD14178FF293CD18178B4
:10A04000FF2939D1C178FF2936D10179FF2933D1D0
:10A050004179FF2930D18179FF292DD1C079FA28A2
:10A060000FD0FC2807D0FD2813D0FE2824D17B4830
:10A0700007F010FD05E0B868022802D0784809F022
:10A08000A1F97148764940300AF04CF908236A6812
:10A0900042E0734809F0F6F96B48714940300AF024
:10A0A00041F96949082340316E486A6809F036F879
:10A0B000BDE8F0476A4800E082E0FDF783BB4178E5
:10A0C00091427DD1817800297AD1C078032877D157
:10A0D0006548F7EE000A90ED2E0A30EE600A0BF0AC
:10A0E00019FF88F80040297988F801105C4988F840
:10A0F00002605E4A91ED040AB0EEC00A10EE101A3A
:10A10000914205DC032188F8031003E008E01CE01D
:10A1100088F8034004234A464B49524840314EE0F8
:10A120000178E0295FD1407801285CD1A02188F82E
:10A13000001088F8016088F8024088F8034088F829
:10A14000044088F805400623E6E702F5E062AA46E7
:10A15000934255D10178AB2945D14178012934D0BA
:10A1600002293BD0424F434DDFF80C9103293CD0EC
:10A17000042938D1C079BA2835D1394809F082F993
:10A180003C70CD2188F80010042188F8011029883E
:10A1900088F80210090A88F80310B9F8001088F846
:10A1A0000410090A88F80510DC2188F807102649F0
:10A1B000DAF80420082340312A4802F5E06200E082
:10A1C00011E0BDE8F04708F0A9BFC079BA280AD16C
:10A1D000BC60234809F056F9284803E0C079BA2842
:10A1E00001D127480670BDE8F087C079BA28FAD1B6
:10A1F0001B4809F0E7F83E702C80A9F80040F2E710
:10A20000C8680F28EFD1486858B1B0F1804FEAD143
:10A210007A68BDE8F0470C490F2340391148FCF734
:10A2200058B80F4908480BF0ADFC07480C494030BE
:10A230000AF0BCF83A88BDE8F047034908234031EA
:10A240000848FCF763B80000FC2F00202000002025
:10A2500002000020A43100207403002068110020B7
:10A26000F809002094060020A43000200AD7233CDF
:10A27000B4030020080000200A000020B2030020E0
:10A28000B3030020704790F85C10012905D0016EDF
:10A2900041F00401016601207047022180F85C1042
:10A2A00001688A6922F001028A610021016608467C
:10A2B000704710B590F85C200021022A04D0016E8E
:10A2C00041F0080101660FE00268936943F0010361
:10A2D0009361032302680AE00A2907D9016E41F05D
:10A2E0000101016680F85C30012010BD491C9469B1
:10A2F000E407F1D09469002124F01004946102680D
:10A3000002E00A29EAD8491C94692407F9D4916922
:10A3100041F00201916100218165012180F85C100A
:10A32000002010BD704770477047704770477047F6
:10A330002DE9F05F054633488946017801290CD0A4
:10A340000126804606704FF47A7B5846FDF70AFADC
:10A3500007004FF0000A03D04FE00220BDE8F09F55
:10A3600051464046C8F804A0274C226892050AD5F9
:10A370002168490505D5216821F480612160032108
:10A3800009E0067708E02268520504D5216821F427
:10A3900080612160022101772868012807D04FF0F1
:10A3A000FF31C9F8001040F2FA3BAE681EE0686861
:10A3B000FDF778F95846FDF7D5F90746606948F288
:10A3C00004018843606116E030466968FDF786F94C
:10A3D0004FF47A70FDF7C6F90700606920EA0B00B8
:10A3E000606102D0C9F8006005E0761CD5E9020181
:10A3F0000844B042E8D8FDF727F988F800A03846AD
:10A40000ACE7000094000020002002400549012034
:10A410004A6942F000424A614969002900DA002095
:10A4200070470000002002402DE9FF5F254C0646E2
:10A43000904620789A4601280BD0012020704FF4D6
:10A440007A7B5846FDF78EF907004FF0000904D0DB
:10A450002AE0022004B0BDE8F09F4846C4F804900A
:10A46000194D2968490504D5286820F480602860C2
:10A470000220207726B1012E09D0022E07D00CE051
:10A48000424653460198FDF749F9012612E041463C
:10A490000198FDF751F9022E0AD05846FDF762F9EE
:10A4A0004FEA0007FDF7D0F884F800903846D1E76E
:10A4B0004FF480265846FDF755F907466869B043C2
:10A4C0006861EFE794000020002002400649002068
:10A4D0004A69002A07DA054A8A60054A8A6049699A
:10A4E000002900DA0120704700200240230167455F
:10A4F000AB89EFCD2DE9F84F00230126DFF828C105
:10A500000F278AE006FA03F414EA01027ED023F052
:10A5100003056544AA46D5F808909D074FEA157EC5
:10A5200007FA0EF505EA090B0095B0F1904F05D03A
:10A530003E4DA84205D14FF001081CE04FF0000845
:10A5400019E03B4DA84202D14FF0020813E0394D0B
:10A55000A84202D14FF003080DE0374DA84202D1C6
:10A560004FF0040807E0354DA84202D14FF005082E
:10A5700001E04FF0060808FA0EF8D84526D1DFF8BA
:10A58000C080D8F8009029EA0209C8F8009008F1C4
:10A590000408D8F8009029EA0209C8F80090DFF80A
:10A5A000A08008F10C08D8F8009029EA0209C8F840
:10A5B0000090A8F10408D8F800509543C8F800505E
:10A5C000009ADAF808509543CAF80850D0F800808D
:10A5D0004FEA4309032202FA09F248EA0208C0F8E6
:10A5E0000080DD0800EB8505AA46D5F820804FEAFB
:10A5F00043794FEAD96907FA09F528EA0508CAF844
:10A600002080C5689543C560456800E004E0A54327
:10A6100045608468944384605B1C31FA03F27FF4E4
:10A6200071AFBDE8F88F0000000001400004004851
:10A6300000080048000C00480010004800140048C2
:10A64000000401402DE9F04FDFF82092002301269D
:10A650000324A9F1040B85B00F2709F1040AABF11B
:10A66000040EFAE006FA03F52A407CD091F804C003
:10A670000CF0030CBCF1010F02D0BCF1020F26D18B
:10A68000D0F808C0CDF800C04FEA430C04FA0CF82B
:10A69000CDF810C0DDF800C02CEA080CCDF800C0E1
:10A6A000D1F80C80DDF810C008FA0CF8DDF800C015
:10A6B00048EA0C08C0F80880D0F804C02CEA050C61
:10A6C0000D79C5F300159D4045EA0C0545600D79EF
:10A6D000ED43AD070ED0C5684FEA430804FA08FC05
:10A6E00025EA0C05D1F808C00CFA08FC4CEA050C68
:10A6F000C0F80CC00D7905F00305022D16D1DD0858
:10A7000000EB850CCDF808C0DCF820805D074FEA2F
:10A71000D56C07FA0CF528EA05080D6905FA0CF561
:10A72000DDF808C045EA0805CCF8205005684FEA76
:10A73000430CCDF808C004FA0CFC25EA0C0591F88E
:10A7400004C00CF00308DDF808C008FA0CF848EA69
:10A750000508C0F800804D6815F4403F7CD0444D9A
:10A76000D5F860C000E077E04CF0010CC5F860C09F
:10A770002D6E23F0030C05F0010500953D4D654459
:10A780000295AD684FEA837C4FEA1C7807FA08FC13
:10A7900025EA0C05B0F1904F06D0DFF8DCC060452B
:10A7A00005D14FF0010C20E04FF0000C1DE0DFF868
:10A7B000CCC0604502D14FF0020C16E0DFF8C0C0FB
:10A7C000604502D14FF0030C0FE0DFF8B8C06045E0
:10A7D00002D14FF0040C08E0DFF8ACC0604502D1B4
:10A7E0004FF0050C01E04FF0060C0CFA08FC4CEAA7
:10A7F000050C029DC5F808C0D9F80050CC46D1F828
:10A80000048095435FEAC82800D51543CCF8005072
:10A81000DAF80050D446D1F8048095435FEA8828DE
:10A8200000D51543CCF80050DBF80050DC46D1F8D9
:10A83000048095435FEA883800D51543CCF8005072
:10A84000DEF80050F446D1F8048095435FEAC8383A
:10A8500000D51543CCF800505B1C0A6832FA03F5AA
:10A860007FF400AF05B0BDE8F08F000008040140A0
:10A8700000100240000001400004004800080048A9
:10A88000000C004800100048001400480AB1816123
:10A89000704781627047000001488068704700007F
:10A8A0008800002070477047704700002DE9F04F86
:10A8B0004FF0A0402DED028B83B04FF40071C164C6
:10A8C0004FF44061C0F84C11E848FDF77BFE0322CD
:10A8D000E749E84806F0E6FF9FEDE78AE748B0EE73
:10A8E000480AFCF787FCE548E54FD0ED300A97EDC4
:10A8F000080AA7F5806620EE800A86ED070A90ED2B
:10A900003A0AB8EEC00A20EE800A86ED0A0A90EDF7
:10A91000010ADC4886ED060AB0EE480AFCF778FD2D
:10A92000D848D34CD84D90ED030AD0ED040A603CD2
:10A9300030EE600AD4ED170A30EE200A86ED040AE4
:10A940002868DFF848A3DFF848934FF0010B02288E
:10A9500012D028684FF000089FEDCE8A092836D023
:10A9600028680A2833D029684FF47A7006297CD0E9
:10A97000296807297AD05DE1DAF89002A16B884254
:10A9800002D802F047FF04E002F038FFA06B401C41
:10A99000A063C14809F092FD0500C0480088A0816D
:10A9A0000BD0BD4808F06EFDBD4989F80050A08964
:10A9B00008804FF0904108208862B74803F0EAFA17
:10A9C000B548FCF7F7FF206A401C206232E1296895
:10A9D000B4489FEDB50AD4ED0A0A0088B34FB8EE2B
:10A9E000601A00EE900A0929F8EE601AC1EE210AF9
:10A9F00020EE800A09D0FAF7EBFFB5EEC00AF1EEBF
:10AA000010FA0CDDF7EE000A0BE0FAF7E1FF3888E8
:10AA100000EE900AF8EE600A20EE200A08E0FFEE51
:10AA2000000A388800EE100AB8EE400A20EE800ACC
:10AA3000994886ED330A86ED328AFCF7BBFF9C48C5
:10AA4000A16A96ED330A006800EB810080ED000AF0
:10AA50009848A16A96ED0C0A006800EB810080ED31
:10AA6000000AA06A401CA06201E00EE08DE0B0F593
:10AA7000F97F09D9884808F005FDC5F800808E499E
:10AA800081F8008084F803B0D4E096ED0B0ADFED86
:10AA90008B0A20EE200AD6ED180A9FED891A41F2A2
:10AAA000883200EE810A86ED180AA16A914235D9F2
:10AAB000A1F59852893A43F697239A422FD2D4EDC2
:10AAC000160AB4EEE00AF1EE10FA01DD84ED160A82
:10AAD000D4ED0C0AB4EEE00AF1EE10FA01D284EDE6
:10AAE0000C0AB1FBF0F200FB1210002816D194ED15
:10AAF000150AD4ED160A30EE200A84ED150A94EDFD
:10AB00000B0AD4ED0C0A30EE200A84ED0B0A84ED1A
:10AB1000168A84ED0C8A606B401C606384E044F606
:10AB20002060814230D394ED150AD4ED0B0AB2EEC9
:10AB30000C1A30EE600AF6EE000A20EE200AC0EE93
:10AB4000010A97ED0A1ADFED5F1AB7EE080A08F05E
:10AB5000FFFA87ED0B0A504808F094FCC5F8008016
:10AB6000594981F80080F86A0CF072F805460E46E3
:10AB7000B86A0CF06DF841EC100BCDE9005653ECBF
:10AB8000102B52A009F05CFD4EE0A16AB7EE000A5E
:10AB900081420FD286ED190A86ED1A8AB1F5487FF7
:10ABA00042D996ED0B0AD4ED150A30EE200A84ED59
:10ABB000150A39E0A1F2E93040F2E732904211D2B1
:10ABC000B0EE000A86ED190A86ED1A8AB1F5E16F3A
:10ABD0002AD996ED0B0AD4ED0B0A30EE200A84ED4B
:10ABE0000B0A21E0B1F5FA6F1AD9D4ED0B0A94EDF6
:10ABF000151A062070EEC10A80EE201A9FED370A62
:10AC000021EE000A87ED0A0A84ED158A84ED0B8A8D
:10AC1000C4F8288084ED168A84ED0C8A286003E04D
:10AC200086ED198A86ED1A8AA06A401CA0621A482D
:10AC3000FCF7C0FED4E90801884212DD9AF88402CC
:10AC400000060ED5A07801280BD099F800004D46DB
:10AC5000002806D184F802B00F4808F013FC102039
:10AC6000287003B0BDEC028BBDE8F08F0C0400200F
:10AC7000600000205005002000007A46240F0020CC
:10AC8000F80D0020681100207C030020A431002072
:10AC90008003002000000000F80900208403002049
:10ACA0008C030020BA030020DB0FC940BC03002046
:10ACB000C0030020C4030020B90300209CC4A03EB0
:10ACC000B29D2F3F79594445B80300204C2C252EC6
:10ACD00036662C252E36662C5200000000004743B5
:10ACE0007047704770477047704710B590F8DC2088
:10ACF000012A21D0012280F8DC20022380F8DD30F7
:10AD00004B1C1BD00368D3F8CC4344F00204C3F8B7
:10AD1000CC430368D3F8CC4324F00C040C43C3F8B1
:10AD2000CC430168D1F8CC3343F00103C1F8CC33F4
:10AD300080F8DD20002010BD022010BD0168D1F890
:10AD4000CC3323F00203C1F8CC33EAE770B590F8B6
:10AD5000DD30022B3CD090F8DC30012B38D00125BF
:10AD600000F8DC5F022343701388948803F4E053F7
:10AD7000C4F308041C4313896FF07E4603F4007388
:10AD80002343148A04F480441C43938903F400434E
:10AD90002343948A06EA04441C43936903F0007336
:10ADA0002343146AD26904F080441C4302F0004239
:10ADB000224350F8DC3CB82404EBC1141959054E69
:10ADC000314011431951457000210170084670BD92
:10ADD000022070BD0020003C7047704770477047EC
:10ADE000704770477047FF2903D0062903D002F04F
:10ADF00031BF02F0ABBD02F046BE000038B5040022
:10AE000056D0022084F8DD000025C4F8E050C4F8D4
:10AE1000E450C4F8E850C4F8EC50C4F8F050C4F85A
:10AE2000F450C4F8F850207AC0071BD0214920689C
:10AE3000884208D12048016E41F080610166006EB1
:10AE400000F0806000902168086820F44042208A69
:10AE500000F44040104320F44052A08A00F44050D7
:10AE600010430860204600F029F8207A800708D5B2
:10AE70002168086820F44072A08900F440701043F3
:10AE80000860012084F8DD0084F8DC505FF00001E8
:10AE9000C1EBC10004EB8000491C8561C5610562FE
:10AEA00045628562C9B205630629F1D9002038BD23
:10AEB000012038BD006801400010024008B500685C
:10AEC0000B49884212D10B48016E41F08061016646
:10AED000006E002200F0806000900121432000F00D
:10AEE00033FBBDE80840432000F021BB08BD000053
:10AEF00000680140001002402DE9F04186B0044690
:10AF000014216846F9F7B1FB1E492068884235D103
:10AF10001D48C16C41F00401C164C16C01F0040121
:10AF20000591C16C41F00101C164C06C022500F0C3
:10AF300001000590C02000900024CDE901540D26A9
:10AF4000DFF84880CDE9034669464046FFF77AFBC3
:10AF50004FF440770097CDE901540320CDE9034039
:10AF600069464046FFF76EFB0097CDE90154CDE9F5
:10AF7000034669464FF09040FFF764FB06B0BDE81A
:10AF8000F081000000680140001002400008004805
:10AF9000704770477047704770B50D460446FFF71D
:10AFA0007BFC064607E0681C05D0FFF775FC801B9C
:10AFB000A8420DD865B12068D0F88803C043C0030B
:10AFC000F1D4012084F8DD00002084F8DC0070BD9D
:10AFD000072084F8DD00032070BD7047704770B50E
:10AFE00090F8DD30022B1DD090F8DC30012B19D009
:10AFF000012380F8DC30022480F8DD40EC25046871
:10B0000005EBC1156159CE0605D54FF6C076B143A3
:10B0100032400A43625180F8DD30002180F8DC10B4
:10B02000084670BD022070BD7047704770B590F83B
:10B03000DD30022B23D0022380F8DD30062920D01A
:10B040008023046803EBC115635923F00706936856
:10B05000334323F01806D3683343635194250468BF
:10B0600005EBC115136863519824036804EBC11103
:10B0700052685A50012180F8DD10002070BD022076
:10B0800070BD0368196821F007049168214321F01D
:10B090001804D16821431960036811685961516827
:10B0A00002689161E6E72DE9F04F90F8DD40022C4F
:10B0B00025D090F8DC40012C21D04FF0010980F818
:10B0C000DC90022480F8DD4000274FF0070C0629B1
:10B0D00018D09C2404EBC116012A39D08024A8255D
:10B0E0004FF4005A4FF4405B05EBC11504EBC1145B
:10B0F000022A2FD0042A45D0082A0BD144E002208E
:10B10000BDE8F08F012A0AD0022A0CD0042A0ED002
:10B11000082A10D080F8DDC080F8DC700EE00268EC
:10B120001968D1610AE002681968516206E0026894
:10B130001968916202E002681968D16290F8DD1026
:10B14000072948D080F8DD9080F8DC700020D7E730
:10B15000196835E04FF0A408D0F800C008EBC11121
:10B160001A684CF801205968002901680A5922F42C
:10B1700040522ED00A5101680A59D3F804C042EA5D
:10B180000C0218E0196821E04FF0AC08D0F800C0BC
:10B1900008EBC1111A684CF80120596800290168B0
:10B1A0000A5922F4404214D00A5101680A59D3F8CE
:10B1B00004C042EA8C020A515968514503D199688A
:10B1C00002689151BAE75945B8D19968026851515E
:10B1D000B4E70A51B2E7012092E710B590F8DC20FD
:10B1E000012A0ED0012200F8DC2F0223437050F810
:10B1F000DC3C1C680C431C60427000210170084656
:10B2000010BD022010BD0000F0B590F8DC20012A2E
:10B2100038D0012480F8DC40022280F8DD2002686A
:10B22000D2F8903345682B43C2F89033CA0305D552
:10B230000268D368D0F8C8502B43D3600022DFF8EF
:10B2400048C08C255CF822300B420CD0066805EB18
:10B25000C213F758C2EBC20E00EB8E0EDEF820E0F0
:10B2600047EA0E07F750521CD2B2062AEAD3026808
:10B2700013680B43136080F8DD40002180F8DC1078
:10B280000846F0BD0220F0BDB400002010B590F8D3
:10B29000DC20012A0ED0012200F8DC2F02234370AB
:10B2A00050F8DC3C1C688C431C604270002101702B
:10B2B000084610BD022010BD70B5044690F8DD00B0
:10B2C000022811D094F8DC0001280ED0012584F862
:10B2D000DC50022084F8DD00204602F04CFC84F8AB
:10B2E000DD50002084F8DC0070BD022070BD10B578
:10B2F00090F8DC20012A10D0012200F8DC2F022374
:10B30000437050F8DC3CD3F894430C43C3F89443A7
:10B31000427000210170084610BD022010BD10B51A
:10B3200090F8DC20012A10D0012200F8DC2F022343
:10B33000437050F8DC3CD3F898430C43C3F898436F
:10B34000427000210170084610BD022010BD2DE999
:10B35000F041044690F8DD0015460E46022826D03E
:10B3600094F8DC00012821D0012784F8DC70022049
:10B3700084F8DD00062E1CD0204602F01FFDC6EB2F
:10B38000C60004EB80002968016269684162A9680F
:10B390008162E968C162296901633146204602F091
:10B3A000A1FA062E15D0E86A40B112E00220BDE8ED
:10B3B000F0811146204602F01DFBE0E78021206865
:10B3C00001EBC6114258EB6D22F4007242EA4322AF
:10B3D000425084F8DD70002084F8DC00E7E72DE9B6
:10B3E000F041044690F8DD00022824D094F8DC00F7
:10B3F00001281FD0012584F8DC50022084F8DD00EC
:10B40000EC20266800EBC113F058176820F01000FC
:10B4100040EA071020F480175068384320F4803742
:10B42000D068384320F40037906838439769012F7B
:10B4300003D00CE00220BDE8F08120F00407106981
:10B44000384320F002075069384340F00100F050C3
:10B45000204602F047FA84F8DD50002084F8DC0032
:10B46000E9E7000002488168426811448160704742
:10B470008800002010B50024032000F085F80F207C
:10B4800000F008F808B1012401E000F027F8204698
:10B4900010BD000070B50E4E05460024706898B1CE
:10B4A0004FF47A71B1FBF0F00A490968B1FBF0F092
:10B4B00001F018FB40B9102D06D200222946501E7B
:10B4C00000F042F8356000E00124204670BD000025
:10B4D00088000020D0000020704700000A4882B099
:10B4E000016E41F001010166016E01F00101009160
:10B4F000816D41F080518165806D00F08050009039
:10B5000002B000F0F9BD00000010024000280DDB81
:10B5100000F01F02012191404009800000F1E0206D
:10B52000C0F88011BFF34F8FBFF36F8F70470028B3
:10B5300009DB00F01F02012191404009800000F169
:10B54000E020C0F800117047F0B40E4B1B680C46A9
:10B55000C3F30223C3F10705042D00D90425191DE7
:10B56000072901D2002300E0DB1E012606FA05F1BF
:10B57000491E214099409E40761E16403143F0BC42
:10B5800006F0D3BA0CED00E0064900F007020868A7
:10B590004FF6FF03184040EA0220034A10430860B8
:10B5A000704700000CED00E00000FA050122016880
:10B5B000C0F8D022002280F8C82231F8540F40F0A1
:10B5C00001000880088840F002000880104670479B
:10B5D00070B50F4D044669B101290AD1D4F8D802DB
:10B5E00005F0AAFA607A002803D0286840F0060027
:10B5F000286070BD607A28B103F0ECFE286820F066
:10B6000006002860D4F8D802BDE8704005F023BADF
:10B6100010ED00E010B50C0607D501F0070101EBB5
:10B62000810100EBC100103005E001EB810100EB6E
:10B63000C10000F5A87099B232B1012202730181F4
:10B64000190C4181002010BD00220273C180F9E76E
:10B6500001EB810200EBC202D0F8D802526A05F079
:10B66000D0B801EB810200EBC202D0F8D802D2F8C8
:10B67000642105F01AB910B5040006D0032084F83F
:10B680009102206806F0F1F808B1012010BD2046B3
:10B6900000F00CFC002084F8910210BD70B5044647
:10B6A0000B0601F0070000EB800104EBC1014FF035
:10B6B00001024FF0000502D54A74103103E081F811
:10B6C000515101F5A871087094F89002012808D032
:10B6D00084F89022206805F0EEFD84F89052002056
:10B6E00070BD022070BD70B5044601F00F002279D4
:10B6F000904201D9012070BD0B0601F0070000EB5C
:10B70000800104EBC1014FF001024FF0000502D5AA
:10B710004A74103103E081F8515101F5A8718D7020
:10B72000087094F89002012808D084F890222068CC
:10B7300005F067FE84F89052002070BD022070BDB5
:10B740002DE9F04704685FEA42480B788D69B4F848
:10B7500050804FF0000C4BF68F7748F2800648F689
:10B760008F7948F2C00A444428D540F2024808EBD9
:10B77000C30834F80840C4F30904A54203D32D1BC1
:10B780008D6102D00BE0C1F818C0D0F800C03CF8C1
:10B7900023503D4085F4005535432CF82350520684
:10B7A00009D50B78056835F8232002EA090242EA38
:10B7B0000A0225F8232074B30A8927E040F20648DC
:10B7C00008EBC30834F80840C4F30904A54203D3C6
:10B7D0002D1B8D6102D00BE0C1F818C0D0F800C05D
:10B7E0003CF823503D4085F4005535432CF8235058
:10B7F000520609D40D78036833F8252002EA0902BD
:10B8000042EA0A0223F825202CB14A8949690068D6
:10B81000234606F010F82046BDE8F0872DE9F05FDA
:10B82000054600680C465FEA42681646D1F818C023
:10B830002278B0F8508048F6BF7A48F2800B48F67C
:10B840008F774CF280094FF6FF734FF4004E4FF0A4
:10B85000000140447DD540F2024808EBC20830F8B0
:10B860000800C0F30900844514D9BCEB000CC4F8EF
:10B8700018C010D0760408D5D5F800C03CF8226076
:10B880003E4046EA09062CF8226094F82420012A5A
:10B8900060D076E1A161607810B1012813D01AE080
:10B8A0002868B0F85030184400EBC200B0F8022409
:10B8B000C2F30902A0F80224B0F8022442F40042C4
:10B8C000A0F8022407E02868B0F85030184400EBD4
:10B8D000C200A0F802146278286812B1012A11D0BF
:10B8E00018E0B0F850100844217800EBC100B0F81F
:10B8F0000614C1F30901A0F80614B0F8061441F4C7
:10B90000004105E0B0F850201044227800EBC2005E
:10B91000A0F80614E07802280BD12278296831F8C3
:10B92000220000EA0A0080F0200040EA0B0021F823
:10B93000220021782846FFF78BFE700408D5217875
:10B940002A6832F82100384040EA090022F8210034
:10B95000C3E04DE0626902446261E2690244E2616F
:10B960002669226AB24202D33046111A03E084F8F3
:10B9700024100AB110462162617811B101292BD03F
:10B9800033E02968B1F850201144227801EBC2015C
:10B99000B1F80224C2F30902A1F8022401F2024123
:10B9A00058B13E280ED84208C60700D0521C0E8857
:10B9B00003EA822216430E8017E00A8842F400420E
:10B9C0000A8012E04209C30600D1521E0B884EEADB
:10B9D000822213430B8008E02968B1F850201144FB
:10B9E000227801EBC201A1F8020483B22289C4E0EB
:10B9F00040F2064808EBC20830F80800C0F309001E
:10BA0000844514D3BCEB000CC4F818C010D07604E5
:10BA100008D4D5F800C03CF822603E4046EA09064A
:10BA20002CF8226094F82420012A59D0A9E0A161C1
:10BA3000607810B1012813D01AE02868B0F85030AF
:10BA4000184400EBC200B0F80224C2F30902A0F8C7
:10BA50000224B0F8022442F40042A0F8022407E0D5
:10BA60002868B0F85030184400EBC200A0F8021467
:10BA70006278286812B1012A11D018E0B0F850108D
:10BA80000844217800EBC100B0F80614C1F30901A5
:10BA9000A0F80614B0F8061441F4004105E0B0F82F
:10BAA00050201044227800EBC200A0F80614E07881
:10BAB00002280BD121782A6832F8210000EA0A0016
:10BAC00080F0200040EA0B0022F82100217828466F
:10BAD000FFF7BEFD70047FF532AF0020BDE8F09F98
:10BAE000626902446261E2690244E2612669226A93
:10BAF000B24203D33046111A216204E00AB1104663
:10BB0000216284F824106278296812B1012A2AD0AF
:10BB100031E0B1F850201144227801EBC201B1F8B4
:10BB20000624C2F30902A1F8062401F2064158B125
:10BB30003E280ED84208C60700D0521C0E8803EAE1
:10BB4000822216430E8016E00A8842F400420A80E0
:10BB500011E04209C30600D1521E0B884EEA822230
:10BB600013430B8007E0B1F850201144227801EB19
:10BB7000C201A1F80604628983B26169286805F0F0
:10BB80007DFE2278296831F8220000EA0A0080F060
:10BB9000300040EA0B0021F822009EE701F0070187
:10BBA00001EB810100EBC100D0F86C0170472DE979
:10BBB000F04104460F0601F0070000EB800104EBA2
:10BBC000C1014FF001064FF0000502D54E7410314F
:10BBD00003E081F8515101F5A871022B0870C2F3FE
:10BBE0000A000861CB7000D10D7194F89002012811
:10BBF00009D084F89062206805F0A8F9284684F8F6
:10BC00009052BDE8F0810220FBE710B501F0070477
:10BC100004EB840100EBC101C1E959230022C1F802
:10BC20006C2181F8512181F85041006801F5A8711B
:10BC300005F038FC002010BD70B5044601F0070087
:10BC40002279904201D9012070BD0B064FF000050A
:10BC50004FF0010206D500EB800104EBC1014A74EC
:10BC6000103107E001EB810104EBC10181F8515172
:10BC700001F5A8718A70087094F89002012808D024
:10BC800084F89022206805F0F4FB84F8905200209C
:10BC900070BD022070BD10B501F0070404EB8401F3
:10BCA00000EBC101C1E90923012281F834200B63B3
:10BCB0000023CB624A7401F8104F006805F0F2FBD4
:10BCC000002010BD10B50446006805F0B1FD010468
:10BCD00004D52046BDE8104003F0A0B841050ED5BC
:10BCE000206830F8441F21F480610180204600F074
:10BCF00023F92046BDE81040002100F049B9410475
:10BD000005D5206830F8441F21F480417DE081048E
:10BD100005D5206830F8441F21F4005175E0C104B6
:10BD20001FD5206830F8401F21F0040101802068F1
:10BD300030F8401F21F00801018094F8C802012862
:10BD400006D1002084F8C80201462046FFF740FCD7
:10BD5000204600F005F9206830F8441F21F4805196
:10BD600053E0010512D5206830F8401F41F008016A
:10BD70000180206830F8441F21F4006101802068B0
:10BD800030F8401F41F0040101800AE0010629D586
:10BD9000206830F8441F21F08001018094F8C80227
:10BDA00018B1204600F038F910BD206830F8401F67
:10BDB00041F004010180206830F8401F41F0080183
:10BDC0000180012084F8C8022068B0F854003C21AA
:10BDD00001EA9000C4F8CC022046BDE810400121E1
:10BDE000FFF7F6BB810509D5206830F8441F21F420
:10BDF00000710180204600F0C7F810BDC005FCD5D9
:10BE0000206830F8441F21F48071018010BD0000CB
:10BE100070B5040004D094F89102002510B106E03A
:10BE2000012070BD84F89052204600F051F80320A4
:10BE300084F89102206805F0DCFA002001260BE06E
:10BE400000EB800104EBC1014E740874CD740D62E7
:10BE50004D62401CC0B28D6221798142F0D8002031
:10BE600012E000BF00EB800104EBC10181F85151E9
:10BE700081F8500181F85351C1F86051C1F8645103
:10BE8000401CC0B2C1F8685121798142EAD894E8D7
:10BE9000070005F0A5FA257384F89162A07A0128BD
:10BEA00002D12046FFF782FB002070BD00680649E2
:10BEB000884207D10548816D21F400018165142075
:10BEC000FFF724BB70470000005C004000100240F8
:10BED00010B596B0044654216846F8F7C6FB1449DD
:10BEE0002068884222D14014009000200F906846BC
:10BEF00000F00AF908B1FBF767FB0E48816D41F4C9
:10BF000000018165806D002200F400001590012180
:10BF10001320FFF719FB1320FFF709FB0022012173
:10BF20001420FFF711FB1420FFF701FB16B010BD22
:10BF3000005C00400010024070B5044640790125C5
:10BF4000022801D0FBF740FB2946D4F8D80204F0C0
:10BF50009CFDD4F8D802BDE8704004F04FBD00004D
:10BF600010B50446407A30B10648016821F0060158
:10BF7000016003F02FFAD4F8D802BDE8104004F0B5
:10BF80006ABD000010ED00E0D0F8D80204F06DBDED
:10BF900010B5044690F8900201280AD0012084F8D8
:10BFA00090022173206805F05AFC002084F890026A
:10BFB00010BD022010BDD0F8D82200F52671104621
:10BFC00004F06FBD10B5044690F8900201280CD023
:10BFD000012084F89002206805F01BFC206805F021
:10BFE000F1F9002084F8900210BD022010BD10B5B8
:10BFF000044690F8900201280CD0012084F89002A9
:10C00000206805F0F6F9206805F0E3F9002084F8CF
:10C01000900210BD022010BD10B50446D0F8D80221
:10C0200004F08AFD607A002804D00348016841F0DA
:10C030000601016010BD000010ED00E02B492C4B03
:10C040000A6832214A432B4940B1B0F5007F0868A5
:10C0500029D020F4C06040F480602CE00868C0F370
:10C060004120022804D051F8800F20F4807022E093
:10C07000D1F8800020F48070C1F88000086820F4B6
:10C08000C06040F400700860B2FBF3F0401C00E0B8
:10C09000401E4A69520501D50028F9D1486940057A
:10C0A0000AD503207047C0F34120022806D051F87A
:10C0B000800F40F48070086000207047D1F8800045
:10C0C00040F48070C1F88000086820F4C06040F43B
:10C0D00000700860B2FBF3F0401C00E0401E4A69AB
:10C0E0005205DBD50028F9D1D8E70000D0000020A8
:10C0F00040420F00007000400248816841F48041D6
:10C1000081607047007000402DE9F84304460068E4
:10C110000026BB4D00035ED5A86D0027C00008D4E3
:10C12000A86D40F08050A865A86D012700F08050F0
:10C130000090DFF8D092D9F8001041F48071C9F86E
:10C140000010FEF7A9FB804606E000BFFEF7A4FB47
:10C15000A0EB080002282BD8D9F80000C005F5D5BF
:10C16000D5F8900010F4407014D0216D814211D0A8
:10C17000D5F89000D5F8901020F4407041F480314B
:10C18000C5F89010D5F8901021F48031C5F89010C2
:10C19000C5F89000C00711D0FEF77EFB804641F243
:10C1A000883907E0FEF778FBA0EB0801494501D983
:10C1B00003260BE0D5F890008007F3D5D5F8900062
:10C1C000216D20F440700843C5F890001FB1A86DA0
:10C1D00020F08050A8652078C00707D0D5F88800E7
:10C1E000616820F003000843C5F8880020788007C4
:10C1F00007D5D5F88800A16820F00C000843C5F8E1
:10C2000088002078400707D5D5F88800E16820F03D
:10C2100030000843C5F888002078000707D5D5F816
:10C220008800216920F0C0000843C5F88800207804
:10C23000C00607D5D5F88800616920F4407008432E
:10C24000C5F888002078800607D5D5F88800A16950
:10C2500020F440600843C5F888002078400607D5E0
:10C26000D5F88800E16920F440500843C5F88800FB
:10C270002078000607D5D5F88800216A20F44040D0
:10C280000843C5F888002088C00507D5D5F8880080
:10C29000616A20F440300843C5F8880020688003B4
:10C2A00007D5D5F89C00A16A20F003000843C5F823
:10C2B0009C002088800507D5D5F88800E16A20F425
:10C2C00040200843C5F88800208840050FD5D5F8E0
:10C2D0008800216B20F440100843C5F88800206BCB
:10C2E000B0F5801F03D1E86840F48010E860208832
:10C2F00000050FD5D5F88800616B20F44000084395
:10C30000C5F88800606BB0F5800F03D1E86840F491
:10C310008010E8602088C0040FD5D5F88800A16B94
:10C3200020F040700843C5F88800A06BB0F1807F12
:10C3300003D1E86840F48010E86020884FF0006185
:10C3400080040ED5D5F88800E26B20F040601043E1
:10C35000C5F88800E06B884203D1E86840F480109B
:10C36000E860208840040ED5D5F88800226C20F0C3
:10C3700040601043C5F88800206C884203D1E8680B
:10C3800040F48010E860208800040FD5D5F88800BC
:10C39000616C20F040500843C5F88800606CB0F133
:10C3A000805F03D1E86840F48030E8602068C00313
:10C3B0000FD5D5F88800A16C20F040400843C5F89F
:10C3C0008800A06CB0F1804F03D1E86840F4803061
:10C3D000E860206840030FD5D5F89C00E16C20F49C
:10C3E00040100843C5F89C00E06CB0F5001F03D175
:10C3F000E86840F48010E8603046BDE8F88300004B
:10C4000000100240007000402DE9F0470E46050084
:10C410004FF0000725D0DFF8AC81D8F8000000F01D
:10C420000F00B0420CD2D8F8001021F00F013143B8
:10C43000C8F80010D8F8000000F00F00B04210D18A
:10C440002968614CC80741F2883A5AD06868DFF819
:10C450007C91032808D0022820682DD040050028B0
:10C460002CDB0120BDE8F08720688001F9D5E06869
:10C4700000F00302E068C0F30310401C032A19D047
:10C48000534A00BFB2FBF0F0E268C2F30622504309
:10C49000E268C2F34162521C5200B0FBF2F0484520
:10C4A00017D9A06810F0F00F0CD0880711D5A86834
:10C4B00040B10EE0474AE5E78003D0E700F0B6F868
:10C4C000484506D9A06820F0F00040F08000A06048
:10C4D0008027A068696820F003000843A060FEF789
:10C4E000DBF9814606E000BFFEF7D6F9A0EB0901B3
:10C4F00051453AD8A068696800F00C00B0EB810F94
:10C50000F2D12868810714D5400703D5A06840F40C
:10C51000E060A0602878000705D5A06820F460508E
:10C5200040F4E060A060A068A96820F0F000084333
:10C5300004E0802F03D1A06820F0F000A060D8F8BC
:10C540000010404601F00F01B14216D9016821F0F8
:10C550000F0131430160FEF79FF9074607E000BF76
:10C56000FEF79AF9C11B514501D903207AE7D8F8A3
:10C57000000000F00F00B042F2D12878400705D546
:10C58000A068E96820F4E0600843A060287800070C
:10C5900006D5A068296920F4605040EAC100A06077
:10C5A00000F044F8A1680C4AC1F30311515C01F09A
:10C5B0001F01C8400949086009480068BDE8F04704
:10C5C000FEF768BF002002400010024000B4C4041F
:10C5D0000024F40040787D017A6E0108D00000202C
:10C5E000880000200548064900688968054AC1F3AB
:10C5F0000221515C01F01F01C8407047D0000020AB
:10C60000001002408A6E01080548064900688968E2
:10C61000054AC1F3C221515C01F01F01C8407047B7
:10C62000D0000020001002408A6E0108184910B5A1
:10C630008868C0F381021748012A0BD08A68164B1C
:10C64000C2F38102022A06D08A68C2F38102032A59
:10C6500003D0002010BD184610BDCA6802F00304C4
:10C66000CA68C2F30312521C032C02D0B0FBF2F0D2
:10C6700001E0B3FBF2F0CA68C968C2F30622504376
:10C68000C1F34161491C4900B0FBF1F010BD00004D
:10C69000001002400024F40040787D012DE9F843A9
:10C6A00004007AD02078F84DC00747D0A868E96820
:10C6B00000F00C0001F003010C2802D0082817D06C
:10C6C00001E0032914D06068B0F5803F17D0B0F5C1
:10C6D000A02F286817D020F480302860286820F424
:10C6E000802028606068E0B1FEF7D6F8064614E0C6
:10C6F0002868800322D560680028D2D01EE0286810
:10C7000040F48030EDE740F480202860F7E700BF78
:10C71000FEF7C2F8801B642870D828688003F7D51C
:10C720000CE0FEF7B9F8064605E000BFFEF7B4F8E6
:10C73000801B6428F0D828688003F7D4207880070D
:10C740004CD5A868E96800F00C0001F003010C2842
:10C7500002D004280DD001E002290AD0E0680028A8
:10C7600028682BD040F480702860FEF795F80646C4
:10C7700019E02868400502D5E068002891D0686873
:10C78000217C20F0FE4040EA01606860BF480068FC
:10C79000FEF780FE002800D120E072E1FEF77CF871
:10C7A000801B0228B8D828684005F7D56868217C26
:10C7B00020F0FE4040EA016068600FE020F48070E5
:10C7C0002860FEF769F8064605E000BFFEF764F84A
:10C7D000801B0228A0D828684005F7D420780007DD
:10C7E00029D560690028D5F8940013D040F00100E5
:10C7F000C5F89400FEF750F8064606E090E000BF4A
:10C80000FEF74AF8801B022886D8D5F894008007E6
:10C81000F6D510E020F00100C5F89400FEF73CF8D2
:10C82000064604E0FEF738F8801B022878D8D5F8D1
:10C8300094008007F6D42078400761D5A86D0026C3
:10C84000C00008D4A86D40F08050A865A86D0126EE
:10C8500000F0805000908E480168C90511D401682D
:10C86000804641F480710160FEF716F8074604E047
:10C87000FEF712F8C01B022852D8D8F80000C005F5
:10C88000F6D5A068012815D00528D5F8900016D057
:10C8900020F00100C5F89000D5F8900020F00400C9
:10C8A000C5F89000A06841F28838B8B1FDF7F4FFF0
:10C8B00007460EE0D5F8900040F00100F0E740F0A8
:10C8C0000400C5F89000F5E7FDF7E6FFC11B414500
:10C8D00026D8D5F890008007F6D50CE0FDF7DCFFF0
:10C8E000074604E0FDF7D8FFC11B414518D8D5F82D
:10C8F00090008007F6D41EB1A86D20F08050A86586
:10C900002078800629D5A0690028D5F8980013D092
:10C9100040F00100C5F89800FDF7BEFF064606E0AE
:10C9200075E000BFFDF7B8FF801B02286FD8D5F86F
:10C9300098008007F6D510E020F00100C5F89800B7
:10C94000FDF7AAFF064604E0FDF7A6FF801B0228BC
:10C950005DD8D5F898008007F6D4E069F0B3A968EF
:10C96000C1F3810103295DD00228286820F080707E
:10C97000286003D0FDF790FF04464BE0FDF78CFFE5
:10C98000064604E0FDF788FF801B02283FD8286890
:10C990008001F7D4F4E908016FF00F0202EB0111F6
:10C9A0000843218A5204490802EB4151A26841EA36
:10C9B00002210843217D4FF07E42490802EB41618C
:10C9C0000843217B40EAC160E968324A11400843CC
:10C9D000E860286840F08070286000E05EE0E86869
:10C9E00040F08070E860FDF757FF044605E000BFA7
:10C9F000FDF752FF001B022809D828688001F7D5EF
:10CA00004CE000BFFDF748FF001B022802D90320BD
:10CA1000BDE8F88328688001F4D4E8681E4908401E
:10CA2000E8603BE00128F3D0E868226A00F00301E7
:10CA3000914226D1616A00F0F00209011039914259
:10CA40001FD1A26A00F4FE41B1EB022F19D194F874
:10CA50002C2000F07841B1EBC26F12D1218E00F48E
:10CA6000C00249084905A1F50011914209D194F885
:10CA7000341000F0C06049084906A1F100718142FC
:10CA80000CD00120C4E70000001002408800002004
:10CA9000007000400C809F01FCFFEEFE0020B7E715
:10CAA0000C4A01680C48914207D1016E21F4805173
:10CAB0000166E0214FF0904009E0084A914208D118
:10CAC000816D21F4004181654FF4E0510448FDF788
:10CAD00011BD70470030014000100240003C004092
:10CAE0000008004810B5401EB0F1807F01D301203E
:10CAF00010BD4FF0E02460610F21601705F015F8BC
:10CB00000020A06107202061002010BD7047704701
:10CB10007047704770477047F0B590F83C20012A85
:10CB200043D0012580F83C50022280F83D20036864
:10CB30005A689C681E4E1F4FDFF87CC0B34203D07A
:10CB4000BB4201D0634504D122F4700E4A6842EA28
:10CB50000E02DFF868E002EA0E02D1F800E04EEAC9
:10CB6000020EC3F804E00268B24212D0B2F1804F64
:10CB70000FD0134B9A420CD0124B9A4209D0124B51
:10CB80009A4206D0BA4204D0104B9A4201D0624574
:10CB900004D1896824F080031943916080F83D50E6
:10CBA000002180F83C100846F0BD0220F0BD0000D6
:10CBB000002C014000340140005001408FFFFFFD78
:10CBC0000004004000080040000C0040004001400C
:10CBD000704770472DE9F04104460068C668056952
:10CBE0004FF00007A90713D5B10711D5F91E016150
:10CBF00001202077206880698007204602D0FFF757
:10CC0000E8FF04E000F0F6F8204600F0E7F92777A7
:10CC1000680716D5700714D521686FF00400086105
:10CC2000022020772068806910F4407F204602D0DF
:10CC3000FFF7CFFF04E000F0DDF8204600F0CEF96A
:10CC40002777280715D5300713D521686FF008001E
:10CC50000861042020772068C0698007204602D040
:10CC6000FFF7B7FF04E000F0C5F8204600F0B6F982
:10CC70002777E80616D5F00614D521686FF0100066
:10CC80000861082020772068C06910F4407F2046A2
:10CC900002D0FFF79EFF04E000F0ACF8204600F061
:10CCA0009DF92777E80708D0F00706D021686FF0D4
:10CCB00001000861204600F01DFA280601D4A804EE
:10CCC00008D5300606D521686FF402500861204669
:10CCD000FFF71DFFE80508D5300606D521686FF47B
:10CCE000807008612046FFF711FF680608D57006BE
:10CCF00006D521686FF040000861204600F0FBF97E
:10CD0000A80608D5B00606D521686FF02000086196
:10CD10002046FFF7FDFEE80208D5F00206D521689F
:10CD20006FF4801008612046FFF7F4FEA80208D5D2
:10CD3000B00206D521686FF4001008612046FFF7A5
:10CD4000E8FE680208D5700206D521686FF48000FD
:10CD500008612046FFF7DFFE28020AD5300208D519
:10CD600021686FF4000008612046BDE8F041FFF73C
:10CD70002FBFBDE8F081000010B586B00446142135
:10CD80006846F7F772FC2368002217480221B3F1C6
:10CD9000804F15D0154CA34210D1C36C43F0020351
:10CDA000C364C06C00F00200059010208DE80700FD
:10CDB000CDE9032169460E48FDF744FC06B010BDDD
:10CDC000C36C43F00103C364C06C00F00100059024
:10CDD0004FF400408DE807000120CDE903206946AB
:10CDE0004FF09040E8E700000010024000040040CF
:10CDF00000040048704770B5044690F83C000026D7
:10CE00000D4601280BD0012084F83C000C2A4AD0A2
:10CE100007DC82B1042A20D0082A06D131E00220A2
:10CE200070BD102A53D0142A63D00126002084F844
:10CE30003C00304670BD206802F050FC20688169DB
:10CE400041F0080181612068816921F0040181615C
:10CE5000206881692A69114311E0206802F094FC7E
:10CE60002068816941F4006181612068816921F451
:10CE700080618161206881692A6941EA02218161BA
:10CE8000D4E7206802F0D0FC2068C16941F00801B5
:10CE9000C1612068C16921F00401C1612068C169D4
:10CEA0002A69114311E0206802F00EFD2068C16973
:10CEB00041F40061C1612068C16921F48061C161F0
:10CEC0002068C1692A6941EA0221C161AEE7206890
:10CED00002F04AFD2068016D41F0080101652068FB
:10CEE000016D21F0040101652068016D2A6911437B
:10CEF00011E0206802F074FD2068016D41F40061CA
:10CF000001652068016D21F4806101652068016D73
:10CF10002A6941EA0221016588E710B5040003D0BF
:10CF200094F83D0010B107E0012010BD002084F806
:10CF30003C00204600F022F8022084F83D00211D2C
:10CF4000206802F04BFB012084F8480084F83E0082
:10CF500084F83F0084F8400084F8410084F84200DF
:10CF600084F8430084F8440084F8450084F84600BF
:10CF700084F8470084F83D00002010BD08B5016822
:10CF80001448B1F1804F14D0134A914220D1816DE1
:10CF900041F002018165806D002200F002000090E6
:10CFA00011461D20FEF7D0FA1D20BDE80840FEF70F
:10CFB000BEBA816D41F001018165806D002200F0F3
:10CFC0000100009011461C20FEF7BEFA1C20ECE781
:10CFD00008BD00000010024000040040704700003F
:10CFE00070B50446022269B1042912D0082917D06D
:10CFF0000C291CD0102921D094F84300012824D0FA
:10D00000012070BD94F83E000128F9D184F83E203B
:10D010001DE094F83F000128F2D184F83F2016E08B
:10D0200094F840000128EBD184F840200FE094F8F8
:10D0300041000128E4D184F8412008E094F842003E
:10D040000128DDD184F8422001E084F84320012248
:10D05000206802F035FB1D4920681D4A1D4B1E4DFE
:10D0600088420BD0904209D0984207D01B4EB04264
:10D0700004D01B4EB04201D0A84203D1466C46F406
:10D08000004646642068884211D0B0F1804F0ED02F
:10D09000144988420BD01449884208D01349884269
:10D0A00005D0904203D0984201D0A84207D18168B0
:10D0B0000F4A1140062906D0B1F5803F03D0016820
:10D0C00041F001010160002070BD0000002C014012
:10D0D0000034014000400140005001400044014044
:10D0E000004801400004004000080040000C0040DF
:10D0F000070001007047704790F88410012918D08C
:10D10000012180F884102421C0F8881001680A6881
:10D110000B6823F001030B6022F0005100224266ED
:10D12000036819602021C0F8881080F88420104618
:10D130007047022070477047704770B5044690F8FA
:10D14000840001281DD0012084F884002420C4F824
:10D15000880020680568026822F0010202602068E9
:10D16000826822F060620A438260204602F076FC08
:10D17000206805602020C4F88800002084F884001E
:10D1800070BD022070BD70B5044690F8840001287F
:10D190001DD0012084F884002420C4F88800206871
:10D1A0000568026822F0010202602068826822F0AD
:10D1B00060420A438260204602F050FC206805600D
:10D1C0002020C4F88800002084F8840070BD02206C
:10D1D00070BD7047704770B50446D0F88800D4F829
:10D1E0008C60216889684FF01005090618D5212840
:10D1F00016D12068083050E8001F21F0800140E877
:10D200000012002AF5D1E06F38B1FCF79BF920B18C
:10D21000E06FFCF708FA202823D0204602F0A8FD92
:10D220002068806840061AD5222E18D12068083060
:10D2300050E8001F21F0400140E80012002AF5D11B
:10D24000D4F8800040B1FCF77DF928B1D4F8800013
:10D25000FCF7E9F9202804D0204602F05FFD002009
:10D2600070BDC4F89050032070BD70472DE9F041A7
:10D2700003680446D86919689A6840F60F05284281
:10D280004FF000054FF002060AD187067ED501F067
:10D29000200702F0805C57EA0C0777D0616F42E10B
:10D2A000B64FDFF8DCC2174001EA0C0C57EA0C0C51
:10D2B0006CD05FEAC07C0CD05FEAC15C09D54FF04E
:10D2C000010CC3F820C0D4F8903043F00103C4F837
:10D2D0009030830709D5D30707D023681E62D4F89E
:10D2E000903043F00403C4F8903043070AD5D307C5
:10D2F00008D0266804233362D4F8903043F0020348
:10D30000C4F8903003070CD501F020033B4308D04C
:10D31000266808233362D4F8903043F00803C4F839
:10D32000903003050BD54B0109D526684FF40063F7
:10D330003362D4F8903043F02003C4F89030D4F82E
:10D340009030002B3DD0800609D501F0200002F07E
:10D350008051084303D0616F09B120468847D4F853
:10D36000900021688968490602D410F0280F2AD05D
:10D37000204602F0D3FC2068806840061ED5206855
:10D38000083050E8001F21F0400100E021E040E8B3
:10D390000012002AF3D1D4F8800078B17949816372
:10D3A000D4F88000FCF703F900280AD0D4F88000F4
:10D3B000816B00E02046BDE8F04108472046FFF7BA
:10D3C00054FFBDE8F0812046FFF74FFFC4F89050AE
:10D3D000F7E7D4F86CC02027BCF1010F7ED15FEADB
:10D3E000C06C7BD55FEAC16C78D5102018622068CC
:10D3F0008068400651D5D4F880100A68506800044F
:10D40000000C3ED0B4F85C3083423AD9A4F85E00F8
:10D410000868006880062CD4216851E8000F20F4C9
:10D42000807041E80002002AF6D12068083050E8F8
:10D43000001F21F0010140E80012002AF5D1206808
:10D44000083050E8001F21F0400140E80012002A97
:10D45000F5D1C4F88C70E566216851E8000F20F022
:10D46000100041E80002002AF6D1D4F88000FCF751
:10D4700069F82667B4F85C00B4F85E10401A81B20F
:10D4800007E0B4F85C1081429BD11068800698D503
:10D4900026672046FFF74FFE93E7B4F85C00B4F828
:10D4A0005E10401A81B2B4F85E00002889D00029CD
:10D4B00087D0226852E8000F20F4907042E8000301
:10D4C000002BF6D12D4BDB432068083050E8002FAD
:10D4D0001A4040E8002CBCF1000F00E00EE0F3D150
:10D4E000C4F88C70E5666567206850E8002F22F06C
:10D4F000100240E80023002BF6D1C9E7C60209D587
:10D50000560207D54FF4801018622046BDE8F0415E
:10D51000FFF760BE03060AD501F0800302F40002A3
:10D52000134304D0A16F00297FF444AF49E74206BA
:10D5300011D54A060FD52046016851E8002F22F088
:10D54000400241E80023002BF6D1C0F888708567BF
:10D5500000F04EF935E7020206D54A0004D5204610
:10D56000BDE8F041FFF735BEC00195D5002993DA3B
:10D570002046BDE8F041FFF7DFBD000001000010CC
:10D580002001000415FC000810B5040003D0D4F8F5
:10D59000880010B107E0012010BD002084F884004D
:10D5A000204600F027F82420C4F88800206801688D
:10D5B00021F001010160A06A10B1204602F070FA6A
:10D5C000204602F0EDFB0128E6D02068416821F4F6
:10D5D000904141602068816821F02A0181602068C3
:10D5E000016841F0010101602046BDE8104002F0F1
:10D5F000BBBA000070B59CB00646142115A8F7F719
:10D6000034F854216846F7F730F8264930688842E4
:10D6100045D104200025009003956846FEF774FD6F
:10D6200008B1F9F7D1FF2049886D40F48020886562
:10D63000886D00F480201A90C86C40F00200C86425
:10D64000C86C15A900F002001A904FF440601590C4
:10D650000220CDE916051890072019901348FCF711
:10D66000F1FF144C124820601C20C4E90105802001
:10D67000C4E903506561A561E56120462562FCF7B8
:10D6800031F808B1F9F7A0FFC6F880400022114632
:10D690002720A662FDF758FF2720FDF748FF1CB0A2
:10D6A00070BD000000480040001002400004004827
:10D6B0001C0002408409002030B4D0F88C30202BAC
:10D6C00002D0022030BC7047A9B1A2B10023C366CA
:10D6D0000A4C0368A3420BD05B681B0208D50468A0
:10D6E00054E8003F43F0806344E80035002DF6D154
:10D6F00030BC02F0A1BC0120E4E700000080004043
:10D700000A4910B588420FD10846FFF764FD084A60
:10D710000849094801F0A0FE0B2207490348FFF71A
:10D72000CBFF06490120087010BD0000F008002062
:10D7300068110020240F0020A43A0020840000205B
:10D7400070472DE9F8430446D0F8880098461646FD
:10D750000D46202802D00220BDE8F883A5B19EB175
:10D760000020C4F890002120C4F888001834FDF788
:10D7700093F8A6878146E68754F8100C2027183CBA
:10D78000B0F5805F02D003E00120E5E7206910B129
:10D790002E46002510E000260EE08021204602F0F3
:10D7A0009FFCC0B9DEB116F8010B21688862B4F89D
:10D7B0005600401EA4F85600B4F856004B464FF0F1
:10D7C0000002CDF800800028E7D14FF0400120464C
:10D7D00002F086FC40B1C4F888700320BCE735F83D
:10D7E000020BC0F30800E0E7C4F888700020B3E73C
:10D7F00070474FF4FA7001074863704704484FF0D0
:10D800008041D0F88C02C0F5FA7048637047000080
:10D81000A431002004484FF08041D0F89402C0F5B4
:10D82000FA70486370470000A431002001490820C5
:10D8300088617047000400480149042088617047EE
:10D84000000C0048F7EE001A124831EEC02A9FED96
:10D85000100A026822EE002ABCEEC22A12EE101A4A
:10D86000C2F89C1071EEE00A006860EE800AFCEEDF
:10D87000E00A10EE901AC0F89C1271EEC10A20EE78
:10D88000800ABCEEC00A10EE101AC0F81C137047D4
:10D890000004A646F806002010B54FF4C401054860
:10D8A000FDF79BFCBDE8104040F603710148FDF711
:10D8B0001EBD0000F806002010B54FF4C401054855
:10D8C000FDF7E4FCBDE8104040F603710148FDF7A8
:10D8D00026BD0000F806002006210148FDF783BAA6
:10D8E000F8060020072930D2DFE801F00A10161CE4
:10D8F000222804000068D0F8841341F0010122E0DE
:10D900000068D0F8841341F002011CE00068D0F8F0
:10D91000841341F0040116E00068D0F8841341F04C
:10D92000080110E00068D0F8841341F010010AE00B
:10D930000068D0F8841341F0200104E00068D0F8BA
:10D94000841341F04001C0F88413704770B5064657
:10D950000068D0F88853D0F89043E90707D0E10772
:10D9600005D00121C0F88C133046FDF736FAA80720
:10D9700008D5A00706D531680220C1F88C033046CF
:10D98000FDF72CFA680708D5600706D53168042032
:10D99000C1F88C033046FDF722FA280708D5200786
:10D9A00006D531680820C1F88C033046FDF718FA17
:10D9B000E80608D5E00606D531681020C1F88C03CA
:10D9C0003046FDF70EFA680608D5600606D53168C0
:10D9D0004020C1F88C033046FDF704FAA80608D5AC
:10D9E000A00606D531682020C1F88C033046FDF72B
:10D9F0001CFB70BD70B503681A68D3F8A0534C695E
:10DA000022F020022646144324F0C002202E2BD000
:10DA10008C69022C28D0032C2BD0042C2ED022F081
:10DA2000E00200BF22F40064CA69224322F4806449
:10DA30000A6A224322F0C0644A6A224322F0006448
:10DA40008A6A2243CC6A22F0404242EA840222F0EF
:10DA500000544A6B096B224325F4803421431A6039
:10DA60000068C0F8A01370BD22F0C00242F020028E
:10DA7000D8E722F0800242F04002D3E722F04002D1
:10DA800042F08002CEE72DE9F04704460068D0F866
:10DA90008883D0F890734668C5685FEAC8314FF054
:10DAA00001090DD5F9030BD54FF48031C0F88C1363
:10DAB00084F8DD90002084F8DC002046FDF714F99E
:10DAC0005FEA883009D5B80307D521684FF40030E4
:10DAD000C1F88C032046FCF7E5FEF00708D0E80704
:10DAE00006D02168C1F8089006212046FCF7DEFE2A
:10DAF000B00708D5A80706D521680220886006214E
:10DB00002046FDF7EDF8700708D5680706D52168AF
:10DB10000420886006212046FDF7E3F8300708D589
:10DB2000280706D521680820886006212046FDF7D1
:10DB3000D9F8F00608D5E80606D5216810208860D7
:10DB400006212046FDF74AFAB00607D5A80605D5F6
:10DB50002168202088602046FDF766FA700608D507
:10DB6000680606D521684020886006212046FDF71A
:10DB700034FABDE8F087F0B50024E426056806EB2A
:10DB8000C11755F807C0B82606EBC116AE59402A92
:10DB900020D00EDC082A2CD006DC012A1AD0022A5A
:10DBA00027D0042A31D115E0102A13D0202A2CD1F5
:10DBB0001FE0B2F5007F1CD005DC802A19D0B2F539
:10DBC000807F22D106E0B2F5806F03D0B2F5006FFE
:10DBD0001BD10EE04FF0BC0E0EEBC11E5A6845F88B
:10DBE0000E204FF0C00E05680EEBC1119A686A5006
:10DBF0000BE0C42404EBC1145A682A51C8250468F8
:10DC000005EBC1119A6862501024FE21A1401A68E8
:10DC10002CEA010CA240D96842EA0C02A14011434F
:10DC20001A69D3F814C01546A2400A430CFA04FC42
:10DC300099694CEA020CA14041EA0C01082D06D179
:10DC4000B20504D4B20102D4DA69A24011430068DB
:10DC5000C151F0BD2DE9F041074688460068842295
:10DC600002EBC81146588C2202EBC81145584FF000
:10DC70008802F30702EBC81407D0E90705D0012199
:10DC8000015141463846FCF711FEB00708D5A807F8
:10DC900006D539680220085141463846FDF720F87C
:10DCA000700708D5680706D5396804200851414631
:10DCB0003846FDF716F8300708D5280706D5396825
:10DCC0000820085141463846FDF70CF8F00608D503
:10DCD000E80606D539681020085141463846FDF758
:10DCE0007DF9700608D5680606D5396840200851C8
:10DCF00041463846FDF771F9300608D5280606D5A5
:10DD000039688020085141463846FCF7CCFDF005C3
:10DD100009D5E80507D539684FF4807008514146A8
:10DD20003846FCF7C1FDB00509D5A80507D5396807
:10DD30004FF40070085141463846FDF72AF9700546
:10DD400009D5680507D539684FF480600851414608
:10DD50003846FDF71DF9300509D5280507D539687E
:10DD60004FF40060085141463846FDF714F9F004BD
:10DD700009D5E80407D539684FF480500851414669
:10DD80003846FDF707F9B00409D5A80407D5396866
:10DD90004FF40050085141463846FCF7A4FF700488
:10DDA00009D5680407D539684FF4804008514146C9
:10DDB0003846FDF711F8BDE8F08100002DE9F04F7D
:10DDC0008024036804EBC117DC5924F07044DC5153
:10DDD0000568EC59E82303EBC1139E4655F803C0D0
:10DDE000E42303EBC1139B4655F803A0D5F8A033F9
:10DDF000566924F020043443202E24D09669022E44
:10DE000021D0032E24D0042E27D024F4D07400BFB8
:10DE100024F40066D469344324F48066146A3443DD
:10DE200024F0C066546A344324F00066946A344394
:10DE300024F07046D46A3443566B24F40034B6F1AF
:10DE4000005F0FD010E024F4C07444F02004DFE73A
:10DE500024F4807444F08004DAE724F0800444F46D
:10DE60008074D5E744F4003424F04008946B2CF01F
:10DE70003F0C264644EA080424F48028946D44EAC2
:10DE80000804DFF8D08004EA0804D2F8508048EA99
:10DE9000040992F83C40D2F8408004F03F0444EA80
:10DEA0000C0424F0004448EA0408546C2AF4807CF2
:10DEB00044EA0C04D2F848C0BCF5606F02D0BCF54F
:10DEC000F05F01D1402E03D124F4F0544CEA040455
:10DED00024F48046D46C3443566D062927D2DFE8FB
:10DEE00001F003090F151B21126B23F4003343EAE1
:10DEF00042031CE0126B23F4802343EA820316E002
:10DF0000126B23F4002343EAC20310E0126B23F4E4
:10DF1000801343EA02130AE0126B23F4001343EA6E
:10DF2000421304E0126B23F4800343EA821345F8A2
:10DF30000790056845F80E80056845F80B40D42425
:10DF4000026804EBC11156500068C0F8A033BDE868
:10DF5000F08F0000FFFF06FEFEE70000F0B5002393
:10DF60000A24302537261F4611E000BFB4EB107F8E
:10DF700002D905EB107C01E006EB107C01F813C020
:10DF800001EB430C00015B1C8CF80170DBB2934287
:10DF9000ECD3F0BD70B5444E04462DED028B3078C5
:10DFA000411C3170717888423ED994F810049FED7D
:10DFB0003F8A04F58065072872D2DFE800F07162BD
:10DFC00004520A386600204600F0C6F894ED410A73
:10DFD0001FE0D4ED5B0A95ED060AF4EEC00AF1EEFF
:10DFE00010FA02D2F0EE601A01E0F0EE401AB1EE43
:10DFF000401AF4EEC11AF1EE10FA07DDF4EEC00A91
:10E00000F1EE10FA2AD2B0EE600A27E0B0EE410A33
:10E0100024E0D5ED070A20EE200A84ED330A00BF84
:10E0200084ED328A00203070BDEC028B70BDD4EDDF
:10E030005B0A95ED060AF4EEC00AF1EE10FA02D280
:10E04000B0EE601A01E0B0EE401AF1EE401AB4EE04
:10E05000E11AF1EE10FAD1DCB0EE610A84ED5B0A50
:10E06000D7E7134894ED4E0AB2EE041AD0ED200A19
:10E0700001F062FA84ED4F0A0021204603F074FC9F
:10E080000AE02046F8F75EF906E0B0EE000A84EDFB
:10E09000FA0A204601F036F994ED570AB9E7FFE78E
:10E0A00084ED338ABCE70000D400002000000000AB
:10E0B000A430002000EB8100006E00F0F8407047B3
:10E0C00000EB8100006E00F0F84070478068C0F3FC
:10E0D000C00070478068C0F3C00070478068C0F31C
:10E0E000800070478068C0F380007047C06810F4FB
:10E0F000406F01D00020704701207047042303EADD
:10E10000D15310B518444369C1F3045107248C401E
:10E11000A3438A401343436110BD042303EAD15350
:10E1200010B518444369C1F3045107248C40A3433C
:10E130008A401343436110BD00EB8100016E21F062
:10E14000004111430166704700EB8100016E21F030
:10E15000004111430166704790ED4E0AD0ED070A69
:10E1600030EE600AB5EEC00AF1EE10FA02DDF0EE14
:10E17000400A01E0F1EE400A90ED581AF4EEC10AAF
:10E18000F1EE10FA01D29FED1C0AD0ED3A0A90EDA3
:10E19000041A00F5806170EEC10A90ED3E1A60EE3F
:10E1A000810A90ED401A41EE000A90ED5B0A30EED4
:10E1B000800A80ED410AD1ED060AB4EEE00AF1EEE4
:10E1C00010FA02D2B0EE401A01E0B0EE601AF1EEA1
:10E1D000601AB4EEE11AF1EE10FA07DDB4EEE00ACF
:10E1E000F1EE10FA04D3B0EE600A01E0B0EE610A7D
:10E1F00080ED410A7047000000000000F4EEC10A03
:10E2000030B5F1EE10FA07D2F4EEE10AF1EE10FAB1
:10E210000AD2B0EE602A09E0B4EEE11AF1EE10FA8B
:10E2200002D2B0EE412A01E0B0EE612AF4EEC10A5A
:10E23000F1EE10FA07DDF4EEE10AF1EE10FA0ADD74
:10E24000F0EE602A09E0B4EEE11AF1EE10FA02DD18
:10E25000F0EE412A01E0F0EE612A2C4B72EE222A08
:10E26000B6EE002A2A4CDFED2B3A62EE822A30EE1F
:10E27000E23AC3EE000A9FED283A70EE820A10EEF1
:10E28000905A9D4203DD10EE905AA54206DA10EE38
:10E29000905A9D4204DCF0EE430A01E0F0EE630A7E
:10E2A00031EE621AC0ED000AC1EE000A70EE820A79
:10E2B00010EE900A984203DD10EE900AA04206DAB2
:10E2C00010EE900A984204DCF0EE430A01E0F0EE12
:10E2D000630A31EEE21AC1ED000AC1EE000A30EE27
:10E2E000820A10EE100A984203DD10EE100AA042D6
:10E2F00006DA10EE100A984204DCB0EE430A01E0A0
:10E30000B0EE630A82ED000A30BD00000AD7233C5C
:10E31000A4707D3FA4707D3F0AD7233C2DE9F041D6
:10E320009AB000241794189420210FA81994F6F796
:10E330009CF93C216846F6F798F92B484FF0A0412C
:10E34000042501604FF44031C0E90114C460046148
:10E35000C0E90545047744770126066280F8244029
:10E36000C462046380F83840C46380F84040FAF720
:10E370001BFE08B1F9F728F9CDE9176417A91A4867
:10E380001994FAF7CDF908B1F9F71EF9174F10A94A
:10E3900006204FF07F080F9781E81101CDE9135453
:10E3A0000FA91148FAF76CFA08B1F9F70DF901A9AC
:10E3B0000920009781E81101CDE904548DF824402B
:10E3C0008DF8254008968DF826400A940B948DF818
:10E3D000304069460448F9F7EDFC002801D0F9F710
:10E3E000F3F81AB0BDE8F0810C04002002003004FC
:10E3F0002DE9F04198B020210FA8F6F736F93C211D
:10E400006846F6F732F928482649002401604FF49F
:10E410004031C0E90114C46004250461C0E9054528
:10E42000047744774FF00108C0F8208080F824403A
:10E4300080F83840C46380F84040C4620463FAF74F
:10E44000B3FD08B1F9F7C0F8184E10A906207F27D0
:10E450000F9681E89100CDE913540FA91248FAF7FD
:10E460000FFA08B1F9F7B0F801A90920009681E880
:10E470009100CDE904548DF824408DF82540CDF865
:10E4800020808DF826408DF830400A946946064871
:10E490000B94F9F78FFC002801D0F9F795F818B024
:10E4A000BDE8F081000100507804002040002019F0
:10E4B00030B58BB0002408940994202168460A9452
:10E4C000F6F7D3F823482249042501604FF4403180
:10E4D000C0E9011485610121C460C0E904410477E9
:10E4E00041770321016280F82440C462046380F80C
:10E4F0003840C46380F84040FAF756FD08B1F9F798
:10E5000063F808A913480894FAF70AF908B1F9F76B
:10E510005BF8114800900620CDE901047F200594A6
:10E52000CDE9030569460B48FAF7AAF908B1F9F7EE
:10E530004BF80A4800900C20019069460548FAF70C
:10E540009FF9002801D0F9F73FF80BB030BD00006B
:10E5500000040050E4040020020030042000F01405
:10E5600030B589B020216846F6F77FF82548244960
:10E57000002401604FF44031C0E901140425856195
:10E580000121C460C0E9044104774177032101629D
:10E5900080F82440C462046380F83840C46380F883
:10E5A0004040FAF701FD08B1F9F70EF8164800905F
:10E5B0000620CDE901047F200594CDE903056946D5
:10E5C0001048FAF75DF908B1F8F7FEFF0F48009020
:10E5D0000C20019069460B48FAF752F908B1F8F798
:10E5E000F3FF0B4800901220019069460548FAF7A6
:10E5F00047F9002801D0F8F7E7FF09B030BD000067
:10E6000000050050500500200800900C1000C010BC
:10E610002000F014154808B5816C41F004018164B4
:10E62000816C01F004010091816C41F00101816471
:10E63000806C002200F00100009011460B20FCF7D6
:10E6400083FF0B20FCF773FF002211460C20FCF720
:10E650007BFF0C20FCF76BFF002211460D20FCF71E
:10E6600073FFBDE808400D20FCF761BF00100240B9
:10E6700070B5224C20480025C4E900054FF44070D5
:10E68000C4E90205012626746574A5740A20606138
:10E6900003200D21C4E90601C4E908060420A06294
:10E6A0001920E0620820C4E90C05A5632046E56353
:10E6B000FBF72CFB08B1F8F787FF10480221183848
:10E6C000C6600560C0E9015140F2FF71C0E9045124
:10E6D00001461830FBF769F908B1F8F775FFE56AEC
:10E6E000606A45430548FBF7B9F92946BDE8704023
:10E6F00000220248FBF7A2B90068004094060020FF
:10E700002DE9F04387B014216846F5F7AEFF47487E
:10E71000C16C41F02001C164C16C01F02001059180
:10E72000C16C41F00401C164C16C01F004010591A8
:10E73000C16C41F00101C164C16C01F0010105919E
:10E74000C16C41F00201C164C16C01F0020105918C
:10E75000C16C41F00801C164C06C4FF0904900F0F9
:10E7600008000590002210214846FCF78FF8304F32
:10E77000002208213846FCF789F8DFF8B88000222B
:10E7800004214046FCF782F8102000900125002467
:10E79000CDE90154694648460394FBF753FF082628
:10E7A0000096CDE90154694638460394FBF74AFFC9
:10E7B00004200090CDE90154694640460394FBF7DC
:10E7C00041FF4FF4406000900220CDE90104072092
:10E7D000CDE9034069463846FBF734FF1820009026
:10E7E000CDE90154694648460394FBF72BFF009698
:10E7F000CDE90154694648460394FBF723FFA8027C
:10E800000090CDE90154694648460394FBF71AFF8E
:10E810002C03694648460094FBF714FF002221466A
:10E820004846FCF733F807B0BDE8F083001002401B
:10E8300000040048000C004870B5B8B000242994CA
:10E840002A942B94602168462C94F5F70EFF34949B
:10E8500035941C212DA83694F5F707FF242120A814
:10E86000F5F703FF202118A8F5F7FFFEA848A749F0
:10E87000C0E900148460FCF7C1FA08B1F8F7A4FEFF
:10E880000C21A348FCF731FA08B1F8F79DFE0A21E4
:10E890009F48FCF781FB08B1F8F796FE4AF2046046
:10E8A000CDE9290403200825CDE92B0529AA062155
:10E8B0009748FCF7BBFB08B1F8F786FE4120CDE98D
:10E8C000000401260294CDE90346059406940794BA
:10E8D000C0060894CDE909408000CDE90C400B94B6
:10E8E0006A4606218A481794FCF731FD08B1F8F70B
:10E8F0006BFE4AF2A050349034AB012206218448CA
:10E90000FCF7D1FB08B1F8F75FFE45F20230299021
:10E9100029AA00217E48FCF789FB08B1F8F754FECC
:10E9200030942DAA00217A482D963394FCF757FD98
:10E9300008B1F8F749FE002211467548FCF74FFB75
:10E9400008B1F8F741FE01944FF48076CDE9104606
:10E9500000940F941020CDE91440800316900E947B
:10E9600012946A4600216A48FCF7F1FC08B1F8F7F6
:10E970002BFE6A46042166481294FCF7E8FC08B1B5
:10E98000F8F722FE6A46052161481294FCF7DFFC85
:10E9900008B1F8F719FE42F68110349034AB012229
:10E9A00000215B48FCF77FFB08B1F8F70DFE4FF440
:10E9B000406020906420CDE92104CDE924402394D7
:10E9C0002694279420AA002151482894FCF7BEF9E8
:10E9D00008B1F8F7F9FD20AA04214D48FCF7B6F973
:10E9E00008B1F8F7F1FD20AA05214948FCF7AEF976
:10E9F00008B1F8F7E9FDCDE918451A941B941C9469
:10EA00001D941E9418AB0122002141481F94FCF76D
:10EA100053FC08B1F8F7D8FD18AB324604213C4846
:10EA2000FCF74AFC08B1F8F7CFFD18AB4FF4806251
:10EA300005213748FCF740FC08B1F8F7C5FD18ABD5
:10EA4000022200213248CDE91945FCF735FC08B116
:10EA5000F8F7BAFD18AB4FF4007204212C48FCF70C
:10EA60002BFC08B1F8F7B0FD18AB4FF4006205219C
:10EA70002748FCF721FC08B1F8F7A6FD29AA0421D4
:10EA80002348FCF7D3FA08B1F8F79EFD2DAA04211C
:10EA90001F48FCF7A4FC08B1F8F796FD00220421FA
:10EAA0001B48FCF79CFA08B1F8F78EFD34AB012245
:10EAB00004211748FCF7F7FA08B1F8F785FD29AAF1
:10EAC00005211348FCF7B2FA08B1F8F77DFD2DAA2D
:10EAD00005210F48FCF783FC08B1F8F775FD00220B
:10EAE00005210B48FCF77BFA08B1F8F76DFD34AB54
:10EAF000012205210648FCF7D6FA08B1F8F764FDB3
:10EB00000348FCF7F9F938B070BD00000068014017
:10EB1000F80600207047000010B58AB00024079462
:10EB200008941C2168460994F5F79FFD16484FF09C
:10EB3000804101601021C0E9011440F2F311C0E9E5
:10EB4000031480218161FEF7E8F908B1F8F73CFD74
:10EB5000079407A90C480994FDF7DEFF08B1F8F700
:10EB600033FD6020CDE90004029400226946064886
:10EB70000494FEF740F908B1F8F726FD0248FEF7C5
:10EB8000FBF80AB010BD00005808002010B58AB08C
:10EB90000024079408941C2168460994F5F765FD44
:10EBA000154814490160A921C0E90114C721C0E931
:10EBB00003148461FEF7B1F908B1F8F705FD079475
:10EBC00007A90D480994FDF7A7FF08B1F8F7FCFC69
:10EBD0006020CDE9000402940022694606480494AE
:10EBE000FEF709F908B1F8F7EFFC0348FEF7C4F89F
:10EBF0000AB010BD00040040A40800201C4810B555
:10EC00001A4901601B494160002181600C22C160EA
:10EC1000C0E904128161C161016241628162FEF753
:10EC2000B3FC08B1F8F7D0FC00211148FEF7ABFAAD
:10EC300008B1F8F7C9FC00210D48FEF77EFA08B1CB
:10EC4000F8F7C2FC0A48FEF757FA08B1F8F7BCFC1F
:10EC5000074894300068016821F004010160BDE8B4
:10EC600010400B2204490248FEF726BD0048004030
:10EC7000F0080020A0252600A43A002030B5224C40
:10EC800087B0A06B40F40000A063A06B20F40000EC
:10EC9000A0631E4802F047F908B1F8F795FC1B483D
:10ECA00001F0C1FC08B1F8F78FFCE06C40F0010006
:10ECB000E064E06C4FF4805400F001004FF09045A8
:10ECC0000590002221462846FBF7E0FD1421684606
:10ECD000F5F7CBFC0021012000940391CDE901015F
:10ECE00069462846FBF7AEFC002221462846FBF782
:10ECF000CDFD6420FAF7B2FD012221462846FBF73C
:10ED0000C5FD07B030BD000000100240EC1A002025
:10ED100010B500220F49104801F04EFD08B1F8F778
:10ED200053FC0E490C4801F02FFF08B1F8F74CFCDA
:10ED30000B49094801F070FB08B1F8F745FC06489B
:10ED400001F09CFF002803D0BDE81040F8F73CBC60
:10ED500010BD0000F4010020EC1A00203C0300204C
:10ED600048020020FEE7000000EE100ADFED190A5D
:10ED70009FED1B1AB8EE400A174800B520EE200A96
:10ED8000DFED160A80ED010A70EEC00A20EE011ACE
:10ED9000C0ED030A81EE200ADFED120A80ED000AC1
:10EDA00020EE200A04F092FBDFED0F0A9FED0F1A10
:10EDB00060EE200A9FED0E0A00EE810AB7EE001AFF
:10EDC000C1EE000A9FED0B0A30EEC00A80ED020A88
:10EDD00000BD0000A306533AFC0300203333534028
:10EDE00000007A4417B7D1381572313F16A584391F
:10EDF000C8CE5B3B33938843FEE7000000EE100A69
:10EE00009FED041AF8EE400A9FED030A10EE810A06
:10EE1000704700009D11A53D000048422DE9F84FC4
:10EE2000044640F68F7A40F2064B48F60F784FF0D2
:10EE300000098BE1B0F8441011F00F053AD030F81A
:10EE4000256031047DD530F8251001EA0A0141F032
:10EE5000800120F8251005EB850004EBC00797F82A
:10EE60005C0107F5A87700286CD0F87802286AD0F2
:10EE70003978226832F8210048F68F73184048F23A
:10EE8000C003184322F821003878D4F800C03CF8B9
:10EE900020104904BCF8501001EB0C027ED540F262
:10EEA000024101EBC000105A8005800D009076D021
:10EEB0003A89A7E0C9062AD4018801EA080141F489
:10EEC00000410180206804F11005B0F85010227C48
:10EED000014440F2024000EBC200085AC0F30900AE
:10EEE000E062616A0844606200212046FCF7B0FBE2
:10EEF000207B00289DD0A86900289AD1207B40F073
:10EF000080012068A0F84C1084F80C901EE1018864
:10EF100004F5A8750A051ED5B0F850100A1829780E
:10EF20000BEBC100105A04F52671C0F30903EB6125
:10EF3000EA88206802F07FFC2168088800EA0A005D
:10EF400002E07BE03FE04EE040F080000880204699
:10EF5000FDF731F8FAE00904D8D5018801EA0A0181
:10EF600041F0800101802068B0F850102A780844F0
:10EF70000BEBC201405A83059B0DEB610DD0696913
:10EF800059B1EA88206802F056FCE96968690844CA
:10EF9000686100212046FCF764FB01E02AE028E0DC
:10EFA000206801880A050DD4C1F30131032909D075
:10EFB00001884BF68F72114081F4405148F2800273
:10EFC00011430180C2E02068B0F850103B780A1865
:10EFD0000BEBC301515A8905890D009117D0FA88AE
:10EFE0007969009B11E0324639462046FCF7A8FBC0
:10EFF00000900CE00BEBC000105A8005800D0090D3
:10F0000005D07A8903466046796902F014FCF969F3
:10F0100000980844F8617869009908447861B869F3
:10F0200018B139690098814204D939782046FCF733
:10F0300018FB03E03946206802F034FA30062DD57B
:10F0400005EB850004EBC001206830F8252002EABA
:10F05000080242F4004220F82520C87C1031012823
:10F060001DD0F0056ED42068B0F8502013180A782F
:10F0700040F2024000EBC200185A8A69C0F309004E
:10F08000824258D9121A8A6157D04A6902444A61A9
:10F09000CA691044C861206802F004FA56E0C1F859
:10F0A00018900A7B48461AB3720622D54A7812B1E4
:10F0B000012A14D041E02068B0F8502010440A78AA
:10F0C00000EBC200B0F80224C2F30902A0F8022447
:10F0D000B0F8022442F40042A0F802242DE0226895
:10F0E000B2F850301A440B7802EBC302A2F80204C3
:10F0F00023E04B78226813B1012B13D01DE0B2F846
:10F10000500010440A7800EBC200B0F80624C2F3A5
:10F110000902A0F80624B0F8062442F40042A0F840
:10F1200006240AE0B2F850301A440B7802EBC3020E
:10F13000A2F8060401E0C1F8189009782046FCF70F
:10F1400087FA03E032462046FCF768FB2068B0F8F7
:10F15000441009043FF56EAE0020BDE8F88F0000B2
:10F16000054A672313707623D37150700868C2F87C
:10F170000200104670470000A003002010B50B48A5
:10F180000B4A002102EB810350F8044B491C1C6020
:10F190004029F7DB074A002102EB810350F8044BBA
:10F1A000491C1C60FF29F7DD10BD000000F00108BC
:10F1B000A4300020A43100202DE9FF47214C72B675
:10F1C000FBF784F9002001211F228DE807001E4E65
:10F1D000039170601C496846091DFBF7A9F8706827
:10F1E000401CF7D1DFF864900025B04609EB85009C
:10F1F000D0E9006732463B4621460020FBF714F970
:10F2000088F800000028F5D10834AD1C402DEDDB56
:10F21000DFF83C80002500BF08EB8500D0E90067DF
:10F2200032463B4621460020FBF7FEF80028F7D186
:10F230000834AD1CFF2DEFDDFBF7E8F862B6BDE842
:10F24000FF87000000F0010890030020A430002098
:10F25000A43100207047000090ED040A11B1D0EDF8
:10F260003B0A01E0D0ED3A0A30EEC00A80ED3C0ADC
:10F27000B0EE401AB5EEC01AF1EE10FA02DDB0EEB3
:10F28000410A01E0B1EE410AD0ED420AB4EEE00AD3
:10F29000F1EE10FA01DC9FED1A1A00F5806180EDA5
:10F2A0003C1A90ED3E0AD0ED400AD0ED071A20EE50
:10F2B000010A00EEE10A80ED410AD1ED050AB4EE43
:10F2C000E00AF1EE10FA02D2B0EE402A01E0B0EE10
:10F2D000602AF1EE601AB4EEE12AF1EE10FA07DDD1
:10F2E000B4EEE00AF1EE10FA04D3B0EE600A01E0E9
:10F2F000B0EE610A80ED410A80ED3D1A70470000D2
:10F300000000000070B590ED4E0AD0ED070A00F540
:10F3100080652B4E30EE600A044685ED000A96F9B2
:10F320000000D5ED010A00280BD005DDB5EEC00ABE
:10F33000F1EE10FA05D308E0B5EEC00AF1EE10FACE
:10F3400003DD70EE800AC5ED010AD4EDFB0A95EDF0
:10F35000011A00EE810A84EDFF0AD4EDFC0A06F0E2
:10F36000E9FBD4EDFD0A95ED001A20EE200AD4ED5C
:10F37000FB0A00EE810AD4EDFE0A94EDFF1A00EEBE
:10F38000810AD4EDFA0A20EE200A84ED570AD5ED61
:10F39000060AB4EEE00AF1EE10FA03DBC4ED570AF8
:10F3A00001200BE0F1EE600AB4EEE00AF1EE10FA93
:10F3B00003D8C4ED570AFF2000E00020307070BD74
:10F3C000F803002070470178407841EA0020704738
:10F3D000FCF748B800B593B038216846F5F745F911
:10F3E00014210EA8F5F741F90020FCF727FE222092
:10F3F00000904FF48070039040200490012006900C
:10F4000002200421CDE908015521CDE90A10079019
:10F410000621CDE90C106846FDF740F908B172B637
:10F42000FEE70F200E9003200F9000201090119007
:10F43000129004210EA8FCF7E7FF002801D072B655
:10F44000FEE713B000BD00000248016841F47001FE
:10F450000160704788ED00E0F0B50E4615460446A1
:10F460000A2103F0C1FEA27A014613488A4202D162
:10F4700021786A2903D08168491C8160F0BDE17858
:10F48000A778C9076378C90B41EA07211943A37913
:10F4900062795B075B0B43EA02222379C9081A43AE
:10F4A000C6F8D0105109054AC5F8D01001211170D5
:10F4B0004168491C4160F0BDE800002004000020C4
:10F4C000F8B518A0184D0068009029781748002456
:10F4D000F1B104704178491CC9B24170012916D1BB
:10F4E000134E44704FF6FF73346074603481B4720D
:10F4F000012269460F48FEF724F9346074603481B4
:10F50000B4720B2231460B48FEF7D6F82C70F8BDCA
:10F510000178491CC9B201700529F8D90121297067
:10F520000470F8BD6A00000084000020E80000209C
:10F53000A43A0020F0080020214800B5B0EE605A3F
:10F54000F0EE400A90ED000ADFED1B5AD0ED014AC3
:10F55000F0EE401A9FED192A45EEA41AC0ED001AEC
:10F56000F0EE411AB0EE601AF0EE640A03F0BCFF50
:10F5700045EE804AC0ED014AF5EEC04AF1EE10FAC0
:10F5800002DDB0EE640A01E0B1EE640AB4EEC50A31
:10F59000F1EE10FA0DDDF5EEC04AF1EE10FA02DDE3
:10F5A000B7EE000A01E0BFEE000A20EE050A80ED8A
:10F5B000010A90ED000A00BD6F1283386F12833A82
:10F5C000E00300200148FDF705BB000058080020BB
:10F5D0000148FDF7FFBA0000A40800202DE9F04F14
:10F5E00002682E4B2E4E2F4FDFF8BCC02F4C304DF3
:10F5F0004FF0804B98420BD0584509D0B04207D00D
:10F60000B84205D0604503D0A04201D0A84204D141
:10F6100022F070084A6842EA0802DFF89880DFF8B2
:10F620009890DFF898A0984211D058450FD0B0427A
:10F630000DD0B8420BD0604509D0A04207D040455C
:10F6400005D0484503D0504501D0A84203D122F44B
:10F650004076CA6832434E6922F08002324302602B
:10F660008A68C2620A688262984209D0A04207D0C2
:10F67000404505D0484503D0504501D0A84201D1AE
:10F6800009690163012141610169C90703D0016969
:10F6900021F001010161BDE8F08F0000002C014064
:10F6A0000004004000080040000C0040003401400D
:10F6B000005001400040014000440140004801402A
:10F6C00010B501F01F030121046A99408C430462C4
:10F6D000016A9A401143016210BD00002DE9F04714
:10F6E000056A026A22F001020262436882691F4CC5
:10F6F00025F0020522400C6822F0030214438A68B8
:10F700001C4E2A431A4D1C4FDFF870C0DFF8709072
:10F71000DFF870A0A84209D0B04207D0B84205D0A7
:10F72000604503D0484501D0504506D122F0080875
:10F73000CA6842EA080222F00402A84209D0B04294
:10F7400007D0B84205D0604503D0484501D05045A8
:10F7500005D14D6923F440731D438B692B434360EE
:10F760008461496841630262BDE8F0878FFFFEFF54
:10F77000002C0140003401400040014000440140A1
:10F780000048014000500140F0B5056A026A22F0CD
:10F7900010020262426883691C4C1E4E23400C68B2
:10F7A00023F4407343EA042425F020038D681A4FA4
:10F7B00043EA0513164DA84203D0B04201D0B84227
:10F7C00007D1D1F80CC023F0800343EA0C1323F0D7
:10F7D0004003A8420CD0B0420AD0104DA84207D036
:10F7E0000F4DA84204D00F4DA84201D0B84207D116
:10F7F0004D6922F4406242EA85028D6942EA85023F
:10F8000042608461496881630362F0BDFF8FFFFE3F
:10F81000002C0140003401400050014000400140F4
:10F820000044014000480140F0B5056A026A22F434
:10F83000807202624368C2691C4C1E4E22400C68F2
:10F8400022F00302144325F400728D681A4F42EA35
:10F850000522174DA84203D0B04201D0B84207D1CB
:10F86000D1F80CC022F4006242EA0C2222F4806239
:10F87000A8420CD0B0420AD0104DA84207D0104D7B
:10F88000A84204D00F4DA84201D0B84207D14D691B
:10F8900023F4405343EA05138D6943EA051343609B
:10F8A000C4614968C1630262F0BD00008FFFFEFFC2
:10F8B000002C014000340140005001400040014054
:10F8C0000044014000480140F0B5056A026A22F494
:10F8D000805202624268C3691C4C1E4E23400C6871
:10F8E00023F4407343EA042425F400538D681A4F2F
:10F8F00043EA0533164DA84203D0B04201D0B842C6
:10F9000007D1D1F80CC023F4004343EA0C3323F4AD
:10F910008043A8420CD0B0420AD0104DA84207D074
:10F920000F4DA84204D00F4DA84201D0B84207D1D4
:10F930004D6922F4404242EA85128D6942EA8512FD
:10F940004260C461496801640362F0BDFF8FFFFE3D
:10F95000002C0140003401400050014000400140B3
:10F96000004401400048014030B5056A026A22F4B3
:10F97000803202624268036D124C23400C681C43C3
:10F9800025F400330D8943EA05430F4DA8420ED0FC
:10F990000E4DA8420BD00E4DA84208D00D4DA842E6
:10F9A00005D00D4DA84202D00C4DA84204D14D699E
:10F9B00022F4803242EA052242600465496881648B
:10F9C000036230BD8FFFFEFF002C01400034014078
:10F9D0000040014000440140004801400050014007
:10F9E00030B5046A026A22F4801202624268036D32
:10F9F000134D24F400142B400D6843EA05230D89B0
:10FA000044EA05540F4DA8420ED00F4DA8420BD02A
:10FA10000E4DA84208D00E4DA84205D00D4DA8426B
:10FA200002D00D4DA84204D14D6922F4802242EA51
:10FA30008522426003654968C164046230BD0000EC
:10FA4000FF8FFFFE002C01400034014000400140C8
:10FA500000440140004801400050014030B5416E73
:10FA6000B9B1026891689268C1F342610B4B520FC1
:10FA70009C5CE50003F10804A25CB5FBF2F2A0F87F
:10FA80006A205A5C615CD200B2FBF1F1A0F8681008
:10FA900030BD0121A0F86A10F8E700006A6E010885
:10FAA00090F82810090706D501684A68836B22F48C
:10FAB00000421A434A6090F82810C90706D001682E
:10FAC0004A68C36A22F400321A434A6090F8281048
:10FAD000890706D501684A68036B22F480321A430D
:10FAE0004A6090F82810490706D501684A68436BB8
:10FAF00022F480221A434A6090F82810C90606D5DD
:10FB000001688A68C36B22F480521A438A6090F8B5
:10FB10002810890606D501688A68036C22F4005211
:10FB20001A438A6090F82810490611D501684A687E
:10FB3000436C22F480121A434A60416CB1F5801F75
:10FB400006D101684A68836C22F4C0021A434A60F5
:10FB500090F82810090606D501684A68C06C22F49E
:10FB6000002202434A6070472DE9F843002604460C
:10FB7000C0F89060FAF790FE8046206800684FF069
:10FB8000200500076FF07E4713D543460022290465
:10FB90002046009700F0A4FA58B1216851E8000F00
:10FBA00020F0800041E80002002AF6D1C4F8885015
:10FBB00021E020680068400722D5434600224FF428
:10FBC00080012046009700F08BFAC8B1216851E807
:10FBD000000F20F4907041E80002002AF6D120685E
:10FBE000083050E8001F21F0010140E80012002A0F
:10FBF000F5D1C4F88C5084F884600320BDE8F88304
:10FC0000C4F88850C4F88C5044F86C6F666026764F
:10FC10000020F3E710B5806A0021A0F85E10FDF720
:10FC200024FB10BD70B5846AD4F88800D4F88C50D9
:10FC3000216889684FF00006090606D5212804D1FD
:10FC4000A4F85660204600F093F8206880684006CB
:10FC500006D5222D04D1A4F85E60204600F05EF89F
:10FC6000D4F8900040F01000C4F890002046FDF752
:10FC7000FCFA70BD10B50146806A096809684FF04A
:10FC8000000289062DD4A0F85E20036853E8001F07
:10FC900021F4807143E80014002CF6D1016808318A
:10FCA00051E8003F23F0010341E80034002CF5D176
:10FCB0000168083151E8003F23F0400341E8003477
:10FCC000002CF5D12021C0F88C10C16E012908D17B
:10FCD000016851E8003F23F0100341E80034002C94
:10FCE000F6D10267C16E012902D0FDF709FD10BDF2
:10FCF000B0F85C10FDF71FFA10BD10B5806A012145
:10FD00000167C16E012902D0FDF71AFD10BDB0F8E0
:10FD10005C104908FDF70FFA10BD000010B502682D
:10FD200052E8001F21F4907142E80013002BF6D135
:10FD30000E4B0268083252E8001F194042E80014D6
:10FD4000002CF6D1C16E012908D1016851E8002FBD
:10FD500022F0100241E80023002BF6D12021C0F848
:10FD60008C100021C166416710BD0000FEFFFFEF4F
:10FD7000026852E8001F21F0C00142E80013002B86
:10FD8000F6D10168083151E8002F22F4000241E861
:10FD90000023002BF5D12021C0F888107047000007
:10FDA0002DE9F0410446016880682269E369104347
:10FDB000626900251A431043DFF84CC20A68934B6E
:10FDC0001A4002430A6020684168E26821F4405109
:10FDD000114341602168A069614501D0226A104346
:10FDE0008A688B4B1A4002438A602068C16A626A43
:10FDF00021F00F011143C1628649236886488B4276
:10FE00000DD1D0F8880010F0030006D0012867D08B
:10FE1000022854D0032851D164E001204FE07F49EB
:10FE20008B420BD1D0F8880010F00C0047D004288A
:10FE300045D0082852D00C2840D153E078498B4255
:10FE40000BD1D0F8880010F0300038D0102847D0FF
:10FE5000202843D0302831D144E072498B420BD165
:10FE6000D0F8880010F0C00029D0402838D0802871
:10FE700034D0C02822D135E06B498B420ED1D0F866
:10FE8000880010F440701AD0B0F5807F28D0B0F50B
:10FE9000007F23D0B0F5407F10D123E063450DD122
:10FEA000D0F8880010F4406009D0B0F5806F17D00A
:10FEB000B0F5006F12D0B0F5406F13D010205B4A40
:10FEC0005B4F00264FF40041634539D160B10228F1
:10FED0000DD004280DD0082831D10EE00220EEE725
:10FEE0000420ECE70820EAE7FCF77CFB03E011467E
:10FEF00003E0FCF79BFB01007BD0606A37F8102021
:10FF00006768B1FBF2F007EB4703834269D8B0EBB7
:10FF1000073F66D8002308461946F4F79DFA090200
:10FF200041EA106102027808101871413A46002334
:10FF3000F4F792FA3F4AA0F54071914257D950E048
:10FF4000E3694FF6EF788B422BD1092849D2DFE8DD
:10FF500000F005080D48254848480E00FCF742FB14
:10FF600001E0FCF751FB010001D142E01146606A5B
:10FF700037F81000B1FBF0F04100606801EB500170
:10FF8000B1FBF0F1A1F1100040452AD84FF6F07214
:10FF900001EA0200C1F34201084328E0FCF746FBF6
:10FFA000E1E709281DD2DFE800F005080D1C1E1C42
:10FFB0001C1C0E00FCF716FB01E0FCF725FB010002
:10FFC00001D116E01146606A37F81000B1FBF0F17C
:10FFD000606801EB5001B1FBF0F0A0F11001414568
:10FFE00004D9012505E0FCF721FBE8E780B2216890
:10FFF000C8600120A4F86A0024F8680F2846E6606B
:020000040801F1
:100000002661BDE8F081000000800040F369FFCF69
:10001000FFF4FF110038014000100240004400408E
:1000200000480040004C0040005000400024F40014
:10003000526E0108FFFC0F0070B58165A0F85C20CE
:1000400000210446C0F890102220C4F88C00D4F897
:100050008000F0B11F4BC362D4F880301E48186393
:10006000D4F880301D485863D4F88000134681636B
:10007000A56D21682A462431D4F88000F9F792FB57
:1000800038B11020C4F890002020C4F88C00012062
:1000900070BD206940B1216851E8000F40F48070C4
:1000A00041E80002002AF6D12068083050E8001F1D
:1000B00041F0010140E80012002AF5D12068083023
:1000C00050E8001F41F0400140E80012002AF5D13D
:1000D000002070BD75FC0008FBFC000825FC000832
:1000E0002DE9F047994617460D4604464FF00008A3
:1000F000089E33E0701C31D0FAF7CEFBA0EB09006C
:10010000B04218D8BEB120680168490726D5802DB5
:1001100024D0402D22D0C169C94309070DD4082538
:1001200005622046FFF7FAFDC4F8905084F88480F9
:100130000120BDE8F0870320FBE7C069C04300054C
:100140000CD421684FF4006008622046FFF7E6FDFA
:100150002020C4F8900084F88480ECE72068C0690F
:1001600035EA000004D00020B842C3D00020E0E708
:100170000120F9E70148FDF779B80000F0080020F8
:1001800010B50A46024903A000F0E6FA004810BD87
:10019000BC1D002043444320436F6E666967000026
:1001A0002DE9F0410C46D0F8C422D0F8BC12E9B1D8
:1001B00004EB840600EB86050027AB693BB102EB3C
:1001C000C602126AB3FBF2F602FB163282B1C1F824
:1001D0001472D0F8C00203692BB1D1F8080222468C
:1001E00001F5047198470020BDE8F0810320FBE78A
:1001F00000231A462146AF6100F0A7FCF3E770B573
:10020000D0F8BC4205466CB100F08EFBC4F80C027D
:10021000D5F8C012D4F80402CA6804F503719047F7
:10022000002070BD032070BD70B50446812100F030
:10023000DFFA002525870121204600F0D9FAA4F82D
:1002400078518221204600F0D3FAA4F84C50A4F84B
:100250004E50D4F8BC0248B1D4F8C00204F52F7453
:1002600040688047206800F06BFE2560002070BD6C
:1002700012200880004870471802002010B5D0F8FE
:10028000BC4284B1D0F8C01259B194F80002FF28E2
:1002900007D08B6894F8012221469847FF2084F804
:1002A0000002002010BD032010BD00000A210180C3
:1002B00000487047640200204321018000487047D5
:1002C000B4020020432101800048704770020020E2
:1002D0004321018000487047F80200202DE9F047D3
:1002E00004464FF4077000F02DFE05004FF00007A4
:1002F00035D0C4F8BC52207C4FF010084FF4007980
:10030000012680B3402302228121204600F061FBB8
:100310002687402302220121204600F05AFBA4F840
:100320007861A4F84E80082303228221204600F041
:1003300050FBA4F84C60D4F8C00200688047C5F8B0
:100340001472C5F81872207CD5F80422A8B1402395
:100350000121204600F049FB0020BDE8F087022083
:10036000C4F8BC72F9E7FFE74B4602228121204620
:1003700000F02FFB26874B46CCE74B46E8E7000012
:1003800010B50A46024903A000F0E6F9004810BD86
:10039000BC1D002043444320496E7465726661634E
:1003A0006500000004200880004870471402002007
:1003B00010B50A46024903A000F0CEF9004810BD6E
:1003C000BC1D002048657263756C657300000000F9
:1003D00010B50A46024903A000F0BEF9004810BD5E
:1003E000BC1D002048657263756C657300000000D9
:1003F00010B5D0F8BC1251B1027C002AD1F8042209
:1004000007D04023012100F0F0FA002010BD0320A6
:1004100010BD4FF40073F5E719B1C0F8C012002009
:10042000704703207047000010B51A2008800A4862
:100430000168001D0468001D0068081809D0082222
:100440000649FDF78BFD0549042210312046FDF7D2
:1004500085FD0248801E10BD9075FF1F2E020020F2
:10046000D0F8BC0218B1C0F8041200207047032075
:100470007047D0F8BC0228B1C0F81022C0F80812AA
:1004800000207047032070472DE9FC410646D0F854
:10049000BC7200200C468DF80000ADF80400054643
:1004A00037B1207810F0600128D0202944D102E033
:1004B0000320BDE8FC81E288C2B1000660780AD55D
:1004C000D6F8C0128B6839469847E288072A00D9C7
:1004D0000722394628E087F80002A07987F8010250
:1004E000E2883946304600F06CF82AE0D6F8C012AF
:1004F000607800228B682146984722E0607830B10E
:1005000001281ED00A2809D00B2815D110E096F832
:100510009C02032810D1022201A905E096F89C0252
:10052000032809D101226946304600F064F808E04A
:1005300096F89C02032804D02146304600F036F895
:1005400003252846B5E710B5D0F8BC12012219B131
:10055000D1F8143213B10FE0032010BD0122C1F80D
:100560001422D1F81022C262D1F81032D1F8082238
:10057000812100F0EAFA0022104610BD10B5D0F833
:10058000B8220AB152689047002010BD134610B53A
:100590000A46002100F029FA002010BD134610B5CC
:1005A0000A46002100F0D1FA002010BD10B5044623
:1005B000802100F0A6FA2046BDE81040002100F09E
:1005C000A0BA10B50323C0F89432C0F858211346DE
:1005D000C0F85C210A46002100F007FA002010BD97
:1005E00010B50521C0F8941200231A46194600F0F0
:1005F000FCF9002010BD10B50223C0F894328261CE
:100600001346C2610A46002100F09FFA002010BD87
:1006100010B50421C0F8941200231A46194600F0C0
:1006200094FA002010BD70B5044600F07CFA012059
:1006300084F89C02D4F8B802002538B142682179C8
:1006400020469047C4F8B852C4F8C052C4F8B45217
:100650002046C4F8CC52BDE8704000F05CB9F8B553
:1006600004460020ADF8000048880D46010A06291E
:1006700047D006DC01290FD0022912D0032962D10C
:100680001DE0072946D00F295DD1D4F8B402C26914
:1006900020E0694690473BE0D4F8B412207C0A6819
:1006A000F7E7207C02260028D4F8B80205D0C16AFA
:1006B000684688470146467036E0816AF8E7C0B26E
:1006C000062840D2DFE800F003090D111519D4F80F
:1006D000B4024268B2B3207CDBE7D4F8B40282688B
:1006E000F8E7D4F8B402C268F4E7D4F8B4020269B7
:1006F000F0E7D4F8B4024269ECE7D4F8B4028269B6
:10070000E8E7207CF0B9D4F8B802416B6846884726
:10071000014609E0207CA8B9D4F8B802016B68460C
:100720008847014607204870EA888AB1BDF8000072
:1007300040B1824200D90246ADF800202046FFF7C2
:100740005AFFF8BDFFE729462046FFF72FFFF8E7DD
:100750002046FFF75DFFF4E770B5002300281ED0A8
:100760000025044602E06D1CEDB2641C2678002EC4
:10077000F9D1022404EB450414801278CA545B1C9E
:100780000322CA5400245B1C06E0CA545B1CDAB284
:100790008C54521CD3B2401C0278002AF5D170BD93
:1007A00001004FF0000004D0012901D0022901D03E
:1007B000032070470120704778B10023C0F8B83299
:1007C000C0F8C032C0F8CC3209B1C0F8B41201216F
:1007D00080F89C12027000F0ABB80320704710B58F
:1007E000D0F8C402FAF77FFFBDE81040FFF7D8BF8A
:1007F00010B5D0F8C402FAF751FFBDE81040FFF77A
:10080000CFBF70B51646044621B194F89C02032868
:1008100041D048E0D4F8941204F1140000250229D4
:1008200032D1D0E902318B4206D95A1A8260314660
:100830002046FFF7B3FE0FE0994214D1406888428A
:1008400011D3D4F8981288420DD2002211462046C6
:10085000FFF7A4FEC4F8985200231A461946204612
:1008600000F0C3F810E094F89C02032805D1D4F8F6
:10087000B802C16809B1204688478021204600F0AF
:1008800040F92046FFF7ACFE94F8A00201280AD1F7
:1008900084F8A05207E0D4F8B80242691AB12046A1
:1008A0009047002800D1002070BD10B513460446C3
:1008B00021B194F89C02032823D02AE0D4F89412A2
:1008C00004F5AA70032924D1D0E9021291420AD971
:1008D0008A1A8260C068824200D3024619462046C6
:1008E000FFF754FE15E094F89C02032805D1D4F8D4
:1008F000B802016909B1204688472046FFF788FE03
:1009000007E0D4F8B80282691AB12046904700285F
:1009100000D1002010BD10B5D0F8C402FAF7ABFE2C
:10092000BDE81040FFF73CBFD0F8C402FBF736B972
:1009300010B51E490446C1F8D802C0F8C4121C48BC
:1009400008600820087102204871C87100200872F0
:1009500048728872C8720846FBF75AFA08B1F6F76F
:1009600033FE0022D4F8C4021823114604F5317472
:10097000FAF750FE5823002280212068FAF74AFE39
:10098000C023002281212068FAF744FE4FF48873C7
:10099000002201212068FAF73DFE4FF48073002207
:1009A00082212068FAF736FE002010BD10180020C2
:1009B000005C00400A0601F07F01D0F8C40201EBA0
:1009C000810100EBC10001D5807C704790F8520195
:1009D000704710B51C461346D0F8C4022246FBF7F8
:1009E000E6F8BDE81040FFF7DBBE10B5D0F8C40252
:1009F000FBF70BF9BDE81040FFF7D2BE70B501253B
:100A0000044680F89C520020C4F894026060C4F848
:100A1000A402D4F8B802E0B1D4F8BC1221B1426803
:100A200012B1002120469047002240231146204663
:100A3000FFF7CFFF4026A4F86451334600228021FF
:100A40002046C4F86061FFF7C4FFA5840020266239
:100A500070BD032070BD90F89C12042903D190F85A
:100A60009D1280F89C120020704710B5D0F8B81283
:100A700021B190F89C22032A02D004E0032010BD8B
:100A8000C96901B18847002010BD0174002070477A
:100A900010B5D0F8C402FBF77BFABDE81040FFF7B1
:100AA0007FBE70B5044600F2AA20054600F056F855
:100AB0000120C4F89402B4F8B002C4F8980294F883
:100AC000AA0210F01F010AD001290ED0022912D06B
:100AD00000F080012046BDE8704000F012B82946C1
:100AE0002046BDE8704000F0CBB829462046BDE85E
:100AF000704000F0EFB929462046BDE8704000F094
:100B000049B910B5D0F8C402FBF796F8BDE810401B
:100B1000FFF746BE10B5D0F8C402FBF753FABDE8A4
:100B20001040FFF73DBE10B5D0F8C402FBF75FFAE6
:100B3000BDE81040FFF734BE90F89C1280F89D127B
:100B4000042180F89C120020704710B5D0F8C40230
:100B5000FBF7A1F8BDE81040FFF722BE70B50546CF
:100B600011F8010B2870087868704C1C2046FEF7BD
:100B70002AFC6880A41C2046FEF725FCA880A01C47
:100B8000FEF721FCE88070BD38B504460020ADF8C2
:100B9000000049B1C4F8B812C96A19B1684688475B
:100BA000C4F8CC02002038BD032038BD0246032023
:100BB000D2F8B832002B02D01B6810461847704795
:100BC0002DE9F0410F462C4E8978002504463170FE
:100BD000012906D939462046FFF7E8FC0320BDE885
:100BE000F08194F89C0202280CD003281DD03946CD
:100BF0002046FFF7DBFC31782046FFF7BFFC0325DA
:100C00002846ECE799B320466160FFF7CFFF050067
:100C100004D039462046FFF7C9FCF1E72046FFF72C
:100C2000F7FC032084F89C02EAE74FF00208C1B108
:100C3000606888421BD0C1B22046FFF79FFC317824
:100C400020466160FFF7B2FF050010D0394620460C
:100C5000FFF7ACFC21792046FFF790FC84F89C82DA
:100C6000CEE784F89C8220466160FFF787FC20462F
:100C7000FFF7CEFCC4E7000060020020FFF74ABF88
:100C80002DE9F0410A78002512F0600208D0202AF0
:100C900001D0402A71D1D0F8B8229268904731E053
:100CA0004B78002201260A2B67D2DFE803F0415E71
:100CB0006658660805662D29FFF7D1FC5FE00446FB
:100CC0008888D8B9C888C8B94888802816D200F062
:100CD0007F0794F89C02032810D084F89E7239464E
:100CE0002046FFF7D5FE2046FFF792FC1FB10220F9
:100CF00084F89C0243E084F89C6240E020463CE09B
:100D0000FFF75EFF05463AE0CB88012B35D190F81E
:100D10009C32012B04D0022B02D0032B2DD104E0F6
:100D20008260012200F1080116E00122011D13E09A
:100D300090F89C22012A03D0022A01D0032A1CD158
:100D4000CA88022A19D1C660D0F8A41209B10321B9
:100D5000C160022200F10C01FFF74DFC0FE0498851
:100D600001290CD1C0F8A46211E090F89C32012B4B
:100D700008D0022B06D0032B04D0FFF717FC28461F
:100D8000BDE8F08149880129F9D1C0F8A422FFF714
:100D90003FFCF4E72DE9F0410D4604462878002693
:100DA000097910F060000BD0202801D040286DD1C7
:100DB000D4F8B8022946826820469047064686E065
:100DC0006878A8B3012822D003287CD194F89C022B
:100DD000022802D0032876D10BE0002973D08029A5
:100DE00071D02046FFF78DFE80212046FFF789FE57
:100DF0006DE0688838B931B1802904D0E88810B92D
:100E00002046FFF77EFE2046FFF702FC5FE094F8E5
:100E10009C020228E1D0032855D16888A8BB480667
:100E200002D02046FFF7DBFC2046FFF7F1FBBFE7CF
:100E3000FFE794F89C020027022802D0032842D141
:100E400011E009B180293ED1080601F07F0000EBD6
:100E5000800004EB800101D5143101E001F5AA7195
:100E600002220F602BE0080601F00F0000EB80006B
:100E700004EB80000BD5808C40B101F07F0000EBCB
:100E8000800004EB800514350CE020E01BE0B0F896
:100E90006401C0B101F07F0000EB800004EB80052D
:100EA00005F5AA7541B1802906D02046FFF782FDDD
:100EB00010B10120286000E02F6002222946204660
:100EC000FFF799FB03E029462046FFF76FFB30460A
:100ED000BDE8F08170B50646087800240D4610F094
:100EE000600003D0202801D0402817D196F89C023A
:100EF000012803D0022801D003280FD12879012826
:100F00000CD8D6F8B8028268304690470446E88884
:100F1000204306D13046FFF77BFB02E03046FFF767
:100F200045FB204670BD10B50446FFF7FCFDD4F824
:100F3000B80218B14268217920469047002010BDC0
:100F40007047000000487047F01500202DE9F04F71
:100F50000C78002530F8243048F68F121340CA78F8
:100F6000002A7DD0012A7CD0022A02D0032A79D01F
:100F7000012548F28002134320F824300E7830F81F
:100F8000263048F68F7423403343134320F826302D
:100F90000B7B48F2C00A48F6BF774CF280094BF64B
:100FA0008F764FF6FF7B4FF4004EE3B3CB7891F88A
:100FB00000C0022B30F82C307ED048F68F6803EA50
:100FC0000803134320F82C30B0F8503091F800C0DB
:100FD000034403EBCC03B1F808C02CF0010CA3F8D8
:100FE00000C4B0F8503091F800C0034403EBCC03C8
:100FF000B1F80AC02CF0010CA3F804C44B7891F8A6
:1010000000C0002B30F82C304FEA43437ED0002B39
:1010100006DA30F82C30234043EA090320F82C305C
:1010200091F800C000E02EE030F82C305B0606D5C9
:1010300030F82C30234043EA0A0320F82C30CB78D8
:101040000C78012B30F8243003EA070301D083F039
:101050002003134320F824300B7830F8231002E0EB
:1010600008E00DE009E03140114320F82310284644
:10107000BDE8F08F43F400737BE743F4C06378E787
:1010800043F4806375E74B78002BB0F8503003448D
:1010900024D00E7803EBC603CE8826F00106A3F811
:1010A00000640B7830F82360760608D530F82360AA
:1010B000264046EA0A0600E061E020F82360CB788B
:1010C000012B06D00B7830F82310394081F0200135
:1010D000CAE70B7830F823103940C5E70F7803EBE7
:1010E000C703CF8827F00107A3F80474B0F8503085
:1010F0000F78034403EBC703B3F80674C7F309077B
:10110000A3F8067403F206430F6900E03DE05FB107
:101110003E2F0DD84FEA570CFF0701D00CF1010C00
:101120001F880BEA8C2C0CE01F8847F400470AE06C
:101130004FEA571CFF0601D1ACF1010C1F884EEAA3
:101140008C2C47EA0C071F800F7830F827305B049F
:1011500006D530F82730234043EA090320F827302A
:101160000B782BB130F82310314081F400517BE72C
:101170000188314081F440511143018077E72340D9
:1011800048F2801843EA08031CE7002B06DA30F81F
:101190002C30234043EA090320F82C3091F800C09A
:1011A00030F82C305B0606D530F82C30234043EA6B
:1011B0000A0320F82C304B7813B1012B2DD035E0E9
:1011C000B0F850300C78034403EBC403B3F8024486
:1011D000C4F30904A3F802440C6903F202435CB1AE
:1011E0003E2C0ED84FEA540CE40701D00CF1010C50
:1011F0001C880BEA8C2C0DE01C8844F400441C80F5
:1012000014E04FEA541CE40601D1ACF1010C1C8837
:101210004EEA8C2C44EA0C04F1E7B0F850300C781C
:10122000034403EBC4030C8AA3F802444B7813B1C4
:10123000012B2DD035E0B0F850300C78034403EB8F
:10124000C403B3F80644C4F30904A3F806440C69C4
:1012500003F206435CB13E2C0ED84FEA540CE4076F
:1012600001D00CF1010C1C880BEA8C2C0DE01C88C1
:1012700044F400441C8014E04FEA541CE40601D1FD
:10128000ACF1010C1C884EEA8C2C44EA0C04F1E70A
:10129000B0F8504023180C7803EBC4030C8AA3F871
:1012A00006440C7830F82430334083F44053134321
:1012B00020F824300DE72DE9F04391F80C804F78A9
:1012C0000A7848F6BF7C4BF68F7948F2800348F2E3
:1012D000C0054CF2800648F68F74B8F1000F28D094
:1012E000002F30F822704FEA474748D0002F05DA28
:1012F00030F822702740374320F822700A7830F8FF
:1013000022707F0605D530F8227027402F4320F841
:1013100022700D7830F825202240324320F8252015
:101320000C7830F8242002EA0C021A4320F824201A
:101330001AE07FB130F82260760605D530F82260D9
:1013400026402E4320F822600A7830F8221001EA65
:101350000C010EE030F822506D0405D530F8225013
:101360002540354320F822500A7830F8221001EA4F
:101370000901194320F822100020BDE8F083002F56
:1013800005DA30F822702740374320F822700A78B7
:1013900030F82260760605D530F8226026402E43CC
:1013A00020F822600E7830F8262022402A4320F8C8
:1013B00026200C7830F8242002EA09021A4320F88B
:1013C0002420C1E730F8581F41F40041018000207B
:1013D000704730F8581FC1F30E010180002070479C
:1013E000012120F8401F00210180818001820846F0
:1013F000704730F8401F4BF6807291430180002007
:10140000704730B54B780A78002B48F68F7530F866
:10141000223048F2800415D05B0607D530F8223020
:101420002B4048F2C0052B4320F82230CA78012A0D
:101430001DD00A7830F8221048F6BF73194081F0A9
:10144000200111E05B0407D530F822302B404CF22C
:1014500080052B4320F822300A7830F822104BF612
:101460008F73194081F44051214320F8221000204D
:1014700030BD10B54A780978002A48F2800330F868
:10148000212005D048F6BF74224082F0100204E00B
:101490004BF68F74224082F480521A4320F82120A8
:1014A000002010BD2DE9F04706460C464878097B20
:1014B0004FF0000848F68F7248F2801748F68F63A5
:1014C00048F2800A012809D0002971D0E07802286A
:1014D0006FD001286ED00120BDE8F087A569206992
:1014E000854200D9054691B1E17802291ED0206AD3
:1014F000401B2062207836F820104906B6F85010BC
:10150000314401EBC00075D5A0F8065418E1ABB228
:10151000E2883046616900F0B1F9B6F850002178F0
:10152000304400EBC100A0F802540FE1216A81426F
:101530007AD9217836F821001040384326F8210066
:10154000206A401B2062207836F820104FF6FF7783
:10155000490661784FF4004967D511B101292AD0B5
:1015600030E0B6F85010314401EBC000B0F806147A
:10157000C1F30901A0F8061400F206404DB13E2D5A
:101580000CD86908EA0700D0491C028807EA8121C3
:101590000BE0018841F40041018013E06909EA068B
:1015A00000D1491E028849EA81210A43028009E0EC
:1015B000EFE008E11DE1B6F85020911901EBC00001
:1015C000A0F806546289ABB23046616900F056F962
:1015D0006069284460612169206A884202D9401B01
:1015E000206202E00546C4F82080607818B1012826
:1015F0002BD032E02FE0B6F850002178304400EBD9
:10160000C100B0F80214C1F30901A0F8021400F2FD
:1016100002405DB13E2D0ED86908EA0700D0491C92
:10162000028807EA81210DE0A0E018E0018841F47A
:101630000041018011E06909EA0600D1491E0288D3
:1016400049EA81210A43028007E0B6F85000217878
:10165000304400EBC100A0F80254228971E011B1BE
:10166000012927D02DE0B6F85010314401EBC0001D
:10167000B0F80214C1F30901A0F8021400F202400C
:101680004DB13E2D0CD86908EA0700D0491C0288EC
:1016900007EA81210BE0018841F40041018010E05C
:1016A0006909EA0600D1491E028849EA81210A43F4
:1016B000028006E0B6F85010314401EBC000A0F8FB
:1016C00002542289ABB23046616900F0D7F86069F4
:1016D000284460612169206A884202D9401B206247
:1016E00002E00546C4F82080607810B1012836D0A9
:1016F00026E0B6F850002178304400EBC100B0F885
:101700000614C1F30901A0F8061400F206404DB119
:101710003E2D0CD86908EA0700D0491C028807EA68
:1017200081210BE0018841F40041018008E0690952
:10173000EA0600D1491E028849EA81210A43028053
:101740006289ABB23046616900F098F8217836F8CA
:10175000210048F6BF72104080F0300053E0B6F828
:1017600050108819217800EBC100CDE6227836F8B8
:101770002200184040EA0A0026F82200B6F850007D
:101780002278304400EBC2008BB2A0F802342289E8
:10179000D8E7A06908B9E07878B1217836F8210057
:1017A000184040EA0A0000BF26F82100A16920691C
:1017B00081421ED9081AA0611DE0217836F8210067
:1017C00010403843F0E7E069A8B1217836F82100ED
:1017D000430401D5430603D444F2400318420AD11E
:1017E00036F82100104048F2C002104326F82100CC
:1017F00001E0C4F81880217836F821004BF68F728A
:10180000104080F4405040EA0A0026F821000020F1
:1018100062E60021A0F844104BF68071A0F8401059
:10182000002070470148FAF74DBA00001018002058
:10183000B0F84400704710B510445C0800F58060B3
:1018400008D030F8022B01F8012B120A01F8012B05
:10185000641EF6D1DA0701D00088087010BD11B9F6
:101860008021A0F84C1000207047012120F8401F73
:1018700000218180032101800020704710B55B1C8E
:1018800010445B0800F580600AD000BF11F8012BFE
:1018900011F8014B42EA042220F8022B5B1EF5D11D
:1018A00010BDFEE7416D09680B6823F001030B6072
:1018B000416D09684A60416D09680A6842F0010299
:1018C0000A6001688868024A1040001D88607047FD
:1018D000C0FFFF7F70B50568AB68224C23405B1CDE
:1018E000AB60C36D40F60165AB4343F48073C365E1
:1018F000C36D23F48013C365036E23F006030366F0
:1019000005681C232B600368DD6845F00105DD6078
:10191000436D1B681D6825F001051D60436D1D6D3D
:10192000DB6C5D60436D93F844501B6C05F01F0643
:101930000125B5405D60436D1B685A60436D0268C8
:101940001B6840329A60426D1268D160416D09682F
:101950000A6842F001020A60016888682040001DA0
:10196000886070BDC0FFFF7F90F8342142B111B193
:1019700090ED4F0A01E090ED4E0AD0ED090A07E024
:1019800011B190ED4F0A01E090ED4E0AD0ED070A3B
:1019900030EE600A80ED500AB5EEC00AF1EE10FAA2
:1019A00001DCB1EE400AD0ED580AB4EEE00AF1EEE7
:1019B00010FA03D29FED350A80ED500AD0ED501A8F
:1019C00090ED510A3249F6EE000A31EE800A91F9A3
:1019D0000020002A60EE200A90ED520A0BD005DDAF
:1019E000F5EEC00AF1EE10FA05D30AE0F5EEC00AF2
:1019F000F1EE10FA05DD90ED551A01EE200A80EDAA
:101A0000520AF0EE400A90ED530AF4EEC00AF1EEED
:101A100010FA02D2B0EE601A01E0B0EE401AB1EE58
:101A2000402AB4EEC21AF1EE10FA07DDF4EEC00A55
:101A3000F1EE10FA04D2B0EE600A01E0B0EE420A14
:101A400080ED520AD0ED540A00F5806201EEA00A42
:101A500080ED570AD2ED060AB4EEE00AF1EE10FA74
:101A600001DD012207E0F1EE600AB4EEE00AF1EEDA
:101A700010FA04D2FF220A70C0ED570A01E00022DA
:101A80000A70C0ED511A90ED570A7047000000002F
:101A9000C80300200B499FED0A0A81ED3A0A002194
:101AA000C0F8D810D0ED050A0749C0ED040A81ED51
:101AB000000A0649006988600549012008707047DE
:101AC00000000000F80900205C000020A430002085
:101AD000B103002003B401984100009850EAC120EE
:101AE00018BF04204A0D18BF40F0010040F2FF72F9
:101AF000B2EB515F08BF40F00200012808BF05208B
:101B000002B070474100080218BF04200A0E18BF37
:101B100040F001004FF07F4232EA010108BF40F07F
:101B20000200012808BF052070470907090E002898
:101B300004DB00F1E02080F80014704700F00F0093
:101B400000F1E02080F8141D7047000010B52DED65
:101B5000040B86B09DED060B10EE100A10EE901AE5
:101B60008DED000B002818BF0120084320F0004035
:101B7000C0F17F6000F1E040C00F21D19DED080B66
:101B800010EE101A10EE900A8DED000B002918BF10
:101B90000121084320F00040C0F17F6000F1E040E7
:101BA000C00F0DD129490798B1EB400F04BF06982B
:101BB000002842D00998400004BF089800283CD073
:101BC0009DED080B53EC102B9DED060B51EC100B0B
:101BD00004F0CEFDCDE902019DED020B40F2FF7154
:101BE00010EE900A8DED000B31EA105021D00798CD
:101BF000039900F0004001F00041884219D09DEDAA
:101C0000080B8DED040B9DED020B8DED000B10EE1E
:101C1000900A059961F31E0005909DED041B9DED52
:101C2000020B51EC110B53EC102B04F04FFECDE9DD
:101C300002019DED020B0AB010BD0120F2F797FDE5
:101C40000AB0BDE8104001F03BB900000000E0FF21
:101C500010B52DED028BF0EE408A18EE900AB0EE32
:101C6000608A20F00040C0F1FF40C00F07D118EE9D
:101C7000100A20F00040C0F1FF40C00F2BD018EE3A
:101C8000101A18EE900A05F059F800EE100A10EE3E
:101C9000100A6FEAD05010F0FF0F04BFBDEC028BAA
:101CA00010BD18EE900A00F0004110EE100A00F08E
:101CB0000040814204BFBDEC028B10BD18EE101A2B
:101CC00010EE100ABDEC028B61F31E0000EE900ACC
:101CD00030EE600A10BD18EE900A4FF07F41B1EB74
:101CE000400F1CBF18EE100A5FEA4000C7D1012068
:101CF000F2F73DFDBDEC028BBDE8104001F010B9DC
:101D000010B510EE100A2DED068BB7EE001A10EE8E
:101D1000901AB0EE418A0022A0F5000CDFEDFE9A89
:101D20004FF00073BCF1FE4F4FF07F4403EB410CCA
:101D300080F0B481BCF1804FC0F02082F7490144AB
:101D40009FEDF73AB1F5005F40F2D48200F58021B3
:101D5000CB0C03F00F0101EE901AC3F307137F3B86
:101D6000A0EBC350B8EEE12A00EE100A1A44DFEDF2
:101D7000ED2AF0EE411A42EE221AF0EE613A70EED0
:101D8000232A30EE632A12EE900A00F500606FF30A
:101D90000B0001EE900A73EEE13A33EE804AC1EE99
:101DA000223A22EE230A10EE100A00F500606FF3CB
:101DB0000B0000EE100A00EE612A00EE442A62EEEB
:101DC000232A70EE221A21EEA12ADFEDD73A02EE85
:101DD000233A23EE023A20EE012A22EE811A03EE84
:101DE000211A32EE010A10EE100A00F500606FF3BE
:101DF0000B0000EE100A72EE401A31EE812A9FEDC0
:101E0000CB1A60EE011A9FEDCA1A20EE011A9FED5F
:101E1000C90A02EE001A31EE810A10EE100A00F52E
:101E200000606FF30B0000EE100AC34871EEC01A99
:101E300031EE812A784400EBC10090ED003AD0EDFC
:101E4000011A100101EE100AF8EEC12A32EE211A31
:101E500031EE001A31EE031A31EE221A11EE100A99
:101E600000F500606FF30B0009EE100A39EE621AFC
:101E700031EE431A31EE400A30EE610A32EE40AAEA
:101E800010EE900A002100F500606FF30B0008EEE1
:101E9000900A084670EEE8AA4FF0000029EE280AE2
:101EA00000F00C01F0EEC00A10EE900AB0F18B4F7A
:101EB0000DDD10EE900AB4EB400F08D310EE100ABF
:101EC0004FF08B4262F31E0008EE900A13E069EEB9
:101ED0002A0A38EEAA1A4AEE010A30EE201A11EE4A
:101EE000100A00F500606FF30B0008EE900A30EE68
:101EF000680A70EE209A0C204FF0000038EEA90A14
:101F0000B5EEC00AF1EE10FA34BFFEEE000AF6EEAE
:101F1000000A30EE800ABDEEC00A10EE100A011170
:101F200000EE101AF8EEC00A00EE100AB8EEC00A71
:101F300038EEC00A30EE290ADFED801A9FED801AD4
:101F400000EE211ADFED7F1A7F4900F00F0040EE0E
:101F5000011A21EE800A794401EB800191ED001A0B
:101F60007A49794401EB8001D1ED001A784901EEFC
:101F7000801A794401EB8000764990ED000A31EE39
:101F8000001AB0EEE00A10EE100A884215DA10EEE0
:101F9000100AB4EB400F10D39FED6F0A30EE800AA9
:101FA000DFED6E0A20EE200A68EE010ABDEC068B1A
:101FB000BCEEC00A20EE200A10BD10EE100A6849DF
:101FC000884243DA10EE100AB4EB400F3ED3BDEE68
:101FD000E00A68EE010A10EE100A00EBD072511010
:101FE000C90501F17E5100EE101AA0EB6200C00598
:101FF00060EE200A00F17E5000EE100A60EE808A4A
:1020000018EE900AB4EB400F0FD10220F2F7AFFBAD
:1020100000F08EFF10EE101A18EE100ABDEC068BC1
:1020200061F31E0000EE100A10BD18EE900A400089
:1020300011D018EE900AFFF765FD042808BF00F0E4
:102040007FFFB0EE680ABDEC068B10BDF5EEC00A4E
:10205000F1EE10FA0FD20220F2F789FB00F070FFC8
:1020600010EE101A18EE100ABDEC068B61F31E007C
:1020700000EE100A10BD0220F2F779FB00F058FFC5
:1020800010EE101AB0EE480A10EE100ABDEC068BE6
:1020900061F31E0000EE100A10BD00BFBCF1804FBE
:1020A0006CD300BF00F1FF43B3F1FE4F24D200BF59
:1020B000B0EEC00A10EE100AC1F3C7537F2B0DDB40
:1020C000972BBFF63BAEC3F196034FF0010C0CFA11
:1020D00003F3A3F1010C1CEA010F08D00120F2F771
:1020E00046FBBDEC068BBDE8104000F019BF0B426B
:1020F00018BFBFEE008A21E643001CBF4FF080737B
:10210000B3EB400F34D96FF01A02DFED161A20EE50
:10211000210A10EE100A27E000000000001080C025
:10212000ABAAAA3E0000803D7EE24C3E00B03842A1
:10213000D49AB8BB3BAA384298500000FC59633788
:10214000C9FF753A1872313D365000006A500000E0
:10215000DA4F00000000FC420000FE420000004B8D
:10216000000040430000004D10F0004FA0D1E5E515
:10217000A0F50003B3F1FE4F21D2DFE503EB4103ED
:10218000B3F1007F11D3F5EEC00AF1EE10FA05D1DC
:10219000430018BFB4EB400F76D883E701F000414D
:1021A00041F0FC5100EE901A7CE7B3F1807F06D23B
:1021B00010EE903AA3F5000300EE903A72E720F09B
:1021C00000426FF0FF4C604C02EB0C03A34210D3B3
:1021D00021F000439C44A4450BD3B0F17E5F18BFAF
:1021E0005FEA410C50D0B2F1FF4F98BFB3F1FF4FFF
:1021F00005D9BDEC068BBDE8104000F08EBEB0F1F5
:10220000FF4F0FD0C1F3C7527F2A09DB972A11DA9B
:10221000C2F19602012303FA02F2531E0B4205D0CB
:10222000002208E011F0004F55D128E00A4218BF03
:10223000012200D1022210F5000F13D028B3B0F113
:10224000004F26D010F1814F4FD04FF0FE42B2EB3D
:10225000400F94BF01200020012202EBE17188426F
:1022600039D10CE011F0004F02D0012A38D032E011
:10227000012A02BF9FED350ABDEC068B10BD9FED14
:10228000340ABDEC068B10BD2FE011F0004F0CD1CD
:1022900021E0B1F1FF4F1ED011F5000F05D011F074
:1022A000004F15D00AB1012A08D00220F2F75FFAD8
:1022B000BDEC068BBDE8104000F022BE0220F2F714
:1022C00056FA00F01DFEBDEC068BB1EE400A10BDC3
:1022D0000AB1012A04D0B0EE690ABDEC068B10BD2C
:1022E000BDEC068B9FED1B0A10BDBDEC068BB7EE57
:1022F000000A10BD30EE410AB5EE001A9FED172A14
:1023000000EE413AB6EE001A60EE001A00EE431AF3
:1023100061EEC11A9FED101A20EE011A20EE020A9A
:102320009FED0F2A01EE820A71EE001A11EE900A5B
:1023300000F500606FF30B0009EE100A31EE491A48
:1023400031EE00AA9CE50000FFFF3F00000080FF87
:102350000000807F0000008000B0B841D49A38BBF4
:102360003BAAB84100B510EE101A2DED028B81B0DA
:10237000524A6846B2EB410F2ED94FF0E640B0EB1F
:10238000410F94BF00204FF0FF3000900098B0EE56
:10239000408A00286ADB10F0010F4BD068EE080A73
:1023A0009FED471A9FED470A00EE810A9FED461AFE
:1023B00010F0020F00EE801AB7EE000A00EE810A5C
:1023C00002BF01B0BDEC028B00BD00BF01B0B1EE99
:1023D000400ABDEC028B00BD3C4B21F00042934211
:1023E00041D911F0004FDFED3A0A20EE201ADFED5F
:1023F000390A19BF31EE601A71EE200A31EE201A47
:1024000071EE600ABDEEE01A11EE100A9FED321A6D
:1024100000F0030000EEC10A9FED301A009000EEBC
:10242000C10A9FED2F1A00EEC10A9FED2E1A00EE91
:10243000C10AABE728EE080A9FED2B1ADFED2B0A45
:1024400010F0020F40EE410A9FED291A00EE201A0B
:1024500061EE000AB0EE480A08EE200AB6D101B0DB
:10246000BDEC028B00BD00F073FD8FE718EE100A83
:102470004000B0F17F4F0DD218EE100AFFF742FB7B
:10248000042808BF00F05CFDB0EE480A01B0BDECC6
:10249000028B00BD09D10120F2F769F901B0BDEC52
:1024A000028B5DF804EB00F03BBD01B0B0EE480AD2
:1024B000BDEC028B5DF804EB00F02CBDB61F927EE4
:1024C000B93AB2BACA9F2A3DDDFFFFBE490E49465E
:1024D00083F9223F0000004B0000C93F00A0FD39F6
:1024E0000020A2331A61342C336D4C39DA82083C57
:1024F000A0AA2ABE00B52DED048BB0EE409AF0EEF6
:10250000609A83B051EC190B04F0ECF941EC180B14
:1025100018EE100A18EE901A8DED008B002818BFE7
:102520000120084320F00040C0F17F6000F1E0404E
:10253000C00F14D019EE101A19EE900A8DED009B01
:10254000002918BF0121084320F00040C0F17F603E
:1025500000F1E040C00F04BF0120F2F708F9B0EE2F
:10256000480A03B0F0EE680ABDEC048B00BD10B55C
:102570002DED028BB1EEC08A18EE100A20F000405B
:10258000C0F1FF40C00F0AD010EE100A20F000404A
:10259000C0F1FF40C00F04BF0120F2F7E8F8B0EE31
:1025A000480ABDEC028B10BD10B51D499FED1A1BEA
:1025B0002DED020B84B0059820F000408842DCBF6E
:1025C00001209DED040B21DD1649884209D10498B4
:1025D00040B94FF00100F2F7CAF800F071FC06B004
:1025E00010BD05DB9DED040B00F05EFC06B010BDD8
:1025F00068469DED040B00F017F800F00100012182
:10260000A1EB40009DED021B9DED000B00F0A4FA34
:1026100006B010BD00000000000000000000000037
:10262000FB21E93F0000F07F2DE9F14F04462DED3D
:10263000020B2DED088B8AB09FEDE70B80ED020BAE
:10264000139EE74826F0004585420ADC9DED120BFB
:10265000002084ED000B0AB0BDEC088B03B0BDE890
:10266000F08FE0489FEDE0AB9FEDE1BBA84247DD76
:10267000E14F9FEDE39B9FEDE48B9DED120B53EC3F
:102680001A2B51EC100B002E1CDD04F0F7F941EC75
:10269000100BBD4208D053EC1B2B51EC100B04F077
:1026A000EDF9C4E900010BE053EC192B51EC100BD0
:1026B00004F0E4F953EC182B04F0E0F9C4E900014C
:1026C0000120C8E703F002FD41EC100BBD4208D029
:1026D00053EC1B2B51EC100B03F0F8FCC4E9000188
:1026E0000BE053EC192B51EC100B03F0EFFC53EC07
:1026F000182B03F0EBFCC4E900014FF0FF30AAE710
:10270000C348A84279DB9DED120B51EC100B00F091
:10271000D1FE41EC180B9FEDC00B53EC102B03F0D6
:102720002FFF9FEDBF1B53EC112B03F0CFFC03F0E9
:10273000CDFE074603F0F9FE41EC190B53EC1A2BC2
:1027400003F01EFF53EC182B04F0C0F841EC180BFB
:1027500053EC1B2B51EC190B03F012FFDFF8C8A24E
:1027600041EC100B4FEA15580125FA4453EC102B9D
:1027700051EC180B04F082F9032DC4E900013DD09F
:10278000C1F30A5005EB4511A8EB00001139814255
:1027900034DA0AEB051BB0EE48AA9BED000BF0EE15
:1027A00068AA53EC102B51EC190B03F0E9FE41EC35
:1027B0001B0B51EC1A0B53EC1B2B04F05FF941EC93
:1027C000180B51EC1A0B53EC182B04F057F953EC7F
:1027D0001B2B04F053F99BED020B41EC1A0B53EC4D
:1027E000102B51EC190B03F0CBFE53EC1A2B04F019
:1027F00045F941EC100B6D1CB8E70EE0002EA8BFA8
:102800003846BFF628AF94ED000B51EC100B03F0E7
:102810001FFCC4E9000178421DE7C6F3130040F431
:10282000801EC6F30A50A0F2F530471100F01F05D4
:10283000C5F12000DDF848B0089000200690079010
:102840000520EC467949002D07EB0002794408BFCA
:1028500051F8221009D051F8223001EB8201AB402F
:102860004A68089922FA01F11943A1FB0E26A1FB3F
:102870000B131A449A4234BF0123002303EB0608CA
:102880000CEB8003D3E901A60E448E4234BF012134
:10289000002192448A4411B1924502D903E0924545
:1028A00001D2012100E00021C3E901A641444CF816
:1028B0002010011EA0F10100C4DC029800F10050BC
:1028C000850F0298DDE903678000DDF8148003F0CE
:1028D0002CFE41EC1A0B304603F03EFE9FED541BDC
:1028E00053EC112B03F04CFE41EC1B0B384603F06C
:1028F00033FE9FED511B53EC112B03F041FE41ECD5
:10290000180B404603F028FE9FED4D1B53EC112B96
:1029100003F036FE41EC190B51EC180B53EC192B5C
:1029200003F0D4FB53EC1B2B03F0D0FB53EC1A2B1E
:1029300003F0CCFBCDE90801002008909DED080BC9
:1029400053EC1A2B51EC100B04F098F853EC1B2BA2
:1029500004F094F853EC182B04F090F853EC192B76
:1029600003F0B4FF9FED381B53EC112B03F008FE6E
:102970009FED370B41EC180B53EC102B9DED080B22
:1029800051EC100B03F0FCFD53EC182B03F09EFBF5
:102990009FED310B41EC180B53EC102B9DED080B08
:1029A00051EC100B03F0ECFD53EC182B03F08EFBF5
:1029B00041EC100B139810F0004F06D06D4251EC13
:1029C000100B03F045FB41EC100B284684ED000B87
:1029D00041E60000000000000000000000000000D0
:1029E000FB21E93F7CD9024000004054FB21F93F24
:1029F0003163621A61B4D03DFB21F93F0000000051
:102A00000000601A61B4D03D7370032E8A19A33B95
:102A1000FB2139410000000083C8C96D305FE43FED
:102A2000000000000000E03FEA48000038480000D5
:102A3000000000000000103E000000000000103CFC
:102A4000000000000000103A182D4454FB21F93D0D
:102A50003326A611460B113C00000054FB21F93D22
:102A600070B504462DED028B4D1E00EBC500B0EE97
:102A7000408AF0EE608A90ED000B35F0060017D02A
:102A800053EC182B51EC100B03F07AFD41EC100BBA
:102A90006D1E04EBC50090ED001B51EC100B53ECC8
:102AA000112B03F013FB41EC100B35F00600E7D1BE
:102AB000022D36D0042D1CD0062D1CBFBDEC028B80
:102AC00070BD53EC182B51EC100B03F059FD94ED35
:102AD0000A1B53EC112B03F0F9FA53EC182B03F0FB
:102AE0004FFD94ED081B53EC112B03F0EFFA41EC72
:102AF000100B53EC182B51EC100B03F041FD94ED2F
:102B0000061B53EC112B03F0E1FA53EC182B03F0E6
:102B100037FD94ED040B53EC102B03F0D7FA41EC86
:102B2000100B53EC182B51EC100B03F029FD94ED16
:102B3000021B53EC112B03F0C9FA53EC182B03F0D2
:102B40001FFD94ED001B53EC112B03F0BFFABDECFD
:102B5000028B41EC100B70BDF1B506462DED040B58
:102B6000BD482DED0C8B8AB0B0EE418AF0EE618A43
:102B7000179D25F000449FEDBABB9FEDBBCB84426F
:102B800008DA9DED160B51EC100B03F09FFC0028AA
:102B900000F0E980B64FA74231DC002D0DDA9DED43
:102BA000160B51EC100B03F053FACDE9160151EC62
:102BB000180B03F04DFA41EC180B9FEDAF0B53ECE3
:102BC000102B9DED160B51EC100B03F07FFE53EC18
:102BD000182B9FEDAB0BCDE9040151EC100B03F06A
:102BE0004DFF41EC100B53EC102B9DED040B51EC01
:102BF000100B03F06BFA9FEDA48BCDE916019DED50
:102C0000160B53EC102B51EC100B03F0B9FCCDE973
:102C100004019DED040B53EC102B51EC100B03F051
:102C2000AFFC41EC190B9A480621B0EE490AF0EED0
:102C3000690A7844FFF714FF9648B0EE40DAF0EEE8
:102C400060DAB0EE490AF0EE690A06217844FFF72F
:102C500007FF9DED041B51EC100B53EC112B03F0FF
:102C60008FFC9DED040B41EC1A0B53EC102B9DEDEA
:102C7000160B51EC100B03F083FC41EC190B53ECD9
:102C80001A2B51EC1D0B03F021FA53EC192B03F016
:102C900077FC53EC182B03F019FA9DED041B53EC51
:102CA000112B03F06DFC53EC182B03F00FFA41ECE1
:102CB000180B9FED790B51EC190B53EC102B03F013
:102CC0005FFC53EC182B03F001FA41EC190B9DED5E
:102CD000160B53EC192B51EC100B03F0F7F941ECE8
:102CE000180BA74269DC304603F01FFC41EC1A0BBD
:102CF00051EC180B53EC1A2B03F0E8F941EC1B0BC9
:102D000053EC182B51EC180B03F03AFC53EC1B2B33
:102D100003F084FA53EC192B03F0B0FE9DED161B63
:102D200053EC112B03F0D2FD9FED5D1B53EC112BE7
:102D300003F026FC53EC1A2B03F0C8FD41EC180BF2
:102D4000022000EAA570C0F1010003F0EEFB53EC95
:102D5000182B03F015FC00BF41EC100B0AB0BDECC2
:102D60000C8B05B0F0BD711C1698214308430CD0A4
:102D70009DED160B012E1CBF53EC102B51EC1C0BC0
:102D800010D000BF03F04AFAE6E79DED160B51ECB8
:102D9000100B00F08FFB41EC100B51EC1B0B53ECB4
:102DA000102BEFE751EC100BFEF794FE042808BF40
:102DB00000F096F89DED160BD0E7012E04BFB0EEA3
:102DC000480AF0EE680AC9D08DED048B0024049403
:102DD0009DED040B53EC102B9DED160B51EC100BDD
:102DE00003F074FD53EC192B03F070FD41EC190B4B
:102DF00053EC182B51EC1C0B03F010FA41EC180BA0
:102E00008DED008B00949DED040B53EC102B9DED8C
:102E1000000B51EC100B03F0B3FB53EC1B2B03F036
:102E200055F99DED000B41EC1A0B53EC192B51ECAD
:102E3000100B03F0A5FB53EC1A2B03F047F953ECEE
:102E4000182B03F09DFB9DED001B53EC112B03F0A1
:102E50003DF981E7000000000000303E0000000066
:102E6000000000000000F03F000000000000F0BF84
:102E70002894E53F00000000182D4454FB21E93F51
:102E8000075C143326A6813C00000000000000000F
:102E90000A45000020450000635555555555D53F5E
:102EA000000000000000004010B553EC102B51EC66
:102EB000100B03F00BF941EC100B10BD00000000EB
:102EC0009FED050B10B553EC102B51EC100B03F0DC
:102ED000A5F941EC100B10BD00000000000000003F
:102EE0009FED050B10B553EC102B51EC100B03F0BC
:102EF00047FB41EC100B10BD00000000000000106B
:102F0000DFED030AB7EE001A81EE200A70470000D9
:102F10000000000030EE000A704730EE200A7047D3
:102F2000DFED020A80EEA00A7047000000000000FA
:102F30009FED020A20EE000A7047000000000070BA
:102F40009FED020A20EE000A70470000000000100A
:102F50002DE9F0014FF07F42B2EB410F9FBF4FF0E0
:102F6000FF310160BDE8F00170474FF0004242EAD6
:102F70000123C1F3C752783A551112F01F0C434C8C
:102F8000CCF120067C44C1F3C752A2F178024FEA8B
:102F9000621204EB820254F8254008BFD2E90156C0
:102FA00012D0556804FA0CF425FA06F73C439768EA
:102FB00005FA0CF527FA06F8D26807FA0CFCF2407D
:102FC00045EA08054CEA0206A4FB034CA5FB0352A4
:102FD000A6FB03631D449D4234BF0126002613193E
:102FE000334416B1934202D903E0934201D2012245
:102FF00000E00022624402F1200C9206DC0C42EA5E
:10300000443200EE102A5B03DFED210AF8EEC01A0D
:1030100000EE103A4FEA9C1C11F0004FB8EE400A47
:10302000C0F800C020EE201A00EE105ADFED190A99
:10303000B8EE400A20EE200A71EE810A70EE800A96
:1030400010EE902A02F500626FF30B0200EE902A58
:1030500070EEE11A31EEC11ADFED101A30EE411AAE
:103060009FED0D0A20EE800A01EE210A9FED0C1A59
:1030700000EE810A04BFBDE8F0017047CCF1805139
:103080000160BDE8F001B1EE400A704798410000D0
:10309000000000360000802C22AAFD29DB0FC92F7A
:1030A0000000C92F30380A2801D2012070470020C3
:1030B000704700009FED163AF6EE002A60EE833A64
:1030C00040EE623A63EEA14ADFED123A20EEA34AE7
:1030D00060EE233A40EE014A20EEC11A00EE624A49
:1030E00040EEE23A20EE030A00EEE20A03EEE11AB5
:1030F00044EE024A9FED084A00EE421A64EE844A0A
:10310000C0ED004A21EE040A81ED000A704700007C
:10311000D7B35D3FD7B35DBFABAA2A3F70B58AB0C6
:103120000024CDE90024CDE902430D46064604946F
:103130000594069407943046F6F72EFD0028FAD041
:103140002A4669463046F6F70BFC0AB070BD00000F
:1031500010B511EE900A2DED068BB0EE418AF0EE1F
:10316000608AB0EE40AA03F073FD6AEE0A0A28EE08
:10317000A81A41EC190B80EE810ADFED150A08EE62
:10318000480A20EE200A10EE100A03F061FD41EC1F
:10319000100BFFF7AFF99FED0F1B51EC100B53EC29
:1031A000112B03F0EDF99FED0D1B53EC112B03F0E8
:1031B000E7F953EC192B03F031F802F055FF00EE5C
:1031C000100ADFED080ABDEC068B20EE200A10BDC8
:1031D0000000C8429A9999999999B93F0000000056
:1031E00080842E416F12833A10B502460020064BB0
:1031F00004E000BF12F8014B4440185D0C1EA1F121
:103200000101F7DC10BD0000F400002030B54FF6DE
:10321000FF75B1F8D010D0F8D040A5EB810105EAD8
:10322000840489B2611A00EE901ADFED3A2AB8EEF2
:10323000E01AB5EEC01AF1EE10FA01D231EE221A00
:10324000F7EE000ADFED341A30EE202AC1EE820AD2
:10325000FDEEC11AF8EEE11A81EEA03AFDEEC31AB6
:1032600011EE901A01EE904AF8EE611A81EEA23A40
:1032700001EE901AF8EEE11A63EE202A41EEA02A40
:1032800072EEC11A81EEA01A01EE903AF8EEE11A40
:10329000C1EEA02A71EE620A10EE903AB3F17C5FA3
:1032A00001DD491E05E010EE903AB3F13F4F00D921
:1032B000491CF7EE000A002930EE200ABDEEC00AD4
:1032C00002DA10EE103A194410EE103ABCEEC20ABF
:1032D00091FBF3F403FB141410EE101AC1F34E0328
:1032E000A11A994206DD00EE101AB8EEC00A30EEBF
:1032F000420A08E05A42914209DA00EE101AB8EE8A
:10330000C00A32EE000ABDEEC00A10EE101AC0E983
:10331000371430BD00FF7F47000080472DE9F041A2
:103320004FF0E0250446AF69F7F7B6FA0646AA2043
:103330004443BC420CD900BFF7F7AEFAB042FBD011
:103340000849381B0844A9698142FCD8BDE8F081CE
:103350003C1BA869A042F9D9F7F79EFAB042F8D011
:10336000F4E700001098020020EE012ADFED132A96
:1033700000EEE12A20EEA23A80ED002AB6EE002A05
:1033800000EE423A63EE013A9FED0D3A20EE034A19
:1033900020EE833A00EEC24A00EE423A20EE220AC4
:1033A00000EEC20A23EE011A44EE613A00EE611A01
:1033B000C1ED003A82ED001A70470000D7B35D3FBF
:1033C000D7B35DBF2A4910B5097800294ED100F561
:1033D00080619FED280AB6EE001A80ED250A80ED87
:1033E000240A80ED500A80ED510A80ED520A80EDEA
:1033F000570A80ED4E0A80ED3C0A80ED3D0A80EDD3
:10340000410AD0ED040AC0ED3A0A81ED010AF6EE58
:10341000000AC0ED1E0AC0ED1F0AC0ED200A80EDB3
:10342000210A80ED220A80ED230A80ED190A80ED41
:103430001A0A80ED470A80ED450A80ED4B0AF6EE48
:10344000000AB6EE000AFAF7FDF9FAF725FA0A497A
:10345000002008600949022008600948018841F0FD
:10346000010101804FF090410820886110BD0000EB
:103470008003002000000000380000207C030020B2
:103480008C030020094910B5002008600848018815
:1034900021F0010101804FF0904108208862FAF785
:1034A0000BFABDE81040FAF7A4B900007C03002035
:1034B0008C03002082B0CDE9000121F00040019092
:1034C0009DED000B02B051EC100B7047F8EE400A76
:1034D0009FED031A9FED030A10EE810A704700006A
:1034E00000000034F6E8FD4230EE413A30EE410A89
:1034F00061EE822AB2EE004A02EE203A12EE600A33
:1035000062EE823A21EE844AB5EEC03AF1EE10FA4C
:1035100002DDB0EE431A01E0B0EE401AB5EEC03A5B
:1035200024EE014A02EEA24AB1EEC41AF1EE10FAFC
:1035300001DDB0EE430AB4EEE30AF1EE10FA04D86E
:1035400083EE020A70EE200A11E031EE620AB6EE56
:10355000001AB5EEC03A20EE010AF1EE10FA02DDD3
:10356000B7EE001A01E0BFEE001A40EE010AF5EED8
:10357000C00AF1EE10FA02DDB0EE600A01E0B1EE31
:10358000600AB4EEE20AF1EE10FA04D861EEE00A45
:1035900080EEA20A7047F5EEC00AF1EE10FA02DDE5
:1035A000B7EE000A01E0BFEE000AB1EE400A704734
:1035B0000121B4EEC10A01FA00F0F1EE10FA01DDCA
:1035C000401E7047B4EEE00AF1EE10FA01D200207E
:1035D000704731EE601A70EE600A401E00EE100A6D
:1035E000B8EEC00A20EE800AC0EE010ABDEEE00A85
:1035F00010EE100A7047000070B5054600681349C8
:103600000840B0F1005F1FD1FBF738FB104CA06DF4
:1036100020F08050A065F6F70BF90021A165E16567
:103620002166A164E1642165A06D20F08050A06551
:10363000012080F31088686806498860296881F352
:103640000888BDE87040004770BD00000000FE2FF4
:10365000001002409003002010B504462DED088BA9
:103660009FED451A20EE011A81EE200A10EE100A95
:1036700003F0EEFA41EC100BFEF796FF51EC100B45
:1036800002F0F2FC08EE900A28EEA88A18EE100A62
:1036900003F0DEFA9FED390A41EC190B68EE808ADF
:1036A00018EE900A03F0D4FA9FED35AB53EC1A2BC9
:1036B00002F00CFD53EC192B02F008FD41EC100B4D
:1036C00051EC1A0B53EC102B02F0A8FD02F0CCFCCD
:1036D00009EE100AF0EE000A19EE100A28EE090AA7
:1036E00060EE200A84EC020A84ED020A03F0B0FACC
:1036F00041EC1B0B18EE100A03F0AAFA53EC1A2B3C
:1037000003F0BCF99FED201B53EC112B02F038FFA6
:1037100053EC1B2B02F034FF02F0A6FCE06019EE24
:10372000100A03F095FA41EC190B18EE100A03F099
:103730008FFA41EC1B0B18EE900A03F089FA53EC58
:103740001A2B03F0C3F853EC1B2B02F0BFFC53EC15
:10375000192B02F015FF02F087FC9FED0D0A206186
:1037600084ED060A84ED050A84ED080A84ED070A53
:10377000BDEC088B10BD0000DB0F4940F304B53FE2
:10378000000000000000F03F0000000000000040CA
:103790000000000070B50C462DED028BB0EE408AA3
:1037A00090ED000A054660EE000A91ED000A40EE39
:1037B000000AB0EE600AFEF7DAFEB4EEC80AF1EED7
:1037C00010FA0FDDD5ED000A60EE880A80EE801A4F
:1037D00085ED001AD4ED000A60EE880A80EE801AAA
:1037E00084ED001ABDEC028B70BD00002DED0C8B3A
:1037F00082B072B6F7F73EFEFBF7ECFDFAF780FFFA
:10380000FAF708FFFAF78AFDFAF7F2FDFAF750FE29
:10381000FAF7A6FEFAF72CFFFBF70EF8FBF77AF99A
:10382000FBF77AF9FBF7B2F9FBF772FAFBF7E6F967
:1038300062B6002080F310884FF47A7A5046F6F78B
:103840000DF80021FD48F9F7CBFBF9F7D2FFFC4852
:10385000807808B172B6FEE7FA484FF000080068B9
:10386000F848001D0068F74808300068FBF786FC40
:103870000322F549F548FEF72DF8F3490322891F85
:10388000F348FEF727F8F34ED6F83803072802D39B
:103890000120C6F83803F04DF04C96F8380385F84F
:1038A0001004606820F00040C0F1FF409FEDEC9AEA
:1038B000002801D584ED019AA06820F00040C0F1F5
:1038C000FF40002801D584ED029AD4F8B800F7EE45
:1038D000009A20F00040C0F1FF40002801D5C4ED5F
:1038E0002E9AD94F94ED2E0A663FDE4887ED0F0AD7
:1038F000006A411C00D008B902F0ECF9F068B1464A
:1039000000EB8000D54E80007862D6ED200A9FED56
:10391000D61AD6484FF4804480EE810A214680EDC5
:10392000000ACC48B0EE490AD0F8AC23D048F3F7EF
:10393000D9FBC848B0EE490A2146D0F8AC23CD489F
:10394000F3F722FDC348B0EE490A2146D0F8AC2374
:10395000C948F3F715FE9FEDC98AC548B0EE480A7D
:10396000F3F748FC00BF00BF00BF00BF00BFB0EED0
:10397000480AC048F3F74CFDB748F3F723FFC048A7
:10398000F3F710FBBF49B348BA4CC1F80080007888
:1039900085F8A800B64896ED010AAE4980ED020A06
:1039A00096ED020A4FF4807284ED040A1431F0306F
:1039B000F0F729FE96ED210AB148C9EE800A583089
:1039C000C0ED070A96ED1F0AC9EE800AC0ED080A8D
:1039D0005046F5F743FFAC48F5F718FDB6EE001A70
:1039E000F6EE000AB6EE000AF9F72CFFF9F754FFDD
:1039F000994800F00FFC97484168A44800F072FC19
:103A0000A248F6F740FC00220121A048F5F738FF54
:103A10009F48006800EE100AF8EE400A9FED9D1ADC
:103A20009FED9D0A9A4900EE810A1431BCEEC00A4E
:103A300010EE100A0860F9F73FFFB6EE001AF6EE36
:103A4000000AB6EE000AF9F7FDFE8348FFF71AFDFB
:103A500005E08748F3F7CEFB0A20F5F7FFFE38793B
:103A6000B0EE480A0028F4D08248F3F7D1FC9FED6D
:103A70008B1AD4ED040A94ED030A894830EE600AEB
:103A800006E000BFD7ED170A70EE810AC7ED170AEE
:103A9000D7ED170A70EE200A10EE901A8142F1D885
:103AA0008049D7ED170AA34670EE200A10EE900A5F
:103AB000884206DDD7ED170A70EEC10AC7ED170A76
:103AC000EFE74FF480317848F7F79EFB774981F8AC
:103AD0000080DFED77DA9FED77BB9FED78CBB0EE1E
:103AE00000DAB6EE00AADFED77AADFF8DCA101204C
:103AF000F5F7B4FE584C94ED030A20EE2D0A10EEB3
:103B0000100A03F0A5F8504D41EC180BAD1F688862
:103B100002F022FD53EC1B2B02F032FD53EC1C2B68
:103B200002F02EFD53EC182B02F0D0FA02F09CFAB2
:103B3000E060386C401C3864A888FBF75FF9F0EE51
:103B4000400A97ED110A30EE800A87ED110A2888A5
:103B5000FBF70AF9F0EE400A97ED120A30EE800A00
:103B600087ED120A386CB0F5FA7F17D300EE900A91
:103B700097ED111AF8EE600AC1EE201A00EE900AD5
:103B8000F8EE600A80EE201AC4ED5E1A84ED5F1A2A
:103B9000C7F8408087ED119A87ED129A4B4800785C
:103BA00078B14B48C9F82403FBF706FB3748F6F712
:103BB0006AFB4848F8F774FF4FF00060FFF71CFD00
:103BC000FEE74548007848B14646CAF800802248DA
:103BD000FFF758FC4048067001F0BAFC3F480078F7
:103BE000D0B1CAF800801C48FFF74CFC2E4E30685C
:103BF000C16821F00101C1602448F6F75AFBFBF7C8
:103C0000DBFA3068C16841F00101C1601F48F6F776
:103C10003AFB324981F80080314E307800280CD0D0
:103C2000787940B91949084681F81080F6F76EF89E
:103C300010B172B6FEE75DE054E003E158080020E1
:103C40009C030020107AFF1F66000020E40400207F
:103C500050050020A4310020F8090020A4300020E5
:103C60000000000000F0010800409C46AC0300206A
:103C7000240F002068110020AC13002000007A46B9
:103C8000A00D002088030020780400209406002066
:103C90002C2C0140A4707D3F00004843DB0FC9403D
:103CA000DB0F49C0DB0F4940F8060020B2030020BB
:103CB0003333333F9FBA6882F136A03F00000040A3
:103CC0003333D33F000080467C030020B70300203D
:103CD000CDAB3412F4070020B0030020B103002064
:103CE000B3030020FB48F6F7CEFA01207871FA48BA
:103CF000FFF768FB022084F8100484ED3A9AC4EDC3
:103D00004E9A84ED3E9AB1EE040A84ED400A84EDA9
:103D10005B9ACAF80000F86C42F2107188427DDBB1
:103D200086F8008000EE100AD7ED140AB8EEC01A2B
:103D300080EE810A87ED140AB5EEC00AF1EE10FAA2
:103D400008D2E648D0ED350AF8EEE00A30EE800AF7
:103D500087ED140AE148E24E90ED350A96ED2E1AF1
:103D6000B8EEC00AC0EE010A97ED140AFDF770FF25
:103D700087ED140ADBF8D40000EE900AF8EEE01AA2
:103D8000D6ED2E0A20EE8D1A81EE812AB4EEC02ADD
:103D9000F1EE10FA08D201EE100AB8EEC11AC1EE27
:103DA000201A30EE610A13E0414201EE901AF8EE5B
:103DB000E11A81EE812AB4EEC02AF1EE10FA09DD93
:103DC00001EE100AB8EEC11AC1EE201A31EE800AD7
:103DD00087ED140A4646CAF80080BF48FFF752FB39
:103DE00097ED140A0120BDEEC00A89EDAA0AC9F8B0
:103DF0001800BC48FE6487ED149A0068C16821F081
:103E00000101C160FBF7D8F9B6480068C16841F00C
:103E10000101C160B448CD21017000E00DE0FE2138
:103E200041708671DC21C171D9F804200146082354
:103E3000A84802F5E062FFF771F9FAF719FCA54806
:103E4000F6F721FAA9480178F1B3B87968B9A14920
:103E5000084681F81080F5F759FF08B172B6FEE701
:103E60009C48F6F710FA0120B8719A48F6F70BFA59
:103E70009B4809F529729E4990ED2E0A0CCA30EE36
:103E8000690A9648FFF7C2F9944E954896ED370AAD
:103E9000F8EEC00A90ED2E0A40EE0A0A60EEAA0A79
:103EA00080EE801ABDEEC10A10EE100A01B2B6F81B
:103EB000D00000B201F020FED6F8DC20D6F8F801E0
:103EC000824204D0388900E035E0401C3881D6F8C1
:103ED000F411D6F8D800884202D07989491C79813A
:103EE000C6E97D028049CD2000EE102A087003202B
:103EF0004870B6F8D0008870000AC8707848F8EEAC
:103F0000C00A082390ED2E0A40EE0A0A20EEAA1AF3
:103F1000C1EE000ABDEEE00A10EE100A0871000AB8
:103F20004871DC20C871D9F804206A4802F5E062C3
:103F3000FFF7F4F80BE0007848B9B879012806D10A
:103F4000FAF796FB6348F6F79EF987F80680694E04
:103F5000307800287BD0DAF8000000287ED178790C
:103F600068B95C49084681F81080F5F7CFFE08B1C2
:103F700072B6FEE75748F6F786F9012078710120FE
:103F800001F0C2FAB6EE001AF6EE000AB6EE000A2A
:103F9000F9F758FCF9F780FCF9F730FC3220F5F717
:103FA0005DFCF9F737FC4F480068C16821F001015A
:103FB000C1604848F6F767F9B0EE490A4FF480410E
:103FC0004648D9F8AC23F3F78DF843494348F2F754
:103FD00035FE41494148F2F73DFA009099F800005A
:103FE00084F8A8003E48CD21082390ED010A3B4803
:103FF00080ED020A3C480170FF214170DC21C17153
:10400000D9F804200146334802F5E062FFF786F84C
:1040100034480068C16841F00101C1602D48F6F7DD
:1040200032F9444686F80080CAF800802A48FFF733
:1040300029FAF9F7DEFB009801F066FA254901201C
:1040400008740846F5F762FE10B172B6FEE705E0A7
:10405000FAF70EFB1F48F6F716F97C712648007830
:1040600048B1DAF80000544628B9206858B12068F1
:10407000072800D02068214C207848B3DAF80000E7
:10408000564660B144E087ED159A87ED0B9A1248C9
:10409000C7F82880FFF796F907202060EBE7306823
:1040A000B0B94FF4FA60F0F781F9154908604FF4A0
:1040B000FA60F0F77BF9134908600748C7F82880D1
:1040C000FFF780F9207801281ED0207802281DD023
:1040D0001EE0000094060020F8090020240F0020B4
:1040E000A4300020F80600206C000020B40300205B
:1040F00068110020B2030020B8030020B90300209B
:10410000C4030020C0030020092000E00A20306022
:10411000F87840B300243948006850F8240002F0D1
:1041200097FD054636480E46006850F8240002F018
:104130008FFD41EC110BCDE9005653EC112B31A052
:1041400000F07EFA1420F5F789FB641CB4F5FA7FC1
:10415000E1DB2B480068F0F758F928480068F0F7D1
:1041600054F987F80380F869401CF861B97891B375
:104170003A7852B1F97999B1B96988427FF7B7AC09
:1041800087F80780C7F81C80B1E4D9F804100A2228
:1041900091FBF2F302FB131139700121F971EBE786
:1041A0003B69984205DA00BF4FF090444FF0080198
:1041B000A16107DD79691944814203DD4FF0904424
:1041C0000821A162796919448142DDDA521E3A70F0
:1041D000C7F81C808BE4FFE7DAF80010504639B1CD
:1041E00000680228D0D14FF09041082088617EE419
:1041F0004FF090410820886279E40000C00300205D
:10420000C4030020492C252E35662C252E35662C1E
:10421000510000002DE9F0474FF0000890B08146B2
:104220004746464666243C2229496846F0F7EBF9A2
:10423000B6EE001AF6EE000AB6EE000AF9F702FB37
:1042400000254FF6FF7A2348F4F72CF90120F5F703
:1042500005FB51461F48F4F78FF809211D48F4F774
:1042600073F8074409211C48F4F76EF86D1C80446C
:10427000A542E8DB1948009069461648F3F79AFD15
:1042800000251448F4F70EF90120F5F7E7FA514636
:104290001048F4F771F809210E48F4F755F86D1C31
:1042A0000644A542EDDB0E48009069460948F3F745
:1042B00081FD98FBF4F1C9F8BC1097FBF4F1C9F843
:1042C000C01096FBF4F1C9F8C41010B0BDE8F08737
:1042D000946E01080C0400207804002002003004D1
:1042E0004000201910B588B000240120CDE902401B
:1042F0000490C1F30A000590019440F2FF7006900B
:1043000001A90748F5F751FB08B1F3F75DF9002360
:104310001A46194602480094F5F775FB08B010BD1F
:10432000940600202DE9F04105460C4691EDEA1A6D
:10433000D1EDEB0A91ED040A1020FFF739F906469A
:1043400094EDEC1AD4EDED0A94ED070A0C20FFF77A
:104350002FF9074694EDEE1AD4EDEF0A94ED170A03
:104360000C20FFF725F91049097801F01F0141F0F1
:1043700020012970310A6970AE703909E97039017C
:1043800041EA20212971687194ED5F0ABCEEC00AF0
:1043900010EE100AA87194ED5E0ABCEEC00A10EE91
:1043A000100AE871BDE8F081800300202DE9F04794
:1043B000264D04460E4695ED061AD5ED050A91EDFB
:1043C000040A1020FFF7F4F8074695ED091AD5ED19
:1043D000080A96ED070A0C20FFF7EAF896ED170A8F
:1043E000D5ED210A804695ED0F1A20EE200AD5ED75
:1043F0000E0A0C20FFF7DCF8054696ED5F0A082050
:104400009FED131ADFED130AFFF7D2F8814696ED00
:10441000030A08209FED101ADFED100AFFF7C8F815
:10442000380A207067704FEA1810A0704FEA081120
:1044300041EA1520E0700A48257184F8059000884B
:10444000010AA171E071BDE8F0870000A4300020EE
:1044500000005743000020C200007F43000000001E
:104460008C030020F0EE400A21B390ED010AD0ED5C
:10447000051A90ED001A90ED062A20EE210AD0EDE3
:10448000082A01EE200A90ED021A01EE020A90EDD0
:10449000032A90ED071A02EE410A90ED042AC0EDBE
:1044A000061AC0ED050A80ED081A02EE620A80EDD8
:1044B000070A7047B0EE600A70470000F0B55E4929
:1044C000002200F580630A8090ED170AD3ED120AEE
:1044D0001546B0EEC00AB4EEE00AF1EE10FA0EDBBB
:1044E00090ED070AD3ED130AB0EEC00AB4EEE00A6D
:1044F000F1EE10FA03D84C68641C4C6000E04D608B
:104500004E4CD4F88442E60614D590ED030AD3ED60
:104510000D0AB4EEE00AF1EE10FA01D2022209E02F
:10452000D3ED0E0AB4EEE00AF1EE10FA02DD01223C
:1045300002260E80660725D590ED000AF0EEC00A2F
:1045400093ED0F0AF4EEC00AF1EE10FA01DD062237
:1045500014E0D0ED010AF0EEE00AF4EEC00AF1EE4C
:1045600010FA01DD072209E0D0ED020AF0EEE00AC0
:10457000F4EEC00AF1EE10FA04DD08220E8846F0CF
:1045800004060E8026070DD590ED5E0AD3ED100AC5
:10459000B4EEE00AF1EE10FA04DD0E88092246F4CA
:1045A000806629E0E60711D090ED040AD0EDEA0A12
:1045B000B4EEE00AF1EE10FA06DCD0EDEB0AB4EE50
:1045C000E00AF1EE10FA01D20D2216E0A60714D58A
:1045D00090ED070AD0EDEC0AB4EEE00AF1EE10FA25
:1045E00006DCD0EDED0AB4EEE00AF1EE10FA04D2EA
:1045F0000E880E2246F010060E80A6060AD5D0F8C8
:1046000050644F68BE4205D24D6008880F2240F4C6
:1046100080700EE0E4050DD590ED5F0AD3ED110A30
:10462000B4EEE00AF1EE10FA04DD0888122240F040
:10463000080008801046F0BD84030020A43100204B
:104640000FB440F2014110B503AB0548029AEFF7F1
:104650007BFF01460248F1F7E7FE10BC5DF814FB52
:10466000A43500202DE9F05F0C46017890F801C0D8
:104670008379672948D1C179762945D1F84DDFF88A
:10468000E4B3F94A4FF0010905F5806605F56A774C
:10469000B7EE000ADFEDF50A9FEDF51AF5494FF484
:1046A000FA7E01F1800ABCF1450F2DD2DFE80CF053
:1046B0002E26F230234BF12C2C2CF0EFEEEDECEB10
:1046C000EAE9E8E7E6E5E4E3E2E1E0DFDEDDDCDBC2
:1046D000DAD9D8D7D6D5D4D3D2D1D0CFCECDCCCBB2
:1046E0002CCAC9C8C7C6C5C4C3C2C1C0BFBEBDBC31
:1046F000BBBAB9B8B7004846DF4922E0002C03D165
:10470000DE4900BF81F80090BDE8F09FDC49F9E781
:10471000817879B1012910D00229F5D1002CF3D18B
:10472000D8490B70D849B0F803200A80D74940799E
:104730000880E9E74846D64903E0002CE4D1D54992
:1047400048460870E0E7012CDED081780023D24D86
:10475000D24CFF294DD0E9B3D14ED24D01294CD0D6
:10476000FE294BD01A294AD01B29CDD184F80090BC
:10477000C178012944D0022943D0032942D0042919
:1047800041D0052940D006293FD007293ED008292D
:104790003DD009293CD00A293BD00B293AD00C291D
:1047A00039D00D2938D00E2937D00F2936D010290D
:1047B00071D0112970D012296FD013296ED014290D
:1047C0006DD015296CD016296BD017296AD01829FD
:1047D00069D000E068E0192972D01A2971D01B292C
:1047E00092D190F90400C2F88002BDE8F05FFAF7B8
:1047F000E3BC2B7084F8009086E759E05CE061E050
:104800001AE11DE120E123E126E14DE150E153E110
:1048100056E159E15CE160E164E168E16CE1F8E3F3
:10482000F8E3F8E3F8E3F8E3F8E3F8E3F8E3F8E3B0
:10483000F8E3F8E3F8E3F8E3F8E3F8E3F8E3F8E3A0
:10484000F8E3F8E3F8E3F8E3F8E37FE36AE39FE3F0
:10485000F5E3F5E3CDE3BCE3ABE352E33FE32DE364
:104860001BE309E3F7E2E5E2D3E2C1E2AFE29DE256
:104870008BE279E267E251E240E224E211E2FEE1FA
:10488000EBE1D8E1C5E1B2E19FE18CE17AE1E8E357
:1048900071E1FCE36CE134E138E13CE140E144E109
:1048A00048E14CE150E154E185F8009023702BE79A
:1048B00086F800902B7027E7337085F8009023E787
:1048C0004CE150E184F80090C178012938D00229E8
:1048D0003AD003293CD004293ED0052940D00629EE
:1048E00042D0072944D0082946D0092948D00A29AE
:1048F0004AD00B294CD00C294FD00D2952D00E296B
:1049000055D00F2958D010295BD011295ED012291B
:1049100061D0132964D0142967D015296AD01629CB
:104920006DD0172974D0182977D019297AD01A296F
:104930007DD01B29BBD190F90400C2F8A40354E731
:104940000079C2F83C03DFE60079C2F84003DBE6F9
:104950000079C2F84403D7E60079C2F84803D3E6E9
:104960000079C2F84C03CFE60079C2F85003CBE6D9
:104970000079C2F85403C7E60079C2F85803C3E6C9
:104980000079C2F85C03BFE60079C2F86003BBE6B9
:1049900090F90400C2F86403B6E690F90400C2F886
:1049A0006803B1E690F90400C2F86C03ACE690F934
:1049B0000400C2F87003A7E690F90400C2F874037B
:1049C000A2E690F90400C2F878039DE690F904008D
:1049D000C2F87C0398E690F90400C2F8800393E6DD
:1049E00090F90400C2F884038EE690F90400C2F83E
:1049F000880389E690F90400C2F88C0384E690F9F4
:104A00000400C2F890037FE602E006E00AE00EE050
:104A100090F90400C2F8940376E690F90400C2F815
:104A2000980371E690F90400C2F89C036CE690F9D3
:104A30000400C2F8A00367E60079C2F8180263E632
:104A40000079C2F81C025FE60079C2F820025BE63A
:104A50000079C2F8240257E60079C2F8280253E62A
:104A6000F8090020240F0020A431002000409C46BB
:104A700000000000A4300020B7030020B003002095
:104A8000B1030020B9030020BA030020BC030020BA
:104A9000B2030020B8030020B3030020B5030020B8
:104AA000B4030020B60300200079C2F82C022BE6E4
:104AB0000079C2F8300227E60079C2F8340223E612
:104AC0000079C2F838021FE60079C2F83C021BE602
:104AD00090F90400C2F8400216E690F90400C2F80A
:104AE000440211E690F90400C2F848020CE690F97D
:104AF0000400C2F84C0207E690F90400C2F8500224
:104B000002E690F90400C2F85402FDE590F90400B1
:104B1000C2F85802F8E590F90400C2F85C02F3E527
:104B200090F90400C2F86002EEE590F90400C2F8C2
:104B30006402E9E590F90400C2F86802E4E590F93E
:104B40000400C2F86C02DFE590F90400C2F87002BC
:104B5000DAE590F90400C2F87402D5E590F9040092
:104B6000C2F87802D0E590F90400C2F87C02CBE5E7
:104B700001F0B0F8C2E5012C99D1042B97D1FD4981
:104B80000A2015E2FC4A012C01D1042B08D0D0F8F0
:104B90000200086491ED100A012C85ED340A86D1DB
:104BA00011460C2004E2F44A121D012C01D1042B01
:104BB00008D0D0F80200486491ED110A012C85ED6F
:104BC000360A84D111460D20F2E1EB4A0832012C5D
:104BD00001D1042B08D0D0F80200886491ED120AAC
:104BE000012C85ED350A86D111460E20E0E1E24A1E
:104BF0000C32012C01D1042B08D0D0F80200C8647B
:104C000091ED130A012C85ED370A88D111460F204A
:104C1000CEE1D94A1032012C01D1042B08D0D0F8B2
:104C20000200086591ED140A012C85ED390A85D141
:104C300011461020BCE1D04A1432012C01D1042BC2
:104C400008D0D0F80200486591ED150A012C85EDD9
:104C5000580A87D111461120AAE1C74A1832012CFF
:104C600001D1042B08D0D0F80200886591ED160A16
:104C7000012C85ED420A92D11146122098E1BE4ADC
:104C80001C32012C01D1042B08D0D0F80200C865D9
:104C900091ED170A012C85ED380A92D111461320A7
:104CA00086E1B54A2032012C01D1042B08D0D0F87E
:104CB0000200086691ED180A012C85ED530A92D185
:104CC00011461420F2E3AC4A2832012C01D1042B06
:104CD00011D0D0F80200886691ED1A0AB5EEC00A2C
:104CE000F1EE10FA03D2B1EE400A81ED1A0A86ED18
:104CF000060A012C89D111461520D7E3012C01D1D8
:104D0000042B08D0D0F80200486091ED010A012C74
:104D10008BED020A8BD11620091DC7E3964A383A5B
:104D2000012C01D1042B0BD0D0F80200886091ED4A
:104D3000020A92488BED040A012C80ED040A88D106
:104D400011461720B2E38C4D2C3D012C01D1042BD0
:104D500007D0D0F8020048613846F2F723F9012C59
:104D600089D129461820A1E3834D283D012C01D18A
:104D7000042B07D0D0F8020088613846F2F712F908
:104D8000012C8AD12946192090E37B4D203D012C2E
:104D900001D1042B07D0D0F8020008623846F2F7A0
:104DA00001F9012C8BD129461A207FE3724D1C3D5D
:104DB000012C01D1042B07D0D0F8020048623846FC
:104DC000F2F7F0F8012C95D129461B206EE36A4DCD
:104DD000183D012C01D1042B07D0D0F802008862C5
:104DE0003846F2F7DFF8012C84D129461C205DE318
:104DF000614D143D012C01D1042B07D0D0F80200E5
:104E0000C8623846F2F7CEF8012C98D129461D2009
:104E10004CE3594D103D012C01D1042B07D0D0F8A3
:104E2000020008633846F2F7BDF8012C87D1294605
:104E30001E203BE3504D0C3D012C01D1042B07D02B
:104E4000D0F8020048633846F2F7ACF8012C87D15D
:104E500029461F202AE3484D3035012C01D1042B6F
:104E600007D0D0F8020008673846F2F79BF8012C0B
:104E700087D12946202019E33F4D3435012C01D13B
:104E8000042B07D0D0F8020048673846F2F78AF8BA
:104E9000012C87D12946212008E3374D083D012CFC
:104EA00001D1042B07D0D0F8020088633846F2F70E
:104EB00079F8012C87D129462220F7E22E4D2D1FAB
:104EC000012C01D1042B07D0D0F80200C86338466A
:104ED000F2F768F8012C87D129462320E6E2012C5D
:104EE00001D1042B0BD0D0F8021015465160244894
:104EF000FFF7F8F9012C88D1291D2420D6E2111DD5
:104F0000FBE72049012C01D1042B09D0D0F8020085
:104F1000D06000EB80001C4A8000012C106085D11D
:104F20002520C3E21949012C01D1042B0CD0154ACC
:104F3000D0F802000C3A012CC2F8AC030F4ACBF8AF
:104F4000E800C2F8E80093D12C20AFE20A4A3C32D4
:104F5000012C01D1042B0AD0D0F80200C867D1ED92
:104F60001F0A012C80EE201A86ED081A91D11146F5
:104F70002D209BE278000020E43000206811002002
:104F800094060020B031002024000020503500207D
:104F9000FE4A012C01D1042B08D0D0F80200C866CB
:104FA00091ED1B0A012C85ED1B0A94D111462B2093
:104FB0007CE2F6493031012C01D1042B07D0F34AB1
:104FC000D0F802006C3A012CC2F89C0093D1262044
:104FD0006CE2EE493431012C01D1042B07D0EB4AAD
:104FE000D0F802006C3A012CC2F8A00097D127201B
:104FF0005CE2E6492831012C01D1042B07D0E34AB9
:10500000D0F802006C3A012CC2F8940087D1282015
:105010004CE244E236E220E200E2DDE1C8E19EE15A
:1050200083E169E154E13AE12AE11AE1FEE0E8E0D6
:10503000D2E0BCE0A6E090E07AE05FE047E027E065
:10504000FFE7D2492C31012C01D1042B07D0CF4AE4
:10505000D0F802006C3A012CC2F8980086D12920C1
:1050600024E2CB49012C01D1042B0ED0C94BD0F83E
:105070000200C3F83803072801D3C2F8389392F826
:10508000380385F81004012C8FD10B200EE244E088
:10509000012C01D1042B17D0BC4AD0F802006C3A85
:1050A000C2F8800091ED200AB5EEC00AF1EE10FAC8
:1050B00003D2B1EE400A81ED200A80EE201AB648F4
:1050C000012C80ED001A91D151462A20EEE1AF4A21
:1050D0001832012C01D1042B0DD0AC4BD0F80200BA
:1050E0006C3B012CC3F88400D1ED210A80EE201A1C
:1050F00086ED071A8AD111462E20D7E1A4497831CE
:10510000012C01D1042B06D0A24AD0F80200012CB8
:10511000C2F8B003A2D12F20C8E18078FE283FF466
:1051200012ACFF289AD1BDE8F05F9C48FCF7B2BCF6
:10513000964A1C32012C01D1042B0BD0934BD0F892
:1051400002006C3B012CC3F8880091ED220A86ED29
:105150000E0A99D111463120A8E18C4A2032012C47
:1051600001D1042B0BD0894BD0F802006C3B012CF1
:10517000C3F88C0091ED230A86ED0D0A84D1114607
:10518000322093E1814A2432012C01D1042B0BD02F
:105190007E4BD0F802006C3B012CC3F8900091EDDF
:1051A000240A86ED0F0A8ED1114633207EE1774A1C
:1051B0003C32012C01D1042B0BD0744BD0F80200EF
:1051C0006C3B012CC3F8A80091ED2A0A86ED100A69
:1051D00090D11146342069E16C4A4032012C01D152
:1051E000042B0BD0694BD0F802006C3B012CC3F8A8
:1051F000AC0091ED2B0A86ED120A8BD111463520B9
:1052000054E1624A4432012C01D1042B0BD05F4B94
:10521000D0F802006C3B012CC3F8B00091ED2C0AD1
:1052200086ED130A95D1114636203FE1574A4832A0
:10523000012C01D1042B11D0544BD0F802006C3B4F
:10524000012CC3F8B40091ED2D0A20EE200ABCEE2B
:10525000C00A10EE100AC5F850048FD1114637204D
:1052600024E14B49B439012C01D1042B06D0494A21
:10527000D0F80200012CC2F8840294D1382015E144
:105280004349B039012C01D1042B06D0414AD0F852
:105290000200012CC2F8880285D1392006E13C4980
:1052A000AC39012C01D1042B10D03A4BD0F80200BC
:1052B000C3F88C02704500DD7046C2F88C020028ED
:1052C00000DA0020C2F88C02012C96D13A20EDE0E1
:1052D0002F49A839012C01D1042B0BD02D4BD0F82C
:1052E0000200C3F89002002800DA0020C2F8900201
:1052F000012C97D13B20D9E02549A439012C01D1BB
:10530000042B10D0234BD0F80200C3F89402704550
:1053100000DD7046C2F89402002800DA0020C2F8CE
:105320009402012C99D13C20C0E01949A039012CEC
:1053300001D1042B11D0174BD0F80200C3F898020A
:10534000002800DA002000EE100AC2F89802012CB2
:10535000B8EEC00A86ED1B0A8FD13D20A6E00C4DA9
:105360009C3D012C01D1042B1FD00A49D0F802002A
:10537000C1F89C02002800DA002000EE100AC2F8F2
:105380009C02B8EEC00A8BED7C0A09E010310020C7
:10539000DC340020A4310020AC0300206811002080
:1053A0004448FEF759F9012C8FD129463E207DE073
:1053B0004149012C01D1042B0CD0D0F802003F4A06
:1053C00000EE100A012CC2F8A002B8EEC00A86ED69
:1053D000370A8ED13F2069E0394A012C01D1042BD4
:1053E00019D0374BD0F80200BC3BC3F8BC0091ED9C
:1053F0002F0AB5EEC00AF1EE10FA01D281ED2F1A94
:10540000304BD1F8BC00984203DDB1EE040A81EDC7
:105410002F0A012C86D11146402047E0284A121F4E
:10542000012C01D1042B15D0254BD0F80200BC3B38
:10543000C3F8B80091ED2E0AB5EEC00AF1EE10FAED
:1054400001D281ED2E1A204891ED2E0A012C80ED1B
:10545000000AA9D11146412028E0194A121D012C49
:1054600001D1042B0BD0164BD0F80200BC3B012C11
:10547000C3F8C00091ED300A86ED110A94D11146AF
:10548000422013E00D490831012C01D1042B04D036
:10549000D0F802009060012C86D1432006E0012C58
:1054A00097D1042B95D1054918314420BDE8F05F10
:1054B00000F00CB82011002044340020A43100205A
:1054C000603100200000A0403C0000201CB50023FB
:1054D0000B4A0093019352688DF800208DF801006B
:1054E0000868CDF802008DF80630FF208DF807001F
:1054F00008236946034802F5C062FDF70FFE1CBD94
:10550000A4310020940600201CB500210E4A009111
:10551000019152688DF8002003238DF801308DF839
:1055200002008DF804108DF805108DF80610FF208C
:105530008DF803108DF8070008236946034802F52B
:10554000C062FDF7EBFD1CBDA431002094060020D5
:1055500010B5FE490C20F9F703FE0821FC48F0F7CE
:1055600063FF0F20F4F77AF9F8490D20091DF9F7C8
:10557000F7FD0821F648F0F757FF0F20F4F76EF912
:10558000F2490E200831F9F7EBFD0821F048F0F759
:105590004BFF0F20F4F762F9EC490F200C31F9F7BB
:1055A000DFFD0821EA48F0F73FFF0F20F4F756F936
:1055B000E6492B202C31F9F7D3FD0821E448F0F718
:1055C00033FF0F20F4F74AF9E04910201031F9F7C2
:1055D000C7FD0821DE48F0F727FF0F20F4F73EF95A
:1055E000DA4911201431F9F7BBFD0821D848F0F74A
:1055F0001BFF0F20F4F732F9D44912201831F9F7C4
:10560000AFFD0821D248F0F70FFF0F20F4F726F97D
:10561000CE4913201C31F9F7A3FD0821CC48F0F73F
:1056200003FF0F20F4F71AF9C84914202031F9F7C5
:1056300097FD0821C648F0F7F7FE0F20F4F70EF9A2
:10564000C24915202831F9F78BFD0821C048F0F731
:10565000EBFE0F20F4F702F9BC4916203C39F9F7AC
:105660007FFD0821BA48F0F7DFFE0F20F4F7F6F8C7
:10567000B64917203839F9F773FD0821B448F0F717
:10568000D3FE0F20F4F7EAF8B04918202C39F9F7C7
:1056900067FD0821AE48F0F7C7FE0F20F4F7DEF8EB
:1056A000AA4919202839F9F75BFD0821A848F0F725
:1056B000BBFE0F20F4F7D2F8A4491A202039F9F7DD
:1056C0004FFD0821A248F0F7AFFE0F20F4F7C6F80F
:1056D0009E491B201C39F9F743FD08219C48F0F72F
:1056E000A3FE0F20F4F7BAF898491C201839F9F7EF
:1056F00037FD08219648F0F797FE0F20F4F7AEF833
:1057000092491D201439F9F72BFD08219048F0F734
:105710008BFE0F20F4F7A2F88C491E201039F9F700
:105720001FFD08218A48F0F77FFE0F20F4F796F856
:1057300086491F200C39F9F713FD08218448F0F73A
:1057400073FE0F20F4F78AF8804920203031F9F7F2
:1057500007FD08217E48F0F767FE0F20F4F77EF87A
:105760007A4921203431F9F7FBFC08217848F0F719
:105770005BFE0F20F4F772F8744922200839F9F71C
:10578000EFFC08217248F0F74FFE0F20F4F766F89F
:105790006E492320091FF9F7E3FC08216C48F0F754
:1057A00043FE0F20F4F75AF86A492420F9F7D8FC91
:1057B00008216748F0F738FE0F20F4F74FF86549E5
:1057C00025200831F9F7CCFC08216148F0F72CFEC0
:1057D0000F20F4F743F860490A20F9F7C1FC0821CB
:1057E0005B48F0F721FE0F20F4F738F85B492C20D6
:1057F000F9F7B6FC08215648F0F716FE0F20F4F72B
:105800002DF852492D203C31F9F7AAFC08215048C7
:10581000F0F70AFE0F20F4F721F84C492A20403116
:10582000F9F79EFC08214A48F0F7FEFD0F20F4F737
:1058300015F846492E204431F9F792FC08214448D6
:10584000F0F7F2FD0F20F4F709F844492F20091D65
:10585000F9F786FC08213E48F0F7E6FD0F20F3F744
:10586000FDFF3E493020091FF9F77AFC082138482E
:10587000F0F7DAFD0F20F3F7F1FF38490B20743908
:10588000F9F76EFC08213248F0F7CEFD0F20F3F750
:10589000E5FF2E4926205C31F9F762FC08212C48EF
:1058A000F0F7C2FD0F20F3F7D9FF28492720603118
:1058B000F9F756FC08212648F0F7B6FD0F20F3F75C
:1058C000CDFF224928205431F9F74AFC082120480D
:1058D000F0F7AAFD0F20F3F7C1FF1C49292058312A
:1058E000F9F73EFC08211A48F0F79EFD0F20F3F768
:1058F000B5FF164931204831F9F732FC0821144828
:10590000F0F792FD0F20F3F7A9FF104932204C3138
:10591000F9F726FC08210E48F0F786FD0F20F3F773
:105920009DFF0A4933205031F9F71AFC0821084835
:10593000F0F77AFD0F20F3F791FF04493420683126
:10594000F9F70EFC082102480AE00000E4300020CC
:10595000A0030020A831002078000020503500204E
:10596000F0F762FD0F20F3F779FF5F493520F9F773
:10597000F7FB08215D48F0F757FD0F20F3F76EFFA6
:1059800059493620091DF9F7EBFB08215748F0F774
:105990004BFD0F20F3F762FF534937200831F9F729
:1059A000DFFB08215148F0F73FFD0F20F3F756FFCA
:1059B0004F493820F9F7D4FB08214C48F0F734FD63
:1059C0000F20F3F74BFF4A493920091DF9F7C8FBAF
:1059D00008214648F0F728FD0F20F3F73FFF444920
:1059E0003A200831F9F7BCFB08214048F0F71CFDCC
:1059F0000F20F3F733FF3E493B200C31F9F7B0FBA2
:105A000008213A48F0F710FD0F20F3F727FF384937
:105A10003C201031F9F7A4FB08213448F0F704FDCD
:105A20000F20F3F71BFF32493D201431F9F798FBA3
:105A300008212E48F0F7F8FC0F20F3F70FFF2C4950
:105A40003E201831F9F78CFB08212848F0F7ECFCD0
:105A50000F20F3F703FF26493F201C31F9F780FBA5
:105A600008212248F0F7E0FC0F20F3F7F7FE1E496B
:105A700040201031F9F774FB08211C48F0F7D4FCE2
:105A80000F20F3F7EBFE184941200C31F9F768FBC2
:105A900008211648F0F7C8FC0F20F3F7DFFE124983
:105AA00042201431F9F75CFB08211048F0F7BCFCE8
:105AB0000F20F3F7D3FE0F494320F9F751FB0821DC
:105AC0000A48F0F7B1FC0F20F3F7C8FE094944205B
:105AD0001031F9F745FB08210448F0F7A5FCBDE8B3
:105AE00010400F20F3F7BABE50310020A003002071
:105AF00028340020AC31002003B583B09B208DF802
:105B00000000B9208DF807009DF80C008DF8010009
:105B10009DF80D008DF802009DF810008DF803002F
:105B20009DF811008DF8040008216846F0F77CFC10
:105B300005B000BD10B560EEC00A9FED070AFCF786
:105B4000DFF8F7EE000AF0EE001A30EE201A81EED0
:105B5000810A30EE600A10BD54F82D4001EE100AA3
:105B600070EEC00A0120B8EEC11A8840401E21EE36
:105B7000201A00EE900AF8EEE01AC1EE210A30EE8B
:105B8000800A70472DE9F0470C46054640214A48F7
:105B9000EEF76BFD49484A4A80881080C0000838FB
:105BA000C1B245484030006810280DD020282BD0C5
:105BB000402878D0602805D1032084F81004286894
:105BC000C4F83801BDE8F0876818C079FC280BD00C
:105BD0000021FD280DD0FE2811D0FB28F2D1394834
:105BE000017039480180EDE72046BDE8F047FDF738
:105BF000E9BB91602046BDE8F047FDF743BCBDE836
:105C0000F0473248FBF746BF022084F810046818BA
:105C1000018885784ABAC1780B0943EA05190379E6
:105C200001F00F0143EA0128817945790B0943EA24
:105C30000516C079264D01F00F0140EA0127D5ED88
:105C4000060A95ED050A10211046FFF787FF84ED3F
:105C50003A0AD5ED090A95ED080A0C214846FFF7E6
:105C60007DFF84ED4E0AD5ED0B0A95ED0A0A0C2155
:105C70004046FFF773FF84ED3E0AD5ED0D0A95ED22
:105C80000C0A0C213046FFF769FF84ED400AD5ED80
:105C90000F0A95ED0E0A0C213846FFF75FFF84EDE1
:105CA0005B0A8FE7FFE7012084F81004286844F8B6
:105CB000E80F6868206585E73C300020A4310020AB
:105CC000740300208003002084030020681100205A
:105CD000A430002030B49FED790A794880ED000AA5
:105CE0009FED780A80ED020ADFED770AC0ED100A19
:105CF000DFED750AC0ED120ADFED740AC0ED110A7E
:105D0000DFED720AC0ED130ADFED710AC0ED140A6F
:105D1000DFED6F0AC0ED150ADFED6D0AC0ED160A62
:105D2000DFED6C0AF3EE0E1AC0ED170AC0ED181A7B
:105D3000B1EE042A80ED192AF2EE0E0AC0ED1A0A1D
:105D4000FAEE090AC0ED050AF2EE090AC0ED060AEC
:105D5000FAEE040AC0ED080AF2EE040AC0ED090AE0
:105D600080ED0A0A9FED5C1A80ED0B1A80ED0C0A9B
:105D70009FED5A1A80ED0D1A80ED1C0ADFED582AAE
:105D8000C0ED1D2ADFED572A00F58071C0ED0E2A07
:105D900080ED0F1A01224A6000F58073002199609E
:105DA00000F580744FF47A73E3602346F1EE002A25
:105DB000C3F82413C0ED202A0223F7EE082AC4F802
:105DC0003833C0ED1B2AC0ED251ADFED471A0E232C
:105DD000C0ED261AC0ED270A80ED282A80ED290A99
:105DE0009FED420AC4F8AC3380ED1F0AB7EE000AFB
:105DF000234680ED210ADFED3E1AC3F8B023C0ED43
:105E0000221AC0ED230A80ED241ADFED3A0AC0ED14
:105E10002A1AC0ED300AC0ED3A0ADFED370A9FEDCD
:105E2000371AC0ED310A80ED361A9FED351ADFEDD5
:105E3000351A80ED331AC0ED351ADFED331A0A1F1B
:105E4000C0ED321AC0ED3D0AC0ED3E1ADFED2F0A5B
:105E500080ED3F1AC0ED2B0ADFED1B0A00F58075BF
:105E6000C0ED2C0A80ED2D0AC3F88422C822C3F8A5
:105E700088224FF4FA73C4F88C3244F62064C5F8D3
:105E800090422C46B0EE040AC4F8942241F28834C1
:105E9000C5F898422C46C4F89C322346C3F8A02289
:105EA00080ED2F0A9FED1A0A80ED2E0A1846C0F8E1
:105EB000A412816130BCF9F77FB9000000409A4418
:105EC000A430002000000000CDCCCC3DE71D273BD6
:105ED0006F12833A9A99193F00007A4300004842B2
:105EE000CDCC4C3D000048C20AD7A33B0000104275
:105EF0000000A0420000B4420000964200008C4224
:105F00000000704200003442000020420000644162
:105F100000001C422DE9F0412D4C2E4D2E4F2DED51
:105F2000028BF0EE408A3CE02D489FED2C0ADFF812
:105F3000B48080ED3A0A00202B4EC4F8D80088EDDA
:105F4000020AC6F8A40206F5297600BF00BF00BF0A
:105F500000BF00BF9FED258A1D48B0EE480AF1F74B
:105F600049F900BF00BF00BF00BF00BFB0EE480A44
:105F70001F48F1F74DFA00BF00BF00BF00BF00BFD0
:105F80000022B0EE680A1A4911487368FDF73EF91D
:105F9000D4F8E000306094ED030A88ED020A84ED45
:105FA000040A94ED030AD4ED040A30EE600AD5ED3C
:105FB000080A20EE200AB0EEC00A10EE100AB8421D
:105FC000B2DC0C4901200870BDEC028BBDE8F08109
:105FD000240F0020F80D00206F12833A000000000B
:105FE000F8090020A4300020A431002000007A46E7
:105FF00068110020B103002010B500290AD00878EC
:10600000002807D005487844EFF74EFC002801D05F
:10601000002010BD0248784410BD0000BE1A0000E8
:10602000B61A000010B500290AD00878002807D059
:1060300005487844EFF738FC002801D0002010BD57
:106040000248784410BD0000AE1A0000A61A0000F5
:1060500081F00041704780F00040704721F000411E
:10606000704720F00040704721F00042A2F16052DA
:10607000B2F5801F01F0004328BFD2F17F6C0BD92D
:106080005FEA001C43EAC20242EB507018BF70473F
:1060900028BF20F001007047B2F5801FBCBF184632
:1060A00070474FEA410C1CF5001F02D2084600F071
:1060B000BFBE70B500F00EFB00000089FFF7F6BF11
:1060C0004FF00040A0F580007047000010B591EA45
:1060D000030F48BF83F0004300F1D884841A71EBAA
:1060E000030C05D2121943EB0C03001B61EB0C01EE
:1060F000DFF824E14FEA1154A4EB135C1EEA430FCE
:1061000018BF9EEA445F73D023EA0E03DCF1200E31
:1061100021EA045143F4801332D322FA0CFE10EB2F
:106120000E0023FA0CFE41EB0E01CCF1200E03FA17
:106130000EFE10EB0E0051F10001B1F5801FCCF105
:10614000200E32D201EB045112FA0EF2BDE81040DB
:1061500058BF7047401C38BF5FEA420218BF704703
:10616000002814BF20F0010041F100014FEA410373
:1061700013F5001F38BF7047A1F1C04100F0A0BB6C
:10618000012A43EB0302ACF1200CDCF11F0E32BFFD
:106190004FF0000E23FA0CF310EB030041EB045117
:1061A000B4EB115FD0D0A1EB045101F58011490887
:1061B0005FEA300001EB04510ED350F1000038BF0C
:1061C00012FA0EFE08D1BDE81040C9E7401C38BFE6
:1061D0005FEA4202CAD1C3E7BDE810404FEA41037B
:1061E00013F5001F38BF7047A1F1C04100F068BB34
:1061F0009EEA445F08D011EA5E0FBDE8104004BF7C
:1062000001F0004100207047BDE8104070B500F07B
:1062100061FA00BF64FBBE3E0000E0FF2DE9C04113
:1062200030B4DFF8A0C23CEA111418BF3CEA1314E2
:1062300000F0EC8081EA03051CEA111444EAD574ED
:1062400018BF1CEA131500F0C780A4EB05044FF03B
:10625000004545EAC12145EAC32341EA505143EADA
:10626000525304F17F74994204F500344FEAC02080
:106270004FEAC22208BF904200F09C804FEA1365AB
:106280000FF24016765D4FEA134506FB05F7C7F19E
:10629000807706FB07F74FEAD737A7FB03687642FC
:1062A000C8F58038A7FB06CE38BFA8F1010807FB68
:1062B00008E64FF0000EA6FB028CE6FB03CEDCF1F5
:1062C000000CCEF1004E38BFAEF1010EA6FB0C580B
:1062D0004FF000074FF00005E6FB0E87A1FB08C654
:1062E000A0FB07CE16EB0E0645F10005E1FB0765A6
:1062F00015F1E04E7EBFA4F580345FEA46066D419D
:1063000016F1800745F100054FEA17274FEA0666A8
:1063100047EA0567A6F1DE46B6F1805F4FEA15252C
:106320001FD9384624F0010C05EBC471BCF1FE6F97
:1063300001EB0C1102D8F0BCBDE8008124425CBF27
:1063400001F5801E9EEAC47F02D4F0BCBDE8008146
:10635000244238D4F0BCA1F1C041BDE8004100F0B6
:10636000AFBA4FEAD22242EA43524FEAD323A7FB05
:1063700002864FEAD02040EA415007FB03661EEA3E
:106380000E0F4FEAD12105FB026658BFA6EB00565F
:10639000B6EB00564FEA520E4EEAC37E18EB0E0ED5
:1063A00056EB530EBDD518EB02085E417F1C55F12C
:1063B0000005B6E74FF480154FF000074FF00006D8
:1063C0004FF00008ADE7F0BC4FF0000001F1C04114
:1063D00001F00041BDE8008111EA0C1F0CEA131521
:1063E00000D00CE013EA0C1F00F025804FF00000F5
:1063F000F0BC81EA030101F00041BDE80081F0BC7E
:10640000BDE8004181EA030100F05ABAF0BCBDE8E2
:10641000004170B500F05EF9097EFC3E00F007B85F
:1064200081EA03014FF0000001F00041704781EA6A
:10643000030100F045BAF0BCBDE800414FF0000098
:1064400021497047FFFDFBF9F7F5F4F2F0EEEDEBB3
:10645000E9E8E6E4E3E1E0DEDDDBDAD8D7D5D4D362
:10646000D1D0CFCDCCCBCAC8C7C6C5C4C2C1C0BFAE
:10647000BEBDBCBBBAB9B8B7B6B5B4B3B2B1B0AFB4
:10648000AEADACABAAA9A8A8A7A6A5A4A3A3A2A198
:10649000A09F9F9E9D9C9C9B9A9999989797969553
:1064A00095949393929191908F8F8E8E8D8C8C8BEF
:1064B0008B8A898988888787868585848483838277
:1064C000828181800000FF070000F87F4FEA4103CE
:1064D0004FEA5353A3F58063D3F11E03C8BFD3F132
:1064E000210C0CDD4FF0004242EAC12242EA505238
:1064F00032FA03FC8CEAE17CACEBE1707047102BC4
:10650000C4BF0020704703F5787CBCF1FF3F04D086
:106510006FF0004282EA2100704770B500F0DAF8AF
:106520004992248000207047F2E710F0004248BFF3
:106530004042B0FA80F310FA03F10AD0C3F11D0310
:1065400003F580634FEA415002EB035202EBD12185
:1065500070474FF000007047B0FA80F310FA03F173
:106560000AD0C3F11D0303F580634FEA41504FEA9F
:10657000035202EBD12170474FF00000704700003A
:10658000DFF848C170B51CEA111E1EBF1CEA1315C6
:106590009EEA0C0F95EA0C0F00F06F8081EA03046D
:1065A00023EA4C134EEAD47E21EA4C1141F48011C7
:1065B00043F48013AE44A1FB024CA0FB0365AEF193
:1065C0007F7E361955EB0C05A1FB034C4CF1000303
:1065D000A0FB021C16EB0C06654153F100030942B7
:1065E00018BF46F0010613F4007F0BD14FEA0331C8
:1065F0004FEA0530340341EA155140EA16506FF076
:1066000003020AE04FEAC3214FEAC520F40241EA3F
:10661000555140EA56506FF0020202EB2E4201EB58
:10662000025585EACE710AD05FEA440C18BF24F007
:10663000004450F1000041F1000120EAD47040F222
:10664000FE7C624500D270BDA84214BF4FF080446A
:106650004FF04044002E08BF0024BEF1806FA8BF59
:10666000A1F1C041BDE8704080F22A814FF00000E6
:1066700001F1C04101F0004170479EEA0C0F0CEAA5
:10668000131518BF95EA0C0F06D04FF0000081EAF1
:10669000030E0EF0004170BD00F01CF88900013EB1
:1066A00000F007B800F009B84FEA430C5FEA5C5C01
:1066B00008D081EA030100F003B94FEA410C5FEA18
:1066C0005C5CF6D14FF00000014970470000FF0705
:1066D0000000F87F0EF1020E2EF0030E5EF8046B40
:1066E000364205D4012A43EB030515F5001F12D8E5
:1066F000012841EB010C1CF5001F0CD80ED14FEA0C
:10670000D17C15F5001F0CEB4C0C0CF1020C08BFF2
:106710004CEBD37C04E04FF0080C01E04FEAD37C53
:106720000CEB4C0526FA05F606F00706B6F1040C4C
:1067300006D20EEB860CBDE870404CF0010C6047B1
:10674000DFE80CF0090B02024FF000414FF00000AF
:10675000A1F5002170BD19461046012851EB010436
:1067600018BFD4F5001484BF002001F0004170BDB3
:10677000DFF844C170B53CEA111418BF3CEA1315A8
:1067800000F08F8011F1004F1CEA13150CEA111470
:1067900068BF45F0050518BF11EA0C1F00F07980AD
:1067A0002E4621EA4C1123EA4C1341F4801143F4A4
:1067B0008013A5F58035AC423DDD801A9941A4F5E2
:1067C000803609D54042C1F1000134BFB1F1010169
:1067D000B1F1000185F0010511F4F01F08D011F4AA
:1067E000801FE8D1400041EB0101A4F58034F6E7B9
:1067F00021F00041B1FA81F6202E04BFB0FA80FEEC
:106800000EF12006A6F10B06B6F1200EA4EB06440D
:106810000CD2C6F1200E01FA06F120FA0EF641EA7A
:106820000601CEF1200600FA06F003E000FA0EF1B0
:106830004FF00000BFE750EA410E23D04FEA244E4C
:10684000BEEB254F0FDB994208BF904204D00AD31C
:10685000520043EB0303B0E74FEA1646B6EB144F82
:1068600008BF85F00105B4F5803401EB041181EA1D
:10687000C57100DB70BD01F1C0414FF0000001F0B7
:10688000004170BD4FEA45714FF0000001F000413A
:1068900070BD1CEA131F09D04FF0000001F0004149
:1068A00070BDFFF717FF00BFEDFFFF3EBDE8704072
:1068B0004FF00000014970470000FF070000F87F1B
:1068C0000808A0F500114FEA3101704791EA030F63
:1068D00010B581F000413FF501AC83F0004300F0BA
:1068E000D5B800002DE9F04101F5801CBCF5001F72
:1068F000C0F2A9804FEA115C21EA0C510CF1FD0CA9
:1069000041F480115FEA5C0C0CF5C07C01D34000BF
:10691000494130A4890241EA905187028E0E0A0C47
:10692000A45D04FB04F602FB06F6C6F14046A4FB98
:106930000662F60D46EA422606FB06F4A4FB012396
:106940005242C3F1404338BF5B1EA6FB0242002403
:10695000E6FB0324D20B42EA4446A6FB0623A1FB36
:1069600002E2A3FB07E4E3FB61426442C2F1404E52
:1069700038BFAEF1010EA6FB04234FF00002E6FB88
:106980000E32A2FB03463400E2FB6264A1FB06E682
:10699000A4FB07E8E4FB61687642C8F1405838BFC1
:1069A000A8F10108A2FB06E4A3FB08E5E2FB68549A
:1069B000A1FB05E6A7FB04E8E1FB648618F12005CE
:1069C00056F10006A809A8F11B08B10908F03F0814
:1069D000B8F10A0F40EA86601CD901EB0C51BDE802
:1069E000F08100BFFCF5EEE8E2DDD8D3CFCBC7C322
:1069F000C0BDB9B6B4B1AEACA9A7A5A3A19F9D9BDC
:106A00009A9896959392908F8D8C8B89888786859E
:106A100084838281A0FB006800FB01F208EB42083E
:106A2000B8EB872807D5341858EB0104D5D5401C9E
:106A300051F10001D1E7341A78EB0104CDD4401EA6
:106A400071F10001C9E75FEA4C0C5FEA9C5C0DD173
:106A500005D34FF0000001F00041BDE8F081BDE832
:106A6000F04170B5FFF736FE6DDBFFBEBDE8F041CB
:106A70004FF00000004970470000F87F10B591EA20
:106A8000030F48BF83F000433FF528AB841A71EB36
:106A9000030C07D212198CF0004C43EB0C03001BC3
:106AA00061EB0C01DFF8A4E14FEA1154A4EB135C95
:106AB0001EEA430F18BF9EEA445F00F0B08023EA4D
:106AC0006E03524221EA0451C3EB6E0338BF5B1ED2
:106AD000DCF1200E25D322FA0CFE10EB0E0043FA57
:106AE0000CFE41EB0E01CCF1200E03FA0EFE10EB72
:106AF0000E0051F10001CCF1200E29D412FA0EF251
:106B000001EB0451BDE8104058BF7047401C1CBF4A
:106B1000B2F1004F704700280CBF491C20F0010063
:106B2000704712EB020E43EB030218BF4FF0010E49
:106B30004EEA4202ACF1200CDCF11E0E54D943FAAD
:106B40000CFE10EB0E0051F1FF31CCF11E0ED5D52D
:106B50000EF1010E12FA0EFE404141EB010101EB74
:106B6000445C5FEA5C5C10D910EBDE7001EB045111
:106B700038BFBEF1004FBDE8104018BF7047002875
:106B80000CBF491C20F00100704730D24FEAD42CD2
:106B900011F5001124F400641BD0B1FA81F20B3A14
:106BA000A41AA41ED2F12003914030FA03F3194332
:106BB000904001EBCC71002C01EB0451BDE810407A
:106BC000A8BF704701F1C0414FF0000001F0004143
:106BD0007047B0FA80F310FA03F100D110BDE41A47
:106BE000173C4805C90AE4E701EB045110BD491000
:106BF00001EB0451BDE810404FEA300002E04FF0D5
:106C0000000170474A0008BF0042F8D0B2F5001FEB
:106C100028BF704701F000414FF0000070479EEA26
:106C2000445F07D011EA5E0FBDE8104004BF0021A9
:106C300000207047BDE8104070B5FFF74BFD00BF66
:106C400040DFF63E83F00041104670470000E0FF51
:106C500043004FEAD30C4FEA3C0C43401FBF4007B0
:106C60000CF1605113F0FE4F70471CF0006F03D120
:106C700000200CF0004170470CF0004343EA5070D4
:106C800010B540EACC0000F00EF800BF0000009202
:106C90004FEA0001FFF714BE4FF000414FF0000033
:106CA000A1F5002170470EF1020E2EF0030E5EF8E2
:106CB000044B244204D44FEA4102B2F17F4F11D871
:106CC0004FEA4003B3F17F4F0CD80ED14FEAD07C8E
:106CD000B2F17F4F0CEB4C0C0CF1020C08BF4CEBEB
:106CE000D17C04E04FF0080C01E04FEAD17C0CEBC2
:106CF0004C0324FA03F404F00704B4F1040C06D2A4
:106D00000EEB840CBDE810404CF0010C6047DFE84E
:106D10000CF0070802024FF00040A0F5800010BD03
:106D20000846420018BFD2F1807288BF00F00040D0
:106D300010BD4FF04070E1EE100A70474FF07F4CED
:106D40003CEA410318BF3CEA400200F062804FF485
:106D50007F0C10F0004F0CEAD11318BF43F005036D
:106D60001CEAD01218BF13EA0C0F00F057804FF046
:106D7000004C4CEA00204CEA0121A3F580339A42F2
:106D800010DDB0F1004F23F0020306D3401A43F0A8
:106D90000203BCBF404283F001034FEA4000A2F56A
:106DA0008032ECE74FEA224CBCEB234F08DB8842F1
:106DB00006D31CD0A0EB4100C0F1000083F001031A
:106DC00040001DD217D40DD0B0FA80FC0CF1010C9C
:106DD00000FA0CF0A2EB0C42D2F1000C12DB4FEAED
:106DE000C37070474FEA437000F00040704713F0E3
:106DF000020FE5D0DEE7B2F580324FEA4000EBDD6E
:106E0000002AE9DD4FEAC21242EA502040EAC3708C
:106E1000704710B5FFF747FFEDFFFF3E1CEAD11F9B
:106E200002D000F000407047004870470000C07F6B
:106E3000FF2141EAD050C0057047EEF7F2B8EEF7F7
:106E400027BA0001020304050607080C10141820D5
:106E50003040010002000400060008000A000C0097
:106E60001000200040008000000101010103070123
:106E700000000804020408010101000000000000F5
:106E800000000102030406070809000000000102D7
:106E9000030400000004002A0100000000000000BC
:106EA00000000000000000000000000000000000E2
:106EB00000000000010000000100000000000000D0
:106EC00000000000000000000000000000000000C2
:106ED00000000000000000000000B33FB2BE7D3A99
:106EE00000002E40DFCF513800007E40BF51FABA7B
:106EF00000E0A44019DAC3BA00E0C840C2ED8AB984
:106F00000040EB40CD1F2CBA001006412AFFFABA10
:106F100000C01541DFCFD13700D024419A97703A95
:106F20000050334189478E3600404141E75B9D3830
:106F300000B04E41C00A98B900A05B41558F943A09
:106F400000306841DA92C0BA0040744162B3C63A78
:106F50000000803F00A0853F00908B3F00C0913F24
:106F60000030983F00F09E3F00F0A53F0050AD3F3D
:106F70000000B53F0000BD3F0060C53F0020CE3F90
:106F80000040D73F00C0E03F00C0EA3F0020F53F8F
:106F9000000000007D36AC397D3C3839EBDCF4383C
:106FA000320A7E39124C26399B6AED39A4EE8339B8
:106FB0007F661E39F6398A392B426539A482113928
:106FC0005B991F39C3EECD39DDE7C637A5A22F394E
:106FD0000000803FC3AA853FC2958B3FD3C3913F3A
:106FE000F037983F32F59E3FD7FEA53F3F58AD3F63
:106FF000F304B53FA408BD3F2A67C53F8C24CE3FAC
:10700000FD44D73FDFCCE03FC7C0EA3F7D25F53FD9
:1070100000000000000000003031323334353637D4
:1070200038394142434445464030580030313233CC
:1070300034353637383961626364656640307800CC
:107040000400000800000000000000020001000031
:10705000100000000000000000004054FB21F93F38
:107060003163621A61B4D03D0000601A61B4D03D52
:107070007370032E8A19A33B0000002E8A19A33BCC
:10708000C14920259A837B390000000000000000E0
:107090006E83F9A22915444ED15727FCC0DD34F583
:1070A000999562DB4190433CAB6351FE61C5BBDE09
:1070B0003A6E24B7E0D24D42EA2E49061C92D1091D
:1070C0001CEB1DFE3EA729B1F53582E88444BB2E9A
:1070D00026709CE9417E5FB439D69139F4395383E7
:1070E0008B5F849C3B28F9BDFF97F81F0F9805DE46
:1070F0008B112FEF1F6D0A5ACF7E366DB709CB2744
:10710000663F464F2DEA5F9EC7BA27757BF1E5EBD8
:10711000F739073DEA92528AB15FFB6B085D8D1F1C
:10712000000000006E83F9A22915444ED15727FCB8
:10713000C0DD34F5999562DB4190433CAB6351FE71
:107140007AFE10111111C13F37D60684F464963FC0
:10715000280356C9226D6D3F0165F2F2D844433FC2
:10716000A69237A0887E143F735360DBCB75F3BEC5
:10717000FE41B31BBAA1AB3F93846EE9E326823F85
:107180001583E0FEC8DB573F68108D1AF726303FA5
:10719000E9A7F0320FB8123FD47ABF74702AFB3ED1
:1071A000303132333435363738396162636465667D
:1071B0007870003031323334353637383941424314
:1071C000444546585000000002400000000000A066
:1071D0000000000005400000000000C800000000A2
:1071E0000C4000000000409C00000000194000001E
:1071F0000020BCBE0000000034400000BFC91B8E50
:1072000000000004B5400000504BCFD06607E2CF2D
:10721000010000006C4100003E8251AADFEEA7345D
:1072200001000000D9420000DCB5A0E23A301F970F
:10723000FFFFFFFFB4450000FD25A0C8E9A3C14F33
:10724000FFFFFFFFFF3F0000000000800000000084
:10725000FF3F000000000080000000002053544168
:10726000525420524F544154494E4720414E4420DD
:1072700043414C49425241544521212121212121A0
:1072800021212121212121212121212121212121EE
:10729000212121212121212121200A0D0A0D000077
:1072A00000000000920E493CB10AC93C2BC3163DB8
:1072B0002EFB483D752B7B3D04A9963D80B6AF3D26
:1072C00036BDC83D2FBCE13D73B2FA3D87CF093EC4
:1072D0008340163EB5AB223EA2102F3ECF6E3B3E02
:1072E000C2C5473E0115543E135C603E7F9A6C3E1A
:1072F000CCCF783EC07D823E938E883E229A8E3ED1
:1073000032A0943E86A09A3EE59AA03E128FA63EF9
:10731000D47CAC3EEF63B23E2A44B83E491DBE3E2B
:1073200015EFC33E53B9C93ECA7BCF3E4136D53E69
:1073300080E8DA3E4F92E03E7533E63EBBCBEB3E53
:10734000EA5AF13ECBE0F63E275DFC3EE4E7003F23
:107350003D9C033F824B063F9BF5083F6B9A0B3FDA
:10736000DA390E3FCDD3103F2A68133FD9F6153FC7
:10737000C07F183FC6021B3FD17F1D3FCBF61F3F8A
:107380009967223F25D2243F5636273F1594293F3F
:107390004AEB2B3FDE3B2E3FBB85303FC9C8323F17
:1073A000F304353F233A373F4268393F3B8F3B3F39
:1073B000F9AE3D3F67C73F3F70D8413F01E2433FD1
:1073C00003E4453F65DE473F12D1493FF8BB4B3FE1
:1073D000029F4D3F207A4F3F3D4D513F4918533F4B
:1073E00031DB543FE595563F5348583F6AF2593FC9
:1073F0001A945B3F532D5D3F05BE5E3F2146603FC3
:1074000097C5613F5A3C633F59AA643F880F663F66
:10741000D86B673F3CBF683FA7096A3F0C4B6B3F87
:107420005E836C3F93B26D3F9ED86E3F73F56F3FA6
:107430000809713F5213723F4714733FDD0B743FCD
:107440000BFA743FC6DE753F07BA763FC58B773FB0
:10745000F853783F9812793F9DC7793F02737A3F7E
:10746000BE147B3FCDAC7B3F283B7C3FC9BF7C3FFC
:10747000AC3A7D3FCCAB7D3F23137E3FB0707E3F67
:107480006DC47E3F580E7F3F6D4E7F3FAB847F3F84
:107490000FB17F3F97D37F3F43EC7F3F11FB7F3F8F
:1074A0000000803F11FB7F3F43EC7F3F97D37F3F3E
:1074B0000FB17F3FAB847F3F6D4E7F3F580E7F3FC4
:1074C0006DC47E3FB0707E3F23137E3FCCAB7D3FCB
:1074D000AC3A7D3FC9BF7C3F283B7C3FCDAC7B3F76
:1074E000BE147B3F02737A3F9DC7793F9812793F64
:1074F000F853783FC58B773F07BA763FC6DE753FB6
:107500000BFA743FDD0B743F4714733F5213723F05
:107510000809713F73F56F3F9ED86E3F93B26D3F80
:107520005E836C3F0C4B6B3FA7096A3F3CBF683FD3
:10753000D86B673F880F663F59AA643F5A3C633F48
:1075400097C5613F2146603F05BE5E3F532D5D3FBD
:107550001A945B3F6AF2593F5348583FE595563FAE
:1075600031DB543F4918533F3D4D513F207A4F3F47
:10757000029F4D3FF8BB4B3F12D1493F65DE473F6D
:1075800003E4453F01E2433F70D8413F67C73F3FB7
:10759000F9AE3D3F3B8F3B3F4268393F233A373F8F
:1075A000F304353FC9C8323FBB85303FDE3B2E3F39
:1075B0004AEB2B3F1594293F5636273F25D2243FCF
:1075C0009967223FCBF61F3FD17F1D3FC6021B3F6D
:1075D000C07F183FD9F6153F2A68133FCDD3103F1F
:1075E000DA390E3F6B9A0B3F9BF5083F824B063F03
:1075F0003D9C033FE4E7003F275DFC3ECBE0F63EC9
:10760000EA5AF13EBBCBEB3E7533E63E4F92E03E8D
:1076100080E8DA3E4136D53ECA7BCF3E53B9C93EFB
:1076200015EFC33E491DBE3E2A44B83EEF63B23E4D
:10763000D47CAC3E128FA63EE59AA03E86A09A3E30
:1076400032A0943E229A8E3E938E883EC07D823E2A
:10765000CCCF783E7F9A6C3E135C603E0115543E61
:10766000C2C5473ECF6E3B3EA2102F3EB5AB223E79
:107670008340163E87CF093E73B2FA3D2FBCE13DF1
:1076800036BDC83D80B6AF3D04A9963D752B7B3D08
:107690002EFB483D2BC3163DB10AC93C920E493C16
:1076A00000000000920E49BCB10AC9BC2BC316BD34
:1076B0002EFB48BD752B7BBD04A996BD80B6AFBD22
:1076C00036BDC8BD2FBCE1BD73B2FABD87CF09BEC0
:1076D000834016BEB5AB22BEA2102FBECF6E3BBEFE
:1076E000C2C547BE011554BE135C60BE7F9A6CBE16
:1076F000CCCF78BEC07D82BE938E88BE229A8EBECD
:1077000032A094BE86A09ABEE59AA0BE128FA6BEF5
:10771000D47CACBEEF63B2BE2A44B8BE491DBEBE27
:1077200015EFC3BE53B9C9BECA7BCFBE4136D5BE65
:1077300080E8DABE4F92E0BE7533E6BEBBCBEBBE4F
:10774000EA5AF1BECBE0F6BE275DFCBEE4E700BF1F
:107750003D9C03BF824B06BF9BF508BF6B9A0BBFD6
:10776000DA390EBFCDD310BF2A6813BFD9F615BFC3
:10777000C07F18BFC6021BBFD17F1DBFCBF61FBF86
:10778000996722BF25D224BF563627BF159429BF3B
:107790004AEB2BBFDE3B2EBFBB8530BFC9C832BF13
:1077A000F30435BF233A37BF426839BF3B8F3BBF35
:1077B000F9AE3DBF67C73FBF70D841BF01E243BFCD
:1077C00003E445BF65DE47BF12D149BFF8BB4BBFDD
:1077D000029F4DBF207A4FBF3D4D51BF491853BF47
:1077E00031DB54BFE59556BF534858BF6AF259BFC5
:1077F0001A945BBF532D5DBF05BE5EBF214660BFBF
:1078000097C561BF5A3C63BF59AA64BF880F66BF62
:10781000D86B67BF3CBF68BFA7096ABF0C4B6BBF83
:107820005E836CBF93B26DBF9ED86EBF73F56FBFA2
:10783000080971BF521372BF471473BFDD0B74BFC9
:107840000BFA74BFC6DE75BF07BA76BFC58B77BFAC
:10785000F85378BF981279BF9DC779BF02737ABF7A
:10786000BE147BBFCDAC7BBF283B7CBFC9BF7CBFF8
:10787000AC3A7DBFCCAB7DBF23137EBFB0707EBF63
:107880006DC47EBF580E7FBF6D4E7FBFAB847FBF80
:107890000FB17FBF97D37FBF43EC7FBF11FB7FBF8B
:1078A000000080BF11FB7FBF43EC7FBF97D37FBF3A
:1078B0000FB17FBFAB847FBF6D4E7FBF580E7FBFC0
:1078C0006DC47EBFB0707EBF23137EBFCCAB7DBFC7
:1078D000AC3A7DBFC9BF7CBF283B7CBFCDAC7BBF72
:1078E000BE147BBF02737ABF9DC779BF981279BF60
:1078F000F85378BFC58B77BF07BA76BFC6DE75BFB2
:107900000BFA74BFDD0B74BF471473BF521372BF01
:10791000080971BF73F56FBF9ED86EBF93B26DBF7C
:107920005E836CBF0C4B6BBFA7096ABF3CBF68BFCF
:10793000D86B67BF880F66BF59AA64BF5A3C63BF44
:1079400097C561BF214660BF05BE5EBF532D5DBFB9
:107950001A945BBF6AF259BF534858BFE59556BFAA
:1079600031DB54BF491853BF3D4D51BF207A4FBF43
:10797000029F4DBFF8BB4BBF12D149BF65DE47BF69
:1079800003E445BF01E243BF70D841BF67C73FBFB3
:10799000F9AE3DBF3B8F3BBF426839BF233A37BF8B
:1079A000F30435BFC9C832BFBB8530BFDE3B2EBF35
:1079B0004AEB2BBF159429BF563627BF25D224BFCB
:1079C000996722BFCBF61FBFD17F1DBFC6021BBF69
:1079D000C07F18BFD9F615BF2A6813BFCDD310BF1B
:1079E000DA390EBF6B9A0BBF9BF508BF824B06BFFF
:1079F0003D9C03BFE4E700BF275DFCBECBE0F6BEC5
:107A0000EA5AF1BEBBCBEBBE7533E6BE4F92E0BE89
:107A100080E8DABE4136D5BECA7BCFBE53B9C9BEF7
:107A200015EFC3BE491DBEBE2A44B8BEEF63B2BE49
:107A3000D47CACBE128FA6BEE59AA0BE86A09ABE2C
:107A400032A094BE229A8EBE938E88BEC07D82BE26
:107A5000CCCF78BE7F9A6CBE135C60BE011554BE5D
:107A6000C2C547BECF6E3BBEA2102FBEB5AB22BE75
:107A7000834016BE87CF09BE73B2FABD2FBCE1BDED
:107A800036BDC8BD80B6AFBD04A996BD752B7BBD04
:107A90002EFB48BD2BC316BDB10AC9BC920E49BC12
:107AA00000000080F07B0108000000200C040000B2
:107AB00014420008F87D01080C040020047601003F
:107AC000704200081C00000043000000F8FFFFFFA8
:107AD0000C0000000E0000000F0000002E0000004F
:107AE0001001000043000000F8FFFFFF004040408D
:107AF0004040404040404141414141404040404081
:107B0000404040404040404040404040400502022C
:107B100002020202020202020202020202202020EB
:107B20002020202020202002020202020202909047
:107B30009090909010101010101010101010101045
:107B40001010101010101010020202020202888899
:107B500088888888080808080808080808080808A5
:107B6000080808080808080802020202400000008D
:107B70000000000000000000000000000000000005
:107B800000000000000000000000000000000000F5
:107B900000000000000000000000000000000000E5
:107BA00000000000000000000000000000000000D5
:107BB00000000000000000000000000000000000C5
:107BC00000000000000000000000000000000000B5
:107BD00000000000000000000000000000000000A5
:107BE0000000000000000000000000000000000095
:107BF00011E2023241325A035A7201297385230479
:107C000026EF296B5A100801140910182942320472
:107C10005A083A32204A402A2324F45A14380A15C2
:107C2000015200FF000102030405060708090A0BC0
:107C30000C0D0E0F101112131415161718191A1B0C
:107C40001C1D1E1F202122232425262728292A2BFC
:107C50002C2D2E2F303132333435363738393A3BEC
:107C60003C3D3E3F404142434445464748494A4BDC
:107C70004C4D4E4F505152535455565758595A5BCC
:107C80005C5D5E5F606162636465666768696A6BBC
:107C90006C6D6E6F707172737475767778797A7BAC
:107CA0007C7D7E7F808182838485868788898A8B9C
:107CB0008C8D8E8F909192939495969798999A9B8C
:107CC0009C9D9E9FA0A1A2A3A4A5A6A7A8A9AAAB7C
:107CD000ACADAEAFB0B1B2B3B4B5B6B7B8B9BABB6C
:107CE000BCBDBEBFC0C1C2C3C4C5C6C7C8C9CACB5C
:107CF000CCCDCECFD0D1D2D3D4D5D6D7D8D9DADB4C
:107D0000DCDDDEDFE0E1E2E3E4E5E6E7E8E9EAEB3B
:107D1000ECEDEEEFF0F1F2F3F4F5F6F7F8F9FAFB2B
:107D2000FCFDFE180BFF71020108A5030108B10458
:107D30001AD1041F29040108810104190C411704F8
:107D4000030904120114020202164022AF40572612
:107D50000201020301031A1A0313BD631B08B904CD
:107D60001AB5041AE104132564394C41130A06328A
:107D7000021A4043111C0902434F1125C032090465
:107D80001B01020B13052416100105240110090123
:107D900004240202052406170107058203081C10AB
:107DA000090485320A1D07050102432C07058107D6
:107DB0000938442A40072A8107112B0907440A3B46
:107DC00004441EDD02010829043C890401EC1A7DEB
:107DD0000C1EA1010108FF04C11AC5181AB9041A22
:107DE000D1041AAD04012C08081101020304050690
:087DF00007340251C800000035
:04000005080041D9D5
:00000001FF
