:020000040802F0
:1000000078560120DD0102082F8602088573020858
:100010002D860208990D0208D7B0020800000000E2
:100020000000000000000000000000000D8E02082B
:10003000051D0208000000008D8B0208B98F020820
:10004000F7010208F7010208F7010208F7010208A8
:10005000F7010208F7010208F7010208F701020898
:10006000F7010208F7010208F7010208F701020888
:10007000311C0208F70102083D1C0208F7010208C2
:10008000491C0208551C02083D0B0208A90D020874
:100090009D0D0208F7010208F7010208F7010208A6
:1000A00091910208B5910208A99102089D91020858
:1000B000C1910208F7010208F7010208F7010208DE
:1000C000F7010208F7010208F7010208F701020828
:1000D000F7010208F7010208519802085D9802082A
:1000E000F7010208F7010208F7010208F701020808
:1000F000F7010208F7010208F7010208F7010208F8
:10010000F7010208F7010208F7010208F7010208E7
:10011000F7010208F7010208F7010208F7010208D7
:10012000F7010208F7010208F7010208F7010208C7
:10013000F70102080000000000000000F7010208BB
:10014000F7010208F7010208F70102088D8802088A
:10015000F7010208F7010208F7010208F701020897
:10016000F7010208F7010208F7010208F701020887
:10017000F7010208F7010208F70102080000000079
:1001800000000000F701020800000000000000006D
:10019000F70102080000000000000000F70102085B
:1001A000000000000000000000000000F70102084D
:1001B000F7010208F7010208F7010208F701020837
:1001C000F7010208DFF810D000F05CFC004800479F
:1001D00061E50208AFF300807856012006488047A9
:1001E00006480047FEE7FEE7FEE7FEE7FEE7FEE71C
:1001F000FEE7FEE7FEE7FEE7E9900208C501020818
:100200009FED1A1AF5EE000A40EE010ABDEEE00A73
:10021000F5EEC00A10EE100AF1EE10FA38BF401EDB
:1002200000EE100A1349F7EE001AB8EEC00A30EEDD
:10023000C00ADFED0F0A20EE200AFCEEC00A10EE25
:10024000900AC0F3080000EE900A01EB8000F8EE7F
:10025000600A90ED011A70EE600A90ED000A71EEEE
:10026000E01A21EE800A00EE810A704783F9223EEF
:10027000000000447C0A0308DFED190AB5EEC00A4D
:1002800060EE200ABDEEE01A11EE100AF1EE10FA4F
:1002900038BF401E00EE100A1349F7EE001AB8EE00
:1002A000C00A30EEC00ADFED0F0A60EE200ABCEE95
:1002B000E00A10EE100AC0F3080000EE100A01EB8D
:1002C0008000B8EE400A90ED011A70EEC00A90ED81
:1002D000000A71EEE01A21EE800A00EE810A7047F2
:1002E00083F9223E000000447C0A03082DE9F05FF8
:1002F0000546002092469B46884606468146402495
:100300001BE0284641464746224600F056FA53462F
:100310005A46C01A914110D311461846224600F0A1
:100320003DFA2D1A67EB01084F46224601200021B5
:1003300000F034FA17EB00094E41201EA4F101042D
:10034000DFDC484631462A464346BDE8F09F40EA96
:1003500001039B0703D009E008C9121F08C0042A43
:10036000FAD203E011F8013B00F8013B521EF9D22A
:100370007047D2B201E000F8012B491EFBD2704752
:100380000022F6E710B513460A4604461946FFF761
:10039000F0FF204610BD2DE9FE4F804681EA0300A4
:1003A000C00F0C46009021F0004123F00045B8EB4F
:1003B0000200A94105D24046214690461C460B4604
:1003C000024623F00040104347D0270DC7F30A0030
:1003D000C3F30A510290401A019040286BDAC3F32C
:1003E000130040F4801B0098924620B10023D2EB0A
:1003F000030A63EB0B0B01985946C0F140025046CB
:1004000000F0CCF906460D4650465946019A00F0D8
:10041000E4F910EB08006141002487EA115284EAF4
:10042000E7731A4340D0009A62B3019A012A4FEA57
:10043000075215DC001B61EB02014FF0004202EA9B
:100440000752CDE90042001C41F5801132462B468F
:1004500000F01BFA03B0BDE8F08F40462146F9E7F3
:10046000001B61EB0201001C41F5801300185B4189
:100470002018A2F5001747EB030140EAD570B61922
:100480006D4111E06D084FEA360645EAC0754FEA46
:100490000752001B61EB0201001C41F58011490865
:1004A0004FEA30000019514132462B4603B0BDE8F7
:1004B000F04F00F0DBB90098012240000023D0EBA0
:1004C000020263EBE073009821464FEAE074B8EB58
:1004D000000061EB0401E9E783F000435BE781F092
:1004E000004158E72DE9FE4F81EA030404F000447F
:1004F00021F0004100944FF0000B23F0004350EA3C
:1005000001045ED052EA03045BD0C3F30A54C1F382
:100510000A552C44A4F2F3340194A0FB0254C1F315
:10052000130141F48011C3F3130343F4801301FB5F
:10053000024400FB034E840A970A44EA815447EAC6
:100540008357A4FB076802958D0A05FB07854FEAD0
:10055000932C04FB0C542705029D4FEA065847EAEA
:100560001637B5EB08056EEB070C870E920E47EABF
:10057000811742EA8312A7FB0201B6EB0B0164EB81
:1005800000042B0D43EA0C335E1844EB1C50DA4692
:100590005146E7FB0201C5F313044FEA0B3343EA6C
:1005A00014534FEA0432019C43EA0603A4F10C04FD
:1005B0000294009CCDE900B400F067F903B0BDE8F7
:1005C000F08F00200146F9E72DE9F04D81EA0304A0
:1005D00004F0004B21F0004514464FF0000A23F0D0
:1005E000004150EA050220D054EA01021DD0C5F3B3
:1005F0000A570246C5F31303C1F31300C1F30A56A9
:1006000040F4801543F48013A7EB0608101BD64670
:1006100008F2FD3873EB050002D308F1010801E090
:1006200092185B41B8F1000F03DA00200146BDE8E3
:10063000F08D00204FF48011064684460EE0171B13
:1006400073EB050705D3121B63EB050306434CEA66
:10065000010C49084FEA300092185B4150EA01074B
:10066000EDD152EA030012D082EA040083EA0501C8
:10067000084305D0101BAB4106D20122002306E03F
:1006800000224FF0004302E06FF0010253101AEB1A
:1006900006004CEB085110EB0A0041EB0B01BDE8E2
:1006A000F04D00F0E3B80EB5C10F80EAE0700844E9
:1006B000CA07002140F233438DE80E000A460B467C
:1006C00000F0E3F803B000BD0EB540F233410291F3
:1006D0000021CDE900110A460B4600F0D6F803B020
:1006E00000BD00F0004230F000400AD0C10D01F51D
:1006F0006071C0F3160042EA0151C208400711437D
:10070000704700200146704730B5041E71F10004A7
:1007100004DB4FF00044404264EB0101141E73F10E
:10072000000405DB1C464FF00043524263EB040318
:10073000994208BF904230BD01F0004330B421F02F
:10074000004150EA010206D00A0DA2F56072C1F321
:100750001301002A02DC30BC00207047440F44EA39
:10076000C104C100E01830BC00EBC25000F047B833
:1007700030B50B46014600202022012409E021FA71
:1007800002F59D4205D303FA02F5491B04FA02F56E
:100790002844151EA2F10102F1DC30BD202A04DB41
:1007A000203A00FA02F1002070479140C2F1200384
:1007B00020FA03F3194390407047202A04DB203AC3
:1007C00021FA02F00021704721FA02F3D040C2F171
:1007D00020029140084319467047202A06DBCB17B8
:1007E000203A41FA02F043EAE07306E041FA02F3EC
:1007F000D040C2F1200291400843194670470029B9
:10080000A8BF7047401C490008BF20F00100704796
:1008100010B4B0FA80FC00FA0CF050EA010404BFF6
:1008200010BC704749B1CCF1200421FA04F411FA4C
:100830000CF118BF012121430843A3EB0C01CB1D90
:100840004FEA00614FEA102042BF002010BC704701
:1008500000EBC35010440029A4BF10BC7047401CDB
:10086000490008BF20F0010010BC704710B5141EED
:1008700073F1000408DA401C41F1000192185B4159
:100880001A4301D120F0010010BD2DE9F04D924630
:100890009B4611B1B1FA81F202E0B0FA80F2203247
:1008A0009046FFF77BFF04460F4640EA0A0041EA04
:1008B0000B0153465A46084313D0114653EA010030
:1008C00019D0C8F140025046FFF777FF05460E46A3
:1008D000504659464246FFF761FF084305D00120C4
:1008E00004E020463946BDE8F08D0020054346EA85
:1008F000E0762C4337430A986305E40AA0EB08002E
:100900000022FD0A44EA47540A3002D5002001467D
:10091000E9E7010510196941DDE908450019694158
:10092000BDE8F04DA2E72DE9F04D00231A461B1A51
:100930008A4103DB00200146BDE8F08DC1F30A5275
:10094000C1F3130141F480154FF0000BD10702D120
:1009500000186D41521E0027044640F2FF11384630
:1009600001EB620A3E468046024600204FF48011A9
:10097000FFF723FFC2197141BB1846EB0100B4EB2E
:10098000030C75EB000C04D3E41A65EB0005174665
:100990000E46241908F101006D4180463428E3DD3C
:1009A000F91946EB0600091BA84103D24FF0FF32AC
:1009B000134601E0002213461BEB070046EB0A51E9
:1009C000BDE8F04DFFF752BF2DE9FE4FC3F30A57C4
:1009D00001F000450024C1F30A56C3F31303C1F329
:1009E000130143F4801312EB020AA64641F480116E
:1009F000009543EB030CA7F1010B16E0B0EB0A00E6
:100A000061EB0C01071E71F1000707DA4FF00008D7
:100A1000D0EB080085F0004568EB0101171A73EB75
:100A20000107EBD3761E001849415E45F6DA50EA1D
:100A3000010209D0CDE900E5002213460296FFF736
:100A400024FF03B0BDE8F08F20460099F9E7C1F319
:100A50000A52C1F3130140F2FF3341F480119A426C
:100A600002DA00200146704740F233439A42A2F274
:100A7000334202DC5242FFF7A0BEFFF78FBE0020D8
:100A800070470000064C074D06E0E06840F00103A7
:100A900094E8070098471034AC42F6D3FFF796FB72
:100AA0004C1503086C15030870B5C1F30A5201F028
:100AB00000450024C1F3130140F2FF3341F48011DB
:100AC0009A4201DA002070BD40F233439A42A2F20A
:100AD000334203DC5242FFF770FE00E090402C43AB
:100AE000F1D0404270BD70B58C1810F8015B15F064
:100AF000070301D110F8013B2A1106D110F8012B90
:100B000003E010F8016B01F8016B5B1EF9D12B07B4
:100B100005D40023521E0DD401F8013BFAE710F86A
:100B2000013BCB1A921C03E013F8015B01F8015B57
:100B3000521EF9D5A142D8D3002070BD10B505488A
:100B400002F080FA044802F07DFABDE81040034844
:100B500002F078BA1803002060030020A8030020E8
:100B6000464910B54A6822F440324A604A684368F0
:100B70001A434A6001684A6822F480724A60016838
:100B80004A68036942EA03224A6001684A6822F01F
:100B900040724A6001684A6883681A434A60016883
:100BA0008A6822F400628A6001688A68C3681A430E
:100BB0008A60816A6FF07062D14201688A6822F0AF
:100BC00070628A6001688A680CD0836A1A438A60FE
:100BD00001688A6822F040528A6001688A68C36AA4
:100BE0001A4301E022F040528A6001688A6822F0CC
:100BF00002028A6001688A68037E42EA43028A60D0
:100C000090F82010002901684A680FD042F4006271
:100C10004A6001684A6822F460424A6001684A6892
:100C2000174C436A04EB43331A4301E022F4006299
:100C30004A600168CA6A22F47002CA620168CA6A1C
:100C4000838B104C04EB03531A43CA6201688A6811
:100C500022F400728A6001688A6890F8303042EAB3
:100C600043228A6001688A6822F480628A6001688F
:100C70008A68406942EA8020886010BD00230140F4
:100C800000E0FFFF0000F0FF2DE9F04100232DED13
:100C9000028B82B0384A3949394808F0BDF8374DDF
:100CA000ADF80000002695F80404012856D002286B
:100CB0005AD0032854D0042854D034469FED318AAA
:100CC00095ED040AF0EE480A0CF02AFF804695EDF7
:100CD000060AF0EE480A0CF023FF07462A4895ED75
:100CE000150AF0EE480A90ED211A20EE010A0CF0E8
:100CF00017FF2649204D0978ADF804101135AB21B6
:100D000029701D49BDF800204A82C1F814808F6106
:100D1000C86181F82040BDF80400A1F8210012212B
:100D2000284600F061F9A87413222946184806F0F5
:100D3000EBF91849D0B10868401C0860B0F57A7F1B
:100D400015D30E6007F0A8F907F0D0FB02B01048E9
:100D5000BDEC028BBDE8F04105F06CBF0824ADE7A7
:100D60000924ABE70A24A9E70B24A7E70E6002B029
:100D7000BDEC028BBDE8F081FE360020E4160020B9
:100D8000FC11002000401C46FC0C002050020020FA
:100D9000F8060020B4020020FEE70000014802F03F
:100DA000B4BC0000F0030020014802F0AEBC00001B
:100DB000F003002070B5A6B00024494800908DF8DB
:100DC0001C408DF81D400005CDE9020401264FF4BA
:100DD000A0208DF8184004908DF8194030058DF84A
:100DE0001A4005908DF81B6005200190684602F0BE
:100DF0008AFD08B101F0A2F83A4D0FA9A888400574
:100E0000000CCDE90A044FF6FF700C90CDE90D04FB
:100E10001B2081E85100CDE912640AA9684602F05E
:100E200053FB08B101F08AF8684602F0EEFE08B103
:100E300001F084F868681490022018901794CA2072
:100E40008DF88400FE208DF8850016948DF864409E
:100E500025AB21AA14A9684602F0C8FA08B101F02E
:100E60006DF8684602F03BFC0328FAD10021684681
:100E700002F0B1FB012801D001F060F823AB1AAAFF
:100E80000021684602F0B7FB08B101F057F81A9844
:100E9000696888420DD11D9858B91C9848B91E98A8
:100EA000022806D1BDF88C0040BAA0F54A41FE39AF
:100EB0000BD0684602F0D4FE08B101F03FF8684656
:100EC00002F0AEFD012026B070BD684602F0C8FEFB
:100ED00008B101F033F8684602F0A2FD0020F2E705
:100EE00000640040FC0D002070B51A4D04462888AF
:100EF000401C80B20521B0FBF1F2288001FB1200FA
:100F000018B90021204607F043FED4ED4C0AD4ED79
:100F10003F1A95ED010A30EEE11AB4EEC01AF1EE77
:100F200010FA02DD30EEC00A08E0B1EE402AB4EE5D
:100F3000C21AF1EE10FA04D230EE800A84ED4C0AA7
:100F400001E0C4ED4C1A2046BDE8704000210AF0D3
:100F5000C3B80000840000200020704700207047C4
:100F600010B500220449054808F08DFD04490348E6
:100F700008F080FD002010BD68280020981B00208C
:100F80006820002070B50C460C4905460868401CD6
:100F9000086029460A482268FFF7D9F9206808281E
:100FA00003D1002106480EF0E9F82946054808F06B
:100FB00061FD044808F043FD002070BD0C010020D5
:100FC000FC0B0020981B0020002070470A4610B53B
:100FD0000146044808F057FDBDE81040014808F0FC
:100FE000BCBD0000981B002030B5034600208024C3
:100FF0000DE013F8012B50400022C50702D084EA0F
:10100000500000E04008521CD2B2082AF5D3491E15
:10101000C9B2EED230BDF0B5002140F22F150C461A
:101020000022035D01F0800603F08007BE4202D07B
:1010300085EA410100E049005B061B0E521CC9B263
:10104000072AEFDD641C062CEADBC9438171F0BD81
:10105000F0B5022140F21D1500240023025D01F0CD
:10106000800602F08007BE4202D085EA410100E01E
:1010700049005206120E5B1CC9B2072BEFDD641C3F
:101080000C2CEADB017302210D240022035D01F028
:10109000800603F08007BE4202D085EA410100E0ED
:1010A00049005B061B0E521CC9B2072AEFDD641C07
:1010B000132CEADBC174F0BDF0B5002140F22F150E
:1010C00007240022035D01F0800603F08007BE4282
:1010D00002D085EA410100E049005B061B0E521C6C
:1010E000C9B2072AEFDD641C0C2CEADBC94301738B
:1010F000F0BD00002DE9F05FDFF814B40D462DEDD2
:101100000E8BADF5564D06464FF428644FF0280A75
:101110009BEDEB0AB8EEC00ADFEDFE9A20EE290A3D
:10112000DFEDFD0A4DF224404FF48071C0EE208ABD
:101130006844FFF725F94DF224204FF4007168440C
:10114000FFF71EF9DFEDF5AA95ED030A9FEDF4DA3E
:1011500060EE0DBA9FEDF1BA9FEDF00A0DF57051FA
:10116000DFF8C08381EDC50AB6EE00AA9FEDEB0A59
:1011700081EDC2AA88ED000AFFF77EF84046F0EE46
:1011800040DA90ED000AFFF73BF80DF540534DF2C1
:10119000244106F1E400B0EE40EA4FF48072694465
:1011A000C3F8200FFFF7D3F843F614726A4402F134
:1011B0000801081FF0EE4B1AB0EE6B1AF0EE6D0A44
:1011C000B0EE4E0A0CF07AFB0DF5705343F6087240
:1011D0006A4402F1080195ED030A081FD3EDC51A10
:1011E00093EDC71AD3EDC60A06F05CFD95F8A00092
:1011F0009FEDCD8A00280DF5705090EDC30A20EECA
:10120000081A06D090EDC40A60EE080A90EDC20AF2
:1012100005E090EDC20A60EE080A90EDC40A20EEE7
:10122000080A06F045F8C1A00DF096FF4FF4FA60E9
:1012300002F034FF9FEDCBCA3046B0EE4C0A00F00E
:10124000C7FDC9480DF088FFDFF820930027C84884
:1012500001F008FDD9F80010D9F83C10D9F83C018C
:1012600000EE101AB8EE400A39EE009A00EE100AAD
:101270007F1C052FB8EE400A7CEE80CAE7DB29EE22
:101280000D0ABDEEC00A10EE100A2CEE8D0ABDEE5E
:10129000C00A10EE101AC5E92A01D5F8B820891A3B
:1012A00000EE101AF8EEC00A9FEDB20A60EE801A46
:1012B000C5ED011AD5F8B410401A00EE900A05F1F8
:1012C0002801081FF8EEE00A20EE802AB1EE610A3C
:1012D000F0EE6D0A85ED022A30EE421AB0EE4E0AAB
:1012E00085ED001A0CF058F995ED090AF0EE000AA8
:1012F0000AF018FBB0EE409A95ED0A0AF0EE000AEB
:101300000AF010FB39EE000A0AF043FF8548B0EE00
:10131000409A80ED019A98A00DF01EFF00278DE005
:101320004FF00008DFF8FC914DE099ED000A30EE37
:10133000280A89ED000AFEF79FFFF0EE40CA99EDFA
:10134000000AFEF75DFF43F614726A4402F10801D9
:10135000081FF0EE4B1AB0EE6B1AF0EE6C0A0CF0B0
:10136000ADFA0DF5705343F608726A4402F10801B4
:1013700095ED030A081FD3EDC51A93EDC71AD3EDF7
:10138000C60A06F08FFC95F8A00000280DF57050F5
:1013900090EDC30A20EE081A06D090EDC40A60EE64
:1013A000080A90EDC20A05E090EDC20A60EE080A54
:1013B00090EDC40A20EE080A05F07AFF64200CF0D4
:1013C00059FA08F10108D045AFDBB0EE4C0A3046BF
:1013D00000F0FEFCDBEDEBCA96ED030AD6ED040A45
:1013E000B8EEEC1A99ED00DA30EE200A02A8CDEE44
:1013F000010A00EB870042F60821694470EEC00A3A
:10140000C0ED000AB6F8CC0021F8170010EE100A63
:10141000FFF767F9F8EEEC0A804689468DEE200A60
:1014200010EE100AFFF75DF941EC100B5EA053ECD3
:10143000102BCDE900890DF08FFE7F1CA742FFF62F
:101440006FAF0027E5E04FF00008DFF8D8904DE0DF
:1014500099ED000A30EE680A89ED000AFEF70CFFEC
:10146000F0EE40CA99ED000AFEF7CAFE43F6147288
:101470006A4402F10801081FF0EE4B1AB0EE6B1A35
:10148000F0EE6C0A0CF01AFA0DF5705343F6087280
:101490006A4402F1080195ED030A081FD3EDC51A4D
:1014A00093EDC71AD3EDC60A06F0FCFB95F8A00031
:1014B00000280DF5705090EDC30A20EE081A06D0F2
:1014C00090EDC40A60EE080A90EDC20A05E090EDC6
:1014D000C20A60EE080A90EDC40A20EE080A05F080
:1014E000E7FE64200CF0C6F908F10108D045AFDB37
:1014F000B0EE4C0A304600F06BFC96ED030AD6EDD8
:10150000040ADBEDEBCA30EE200AB8EEEC1A53E029
:10151000FC0D0020DB0FC9400000D2470000000096
:10152000CDCC4C3E7C0000209A99193F202D2D2DCA
:101530002D2D2D2D2D2D2D2D2D2D2D2D2D2D2D2DDB
:101540002D2D53544152542D2D2D2D2D2D2D2D2D1E
:101550002D2D2D2D2D2D2D2D2D2D2D2D200A0D0A2E
:101560000D00000017B7513808150308002001408E
:1015700018030020000096BD2043757272656E74DA
:1015800020416E676C65203A20526F746F72204163
:101590006E676C65203A2052617720456E636F64F8
:1015A0006572200A0D0A0D00732C252E34662C2539
:1015B0002E34662C6500000099ED00DA43F62470A5
:1015C0006844CDEE010A00EB870046F62411694419
:1015D00070EEC00AC0ED000AB6F8CC0021F8170082
:1015E00010EE100AFFF77DF8F8EEEC0A8046894607
:1015F0008DEE200A10EE100AFFF773F841EC100B85
:1016000053EC102BAFF26000CDE900890DF0A4FD82
:101610007F1CA742FFF617AFB6EE001AF6EE000ADF
:10162000B6EE000A05F044FE43F62478B0EE6A8A6E
:101630000020F0EE000A02AFE84415E007EB80015D
:10164000221A91ED000A08EB8201401C11ED011AEB
:1016500030EE011A00EE104AB8EEC00A60EE201A11
:1016600081EE210A30EE088AA042E7DB9BEDEB0A0F
:10167000B8EEC00A20EE080A10EE100AFFF731F8A3
:1016800041EC100B9FED771B0AF0CAF851EC100BE0
:10169000FFF752F800EE100AB5EEC00AF1EE10FAAC
:1016A00001D230EE290A714847F6246986ED020A14
:1016B00080ED010A0020E944424611E007EB800179
:1016C00091ED000A211A02EB810151ED010A09EBAB
:1016D0008001401C30EE200A20EE0A0A81ED000A4B
:1016E000A042EBDB4AF6240A0027EA4441E000214D
:1016F000621E9FED5F0A4B460AEB8708C819403807
:1017000001D5204402E0904200DD001B03EB800085
:10171000D8ED000A90ED001A491C802941EE000A1C
:10172000C8ED000AEADB802F18DA03EB8700D8ED5A
:10173000000A90ED000A70EE600A9BEDEB0AB8EE2D
:10174000C00A20EE800A0AF01FFC4DF2242020EE91
:10175000090A684400EB870080ED000A00EE104A99
:10176000D8ED000A7F1CB8EEC01A80EE810A70EE38
:101770002AAAA742BBDB46F6241068440DF50052A6
:1017800000EB4400B2F9081A30F9020C084400EBEF
:10179000D070471037A00DF0DFFC42A00DF0DCFC4C
:1017A0004DF224480024E84404EBE7127F2A00DDD0
:1017B000803ADBF8AC03214660430AEB800090EDF1
:1017C000000A70EE6A0A96ED340AB8EEC00A20EEFE
:1017D000800AC0EE290ABDEEE00A10EE100A03B23C
:1017E00028F812303CA00DF0B7FC641C802CDBDB29
:1017F0000DF540504FF48074224646464146D0F8DD
:10180000200FFEF7A4FD224631463748FEF79FFD24
:1018100095F8A010CBF8001007F06EF9142002F034
:101820003DFC32A00DF098FC142002F037FC0DF5C1
:1018300020509DED020AD0ED810A2E4930EE600A5B
:10184000B0EEC00A10EE100A884206DD03200DF546
:10185000564DBDEC0E8BBDE8F09F02200DF5564DA8
:10186000F7E7000000000060FB211940FC0C00209D
:101870000000003C0A0D20456E636F646572206EA7
:101880006F6E2D6C696E65617269747920636F6D1E
:1018900070656E736174696F6E207461626C650A45
:1018A0000D0000002053616D706C65204E756D62F7
:1018B0006572203A204C6F6F6B757020496E6465BD
:1018C00078203A204C6F6F6B75702056616C75658F
:1018D0000A0D0A0D00000000256420202025642048
:1018E00020202564200A0D00100E0020732C732C7C
:1018F000652C65000000C0402DE9F0470E462DED37
:10190000088B88B0074605F001FDDFED9C8AD6ED17
:10191000030AB0EE680A9FED9A1A9A4C8DED020AFE
:1019200060EE81AAF6EE000ACDED050AB0EE40AAFF
:1019300084ED000AFEF7A0FCB0EE408A94ED000AA8
:10194000FEF75EFC02AA03A904A8F0EE4A1AB0EE64
:101950006A1AF0EE480A0BF0B1FF96ED030A05AAE9
:1019600007A906A8DDED021A9DED031ADDED040AB4
:1019700006F098F99DED060A9FED839A20EE091A6C
:101980009DED070A60EE090A9DED050A20EE090AA1
:1019900005F08EFC4FF4FA6002F080FB9FED7BBAFD
:1019A0003846B0EE4B0A00F013FA012002F076FB45
:1019B000DFED779A774D94ED000A36E0FEF75CFC98
:1019C000B0EE408A94ED000AFEF71AFC02AA03A9C1
:1019D00004A8F0EE4A1AB0EE6A1AF0EE480A0BF0CC
:1019E0006DFF96ED030A05AA07A906A8DDED021A08
:1019F0009DED031ADDED040A06F054F9012002F012
:101A00004DFB9DED060A20EE091A9DED070A60EEDA
:101A1000090A9DED050A20EE090A05F049FC94ED3E
:101A2000000A30EE290A84ED000A10EE100AA842DE
:101A3000C4DBC4ED008ADFF86091A046AA466DE0E1
:101A4000FEF71AFCB0EE408A98ED000AFEF7D8FBCC
:101A500002AA03A904A8F0EE4A1AB0EE6A1AF0EE40
:101A6000480A0BF02BFF96ED030A05AA07A906A862
:101A7000DDED021A9DED031ADDED040A06F012F900
:101A8000012002F00BFB9DED060A20EE091A9DEDE8
:101A9000070A60EE090A9DED050A20EE090A05F025
:101AA00007FCB0EE4B0A384600F092F997ED030AB6
:101AB000D7ED040A30EE208A18EE100AFEF711FE68
:101AC00099EDEB0A98ED001A0446F8EEC00A0D46AF
:101AD00081EE200A10EE100AFEF703FE41EC100B17
:101AE0002EA053EC102BCDE900450DF035FB98ED01
:101AF000000AB5EEC00AF1EE10FA02DDF0EE400A7F
:101B000001E0F1EE400A10EE900A2849884201DA1D
:101B1000F0EE488A30EE290A88ED000A98ED000AB6
:101B200010EE101A51458BDBB5EE001AF5EE000AE7
:101B3000B5EE000A05F0BCFB97ED030AD7ED040AE9
:101B400030EE200A30EE680AB5EEC00AF1EE10FA67
:101B500001DD012400E00024142002F09FFA14A00B
:101B60000DF0FAFA142002F099FA86F8A040C9F8AC
:101B7000004008B0BDEC088BBDE8F0870000000015
:101B8000CDCC4C3E7C0000209A99193F17B75138B4
:101B90000AD7233CDB0F4941FC0D0020732C252E76
:101BA00034662C252E34662C63000000ACC5273724
:101BB000732C732C632C63001C4991ED060A80ED95
:101BC000000A91ED050A80ED010A91ED090A80ED08
:101BD000020A91ED080A80ED030A91ED0B0A80EDEF
:101BE000060A91ED0A0A80ED070A91ED0D0A80EDD3
:101BF000080A91ED0C0A80ED090A91ED0F0A80EDBB
:101C0000040A91ED0E0A80ED050A91ED0B0A80EDB4
:101C10000A0A91ED0A0A80ED0B0A91ED1D0A80ED8A
:101C20000E0A91ED0A0A80ED0F0A7047FC0C0020A5
:101C3000014802F0A7B800003C070020014802F06C
:101C4000A1B800009C070020014802F09BB80000EA
:101C500038060020014802F095B8000098060020E0
:101C600001681823CAB2103AB2FBF3F2054B6FF3C6
:101C70000901032A9B5CC36500D9091D81650846DB
:101C800070470000740A030810B5014600208B69F4
:101C90008A6A4FF0C07453B1B3F5005F15D072B1CA
:101CA000012A0CD0022A0AD0032A09D104E01AB171
:101CB000012A06D0022A03D1C96AC90100D5012030
:101CC00010BDC96AA142FAD010BD002AF7D0012A7E
:101CD000F2D0022AF3D0032AF3D010BD30B5046845
:101CE000256825F480252560046863608368402B9F
:101CF000036803D099600068C26030BD9A600068D4
:101D0000C16030BD704700002DE9F04115462DED52
:101D1000028BB0EE408A0F460446002605F0B2FA68
:101D2000C4F8D070C4F8DC5084ED028A4FF6FF701E
:101D3000C4F8D460C4F8E0009FED200A84ED048A62
:101D400084ED050A84ED060A84ED070A0020C4F834
:101D5000CC6004EB8001401C81ED080A2828F8DBE8
:101D6000174DDFED180A04F5F47095EDA70AB8EEEB
:101D7000C00A84ED790A0CF0D7FA95F8840240067F
:101D800018D520460BF056FC00250F4FDFF83C809D
:101D90000CE088F800603E70642002F07FF9204675
:101DA0000BF048FC6D1CEDB20A2D03D83878823850
:101DB0000528EED9BDEC028BBDE8F08100000000E3
:101DC000FC0D002000409C465002002058020020DC
:101DD00010B504462DED028B50A084B0D0E9001060
:101DE000CDE90210B0EE408A05F054FA06226946A9
:101DF00002A805F009FA05F045FABDF8040040BA5A
:101E0000C4F8CC00BDF8021000EE100A4ABAA2F5E0
:101E1000FE42FF3AC4F8D420D4ED051AB8EEC00A49
:101E2000C4ED061A9FED3F1AD4F8D01020EE012A17
:101E300000EE101AB8EEC00AC2EE000A00EE102A38
:101E4000B8EEC00AC4ED050AB0EE602A40EE010A01
:101E500000EE101AB8EEC00AC4ED000AC4ED030A81
:101E6000D4F8DC20C1EE000A424392FBF1F001FB02
:101E7000102000EE100AF8EEC02A94ED020A00EEDF
:101E8000A20AB5EEC00AF1EE10FA02D230EE010A53
:101E900006E010EE100A2449884201DD30EE410AC6
:101EA00072EE610A214984ED010A10EE900A88421F
:101EB00002D970EE810A06E010EE900A1C498842B1
:101EC00001DD70EEC10A80EE880AD4ED790AF5EEE4
:101ED000C00AF1EE10FA01DD012100E0002104F555
:101EE000F4700DF021F884ED300AD4ED370A9FED3F
:101EF000111AF8EEE00A20EE200A84ED310AD4ED42
:101F0000320A60EE810A9FED0C1A40EE010AC4ED20
:101F1000320A04B0BDEC028B10BD0000A600000028
:101F200000000000DB0FC940DB0FC940DB0FC9BF59
:101F3000DB0FC93FA4707D3F0AD7233C2DE9F04158
:101F40000C21234804F076FD0821214804F072FD9D
:101F500004211F4804F06EFD00211D4804F06AFDB5
:101F60000BF0DAFC002005F077F9DFF868801A4EF4
:101F700000251A4F1A4C0BF025FE98F8000058B1B6
:101F800018494FF0FF30C1F8240306F0B5FD4FF0BB
:101F900000600BF09FFEFEE7307810B135700EF058
:101FA00059F8387810B13D7006F0A6FD0A2002F00D
:101FB00075F80D480BF03EFB2078A1782279084493
:101FC000E178114408446178C842D4D1BDE8F08179
:101FD000C8040020530000204C0000204D000020C9
:101FE00058020020FC0D0020FC110020002229B125
:101FF00001291AD002291BD04FF440720E490B68F8
:1020000023F440730B600B6813430B600A6822F0E3
:10201000F8020A600A68022303EBC00002430A6068
:10202000086840F48030086070474FF48072E5E73C
:102030004FF40072E2E70000103C024013480168D0
:1020400089050FD5016821F400710160016841F430
:1020500000610160016821F400610160016841F4E0
:1020600000710160016849050FD5016821F48061A4
:102070000160016841F480510160016821F48051E0
:102080000160016841F4806101607047003C0240DA
:1020900008490A6822F440720A600A6842F00402A1
:1020A0000A600A684FF4803343EA002002430A6062
:1020B00070470000103C0240064A136823F4407346
:1020C000136013681360136843F001031360017019
:1020D00070470000103C0240094910B50C6824F418
:1020E00040740C600C6844F440740C600C6844F05C
:1020F00001040C600260BFF36F8F436010BD0000ED
:10210000103C0240074A136823F4407313601368BD
:1021100043F480731360136843F00103136001807C
:1021200070470000103C0240074A136823F44073D4
:102130001360136843F400731360136843F00103E2
:102140001360016070470000103C02401C490868A1
:10215000C2061C4805D5C26942F01002C2611022B5
:102160000A600A68920605D5C26942F00802C26197
:1021700020220A600A68520605D5C26942F00402AC
:10218000C26140220A600A68120605D5C26942F09F
:102190000202C26180220A600A68D20506D5C269BD
:1021A00042F00102C2614FF480720A600A6892072D
:1021B00005D5C26942F02002C26102200860704762
:1021C0000C3C02402437002070B511490446002021
:1021D000C86102F087F905460E4E09E0601C07D081
:1021E00024B102F07FF9401BA04201D9032070BD49
:1021F0003068C003F2D43068C00701D001203060DD
:10220000306810F4F970F2D0FFF7A0FF012070BD24
:10221000243700200C3C024070B5B3EE080A2DEDC7
:10222000028B044680ED030A9FED550A002180EDE4
:10223000230A80ED220A534804F58065D0ED100A88
:10224000C4ED320AD0ED120AC4ED330AD0ED170AFC
:10225000C4ED360AD0ED110AC4ED340AD0ED130AEC
:10226000C4ED350A84ED310A84ED300AD0ED140A4C
:10227000C4ED370AD0ED250AC4ED520AD0ED260A86
:10228000C4ED530AD0ED180AC4ED510AD0ED150A79
:10229000C4ED560AD0ED270AC4ED3C0AD0ED280A59
:1022A000C4ED3E0AD0ED160AC4ED400AF2EE0E0A65
:1022B000C4ED460AF1EE040AC4ED480ADFED320A25
:1022C000C4ED470ADFED310AC4ED4A0A84F82C1147
:1022D000D0ED190AC4ED290AD0ED1A0AC5ED030A9A
:1022E000D0ED1B0AC4ED190A84ED1A0A84ED180A10
:1022F00084ED170A90ED220A85ED0B0A90ED230A72
:1023000085ED0A0A90ED240A85ED0C0A90ED2A0A63
:1023100085ED0D0A90ED2D0A9FED1D8A20EE080A2D
:10232000BCEEC00A10EE101AC4F8401490ED2B0A4F
:1023300085ED0E0A90ED2C0A85ED0F0A1548F0EE9A
:10234000480A90EDA60A04F58960B8EEC00A85ED4A
:10235000110A0BF0E9FF95ED110AF0EE480A04F2BC
:102360006C400BF0E1FF95ED110AF0EE480ABDEC70
:10237000028B04F59260BDE870400BF0D5BF000001
:1023800000000000FC0C00206F12833ACDCCCC3D45
:1023900000409C46FC0D00202DE9F04104462DED47
:1023A000028B82B090F8A0109FEDF80AF8480078F0
:1023B000A9B3A8B3012813D0022872D1D4F8B81059
:1023C000D4F8AC00401A00EE900AF8EEE00A60EE95
:1023D000800AC4ED010AD4F8B410D4F8A80051E082
:1023E000D4F8BC10D4F8B000401A00EE900AF8EE11
:1023F000E00A60EE800AC4ED000AD4F8B410D4F804
:10240000A800F1EE600A401A01EE100AB8EEC11AF7
:1024100021EE000A84ED020A30EEC00A83E01BE0E0
:10242000FFE7D4F8BC10D4F8B000401A00EE900AD0
:10243000F8EEE00A60EE800AC4ED000AD4F8B810A5
:10244000D4F8AC00401A01EE100AB8EEC11A21EE21
:10245000000A84ED010A41E0E8B3012822D00228F5
:1024600063D1D4F8B410D4F8A800401A00EE900A52
:10247000F8EEE00A60EE800AC4ED010AD4F8B81064
:10248000D4F8AC00F1EE600A401A01EE100AB8EE82
:10249000C11A21EE000A84ED020A30EEC00A84ED72
:1024A000000A42E0D4F8B410D4F8A800401A00EEB4
:1024B000900AF8EEE00A60EE800AC4ED010AD4F852
:1024C000BC10D4F8B000401A01EE100AB8EEC11AE0
:1024D00021EE000A00E008E084ED000AF1EE600A57
:1024E00030EEC00A84ED020A1FE0D4F8B810D4F828
:1024F000AC00401A00EE900AF8EEE00A60EE800AA6
:10250000C4ED020AD4F8BC10D4F8B000401A01EEB1
:10251000100AB8EEC11A21EE000A84ED000AB1EEED
:10252000400A30EE600A84ED010A04F5806595EDFD
:10253000110AB5EEC00AF1EE10FA01DD012100E04A
:10254000002194ED000A04F589600CF0EDFC84EDA7
:10255000000A95ED110AB5EEC00AF1EE10FA01DDA0
:10256000012100E0002194ED010A04F26C400CF01E
:10257000DBFC84ED010A95ED110AB5EEC00AF1EE1F
:1025800010FA01DD012100E0002194ED020A04F5BA
:1025900092600CF0C9FC84ED020A94ED050AFDF787
:1025A0006BFEB0EE408A94ED050AFDF729FE794BEB
:1025B000F0EE408A1A6804F12801081F0025764EC3
:1025C0009FED765A062A47D01A68F0EE480A94EC36
:1025D000031A072AB0EE680A62D00AF0DDFF7049DC
:1025E000D6ED010A012091ED090A30EEC00A86ED10
:1025F000010AC0F1090201EB820292ED001AC0F15A
:102600000A0201EB8202401C82ED001A0A28F0DB6C
:1026100094ED0A1AF2EE040A81ED001A31EE000A76
:1026200086ED010AC0EE201AC4ED151A94ED300AA9
:10263000D4ED090A30EE602A84ED262A94ED310AA1
:1026400070EE411A94ED191AF4EEC11AF1EE10FA77
:1026500029D2B0EE610A28E094EC031AF0EE480AA1
:10266000B0EE680A0AF098FF84ED185AB6F9000037
:1026700000EE100AB8EEC00ADFED4A0A20EE200A8A
:10268000FDF7FAFDF7EE080A20EE200A84ED170A9E
:102690003088401C00B23080282800DB3580E3E021
:1026A0000AF07AFFE0E0B0EE410AF1EE410AB4EE42
:1026B000E00AF1EE10FA07DDF4EEC11AF1EE10FABD
:1026C00004D2B0EE611A01E0B0EE601A84ED271A70
:1026D000B5EEC01AF1EE10FA01DCB1EE411A94ED3C
:1026E000370AB4EEC01AF1EE10FA01D284ED275A7F
:1026F000B5EEC02AF1EE10FA01DCB1EE422AB4EEDA
:10270000C02AF1EE10FA01D284ED265A94ED223A55
:1027100094ED340AD4ED263A00EE233A84ED223AC1
:10272000D4ED231A94ED350AD4ED270A40EE201A91
:10273000C4ED231AD4ED362A94ED032A22EE821A30
:10274000B4EEC31AF1EE10FA02DDB0EE430A01E076
:10275000B0EE410A22EEC24AB4EEC40AF1EE10FA1B
:1027600007DDB4EEC31AF1EE10FA04DCB0EE413A24
:1027700001E022EEC23AB4EEE11AF1EE10FA84ED75
:10278000223A11DDB0EE610A10E00000000096BDB3
:102790000200002024020020700000200000000041
:1027A000BC1600207CD9203EB0EE410A22EEC24A7F
:1027B000B4EEC40AF1EE10FA07DDB4EEE11AF1EE60
:1027C00010FA04DDB0EE611A01E022EEC21A84EDC7
:1027D000231A94ED320A60EE231AC4ED251A94ED03
:1027E000330A20EE200A71EE830A84ED240AC4ED38
:1027F000170A30EE010A60EEA00A84ED180A40EED6
:10280000000AB0EE600A09F0C4FC84ED1B0A94EDE6
:10281000030ADFED4E0A04F16001081F20EE200AD2
:102820000BF03EFED4ED170A94ED030A684680EEE5
:10283000801A8DED001AD4ED180A80EE801A8DED05
:10284000011A0BF059FE01A80BF056FE94ED030A95
:10285000DDED000A60EE200AC4ED170ADDED010A85
:1028600020EE200A84ED180A04F18402111FD4ED31
:10287000181A94ED171A081FF0EE480AB0EE680A0D
:102880000BF01CF804F17C00021FD0EC030A111FAE
:1028900094ED030A0C3805F005FA2D482D4E94ED01
:1028A0001C1A00684FF00108022760B3D4ED1D0A1E
:1028B00094ED1E0A04F0FCFCD4ED1C0A94ED1D0AF4
:1028C000F4EEC00AF1EE10FA0CDB94ED1E1AF4EEF1
:1028D000C10AF1EE10FA05DB377002B0BDEC028BD5
:1028E000BDE8F081B4EEE00AF1EE10FA09DBD4EDB8
:1028F0001E0AB4EEE00AF1EE10FA02DB86F8008060
:10290000EBE73570E9E7D4ED1E0A94ED1D0A04F0FB
:10291000CFFCD4ED1C0A94ED1D0AF4EEC00AF1EED2
:1029200010FA06DB94ED1E1AF4EEC10AF1EE10FA6D
:10293000D2DAB4EEE00AF1EE10FADFDBD4ED1E0AD3
:10294000B4EEE00AF1EE10FADBDAD7E736CD133F4A
:10295000FC0D00200100002070B590F83C206A4C6E
:10296000012A19D0012280F83C200A680725036853
:10297000092A13D9DE680A3A02EB42029540AE43B7
:10298000DE600A788B680A3A02EB420293400268E2
:10299000D5682B43D36010E0022070BD1E6902EBA6
:1029A00042029540AE431E610A788B6802EB4202F8
:1029B0009340026815692B4313610268936B23F4FB
:1029C000401393630268936B0D8A504E06EB0555D6
:1029D0002B4393630A790B7CD21AD21C02EB82023E
:1029E0001F2393400268956B9D4395630A790B7C86
:1029F000D21A0B88D21C02EB82029BB2934002686F
:102A0000956B2B4393638A69A2420268936823F40F
:102A100070239360026893680CD08C6923439360A1
:102A20000268936823F44013936002689368CC694A
:102A3000234301E023F4401393604A7D002A026897
:102A4000536802D043F4806301E023F48063536051
:102A50000A7D002A0268536802D043F4805301E0E3
:102A600023F4805353604A68012A16D0022A1FD0EB
:102A7000032A026827D0136A6FF30B0313620268FC
:102A8000136ACC6823431362224B0468204A9C4299
:102A900027D10C68122C20D023E0026853696FF311
:102AA0000B03536102685369CC6823435361EBE71E
:102AB000026893696FF30B03936102689369CC68B2
:102AC00023439361E0E7D3696FF30B03D36102689B
:102AD000D369CC682343D361D6E7546844F48004B7
:102AE000546004689C420AD10968A1F18053123BEA
:102AF00001D0112903D1516841F400015160002136
:102B000080F83C10084670BD01000F000000F0FF87
:102B1000002301400020014070B51A48816B1A4C17
:102B2000C1F3C431194D0B2914D0D0F838014FF03E
:102B30000101C0F3C4300C28154818D000F02CF85F
:102B400044F8A80F0121134800F026F86060022025
:102B5000A87070BD01210E4800F01EF844F8AC0FBB
:102B600001210C4800F018F860600020F0E700F048
:102B700013F844F8A80F0121064800F00DF8A060F2
:102B80000120E5E700200140E416002000000020BD
:102B9000180300206003002008B50022009203689B
:102BA000521F1A60012911D002290CD0032906D026
:102BB000042901D0009808BD0068806C01E000681D
:102BC000406C009008BD0068006CFAE70068C06BBC
:102BD000F7E770B50D46044601F084FC064612E0A6
:102BE000681C10D025B101F07DFC801BA8420AD9D9
:102BF00020680068400706D404202064002084F880
:102C00003C00032070BD206800684007E8D52168BB
:102C10006FF00C000860206C40F4005020642068C5
:102C2000816811F4401F1AD1816B11F4401F02D04A
:102C30008168490513D44168490510D4806810F0B3
:102C4000405F0CD1207E50B9206C20F4805020646D
:102C5000206CC00503D4206C40F0010020640020EB
:102C600070BD000018B50022009290F83C100129B8
:102C700007D0012180F83C1001688B68DB0702D087
:102C800011E0022018BD8B6843F001038B602649D8
:102C9000264B0968B1FBF3F101EB410100E0491E4D
:102CA00000910029FBD101688B68DB0732D0036CEF
:102CB00042F20104A34343F480530364036CDB0535
:102CC00000D4426480F83C206FF004020A60184986
:102CD00049680068C906816801F440110FD0B9B194
:102CE00000214268134B42F38022521C984219D1B2
:102CF000C1B1BAB1816841F48001816012E029B1AB
:102D00000021426842F38022521CF1E70121F8E7DA
:102D10000121E6E7016C41F010010164416C41F0D2
:102D200001014164002018BD4800002040420F000E
:102D3000002301400020014018B50022009290F8C5
:102D40003C10012907D0012180F83C1001688B68F4
:102D5000DB0702D011E0022018BD8B6843F00103AD
:102D60008B602949294B0968B1FBF3F101EB410163
:102D700000E0491E00910029FBD101688B68DB0748
:102D800037D0036C42F20104A34343F4805303643D
:102D9000036CDB0500D4426480F83C206FF0040231
:102DA0000A6001684A6842F080024A60184949682E
:102DB0000068C906816801F440110FD0B9B1002143
:102DC0004268144B42F38022521C984219D1C1B17F
:102DD000BAB1816841F48001816012E029B100211B
:102DE000426842F38022521CF1E70121F8E70121F9
:102DF000E6E7016C41F010010164416C41F0010112
:102E00004164002018BD00004800002040420F002F
:102E1000002301400020014010B590F83C20012A19
:102E20001FD0012200F83C2F0F4A536823F01F03E4
:102E3000536053680C6823435360536823F4404342
:102E4000536053684C6823435360536823F47063A2
:102E50005360536889680B43536000210170084632
:102E600010BD022010BD00000023014010B590F8F5
:102E70003C20012A2AD0012280F83C200A7C012A29
:102E80000268536824D023F04003536002685368FB
:102E9000114C23405360026853680C68234353600D
:102EA00003684A685A6203688A689A6202685368CB
:102EB00023F01F03536002685368898989B20B436A
:102EC0005360002180F83C10084610BD022010BD60
:102ED00043F04003D9E70000FFFD3FFF78B5002431
:102EE000009490F83C20012A19D0012280F83C205F
:102EF0000A6807250368092A13D9DE680A3A02EB33
:102F000042029540AE43DE600A788B680A3A02EBD3
:102F1000420293400268D5682B43D36010E0022040
:102F200078BD1E6902EB42029540AE431E610A78ED
:102F30008B6802EB42029340026815692B431361D0
:102F40004A681F25072A13D203685E6B521E02EBE4
:102F500082029540AE435E630A8893B20A79521E9C
:102F600002EB820293400268556B2B43536327E0C8
:102F700003680D2A12D21E6BD21F02EB820295400B
:102F8000AE431E630A8893B20A79D21F02EB820213
:102F900093400268156B2B43136311E0DE6A0D3A10
:102FA00002EB82029540AE43DE620A8893B20A7950
:102FB0000D3A02EB820293400268D56A2B43D3623A
:102FC0001B4B0568194A9D420AD10D68122D07D185
:102FD000556825F400055560556845F48005556031
:102FE00005689D421DD1134D0B68AB4201D0112BDA
:102FF00017D1536823F480035360536843F40003EC
:1030000053600968A9420CD10B490C4A0968B1FB0D
:10301000F2F101EB8101490000E0491E0091002915
:10302000FBD180F83C40002078BD00000023014027
:1030300000200140120000104800002040420F0014
:103040007047704770B5044600680168C1F34002DC
:103050004168C1F3401152B349B3216CC90603D48E
:10306000216C41F400712164816811F0405F17D137
:10307000217EA9B9C16A11F4700F02D08168490597
:103080000ED4416821F020014160206C20F4807052
:103090002064206CC00403D4206C40F00100206444
:1030A0002046FFF7CDFF21686FF01200086020680E
:1030B00001684268C1F38001C2F3C01289B382B3D0
:1030C000216CC90603D4216C41F40051216481684C
:1030D00011F4401F1ED1816B11F4401F02D0816892
:1030E000490517D44168490514D4816811F0405F3F
:1030F00010D1217E71B9416821F080014160206CBE
:1031000020F480502064206CC00503D4206C40F073
:10311000010020642046FFF7FFFC21686FF00C00DF
:103120000860206801684268C1F30001C2F38012A0
:1031300071B16AB10068C0070AD0206C40F48030D9
:103140002064204600F046F821686FF00100086016
:10315000206801684268C1F34011C2F3806200290F
:103160000DD0002A0BD0616C41F0020161646FF058
:10317000200505602046FFF764FF2068056070BDEC
:1031800070B504004FF0000603D0206C002510B18C
:1031900007E0012070BD204600F01EF8656484F849
:1031A0003C50206CC00610D4206C20F4885040F0B5
:1031B000020020642046FDF7D3FC6564206C20F0FB
:1031C000020040F00100206400E0012684F83C5039
:1031D000304670BD7047000070B586B004461421BB
:1031E0006846FDF7CDF83449324E22680025324B4F
:1031F000143903243148B24211D11A6842F4807262
:103200001A601A6802F4807205920A6842F0040299
:103210000A60096801F004010591012113E0284EBC
:10322000B2421FD11A6842F400721A601A6802F49E
:10323000007205920A6842F004020A60096801F00F
:103240000401059102218DE83200694601F06AF817
:1032500000221146122001F051FC122001F041FC25
:1032600006B070BD174EB242FAD11A6842F48062BD
:103270001A601A6802F4806205920A6842F0040239
:103280000A600A6802F0040205920A6842F001022C
:103290000A60096801F00101059108218DE83200FA
:1032A000694601F03FF8009469460748CDE90145B9
:1032B000CCE70000002001404438024000080240F2
:1032C00000210140002201400000024018B5002208
:1032D000009290F83C10012907D0012180F83C10A1
:1032E00001688B68DB0702D011E0022018BD8B68F3
:1032F00043F001038B602E492E4B0968B1FBF3F1BB
:1033000001EB410100E0491E00910029FBD1016859
:103310008B68DB0742D0036C40F20164A34343F4A3
:10332000807303644B685B0505D5036C23F400537D
:1033300043F480530364036CDB0404D5436C23F033
:103340000603436400E0426480F83C201A4A6FF0B0
:1033500022030B6051680068CA06184906D08842EB
:1033600024D1816811F0405F13D01FE08842F8D06B
:10337000134A904203D1D1F80423D206F1D0114A66
:10338000904213D1D1F8041301F01F011029E8D3A2
:103390000CE0816841F08041816007E0016C41F000
:1033A00010010164416C41F001014164002018BD2D
:1033B0004800002040420F0000230140002001404F
:1033C000002101400022014090F82020012A07D06E
:1033D000022A05D0416A41F48021416201207047F0
:1033E000006842690A43426100207047F0B590F8D6
:1033F00020500468A468012D05D0022D03D0416A35
:1034000041F480215DE014F0406F01D1E50055D515
:10341000C4F30164022C03D9416A41F4000150E075
:103420000125A5401D608B684FF4C0759BB1CE6827
:1034300033434E6843EAC603066805EB0417F351AD
:103440004FF4C273076803EB04130E69FE50097D45
:10345000012905D009E00E88CB6843EA4653EBE723
:103460000168CE5846F48076CE501179D3795679DA
:1034700041EA036193791B0443EA062319434FF49D
:10348000C676036806EB041699511178D37841EAA1
:103490000361937852781B0443EA022211434FF4EC
:1034A000C473026803EB0413D150006805EB0411E8
:1034B000425842F0010242500020F0BD416A41F4FE
:1034C000001141620120F0BD10B590F82020012AC2
:1034D00007D0022A05D0416A41F4802141620120CF
:1034E00010BD3B48D0F8002242F00102C0F8002293
:1034F000D0F8002222F47C52C0F80022D0F800223A
:103500004B6A42EA0322C0F800220A7D02F01F0340
:1035100001229A40D0F81C329343C0F81C32CB6988
:10352000B3B9D0F80C329343C0F80C328C894B6895
:1035300064F31F434C6900EBC404C4F840320C89A7
:103540000B6864F31F434C6900EBC404C4F84432B5
:10355000CB69012B16D1D0F80C321343C0F80C32D2
:103560000C884B6864F31F434C6900EBC404C4F837
:1035700040320C89CB6864F31F434C6900EBC404F0
:10358000C4F844328B69002BD0F804320ED01343B8
:10359000C0F804320B69002BD0F8143208D0134362
:1035A000C0F81432096A012904D008E09343EFE718
:1035B0009343F5E7D0F81C121143C0F81C12D0F861
:1035C000001221F00101C0F80012002010BD00001F
:1035D0000064004070470246002092F82030012B22
:1035E00001D0022B04D1106819B1006900F003006A
:1035F0007047C068FAE730B590F82040012C05D03C
:10360000022C03D0416A41F480215DE00468002966
:1036100055D02469A40754D04FF4D874056804EB3E
:1036200001142D5915F00405956005682D594ED0EB
:10363000ED08556005682C5904F00204D4604FF47D
:10364000DA74056804EB01142D5905F00F051561B6
:1036500005682D59C5F30725956105682C59240C7B
:1036600054614FF4DC72046802EB0112A4581C7020
:103670000468A458240A5C700468A458240C9C7044
:103680000468A258120EDA704FF4DE72046802EB7E
:103690000112A4581C710468A458240A5C710468BF
:1036A000A458240C9C710468A258120EDA710068A8
:1036B00081B1016941F020010161002030BDE46861
:1036C000A8E7416A41F400114162012030BD6D0D4F
:1036D0001560AFE7C16841F02001C160EDE7024627
:1036E000002092F82010012901D002290CD1116884
:1036F0008A68520100D501208A68120100D5401C59
:103700008968C90000D5401C70472DE9F05F054667
:10371000006800244669D0F804908768D0F80CB09F
:10372000D0F810A0D0F81880F10748D0F90714D0CD
:1037300001218160B80703D5284600F0C2FA0CE0E9
:10374000780702D54FF4006407E0380702D54FF43C
:10375000805402E0284600F0B3FAF80516D529682F
:103760004FF480708860B80503D5284600F0ABFAA6
:103770000CE0780502D544F4005407E0380502D582
:1037800044F4804402E0284600F09CFAF80316D581
:1037900029684FF480308860B80303D5284600F0CC
:1037A00094FA0CE0780302D544F4004407E03803AF
:1037B00002D544F4803402E0284600F085FA300750
:1037C00007D55FEACB6004D52968102044F4007463
:1037D000C86070074FF0080707D55FEA0B7004D583
:1037E0002868C760284600F07FF9B00706D528682A
:1037F000C068800702D0284600F078F9700607D527
:103800005FEACA6004D52968102044F48064086126
:10381000B00607D55FEA0A7004D528680761284614
:1038200000F0F0F9F00606D528680069800702D09C
:10383000284600F0E8F9B00308D55FEAC96005D56D
:10384000296810204860284600F0DEF9F00307D50B
:103850005FEA097004D528684760284600F036FA08
:10386000300446D55FEA497040D5F00504D55FEADB
:10387000C87001D044F00104B00504D55FEA887037
:1038800001D544F00204700504D55FEA487001D503
:1038900044F00404300529D518F0700F26D008F044
:1038A0007000402815D006DC102809D020280AD046
:1038B000302816D10AE050280ED0602811D10EE031
:1038C00044F008040DE044F010040AE044F0200441
:1038D00007E044F0400404E044F0800401E044F4D4
:1038E00080742868816921F0700181612968042051
:1038F0004860002C05D0686A204368622846FFF7BC
:1039000069FEBDE8F09F70B5040003D094F8200074
:1039100010B104E0012070BD204600F09FF820683F
:10392000016821F00201016000F0DCFD054605267A
:1039300004E000F0D7FD401B0A2811D82068406839
:103940008007F6D42068016841F00101016000F0B1
:10395000C9FD05460BE000F0C5FD401B0A2806D94D
:10396000606A40F40030606284F82060D2E720682A
:103970004068C007EFD0207E0128206801683DD054
:1039800021F080010160607E01282068016838D044
:1039900021F040010160A07E01282068016833D039
:1039A00021F020010160E07E0128206801682ED00E
:1039B00041F010010160207F01282068016829D0B2
:1039C00021F008010160607F01282068016824D08F
:1039D00021F004010160D4E902010843D4E9041292
:1039E000114308436168491E08432168C8610020EB
:1039F0006062012084F82000002070BD41F0800149
:103A0000C0E741F04001C5E741F02001CAE721F0DD
:103A10001001CFE741F00801D4E741F00401D9E7F4
:103A200010B500680A49884211D10A48016821F09E
:103A3000007101604FF44071074800F0EBFB132068
:103A400001F03EF8BDE81040142001F039B810BD77
:103A500000640040403802400004024010B586B0C7
:103A6000044614216846FCF78BFC1C4920688842F8
:103A700031D11B480021026842F0007202600068E8
:103A800000F00070059016481038026842F00202FB
:103A90000260006800F0020005904FF44070009052
:103AA0000220CDE90101032003900920049069461A
:103AB0000C4800F037FC00220321132001F01EF80F
:103AC000132001F00EF800220321142001F016F853
:103AD000142001F006F806B010BD0000006400409C
:103AE00040380240000402407047000030B587B003
:103AF00005463C4B6A460021FFF77DFD3A49002010
:103B00003B4C0860394908700099606881425BD17C
:103B100034480178FF2911D14178FF290ED18178ED
:103B2000FF290BD1C178FF2908D10179FF2905D1DF
:103B30004179FF2902D18179FF290FD02D492948E8
:103B40000CF068FD27482B4908300BF0A3F92549F4
:103B500029480831626809F053FD3DE0C179FC292C
:103B600004D0FD2917D0FE2936D126E01D48001FBC
:103B70000068022802D01F4809F0F4FE19481D49C8
:103B800008300BF087F917491B480831626809F0C3
:103B900037FD07B030BD174809F03CFF1148154903
:103BA00008300BF077F90F4913480831626809F0C3
:103BB00027FD1048FEF730FBEBE7104807F020FB2D
:103BC0000F4807F01DFBD9E700F5C060814203D123
:103BD000012104480BF0D2FA2868416941F0020142
:103BE0004161D6E7280200201800002003000020D1
:103BF000FC0D0020E4160020F0030020FC11002042
:103C00000814002070477047704770B5044690F85C
:103C10002000012804D0606A40F40020606217E0B0
:103C2000022084F820002068016821F00101016071
:103C300000F058FC05460DE000F054FC401B0A283B
:103C400008D9606A40F400306062052084F82000E2
:103C5000012070BD20684068C007EDD1606270BD72
:103C600070B5044690F82000022804D0606A40F441
:103C70008010606214E02068016841F00101016079
:103C800000F030FC05460DE000F02CFC401B0A283B
:103C900008D9606A40F400306062052084F8200092
:103CA000012070BD20684068C007EDD02068016821
:103CB00021F002010160012084F82000002070BD85
:103CC00070477047704770477047704770472DE9DD
:103CD000F0410446876D00F005FC054694F8350078
:103CE0000026022806D08020606584F83460012018
:103CF000BDE8F0812068016821F0160101602068AC
:103D0000416921F080014161206C08B9A06C20B1AB
:103D10002068016821F0080101602068016821F035
:103D2000010101600BE000F0DDFB401B052806D916
:103D30002020606504F8346F03206070D8E72068A5
:103D40000068C007EFD194F85C103F208840B8604D
:103D500004F8346F012060700020C9E790F8351036
:103D6000022903D08021416501207047052180F898
:103D700035100068016821F00101016000207047E2
:103D8000406D70472DE9F84304464FF00009CDF827
:103D9000009063484FF41651A56D0068B0FBF1F731
:103DA0002E6894F85C20082101FA02F030420FD00E
:103DB0002068026852070BD5026822F004020260F4
:103DC00094F85C008140A960606D40F0010060657E
:103DD00094F85C104FF0010808FA01F0304208D066
:103DE00021684969090604D5A860606D40F00200A9
:103DF000606594F85C1004208840304208D0216847
:103E00000968890704D5A860606D40F0040060650A
:103E100094F85C1010208840304218D0216809685E
:103E2000090714D5A86020680168490304D5006813
:103E3000000308D5A16C07E00168C90503D4016837
:103E400021F008010160216C09B12046884794F8EF
:103E50005C1020208840304231D021680968C906B2
:103E60002DD5A86094F8350005282068016806D093
:103E7000490347D5006800031DD4616C1CE021F0A4
:103E8000160101602068416921F080014161206CC8
:103E900008B9A06C20B12068016821F00801016018
:103EA00094F85C103F208840A86084F8349084F82F
:103EB0003580216D1FE0E16B09B120468847606DB8
:103EC00000282BD0606DC00714D0052084F8350081
:103ED0002068016821F0010101600098401C0090F9
:103EE000B84203D820680068C007F6D184F834903F
:103EF00084F83580E16C002910D001B02046BDE87F
:103F0000F04308470168C905D5D4016821F01001C4
:103F1000016084F8349084F83580CCE7BDE8F883FC
:103F2000480000202DE9F041044600F0DBFA054688
:103F30005CB1002684F83460022084F835002068E3
:103F4000016821F0010101600DE00120BDE8F08170
:103F500000F0C8FA401B052805D920206065032021
:103F600084F83500F2E720680068C007F0D12168C6
:103F70000A6820480240D4E901031843D4E9033514
:103F80002B43184363691843A3691843E369184333
:103F9000236A18431043626A042A03D1D4E90B232D
:103FA0001A431043086020684069656A20F00701E1
:103FB00028460D43012704280CD1A06A0543E06A76
:103FC00040B12046FDF760FE20B14020606584F8D6
:103FD0003570BAE7206845612046FDF741FE94F848
:103FE0005C203F2191408160666584F83570002037
:103FF000ACE700003F8010F02DE9F0410446866DEB
:1040000090F83400002501280DD0012084F83400F8
:1040100094F835700020012F07D084F83400022571
:104020002846BDE8F0810220FBE7022784F83570BE
:1040300060652046FDF752FE94F85C103F208840F2
:10404000B0602068016841F016010160206C20B169
:104050002068016841F0080101602068016841F0B2
:1040600001010160DCE700000B4A10B54FF0FF30A2
:10407000106000211160121D10601160064A103A94
:1040800010601160121D10601160121D106011602F
:1040900000F0FCFC002010BD2038024070B5044642
:1040A00000F020FA0546601C02D004480078044461
:1040B00000F018FA401BA042FAD370BDD0020020D5
:1040C0002DE9F047044622480E46017E01290AD018
:1040D0000121804601764CF250394846FEF774F8CB
:1040E000020003D02FE00220BDE8F0874FF0FF3040
:1040F00030602068174F012801D0A5681CE0207CA3
:104100006168FDF7C5FF4846FEF75EF8024638686D
:1041100020F00400386014E0217C2846FDF766FF9B
:104120004846FEF751F80200386820F0FA0038607F
:1041300001D0356005E06D1CD4E902100844A842A6
:10414000EAD8FDF77BFF002188F818101046CBE76E
:1041500024370020103C02400348016841F0004130
:104160000160002070470000103C02402DE9F0473C
:104170001B4E05461446307E1F468946012808D04E
:10418000012030764CF250384046FEF71DF818B149
:1041900014E00220BDE8F0879DB1012D16D0022D5C
:1041A00019D022463B464846FDF796FF4046FEF7AB
:1041B0000BF80C490A6822F001020A6000213176EE
:1041C000E8E7E1B24846FDF777FFEFE7A1B24846DE
:1041D000FDF798FFEAE721464846FDF7A5FFE5E72A
:1041E00024370020103C0240074900200A68002ABA
:1041F00009DA054A054B0C3A1360054B1360096850
:10420000002900DA01207047103C02402301674575
:10421000AB89EFCD2DE9F04F8946DFF8E4A000210E
:104220004FF0010B4FF00F0C0BFA01F609EA0603F1
:10423000B3425FD121F003045444D4F808288D0719
:104240002F0F0CFA07F505EA02082E4A904201D119
:1042500000221EE02C4A904201D1012219E02B4A93
:10426000904201D1022214E0294A904201D1032256
:104270000FE0284A904201D104220AE0264A9042E7
:1042800001D1052205E0254A904201D1062200E035
:104290000722BA40424514D1214F3A689A433A6006
:1042A0003F1D3A689A433A603F1D3A689A433A6024
:1042B0003F1D3A689A433A60D4F80828AA43C4F8E4
:1042C000082803684C000322A24093430360CB08F4
:1042D00000EB83031D6A4C07E70E0CFA07F4A543B5
:1042E0001D62C3689343C3604368B34343608368FC
:1042F00093438360491C102996D3BDE8F08F0000DA
:10430000003001400000024000040240000802406A
:10431000000C02400010024000140240001802404D
:10432000003C01402DE9F84FDFF89091002209F19F
:10433000040A0AF1040B03274FF00F0C0BF1040ED3
:1043400001250B6895402B40AB4272D10C7904F0EB
:104350000304012C01D0022C15D18668540007FA01
:1043600004F826EA0806D1F80C8008FA04F848EAAE
:104370000608C0F808804468AC430D79C5F3001501
:104380009540254345600C79E443A40708D0C568EF
:10439000540007FA04F6B5438E68A6402E43C66063
:1043A0000C7904F00304022C11D1D40800EB84062C
:1043B000356A5407E40E0CFA04F825EA0805D1F82A
:1043C000108008FA04F848EA0508C6F82080056855
:1043D000540007FA04F6B5430E7906F00306A6402A
:1043E0002E4306604C68E40061D5354C256845F4E1
:1043F00080452560246822F0030504F4804400947D
:10440000304C05EB0408D8F808589407260F0CFA2E
:1044100006F4A5432C4CA04201D100241FE02B4CF4
:10442000A04201D101241AE0294CA04202D1022469
:1044300015E03CE0274CA04201D103240FE0264CBC
:10444000A04201D104240AE0244CA04201D1052459
:1044500005E0234CA04201D1062400E00724B4402B
:104460002C43C8F80848D9F800404D464E689C4394
:10447000F60300D51C432C60DAF8004055464E6820
:104480009C43B60300D51C432C60DBF800405D461E
:104490004E689C43F60200D51C432C60DEF80040B9
:1044A00075464E689C43B60200D51C432C60521CD6
:1044B000102AFFF445AFBDE8F88F0000003C014032
:1044C0004438024000300140000002400004024035
:1044D00000080240000C024000100240001402409C
:1044E000001802400148806870470000D002002098
:1044F00070B5040025D094F83D00002520B984F85B
:104500003C50204600F04CFA242084F83D002068FE
:10451000016821F0010101602068016841F4004157
:1045200001602068016821F40041016001F03AF95E
:104530004D4B6168994201D84C4900E04C49884292
:1045400001D2012070BD4B492268B0FBF1F15668E1
:1045500026F03F060E43566062689A4206D94FF431
:10456000967251434FF47A72B1FBF2F12268491C02
:10457000166A26F03F06314311626168994210D8ED
:104580004900401EB0FBF1F2521CC2F30B02042A98
:1045900001D2042022E0B0FBF1F0401CC0F30B007C
:1045A0001CE0A268F2B301EBC10303EB0116431E4A
:1045B000B3FBF6F35B1C43F480431B0549D092B375
:1045C00001EBC10202EB0111401EB0FBF1F0401CF7
:1045D000C0F30B0040F4804040F400402168CA69F9
:1045E0004CF6FF739A431043C861D4E907100143A6
:1045F0002068026822F0C00211430160D4E903017F
:1046000001432068826848F2FF339A431143816076
:10461000D4E9051001432068C26822F0FF0211436B
:10462000C16001E00EE016E02068016841F0010180
:1046300001602564202084F83D00256384F83E5005
:10464000002070BD01EB4106431EB3FBF6F35B1C7B
:10465000B3E70120C2E701EB4101401EB0FBF1F0DE
:10466000401CC0F30B00B7E7A086010080841E0049
:1046700000093D0040420F002DE9FF4F83B09A46EC
:10468000DDE9119793460446DDF84080FFF72AFFE5
:10469000054694F83D00202870D119230122714964
:1046A0002046009502F07EFF0028F5D194F83C00EA
:1046B000012863D0012084F83C0020680168C90704
:1046C00003D1016841F0010101602068016821F413
:1046D00000610160222084F83D00402084F83E0003
:1046E00000262664C4F82480A4F82A90608D2085D2
:1046F0005D48E062CDE9007553465A46204604996C
:1047000002F058FE00287CD1208DD0B1012821D0A4
:104710000228206824D0416980690090208D0328F8
:1047200069D801282BD0514902283B464FF000029E
:10473000009559D08846204602F034FF002860D109
:104740003CE02068416981690091016841F4007191
:10475000016077E02068016821F480610160F0E782
:10476000016821F4806101602068016841F4006102
:104770000160206841698069009063E06FE02A462B
:104780003946204602F08EFF98BB20680069616AB6
:1047900008704EE02068016841F4007101602068F3
:1047A0000069616A0870606A401C6062218D491E60
:1047B0002185618D491E6185216838E02068016886
:1047C00021F48061016020680069616A0870606A94
:1047D000401C6062208D401E2085608D401E6085DB
:1047E0003B46002241460095204602F0DBFE00B920
:1047F000D0E706E0FFE72A463946204602F052FF9E
:1048000018B1012007B0BDE8F08F20680069616A27
:104810000870606A401C6062218D491E2185618D8F
:10482000491E618521684A69D24352070AD4096941
:104830000170606A401C6062208D401E2085608D82
:10484000401E6085208D00287FF468AF202084F80A
:104850003D0084F83E6084F83C600020D2E70220EE
:10486000D0E70000020010000000FFFF040001007C
:104870002DE9FF4F83B09A46DDE911979346044630
:10488000DDF84080FFF72EFE054694F83D00202815
:104890007FD11923012240492046009502F082FE73
:1048A000002876D194F83C00012872D0012084F8C9
:1048B0003C0020680168C90703D1016841F001018B
:1048C00001602068016821F400610160212084F802
:1048D0003D00402084F83E0000262664C4F8248071
:1048E000A4F82A90608D20852C48E062CDE90075FF
:1048F00053465A462046049902F0DAFD70B930E07A
:104900002A463946204602F002FF58B1206C04289E
:1049100004D12068016841F400710160012007B0F2
:10492000BDE8F08F606A216800780861626A521CF5
:104930006262208D401E80B22085618D491E618596
:1049400021684B69DB435B070BD468B110780861C1
:10495000606A401C6062208D401E2085608D401E74
:104960006085208D0028CBD12A463946204602F0AA
:10497000F3FD0028CAD154F83D0B016841F40071E1
:104980000160202004F81E09E67766770020C6E75C
:10499000FFE70220C3E70000020010000000FFFF55
:1049A00010B586B0044614216846FBF7E9FC1349AC
:1049B0002068884220D11248016841F0020101605C
:1049C0000068694600F002000590C02000901220A7
:1049D00001900120029003200390042004900948D4
:1049E000FFF7A0FC06481030016841F40011016097
:1049F000006800F40010059006B010BD005400409F
:104A000030380240000402400248816802781144B4
:104A100081607047D00200200B4810B5016841F456
:104A200000710160016841F480610160016841F436
:104A300080710160032000F081F8002000F006F88A
:104A400000F026F8002010BD003C024070B50D4D6E
:104A500004464FF47A712878B1FBF0F00A490968EE
:104A6000B1FBF0F001F0CBF848B9102C07D20022CE
:104A70002146501E00F042F800206C6070BD0120FD
:104A800070BD0000D00200204800002070470000E8
:104A90000A4808B5016841F480410160006800F4EB
:104AA000804000900548001F016841F0805101607E
:104AB000006800F08050009008BD000044380240BB
:104AC00000280DDB00F01F02012191404009800009
:104AD00000F1E020C0F88011BFF34F8FBFF36F8F5C
:104AE0007047002809DB00F01F02012191404009B6
:104AF000800000F1E020C0F800117047F0B40E4BC8
:104B00001B68C3F30223C3F10704042C00D9042457
:104B10001D1D072D01D2002300E0DB1E012606FA31
:104B200004F56D1E0D409D409E40761E164045EAE0
:104B30000601F0BC06F0D0BB0CED00E0064A00F028
:104B4000070110684FF6FF03184040EA01200349AF
:104B500008431060704700000CED00E00000FA050B
:104B600001220168C0F8FC23002280F8F423886940
:104B700040F000608861486D024A1043486500209B
:104B8000704700000300001070B5164D0446A1B137
:104B9000012911D12068D0F8001E41F00101C0F8B0
:104BA000001ED4F8040405F060FB206A002803D03E
:104BB000286840F00600286070BD206A28B104F023
:104BC000FDF9286820F0060028602068D0F8001E53
:104BD00021F00101C0F8001ED4F80404BDE87040C3
:104BE00005F0D2BA10ED00E0006841620020704785
:104BF000F0B50368586A39B19C6A4FF4827500EBCE
:104C0000144400204E1E0AE040EA024098620FE081
:104C100005EB8007DF59401C04EB1744C0B2B042DB
:104C2000F6D344EA02404FF4807202EB81015850FF
:104C30000020F0BDD0F8040405F0F1B9C1EBC102C9
:104C400000EB8202D0F80404926C05F055B9C1EB78
:104C5000C10200EB8202D0F80404D2F8082205F069
:104C60009FB910B5040006D0032084F8BD03206866
:104C700006F0FEF908B1012010BD204600F0C6FB89
:104C8000002084F8BD0310BDD0F8040405F0C9B9B4
:104C900070B504460B0601F00F00C0EBC00104EB39
:104CA00081014FF001024FF0000503D581F83D204E
:104CB0003C3103E081F8FD5101F5FE71087094F874
:104CC000BC03012808D084F8BC23206805F07CFDD3
:104CD00084F8BC53002070BD022070BD70B504463E
:104CE00001F00F006268904201D9012070BD0B06EF
:104CF00001F00F01C1EBC10104EB81014FF0010292
:104D00004FF0000503D581F83D203C3103E081F8E8
:104D1000FD5101F5FE718D70087094F8BC030128F7
:104D200008D084F8BC23206805F048FF84F8BC5301
:104D3000002070BD022070BD01F00F01C1EBC10168
:104D400000EB8100D0F8140270472DE9F0410446D1
:104D50000F0601F00F00C0EBC00104EB81014FF022
:104D600001064FF0000503D581F83D603C3103E0BA
:104D700081F8FD5101F5FE7108708A60CB704A78A8
:104D800002B1C880022B00D10D7194F8BC03012838
:104D900009D084F8BC63206805F074FC284684F8C8
:104DA000BC53BDE8F0810220FBE770B50D4601F071
:104DB0000F04C4EBC40100EB8101C1F81032C1F84B
:104DC00008220023C1F8143281F8FD3181F8FC413A
:104DD000036901F5FE71012B00D10A612A07027CEB
:104DE000006803D005F042FF002070BD05F02EFEE4
:104DF000FAE770B504460D4601F00F00616888427D
:104E000001D9012070BD29064FF000064FF00102C4
:104E100007D5C0EBC00104EB810181F83D203C3196
:104E200007E0C5EBC50104EB810181F8FD6101F5E7
:104E3000FE718A70087094F8BC03012807D084F8CA
:104E4000BC23206805F0E6FE280702D007E0022018
:104E500070BD217C04F57172206805F083FE84F832
:104E6000BC63002070BD70B50D4601F00F04C4EBAB
:104E7000C40100EB81010B658A6400234B650123AB
:104E800081F83D3001F83C4F0369012B00D10A61E4
:104E90002A07027C006803D005F0E8FE002070BD00
:104EA00005F0D4FDFAE700002DE9F84F0568044647
:104EB000284606F002F800287ED1206806F029F87E
:104EC000002879D0206806F024F8800704D52068EF
:104ED000416901F002014161206806F01AF8C1063B
:104EE00004F57170009034D52068816921F01001BB
:104EF00081612F6A07F00F00C0EBC00004EB800651
:104F0000C7F3434006F5FE76022802D0062811D0EA
:104F10001AE047F6F070074216D0C7F30A12174698
:104F20002846F16805F0F9FFF0683844F060B06990
:104F3000384408E008222846009905F0EEFFB069E1
:104F4000C7F30A110844B0612068816941F010017B
:104F50008161206805F0DDFF00034FF0010B5AD599
:104F60000026206805F0B4FF8046DFF89CA34FE0E0
:104F70005FEAC87049D0F1B2206805F0C2FF074669
:104F8000C00707D005EB4611C1F808BB31462046E3
:104F900003F082FC380722D505EB46110820C1F842
:104FA000080B2068D0F8409000EB4610D0F8081BA2
:104FB000D14507D9090400E0A4E103D54FF400412D
:104FC000C0F8081B204600F0AFFAD14507D9206988
:104FD000012804D120680121009A05F0C3FDF806DC
:104FE00004D505EB46111020C1F8080BB80604D50E
:104FF00005EB46112020C1F8080BB80405D505EBD8
:1050000046114FF40050C1F8080B4FEA5808761CBF
:10501000B8F1000FACD1206805F07BFF40034FF0E2
:1050200000095BD5206805F04CFF8046002652E061
:105030005FEAC8704CD0F1B2206805F050FF074617
:10504000C00723D006F00F020BFA02F0D5F834287F
:105050008243C5F8342805EB4610C0F808B920692A
:1050600001280FD1C6EBC60004EB8000D0E9112166
:105070001144816436B9206D20B920680121009A5D
:1050800005F070FDF1B22046FFF7D8FD380704D5D2
:1050900005EB46110820C1F80809F80604D505EB10
:1050A00046111020C1F80809780604D505EB461111
:1050B0004020C1F80809B80704D505EB46110220C5
:1050C000C1F80809380603D53146204603F04AFCEA
:1050D0004FEA5808761CB8F1000FA9D1206805F0F6
:1050E00018FF002811DAD5F8040820F00100C5F8EF
:1050F000040894F8F403012839D0204600F0F8F9A8
:105100002068416901F000414161206805F001FF1C
:1051100000050BD5D5F80808C00702D0204600F0DE
:1051200051FA2068416901F400614161206805F08D
:10513000F0FE00010AD52068416901F0006141617B
:1051400094F8F403D0B1204600F03CFA206805F052
:10515000E0FEC00475D5D5F8040820F00100C5F8BC
:1051600004081021206805F089FE002134E084F84D
:10517000F49300212046FFF707FDC1E784F8F4B35C
:105180002068406D0121C0F38300C4F8F803204675
:10519000FFF7FAFCDAE705EB41104FF67F32C0F873
:1051A0000829D0F8003923F40013C0F80039D0F8EA
:1051B000003943F00063C0F80039C0F8082BD0F87C
:1051C000002B22F40012C0F8002BD0F8002B42F084
:1051D0000062C0F8002B491C60688842DBD8D5F813
:1051E0001C0840F00110C5F81C08206B60B1D5F810
:1051F000840840F00B00C5F88408D5F8440840F056
:105200000B00C5F844080CE0D5F8140842F22B0155
:105210000843C5F81408D5F8100840F00B00C5F88D
:105220001008D5F8000820F4FE60C5F80008217CBD
:105230002068009A05F096FC2068416901F48051CD
:105240004161206805F065FE800415D5206805F0F1
:1052500059FA206805F024FEE06000F09DFA01464E
:10526000227B206805F090FE204600F02BF9206894
:10527000416901F400514161206805F04AFE0007D0
:1052800007D5204600F038F92068416901F008018F
:105290004161206805F03DFEC00208D5002120468E
:1052A00000F034F82068416901F480114161206800
:1052B00005F02FFE800208D50021204600F02AF8D4
:1052C0002068416901F400114161206805F021FE68
:1052D000400007D52046FFF7ADFC2068416901F08A
:1052E00080414161206805F014FE40070AD520681E
:1052F0004568680702D52046FFF7C6FC206841686C
:1053000029434160BDE8F88F0A30544FD0F80404B7
:1053100004F0D8BED0F8040404F0E4BE2DE9F04156
:105320008AB0040005D094F8BD032668002520B19A
:1053300008E001200AB0BDE8F08184F8BC532046A3
:1053400000F07EF8032084F8BD03F06BC00500D4A4
:105350002561206805F074FB04F1100128228846BD
:105360006846FAF7F4FF94E80F0005F0D9F9022730
:10537000C8BB0021206805F0DFFD002101260EE0FA
:10538000C1EBC10004EB800080F83D6000F83C1FD9
:10539000C180C5708560C560491CC9B2456160683F
:1053A0008842EDD8002111E0C1EBC10004EB800080
:1053B00080F8FD5180F8FC1180F8FF51C0F80452CC
:1053C000C0F80852491CC9B2C0F81052606888423F
:1053D000EAD8282241466846FAF7B9FF94E80F0058
:1053E00005F076FA10B184F8BD73A2E784F838505E
:1053F00084F8BD63606A012802D12046FFF7B0FB44
:10540000206805F057FA002094E7000010B5006806
:10541000B0F1A04F0ED10848016821F08001016071
:105420004FF4C0510548FEF7F5FEBDE8104043209B
:10543000FFF746BB10BD00003438024000000240B8
:1054400010B586B0044614216846FAF799FF206823
:10545000B0F1A04F2FD119480021026842F001029B
:105460000260006800F0010005904FF4C050009009
:105470000220CDE90101032003900A20049069462F
:105480000F48FEF74FFF0D48001D016841F08001F5
:1054900001600A481430016841F4804101600068ED
:1054A000002200F48040059005214320FFF726FBF1
:1054B0004320FFF716FB06B010BD00003038024055
:1054C0000000024070B50446C068012570B1022892
:1054D00001D0FCF733FD2946D4F8040404F06EFE35
:1054E000D4F80404BDE8704004F021BE0025F2E7C2
:1054F000D0F8040404F048BED0F8040404F04EBE12
:1055000010B5044690F8BC0301280BD0012084F8A4
:10551000BC0384F83810206805F025FD002084F8CD
:10552000BC0310BD022010BDD0F8042400F5717139
:10553000104604F04FBE10B50446006894F8BC1342
:10554000012906D0012184F8BC13A16A012902D0E7
:1055500008E0022010BDA169012903D0816B41F44C
:1055600080318163206805F073FC206805F094F9B0
:10557000002084F8BC0310BD70B50446056890F89F
:10558000BC03012810D0012084F8BC03284605F094
:1055900057FA206805F08EF91021206805F06EFC9E
:1055A000A06A012802D008E0022070BDA06901288D
:1055B00003D0A86B20F48030A863002084F8BC03DB
:1055C00070BD000010B50446D0F8040404F04DFE90
:1055D0002068D0F8001E41F00101C0F8001E206ACA
:1055E000002804D00248016841F00601016010BDA6
:1055F00010ED00E02DE9F84317484FF0000802686D
:1056000042F0805202600068144F00F08050009019
:10561000C7F84480FEF766FF04464FF47A75104ED3
:1056200004E0FEF75FFF001BA8420DD870688003FE
:10563000F7D4C7F84080FEF755FF044607E0FEF7B1
:1056400051FF001BA84202D90320BDE8F88370680F
:10565000C003F4D40020F8E74038024000000E42B6
:10566000007000402DE9F0470D46040065D0DFF8DA
:105670001491D9F80000EFB200F00F00A84207D251
:1056800089F80070D9F8000000F00F00A84254D14A
:1056900020683D4E810712D5400703D5306840F49D
:1056A000E05030602078000703D5306840F4604057
:1056B00030603068A16820F0F00008433060207846
:1056C000C0072DD0304960680839012812D002285F
:1056D00013D0032811D00968890700292DDA316811
:1056E00021F0030101433160FEF7FCFE804641F2E8
:1056F000883A0EE009688903EFE709688901ECE759
:10570000FEF7F0FEA0EB0801514502D90320BDE8E9
:10571000F0873068616800F00C00B0EB810FEFD1CA
:10572000D9F80010484601F00F01A94207D90770C7
:10573000006800F00F00A84201D00120E7E72078C0
:10574000400705D53068E16820F4E0500843306038
:105750002078000706D53068216920F4604040EACF
:10576000C100306000F03EF83168084AC1F303110F
:10577000515CC8400649086006480068FFF766F9B2
:105780000020C4E7003C0240083802403C0A0308FD
:1057900048000020D4020020014800687047000043
:1057A000480000200448054900680968044AC1F31C
:1057B0008221515CC84070474800002008380240F0
:1057C0004C0A03080448054900680968044AC1F303
:1057D0004231515CC8407047480000200838024000
:1057E0004C0A0308224810B5006810F00C0121484B
:1057F00015D04310042911D01D4C241F08290FD0A7
:105800000C290CD1216801F03F022168490221D501
:105810002068C0F38810A0FB030120E0184610BDEB
:10582000216801F03F022168490205D52068C0F3D4
:105830008810A0FB030104E02168C1F38811A1FBDB
:1058400000010023FAF752FD2168C1F30141491C10
:1058500049000AE02168C1F38811A1FB000100237F
:10586000FAF744FD2168C1F30271B0FBF1F010BDFD
:10587000083802400024F40070B5040009D0606AC2
:10588000002540B125616561A56294F8510040B1E1
:105890000CE0012070BD6068B0F5827FF4D0E56156
:1058A000F2E784F85050204600F044F8022084F8D3
:1058B00051002068016821F040010160A088218921
:1058C00000F4827001F404410843A18901F40061ED
:1058D0000843217C01F002010843217D01F0010110
:1058E0000843218B01F400710843217F01F0380146
:1058F000084394F8201001F080010843218D01F441
:105900000051084321680860A069042101EA1040A1
:1059100094F8241001F010010843216848602068C1
:10592000C16921F40061C1616565012084F85100FD
:10593000002070BDF0B587B0044614216846FAF720
:105940001FFD314A20680023304902240325052623
:1059500090421AD12D481430026842F480520260FD
:10596000006800F480500590086840F0010008606D
:10597000086802AA00F001000590E020CDE90004CB
:1059800082E86800694622481CE0204A214F103214
:10599000B8421BD1106840F480401060106800F4D9
:1059A00080400590086840F0020008600868694679
:1059B00000F002000590B800CDE9000402AF1648DF
:1059C00087E86800FEF7AEFC07B0F0BD134EB042AA
:1059D000FAD1106840F400401060106800F40040F4
:1059E0000590086840F0040008600868029300F021
:1059F000040005904FF4E050CDE900040620CDE905
:105A0000035069460648DDE7003001403038024067
:105A1000000002400038004000040240003C00400A
:105A2000000802402DE9F84F044690F85000012587
:105A30000A9E1F4692468B464FF0000801280ED062
:105A4000012084F85000FEF74DFD814694F8510086
:105A5000616801280CD0B1F5827F07D102E00220F5
:105A6000BDE8F88FA16809B9042801D00220B6E08A
:105A7000BBF1000F27D0BAF1000F24D01FB394F868
:105A80005100042802D0052084F8510000206065F0
:105A9000C4F838A0E787A787C4F830B0E786A786A0
:105AA0002064606420680168490603D4016841F0FD
:105AB00040010160E068B0F5006F606805D0E8B3B0
:105AC000012F43D079E0012089E008B1012F34D1C2
:105AD000206B21680088C860206B801C2063E08EEA
:105AE000401EE08629E02068816889070DD5E18E97
:105AF00059B1012D09D1216B0988C160206B801C2F
:105B00002063E08E401EE086002520688168C9077A
:105B10000BD0E18F49B1C068A16B0880A06B801CDD
:105B2000A063E08F401EE0870125FEF7DBFCA0EBC1
:105B30000900B04201D3701C50D100E006E0E08EB5
:105B40000028D0D1E08F0028CDD13CE0206B216827
:105B500000780873206B401C2063E08E401EE086B6
:105B60002BE02068816889070DD5E18E59B1012DA0
:105B700009D1216B09780173206B401C2063E08EF2
:105B8000401EE086002520688168C9070BD0E18FA0
:105B900049B1C068A16B0870A06B401CA063E08F86
:105BA000401EE0870125FEF79DFCA0EB0900B042F6
:105BB00002D3701C01D011E086B1E08E0028D0D154
:105BC000E08F0028CDD14A463146204603F096F8B2
:105BD00038B120204FF00108606508E003208046BE
:105BE00005E0A06818B92068C168806800900120AD
:105BF00084F85100002084F85000404630E710B58A
:105C0000401EB0F1807F01D3012010BD4FF0E02491
:105C100060610F21601705F05FFB0020A061072085
:105C20002061002010BD7047704710B590F83C20EF
:105C3000012A22D0012280F83C20CA688C6822F414
:105C4000407222434C6822F4806222430C6822F4A2
:105C5000006222430C6922F4805222434C6922F4F0
:105C600000522243C969002322F480420A4301689A
:105C70004A6480F83C30002010BD022010BD0000B6
:105C800070B590F83C20012A32D0012580F83C50B4
:105C9000022280F83D2002685368946823F0700661
:105CA0000B6833435360134B02689A4214D0B2F12D
:105CB000804F11D0104B9A420ED0104B9A420BD00D
:105CC0000F4B9A4208D00F4B9A4205D00E4B9A4286
:105CD00002D00E4B9A4204D1496824F08003194344
:105CE000916080F83D50002180F83C10084670BD5E
:105CF000022070BD00000140000400400008004088
:105D0000000C004000040140004001400018004029
:105D100010B5044649B104290AD008290BD094F8DB
:105D2000450001280AD0012010BD94F84200F8E790
:105D300094F84300F5E794F84400F2E7022091B3A9
:105D4000042934D0082935D084F84500042220687D
:105D500003F0BFFA2068416C41F4004141641749E7
:105D60002068884214D0B0F1804F11D01449884285
:105D70000ED0144988420BD01349884208D01349E9
:105D8000884205D01249884202D01249884204D183
:105D9000816801F00701062903D0016841F0010183
:105DA0000160002010BDFFE784F84200CEE784F8D0
:105DB0004300CBE784F84400C8E70000000001403E
:105DC0000004004000080040000C004000040140B6
:105DD000004001400018004070B504460D460068C0
:105DE000002203F076FA2068026A41F211131A4287
:105DF00040F2444106D1026A0A4203D1426C22F4C5
:105E0000004242642068026A1A4206D1026A0A42CB
:105E100003D1016821F00101016001203DB1042D91
:105E200008D0082D09D084F84500002070BD84F802
:105E30004200FAE784F84300F7E784F84400F4E707
:105E400010B5040003D094F83D0010B107E0012024
:105E500010BD002084F83C00204600F01FF802200E
:105E600084F83D00211D206803F0C2F9012084F868
:105E7000460084F83E0084F83F0084F8400084F82F
:105E8000410084F8420084F8430084F8440084F818
:105E9000450084F83D00002010BD000008B50068F2
:105EA0002649884227D12648016841F00101016056
:105EB0000068002200F00100009002211820FEF787
:105EC0001DFE1820FEF70DFE002202211920FEF70C
:105ED00015FE1920FEF705FE002202211A20FEF70A
:105EE0000DFE1A20FEF7FDFD002202211B20FEF709
:105EF00005FE1B201EE01249091FB0F1804F0BD098
:105F0000104A904207D1086840F002000860086813
:105F100000F00200009008BD086840F00100086031
:105F20000868002200F00100009005211C20FEF707
:105F3000E5FD1C20BDE80840FEF7D3BD0000014090
:105F4000443802400004004070B5044690F83C001C
:105F5000012817D0012584F83C50022084F83D0028
:105F60002068826822F0770222F47F42826008680B
:105F7000502830D00DDC20284DD005DC98B31028F7
:105F80003BD148E0022070BD302844D0402834D1B5
:105F900039E0602828D0702806D0B0F5805F2CD07A
:105FA000B0F5005F29D10AE0CB68D1E90121206872
:105FB00003F09CF92068816841F0770109E0CB6823
:105FC000D1E90121206803F091F92068816841F44A
:105FD0008041816011E0CA684968206803F05AFA7C
:105FE0005021206807E016E0CA684968206803F07D
:105FF00062FA6021206803F083F984F83D500020A4
:1060000084F83C0070BDCA684968206803F042FA11
:1060100040212068EFE7226801461046EBE7704711
:1060200070B50446006801694FF00005C94389074F
:1060300015D4C168C943890711D4E91E0161012043
:106040002077206880698007204602D0FFF7E7FFAD
:1060500004E000F001F9204600F090F9257720686F
:106060000169C943490717D4C168C943490713D413
:106070006FF004010161022020772068806910F42C
:10608000407F204602D0FFF7CAFF04E000F0E4F8AA
:10609000204600F073F9257720680169C943090794
:1060A00016D4C168C943090712D46FF00801016111
:1060B000042020772068C0698007204602D0FFF7BF
:1060C000AEFF04E000F0C8F8204600F057F925774D
:1060D00020680169C943C90617D4C168C943C90604
:1060E00013D46FF010010161082020772068C06987
:1060F00010F4407F204602D0FFF791FF04E000F04B
:10610000ABF8204600F03AF9257720680169C943C9
:10611000C90708D1C168C943C90704D1891E0161F3
:10612000204600F01BFD20680169C943090609D417
:10613000C168C943090605D46FF08001016120469A
:10614000FFF771FD20680169C943490609D4C16898
:10615000C943490605D46FF040010161204600F0B3
:10616000FEFC20680169C94389060BD4C168C94394
:10617000890607D46FF0200101612046BDE8704018
:10618000FFF752BD70BD0000F0B587B00446142182
:106190006846FAF7F5F82B4B206800222A490224BA
:1061A00001252A4E984223D1086840F0010008607A
:1061B000086800F001000590086840F002000860DF
:1061C0000868032700F0020005904FF4F060CDE965
:1061D0000004CDE9024769461D480495FEF7A2F880
:1061E000CDE90074CDE9024769463046049525E0C3
:1061F000B0F1804F13D0174B984221D1086840F07E
:10620000020008600868694600F00200059030202E
:106210000090CDE90142CDE9032430460EE0086844
:1062200040F0020008600868694600F0020005902E
:1062300008208DE83100CDE903253046FEF772F8DD
:1062400007B0F0BD000001403038024000040240B9
:106250000000024000040040704770B5044690F80A
:106260003C000D4601280AD0012084F83C0042B1D0
:10627000042A18D0082A2AD00C2A4DD139E002204D
:1062800070BD206803F044F82068816941F008017E
:1062900081612068816921F0040181612068816940
:1062A0002A69114311E0206803F062F820688169CF
:1062B00041F4006181612068816921F4806181611C
:1062C000206881692A6941EA0221816124E020680D
:1062D00003F084F82068C16941F00801C1612068B9
:1062E000C16921F00401C1612068C1692A691143B3
:1062F00011E0206803F0A6F82068C16941F400614C
:10630000C1612068C16921F48061C1612068C169EF
:106310002A6941EA0221C161002084F83C0070BD75
:1063200010B5040003D094F83D0010B107E001203F
:1063300010BD002084F83C00204600F01EF802202A
:1063400084F83D00211D206802F052FF012084F8EE
:10635000460084F83E0084F83F0084F8400084F84A
:10636000410084F8420084F8430084F8440084F833
:10637000450084F83D00002010BD70472DE9F04F26
:10638000FF4F4FF4B0212DED028B83B078784FF49E
:10639000C023FC4C30B14FF4A022012804D00228C5
:1063A00009D105E0A16300E0A263C4F8383102E03E
:1063B000A263C4F83811F448FCF7BEFCD4F8080214
:1063C00040F48000C4F808024FF6FF71EF48FCF774
:1063D00000FCEF4E96ED030ADFEDEE0A20EE200AF8
:1063E00010EE100AFAF77DF941EC180B0121E7488D
:1063F000FCF7D2FBFAF768F99FEDE71B53EC112B82
:10640000FAF770F89FEDE61B53EC112BFAF76AF8D8
:1064100053EC182BF9F7BFFFFAF78EF9F060D6F8B6
:106420007001FAF75EF99FEDE01B53EC112BFAF7C0
:1064300059F841EC180B0221D448FCF7ADFB80B2AF
:1064400002F0F6F810EE100AFAF74BF99FEDD81BA0
:1064500053EC112BFAF746F853EC182BF9F79BFF86
:10646000FAF76AF99FEDD48AC6F87001D348B0EE06
:10647000480AFBF7ADFCD14D06F58064D048D5ED58
:10648000040A95ED031A94ED050A51EE000AC6EDD3
:10649000040AD5ED300A20EE800A02F0CBF986ED31
:1064A000060A95ED300A294686ED070A95ED010AA0
:1064B000304686ED050A95ED310A86ED080AB0EE04
:1064C000480A01F097FABF4D2868DFF8FCA2DFF810
:1064D000FC924FF0010B022812D028684FF0000800
:1064E0009FEDBB8A092829D028680A2826D0286869
:1064F0004FF47A71062877D02868072873D091E185
:10650000DAF89012386B814202D800F061FE01E0A7
:10651000401C38639E4808F033FD040004D09C48BA
:1065200007F078FA89F80040994801F031F9984865
:10653000FBF732FFB869401CB86173E12968A548D0
:106540009FEDA50AD7ED080A0088A44CB8EE601AA2
:1065500000EE900A0929F8EE601AC1EE210A20EE39
:10656000800A09D0F9F788FEB5EEC00AF1EE10FAFC
:1065700005DDB7EE000A04E0F9F77EFE01E0BFEEAC
:10658000000A208800EE900A8148F8EE600A20EEAA
:10659000200A86ED310A86ED308AFBF7FDFE904831
:1065A000396A96ED310A006800EB810080ED000A3F
:1065B0008C48396A96ED0A0A006800EB810080ED8C
:1065C000000A386A401C3862B0F5F97F09D9704872
:1065D00007F020FAC5F80080834981F8008087F829
:1065E00004B01FE100E07FE096ED090ADFED7F0ACD
:1065F00020EE200AD6ED160A9FED7D1A41F2883270
:1066000000EE810A86ED160A386A904235D9A0F567
:106610009852893A43F697239A422FD2D7ED0E0A21
:10662000B4EEE00AF1EE10FA01DD87ED0E0AD7EDC7
:106630000A0AB4EEE00AF1EE10FA01D287ED0A0A76
:10664000B0FBF1F201FB1200002816D197ED0D0A04
:10665000D7ED0E0A30EE200A87ED0D0A97ED090AF4
:10666000D7ED0A0A30EE200A87ED090A87ED0E8A77
:1066700087ED0A8AF86A401CF862CDE044F6206192
:10668000884230D397ED0D0AD7ED090AB2EE0C1A05
:1066900030EE600AF6EE000A20EE200AC0EE010A93
:1066A00094ED071ADFED531AB7EE080A07F096F8D3
:1066B00084ED080A364807F0ADF9C5F800804E4968
:1066C00081F80080206AFAF70CF805460E46E0696A
:1066D000FAF707F841EC100BCDE9005653EC102BFC
:1066E00046A008F039FD97E0386AB7EE000A884204
:1066F0000FD286ED170A86ED188AB0F5487F07D9C4
:1067000096ED090AD7ED0D0A30EE200A87ED0D0A45
:1067100082E0A0F2E93140F2E732914211D2B0EECC
:10672000000A86ED170A86ED188AB0F5E16F73D975
:1067300096ED090AD7ED090A30EE200A87ED090A1D
:106740006AE0B0F5FA6F63D9D7ED090A97ED0D1A33
:10675000062030EEC11AC0EE010A9FED2C0A20EE91
:10676000800A84ED070A87ED0D8A87ED098AC7F84C
:10677000208087ED0E8A87ED0A8A28604CE047E08A
:10678000000000200020014018030020A803002082
:10679000E41600203333333F9FBA6882F136A03FBE
:1067A000000000403333D33F666666666666E63FA8
:1067B000333333333333D33F17B75138FC11002011
:1067C0004437002024020020FC0D0020500200204D
:1067D0000000000056000020DB0FC94058000020D8
:1067E0005C00002060000020550000209CC4A03EFA
:1067F000B29D2F3F79594445540000204C2C252E42
:1068000036662C252E36662C5200000000004743C9
:1068100086ED178A86ED188A386A401C38620F4860
:10682000FBF7BAFDD7E90601884212DD9AF8840227
:1068300000060ED5F87801280BD099F800004C46D8
:10684000002806D187F803B0044807F0E3F81020C9
:10685000207003B0BDEC028BBDE8F08FE416002081
:1068600010B5044649B104290AD008290BD094F880
:10687000410001280AD0012010BD94F83E00F8E73D
:1068800094F83F00F5E794F84000F2E70220B1B336
:10689000042938D0082939D084F841000122206821
:1068A00002F00AFD1B4920681B4A884201D0904231
:1068B00003D1436C43F4004343642068884213D0FF
:1068C000B0F1804F10D0154988420DD0144988424C
:1068D0000AD01449884207D0904205D01249884214
:1068E00002D01249884204D1816801F007010629CB
:1068F00003D0016841F001010160002010BDFFE7F5
:1069000084F83E00CAE784F83F00C7E784F84000F7
:10691000C4E7000000000140000401400004004002
:1069200000080040000C00400040014000180040FA
:1069300010B5044649B104290AD008290BD094F8AF
:10694000410001280AD0012010BD94F83E00F8E76C
:1069500094F83F00F5E794F84000F2E7022069B1AF
:1069600004290ED008290FD084F8410079B10429F8
:1069700012D0082946D00C2913D148E084F83E00F3
:10698000F4E784F83F00F1E784F84000EEE7206880
:10699000C26842F0020203E02068C26842F00402CA
:1069A000C2600122206802F087FC1B4A20681B4954
:1069B000904201D0884203D1436C43F400434364C6
:1069C0002068904213D0B0F1804F10D0144A90420A
:1069D0000DD0144A90420AD0134A904207D0884200
:1069E00005D01249884202D01149884204D18168F9
:1069F00001F00701062903D0016841F0010101609F
:106A0000002010BD2068C26842F00802C8E7206874
:106A1000C26842F01002C3E70000014000040140D8
:106A20000004004000080040000C0040004001400D
:106A30000018004030B504460D460068002202F000
:106A40003BFC194941F2111220689310884202D090
:106A50001649884209D1016A114206D1016A1942D8
:106A600003D1416C21F4004141642068016A114264
:106A700006D1016A194203D1016821F001010160C8
:106A800001203DB1042D08D0082D09D084F8410023
:106A9000002030BD84F83E00FAE784F83F00F7E7B5
:106AA00084F84000F4E700000000014000040140C9
:106AB00030B5026804460D0006D0042D08D0082D1C
:106AC00037D00C2D08D138E0D06820F0020002E069
:106AD000D06820F00400D0600022206802F0ECFBB7
:106AE0001C4941F2111220689310884202D01A49C1
:106AF000884209D1016A114206D1016A194203D1C3
:106B0000416C21F4004141642068016A114206D1C0
:106B1000016A194203D1016821F0010101600120DD
:106B20007DB1042D10D0082D11D084F84100002033
:106B300030BDD06820F00800CDE7D06820F010000C
:106B4000C9E784F83E00F2E784F83F00EFE784F8F5
:106B50004000ECE70000014000040140704770472E
:106B600038B5044690F83E0020281CD181B17AB196
:106B700094F83C00012816D0012084F83C002063E2
:106B8000204602F02BFE002803D1216B012901D001
:106B9000012038BD21680A684A680092CA6842F03C
:106BA0001002CA6038BD022038BD000070B504462E
:106BB0001848002505601848844206D1FAF764F8A1
:106BC000222216491448FFF7CBFF154884421FD1F3
:106BD000144805701448C178027942EA01214279CB
:106BE000807942EA012140EA012000EE100A0F48B4
:106BF0000C220D4980ED000A0D48D0ED580A30EE08
:106C0000600A80ED570ABDE870400548FFF7A8BF4D
:106C100070BD00003C000020F8060020FE36002079
:106C2000F4050020E8020020FE02002008030020F6
:106C3000E416002070B504460068C16821F0C00168
:106C4000C160206841694FF0000509060FD5416910
:106C500021F080014161606B48B10565606BFDF713
:106C600036F820B1606BFDF78BF8202805D0E5845D
:106C7000202084F83D00002070BD102020640320F7
:106C800070BD00000349884202D10846FFF7D2BF19
:106C900070470000F8060020F8B502680446106846
:106CA000D168536910F00B0F4FF0000553D003F07B
:106CB000010601F4907737435FD0C20705D0CA05BB
:106CC00003D5226C42F001022264420705D5DA079F
:106CD00003D0226C42F002022264820705D5DA0753
:106CE00003D0226C42F004022264020707D501F0AF
:106CF0002002324303D0226C42F008022264226C4C
:106D0000002A34D0800604D5880602D5204602F039
:106D100088FC20684069216CC0F38010090700D40A
:106D200030B3204602F05CFC2068416949061BD55F
:106D3000416921F040014161A06BA8B15949016549
:106D4000A06BFDF70BF8002811D0A06B016D01B00E
:106D5000BDE8F040084783060FD58B060DD52046C9
:106D6000BDE8F84002F05DBC2046FFF78BFFF8BDA0
:106D70002046FFF787FF2564F8BD266B2023012EF0
:106D800053D1C60651D5CE064FD510685068009035
:106D9000506940062BD5A16B086840680004000CC0
:106DA000EAD0A68D8642E7D9E085C869B0F5807F34
:106DB00018D0D06820F48070D0602068416921F03C
:106DC000010141612068416921F04001416184F87D
:106DD0003E3025632068C16821F01001C160A06BBE
:106DE000FCF775FFA08DE18D401A81B219E0A08DEE
:106DF000E18D401A81B2E08D0028BDD00029BBD0C2
:106E0000D06820F49070D0602068426922F00102BE
:106E1000426184F83E3025632068C26822F0100287
:106E2000C2602046FFF7C2FEF8BD05062BD50D0651
:106E300029D594F83D002128F6D1A068B0F5805FEF
:106E400001D12069B0B1206A411C2162216800781B
:106E50004860E08C401E0004000CE084E4D120680F
:106E6000C16821F08001C1602068C16841F0400123
:106E7000C160F8BD206A0088C0F308005060206A35
:106E8000801C2062E5E74006F3D54806F1D5D168BD
:106E9000204621F04001D16084F83D3000F074F9C3
:106EA000F8BD0000DB94020870B5040004D094F82B
:106EB0003D00002510B106E0012070BD84F83C5073
:106EC000204600F023F8242084F83D002068C168A3
:106ED00021F40051C160204602F0FAFB20680169EC
:106EE00021F4904101612068416921F02A0141614A
:106EF0002068C16841F40051C1602564202084F8F5
:106F00003D0084F83E00002070BD00002DE9F04FE8
:106F100087B0044614216846F9F732FA714F704978
:106F20002068DFF8C081103F00254FF4806A884256
:106F30006AD1D8F8001041F48021C8F80010D8F8C0
:106F4000000000F480200590386840F004003860AC
:106F5000386800F004000590386840F0020038609E
:106F600038684FF0020B00F00200059020204FF02F
:106F70000309CDE9000BCDE90259072669460496BD
:106F80005948FDF7CFF9CDE90259694657480496AB
:106F9000CDE900ABFDF7C6F9564E55484FF00069F4
:106FA0003060C6E90195C6E9035A75614FF4403B6C
:106FB000B561C6E9075B30467562FCF7B3FF08B1FF
:106FC000FAF7BCFFA663B4634A4E494860363030D6
:106FD000E6E802094020A6E82104464846F814598C
:106FE0006030B561C6E9075B7562FCF79BFF08B1CD
:106FF000FAF7A4FF6663002202212720B463FDF79D
:107000007DFD2720FDF76DFD3B492068884264D156
:10701000D8F8001041F40031C8F80010D8F800008A
:1070200000F400300590386840F00100386038689E
:10703000022600F0010005900420CDE900060120A1
:107040004FF00308CDE90208DFF8B0900727694642
:1070500004974846FDF766F90820CDE90006CDE91A
:107060000258694604974846FDF75CF92048244ECB
:1070700060304FF000683060C6E90185C6E9035A08
:107080007561B561F5613562574630467562FCF74A
:1070900049FF08B1FAF752FFA663B463184E1448CB
:1070A00060367830E6E802084020A1C6144846F869
:1070B00014596030B561F56135627562FCF732FFD5
:1070C00008B1FAF73BFF6663002211462620B4633D
:1070D000FDF714FD2620FDF704FD07B0BDE8F08F95
:1070E00000480040403802400008024000040240CE
:1070F000286002403C07002000440040000002409D
:107100003806002070477047F7B5044690F83D00F8
:10711000202831D1019969B362B394F83C00012869
:107120002AD0012084F83C002162A284E284002558
:107130002564212084F83D00636B1048D863636B9D
:107140000F481864636B0F48D864606B134605657D
:107150002668606B321DFCF74FFF21686FF040001E
:10716000086084F83C502068416941F08001416129
:107170000020FEBD0120FEBD0220FEBDA995020833
:10718000D7950208EB9402080549884206D10549C3
:107190004FF00070886104490120087070470000BA
:1071A000F405002000080240E802002070474FF478
:1071B000FA7001078863704704484FF08041D0F8A7
:1071C0008C02C0F5FA70886370470000FC0D002047
:1071D00004484FF08041D0F89402C0F5FA708863FB
:1071E00070470000FC0D002001B582B04FF6FF7023
:1071F000009002A9012301AA0248FEF713FCBDF882
:1072000004000EBD1804002038B50C464FF6FF717F
:1072100000911346014622460148FEF703FC38BDA3
:10722000700400200A4991FBF0F10A48491E0160F0
:107230000068084900EE900A0831F8EE600A20EE76
:10724000800ABCEEC00A10EE100A08607047000009
:1072500040420F002C040040704770477047000008
:1072600007480068064900EE900A0C31F8EE600A03
:1072700020EE800ABCEEC00A10EE100A08607047CB
:107280002C04004002494FF4004088617047000020
:107290000000024002494FF0004088617047000042
:1072A000000002400149042088617047000C024040
:1072B0001248C16A01EE901AF8EE611A21EE800AB6
:1072C000BCEEC00A10EE101A4163C16A00EE101A3B
:1072D000B8EE400A20EE200ABCEEC00A10EE101AEA
:1072E0008163C16A00EE101AB8EE400A20EE010A6E
:1072F000BCEEC00A10EE101AC163704700000140D6
:1073000000210148FFF7ACBA5805002010B5002154
:107310000C48FFF7A5FA04210A48FFF7A1FA082153
:107320000848FFF79DFA00210648FEF7F1FC04210A
:107330000448FEF7EDFCBDE8104008210148FEF7C7
:10734000E7BC0000C804002010B500210C48FFF77E
:1073500071FB04210A48FFF76DFB08210848FFF77D
:1073600069FB00210648FEF737FD04210448FEF7BB
:1073700033FDBDE8104008210148FEF72DBD000097
:10738000C8040020FEE701684A69D24352050FD4C1
:107390006FF480624A61002140F8301F202242735E
:1073A0008173026942F00402026101730120704797
:1073B000002070472DE9F84F0446006889460B9E6F
:1073C00001689846174641F48061016020680168B1
:1073D00041F48071016000964FF0011B0022594674
:1073E00020460A9B00F0DEF84FF4007A40B1206896
:1073F0000068C00501D5C4F840A00320BDE8F88F9F
:10740000216809F0FE0008613346284920460A9A9F
:1074100000F0FCF8F0BB20684169806900903246BA
:1074200020460A9900F073F940B1206C04283AD143
:107430002068016841F40071016034E0FDB2B8F1E8
:10744000010F09D02168380A0861324620460A999E
:1074500000F05DF90028E8D1206805613246204639
:107460000A9900F054F90028DFD12068016841F43E
:107470008071016000960022594620460A9B00F068
:1074800091F80028B3D1216809F0FF0040F0010015
:10749000086100E007E03346044920460A9A00F0FC
:1074A000B5F80028AAD00120A8E7000002000100DA
:1074B0002DE9F843044600680D46DDE908970168A8
:1074C0009846164641F4807101604B4600224FF009
:1074D00001112046009700F065F848B12068006867
:1074E000C00502D54FF4007020640320BDE8F88386
:1074F000216805F0FE0008613B464A4615492046D2
:1075000000F084F888B920684169806900903A46A3
:107510004946204600F0FBF848B1206C042804D10D
:107520002068016841F4007101600120DEE7F5B2D6
:10753000B8F1010F09D02168300A08613A4649467E
:10754000204600F0E4F80028E7D12068056100201B
:10755000CCE700000200010070B516460D46044657
:107560000DE02046FFF70FFF08B1012070BD681C39
:1075700005D0FCF7B7FF801BA84207D835B12068BB
:107580004069C0434007ECD4002070BD002044F89F
:10759000300F20216173A073216941F02001216126
:1075A0002073E2E72DE9F0471D4690460E4604465B
:1075B000C1F30747DDF8209008E0681C06D0FCF70F
:1075C00091FFA0EB0900A8420FD875B12068012FE8
:1075D00018D0806926EA00000004000C14D00020B6
:1075E0004045EAD00020BDE8F087002044F8300F85
:1075F00020216173A073216941F020012161207372
:107600000120F0E74069E5E70120E9E72DE9F047CF
:10761000984615460E4604464FF000094FF0200AE2
:10762000C1F3074723E020684069C043400515D4F3
:107630002068016841F40071016021686FF4806086
:107640004861C4F8309084F83DA084F83E90216CE5
:1076500041F00401216484F83C901EE0681C06D0CF
:10766000FCF740FFA0EB0800A8420AD84DB1206803
:10767000012F15D0806926EA00000004000C0DD00F
:10768000D1E744F8309F84F80DA084F80E9021696A
:1076900041F02001216184F80C900120BDE8F087C1
:1076A0004069E8E72DE9F04116460D4604460027FB
:1076B0004FF0200817E04069C043C0060DD454F8CD
:1076C000301B6FF01000486144F80D7B04F81D89F1
:1076D000A777206A2062277717E0FCF703FF801B5B
:1076E000A84208D83DB120684169C9434906E2D49F
:1076F0000020BDE8F08144F8307F84F80D80A77346
:10770000206940F02000206127730120F1E770B567
:1077100016460D4604460DE02046FFF734FE08B13C
:10772000012070BD681C05D0FCF7DCFE801BA84260
:1077300007D835B120684069C0430006ECD400206A
:1077400070BD002044F8300F20216173A0732169BF
:1077500041F0200121612073E2E7F0B500230A2403
:10776000302537261F4610E0B4EB107F02D905EB19
:10777000107C01E006EB107C01F813C001EB430C18
:1077800000015B1C8CF80170DBB29342ECD3F0BDBE
:1077900070B504462DED028B90F804049FED448AE9
:1077A00004F58065072870D2DFE800F07F6B0437AE
:1077B00011117000204600F023FA94ED3F0AD5ED38
:1077C000040A3C4820EE200A80ED020A19E0D4EDBC
:1077D000590A95ED030AF4EEC00AF1EE10FA13D23D
:1077E000B0EE601AF1EE401AB4EEE11AF1EE10FAC2
:1077F00010DDF4EEC00AF1EE10FA08D384ED590A58
:107800003AE084ED310A4BE0B0EE401AEAE7B0EE20
:10781000600AF3E7B0EE610AF0E7274894ED4C0AFE
:10782000B2EE041AD0ED200A01F06CFC84ED4D0A92
:107830000021204603F050FC204894ED4C0AD0F87B
:10784000CC00B5EEC00AC11700EB9160801100B208
:1078500004EB4000F1EE10FAB0F97C01D4ED550ACA
:1078600000EE100AB8EEC00A02DD30EE800A01E038
:1078700030EEC00A84ED550AD5ED040A20EE200A48
:10788000BFE72046F9F730FB07E00EE0B0EE000A54
:1078900084EDF70A204601F0D1F994ED550AEBE7A3
:1078A00084ED308ABDEC028B70BD84ED318AF7E740
:1078B0000000000070000020FC0C0020FC110020E3
:1078C000044908B50A6802430A600968014000914A
:1078D00008BD0000303802402DE9F0430A684FF03F
:1078E0000F0992FAA2F2B2FA82F34FF0030C74E09D
:1078F00001249C4022406FD04C68012C01D0022C06
:1079000017D18C68856892FAA2F6B6FA86F67600E8
:107910000CFA06F6B54392FAA2F6B6FA86F67600A7
:10792000B44025438560CC6845685443954325435E
:1079300045600C69C56892FAA2F6B6FA86F676003A
:107940000CFA06F6B54392FAA2F6B6FA86F6760077
:10795000B4402543C5604C68022C2BD192FAA2F4A6
:10796000B4FA84F4082C4C6911D2056A92FAA2F692
:10797000B6FA86F6B70009FA07F6B54392FAA2F608
:10798000B6FA86F6B600B4402543056212E0466AB0
:10799000150A95FAA5F7B7FA87F74FEA870809FAA3
:1079A00008F795FAA5F5B5FA85F5AD00BE43AC40EC
:1079B000264346624C68056892FAA2F6B6FA86F645
:1079C00077000CFA07F692FAA2F2B2FA82F25200AB
:1079D000B5439440254305605B1C0A6832FA03F402
:1079E00086D10020BDE8F08301490860704700009F
:1079F000480000202949DFED281ADFED290AC1EDF2
:107A0000031A91ED001A274A21EE802A61EE202AFE
:107A1000B7EE003AC1ED042AD2ED210A01EEC03AD8
:107A2000D1ED021A60EE800AC0EE813AD0ED060A6E
:107A300022EE202A03EE212AD0ED151A03EEE12AC8
:107A4000C0EE011A91ED011A22EE800A01EEC12A60
:107A500081ED022A70EEC21A00EE211A81ED011AA0
:107A600011490968022908D09FED100A80EDE20A49
:107A7000B1EE400A80EDE30A7047F5EEC00AF1EE80
:107A800010FA01DCF1EE600A80EDE21A10EE901AB5
:107A9000074A90EDE20AEBE70000164338020020A7
:107AA00000409CC5FC0C00202402002000000000C7
:107AB0000AD7233C2DE9F04F4E4889B0017821F0D8
:107AC0000301491C21F0FC0980F800904178CE4662
:107AD00021F00701091D21F0F80980F80190817853
:107AE000CB4621F00E0141F00101891D21F0F00982
:107AF00080F80290C178CA4621F01B0141F00401D0
:107B0000083121F0C00141F0200880F8038001799C
:107B100021F07F0141F0800C80F804C0417921F010
:107B2000FF074771817921F0FF068671C17921F045
:107B3000DF0141F020053049C57191F8882200210C
:107B40000272417201238372C37A23F0FF04C4726C
:107B5000037B23F0FF0303738173C17301744174CA
:107B60008174C1748DF80CE08DF810C08DF814206C
:107B70008DF80DB08DF811708DF815108DF80EA0E0
:107B80008DF812608DF816408DF80F808DF8135027
:107B90008DF817308DF819108DF81C108DF81A100B
:107BA0008DF81D108DF81B108DF81E1003A8F9F725
:107BB0004FFA102003A9CDE900104FF6FF740246DA
:107BC00001230294A0210D48FCF752FE6420FCF72B
:107BD00065FA042107A88DE8130001232022A021C3
:107BE0000648FCF745FE6420FCF758FA09B0BDE8EA
:107BF000F08F0000A5160020FC0D0020A00500203D
:107C000090ED4C0AD0ED060A30EE600AB5EEC00ADF
:107C1000F1EE10FA02DDF0EE400A01E0F1EE400A6A
:107C200090ED561AF4EEC10AF1EE10FA01D29FED72
:107C30001C0AD0ED380A90ED041A00F5806170EE50
:107C4000C10A90ED3C1A60EE810A90ED3E1A41EEB9
:107C5000000A90ED590A70EE800AC0ED3F0A91EDDE
:107C6000030AF4EEC00AF1EE10FA02D2B0EE601A86
:107C700001E0B0EE401AF1EE401AB4EEE11AF1EE76
:107C800010FA07DDF4EEC00AF1EE10FA04D2B0EEFD
:107C9000600A01E0B0EE610A80ED3F0A7047000023
:107CA00000000000F4EEC10A10B5F1EE10FA07D2A0
:107CB000F4EEE10AF1EE10FA0AD2B0EE602A09E021
:107CC000B4EEE11AF1EE10FA02D2B0EE412A01E070
:107CD000B0EE612AF4EEC10AF1EE10FA07DDF4EE1F
:107CE000E10AF1EE10FA0ADDF0EE602A09E0B4EEE6
:107CF000E11AF1EE10FA02DDF0EE412A01E0F0EEB9
:107D0000612AF6EE003A32EE222A22EE232A70EEA3
:107D1000C20AC0EE802A72EEA30ADFED302AF5EE29
:107D2000C00AF1EE10FA02DDB0EE603A01E0B0EE0A
:107D3000623A13EE104A2A4B9FED2A3A9C4207DA28
:107D4000F5EEC00AF1EE10FA04DCF0EE620A01E092
:107D5000F0EE430A31EE421AC0ED000AC1EE000A0D
:107D600070EEA30AF5EEC00AF1EE10FA02DDB0EEF5
:107D7000601A01E0B0EE621A11EE100A984207DABA
:107D8000F5EEC00AF1EE10FA04DCF0EE620A01E052
:107D9000F0EE430A31EEC21AC1ED000AC1EE000A4C
:107DA00030EEA30AB5EEC00AF1EE10FA02DDF0EEF5
:107DB000400A01E0F0EE620A10EE900A984207DAFB
:107DC000B5EEC00AF1EE10FA04DCB0EE620A01E092
:107DD000B0EE430A82ED000A10BD00000000000072
:107DE0006666663F6666663F70B596B0002412947C
:107DF0001394182108A81494F8F7C2FA0E940F945B
:107E00001094202168461194F8F7BAFA2C482B49AF
:107E1000012501604FF480310561C0E90114057648
:107E200080F820402749C0E90A14C561C46080F881
:107E300030404561FBF7A4F908B1FAF77FF84FF439
:107E400000401295CDE9130412A91D48FAF7E4FF8A
:107E500008B1FAF773F80A260E96CDE90F540EA969
:107E60001748FBF73BF808B1FAF768F84FF48000C1
:107E700008904FF47A6009905F200A908DF8305096
:107E800008A90F48FAF7F2FF08B1FAF757F8CDE959
:107E900000650D480294CDE906048DF8154004955F
:107EA0008DF81450694606480394FAF755FD0028EA
:107EB00001D0FAF743F816B070BD00000020014071
:107EC000180300200100000F01000F0070B592B0F0
:107ED000182108A8F8F754FA00240E940F9410946F
:107EE000202168461194F8F74BFA234821490125CF
:107EF00001604FF480310561C0E90114047680F817
:107F00002040C561C46080F830404461FBF738F917
:107F100008B1FAF713F84FF4800008904FF47A6034
:107F200009905F200A908DF8305008A91248FAF79E
:107F30009DFF08B1FAF702F80B260E96CDE90F5413
:107F40000EA90D48FAF7CAFF08B1F9F7F7FFCDE916
:107F500000658DF81550049502948DF8144069461B
:107F600005480394FAF7F8FC002801D0F9F7E6FF7A
:107F700012B070BD0021014060030020F0B58DB04B
:107F80000024089409940A94202168460B94F8F779
:107F9000F7F92D482B49012501604FF48031056127
:107FA000C0E90114047680F820402849C0E90A1489
:107FB0000226C661C46080F830404461FBF7E0F8F7
:107FC00008B1F9F7BBFFCDE9084508A91E480A9496
:107FD000FAF784FF08B1F9F7B1FF0D27CDE908766C
:107FE00008A91948FAF77AFF08B1F9F7A7FF204660
:107FF000CDE9000516490290CDE906108DF815006F
:1080000003248DF814000390049469460E48FAF78F
:10801000A3FC08B1F9F792FFCDE9007669460A485A
:10802000FAF79AFC08B1F9F789FFCDE900546946DF
:108030000548FAF791FC002801D0F9F77FFF0DB051
:10804000F0BD000000220140A80300200100000F45
:1080500001000F000F4810B50D4901600521416076
:1080600000214FF480228160C0E90312D2004261F6
:108070000176012242768176C17601774177FBF75E
:1080800042FC002803D0BDE81040F9F757BF10BDEF
:1080900000640040F0030020154808B5016841F471
:1080A000001101600068002200F40010009002211D
:1080B0000C20FCF723FD0C20FCF713FD00221146D9
:1080C0000E20FCF71BFD0E20FCF70BFD00221146D5
:1080D0001020FCF713FD1020FCF703FD00221146D1
:1080E0001120FCF70BFDBDE808401120FCF7F9BC9E
:1080F000303802402DE9F04186B018216846F8F783
:108100003FF98020FFF7DCFB0420FFF7D9FB0120BB
:10811000FFF7D6FB0220FFF7D3FB0820FFF7D0FBC9
:108120001B494FF4802088611A4D4FF050704FF476
:108130005078A861184E40024FF40047B061042007
:108140000090032000240190694604942846FFF71C
:10815000C3FB00970127CDE90174039469463046BB
:108160000494FFF7B9FBCDF80080CDE901740394C6
:10817000694628460494FFF7AFFB8020CDE9000450
:10818000694628460494FFF7A7FB06B0BDE8F081D6
:10819000000C024000080240000002400D4810B5EB
:1081A0000B4901604CF25031416000214FF4804294
:1081B0008160C0E9031241618161C1610162FCF724
:1081C00097F9002803D0BDE81040F9F7B7BE10BDFD
:1081D00000540040A0050020114810B50F4901606F
:1081E0004FF48271416000214FF40062C0E9021235
:1081F0000122C0E90412520282611022C0E9072163
:10820000416281620A21C162FDF736FB002803D07A
:10821000BDE81040F9F792BE10BD000000300140EB
:1082200018040020104810B50E4901604FF4827107
:10823000416000218160C1604FF400720161C0E9BA
:1082400005120822C0E90721416281620A21C16248
:10825000FDF712FB002803D0BDE81040F9F76EBE11
:1082600010BD0000003C00407004002010B596B026
:1082700000240F9410941194129413941C216846B6
:108280001494F8F77DF8202107A8F8F779F8354815
:108290003349C0E900144021816041F29411C0E9E2
:1082A000031444618461FDF7CBFD08B1F9F746FE84
:1082B0004FF480500F900FA92A48FDF745FE08B1F2
:1082C000F9F73CFE2748FEF72BF808B1F9F736FE20
:1082D0002020CDE9130413A92248FDF7D1FC08B1F1
:1082E000F9F72CFE6020CDE9000402940394049475
:1082F0000594002269461B480694FDF7AEFF08B1BD
:10830000F9F71CFE042269461648FDF7A6FF08B1DE
:10831000F9F714FE082269461248FDF79EFF08B1DE
:10832000F9F70CFE0C2269460E48FDF796FF08B1DE
:10833000F9F704FE0794089409944FF400500A9446
:10834000CDE90B4040000E9007A90648FDF76DFCF3
:1083500008B1F9F7F3FD0348FDF716FF16B010BD9D
:1083600000000140C804002010B58EB0002407941E
:10837000089409940A940B941C2168460C94F7F70E
:10838000FFFF1E484FF0804101600721C0E9011442
:1083900040F2F311C0E9031480218161FDF750FD23
:1083A00008B1F9F7CBFD4FF48050079007A91348A7
:1083B000FDF7CAFD08B1F9F7C1FD1048FDF7B0FFA0
:1083C00008B1F9F7BBFD0B940BA90C480C94FDF711
:1083D00057FC08B1F9F7B2FD6020CDE90004029422
:1083E0000422694605480494FDF737FF08B1F9F700
:1083F000A5FD0248FDF7C8FE0EB010BD1005002017
:1084000010B58EB000240794089409940A940B9434
:108410001C2168460C94F7F7B3FF224820490160FD
:108420005921C0E90114F921C0E903148461FDF761
:1084300007FD08B1F9F782FD4FF48050079007A9B6
:108440001848FDF781FD08B1F9F778FD1548FDF7EB
:1084500067FF08B1F9F772FD0B940BA911480C9452
:10846000FDF70EFC08B1F9F769FD6020CDE90004C5
:108470000294002269460B480494FDF7EEFE08B111
:10848000F9F75CFD042269460648FDF7E6FE08B1EF
:10849000F9F754FD0348FDF777FE0EB010BD00005C
:1084A00000040040580500200E4810B50C4901603A
:1084B0004FF4E1314160002181600C22C160C0E9CC
:1084C00004128161C161FEF7EFFC08B1F9F736FDD6
:1084D000BDE810400C2204490248FEF741BB0000F1
:1084E00000440040F4050020FE02002010B5104CAE
:1084F0000E480C2120600F4860600020A060E06002
:10850000C4E90401A061E0612046FEF7CDFC08B19A
:10851000F9F714FD94F83E00074911220860BDE800
:10852000104006490248FEF71BBB0000004800400F
:10853000F80600200094110044000020FE360020C0
:1085400070B5224888B0016841F0005101600168AF
:1085500021F000510160001D016841F080010160BF
:10856000016821F080010160194802F078F808B133
:10857000F9F7E4FC164801F060FB08B1F9F7DEFCFE
:1085800012482030016841F0010101600068114C7F
:1085900000F001004FF4805635040690A5611821C3
:1085A0006846F7F7EDFE0120CDE90060002002905B
:1085B0000390049069462046FFF78EF9A561642078
:1085C000FBF76CFDA66108B070BD000010380240DA
:1085D000981B00200000024010B500220F491048EF
:1085E00001F065FC08B1F9F7A9FC0E490C4801F04F
:1085F00066FE08B1F9F7A2FC0B49094801F033FA0D
:1086000008B1F9F79BFC064801F0D4FE002803D01E
:10861000BDE81040F9F792BC10BD000098000020A2
:10862000981B0020E8010020F8000020FEE7FEE78C
:1086300000EE100A9FED041AF8EE400A9FED030ABF
:1086400010EE810A704700009D11A53D00004842D0
:1086500010B504002DED088BB0EE619AB0EE418AA2
:10866000F0EE608A48D0DFED6F0AB5EEC08AF1EE19
:1086700010FA01DDB0EE608A18EE100A6A498842ED
:1086800001D99FED6A8AB5EEC00AB7EE00AAF1EEF5
:1086900010FA17D9F5EEC08AF1EE10FA12D9B6EE3B
:1086A000001A20EE011AB4EEE81AF1EE10FA09D918
:1086B000B5EEC09AF1EE10FA04D9B4EEC09AF1EE1C
:1086C00010FA1CDB84ED00AAC4ED010AC4ED020A15
:1086D000C4ED030AC4ED040A84ED090AC4ED0A8A54
:1086E000C4ED0B0AC4ED0C0AC4ED050AC4ED060A7C
:1086F000C4ED070AC4ED080ABDEC088B10BD84ED7B
:10870000090AC4ED0A8A84ED0B8A84ED0C9AF0EE16
:10871000609AC4ED059AC4ED069AC4ED079AC4EDBB
:10872000089ADFED430A68EEA00A80EE80BAB0EE48
:108730004B0A02F0CDFFF0EE40AAB0EE4B0A03F078
:1087400023FCB0EE40BAB3EE040AC8EE000AB2EE63
:10875000040A03F0E7F803F01CFDF0EE400A88EE8F
:10876000890AB0EE001AF0EE4A1AF0EE612AB0EE75
:10877000612A20EE010A8BEE001AB8EE000A2AEEFA
:10878000803A81EE200A41EE202A01EE602A70EE46
:10879000210A71EEC03A81EEA00A62EE800A62EE12
:1087A000001A23EE001A23EE800AC4EC030A10EE2E
:1087B000900A84ED031A84ED040A02F087FD28BBB9
:1087C000206802F074FD08BB606802F07FFDE8B924
:1087D000606802F06CFDC8B9A06802F077FDA8B926
:1087E000A06802F064FD88B9E06802F06FFD68B926
:1087F000E06802F05CFD48B9206902F067FD28B925
:10880000206902F054FD00283FF476AF84ED00AA01
:10881000C4ED019AC4ED029AC4ED039AC4ED049A22
:108820006AE70000000000000000F0C20000F0C293
:10883000DB0FC940F0EE400A20B390ED010AD0ED05
:10884000051A90ED001A90ED062A20EE210AD0EDCF
:10885000082A01EE200A90ED021A01EE020A90EDBC
:10886000032A90ED071A02EE410A90ED042AC0EDAA
:10887000061AC0ED050A80ED081A02EE620A80EDC4
:10888000070A7047B0EE600A704700000148FCF725
:108890000BBB0000883200202DE9F04106680D4630
:1088A0000446316C06EB4510D0F8083BD4F810C0F4
:1088B0004FF400474FF0200E04F57172BCF1010F28
:1088C00008D0DFF898C0614538D1190431D5C0F817
:1088D000087B3FE0224E5FEA037C04D5B14239D9E0
:1088E0001904F4D436E05FEA836C02D5C0F808EBD3
:1088F00030E013F0280F2DD1B14201D91904E6D48C
:10890000C5EBC50104EB8101D0F8100BD1F804329E
:10891000C0F31200181AC1F81402D1F80802184462
:10892000C1F8080295B9D4F8100278B9012120687D
:108930000AE099060AD5C0F808EB07E035B9D4F883
:10894000100218B90021304602F00CF9E9B22046B5
:10895000FCF77DF90020BDE8F08100000A31544F9A
:108960000A30544F2DE9F84F0E46C1EBC60100EB1B
:1089700081048146D0F80080D4E914103C34884248
:1089800002D90120BDE8F88F081AA168814200D2FF
:108990000846C01C870808EB461A15E0451AA0686F
:1089A000A84200D20546E81C870899F810000090FC
:1089B000ABB2F2B24046E16802F07BFBE0682844CB
:1089C000E060A0692844A061DAF8180980B2B842D2
:1089D00005D3D4E90501814201D20028DED1D4E9D2
:1089E0000501884208D806F00F0101208840D8F818
:1089F00034188143C8F834180020C3E770B5264CFA
:108A000088B007222078002520F0F70040F0080603
:108A100026706270A570681CE070217921F0FB015E
:108A200041F00401491C2171637923F0C30343F031
:108A30003C0363718DF80C608DF80D208DF80E509D
:108A40008DF80F008DF810108DF8113003A8F8F78D
:108A5000E2FAFF21E1717F2020726572A572E57252
:108A60008DF814008DF815508DF816508DF81310F0
:108A70008DF8175003A8F8F71FFB4FF6FF720D2172
:108A800003A88DE8070001230022A0210348FBF77B
:108A9000EFFE08B070BD000054160020A0050020B5
:108AA000054A672313707623D3715070101F09682D
:108AB000C0F80610001D7047E002002010B50B48FA
:108AC0000B4A002102EB810350F8044B491C1C6047
:108AD0004029F7DB074A002102EB810350F8044BE1
:108AE000491C1C60FF29F7DD10BD000000000108D3
:108AF000FC0C0020FC0D00202DE9F0411F4C86B03D
:108B000072B6FBF771FB0421029100200121039151
:108B10001B4F022100900491786019496846091D95
:108B2000FBF7CEFA7868401CF7D1DFF858800025B3
:108B300058F825600023324621460220FBF716FB39
:108B400038700028F6D1241D6D1C402DF0DB0E4E30
:108B5000002556F8257000233A4621460220FBF7EF
:108B600005FB0028F7D1241D6D1CFF2DF1DDFBF75F
:108B7000F3FA62B606B0BDE8F0810000000001081B
:108B800064000020FC0C0020FC0D00207047000059
:108B900090ED040A11B1D0ED390A01E0D0ED380AA8
:108BA00030EEC00A80ED3A0AF0EE400AF5EEC00A57
:108BB000F1EE10FA02DDB0EE600A01E0B1EE600AFB
:108BC00090ED401AB4EEC10AF1EE10FA01DCDFEDCF
:108BD0001A0A00F58061C0ED3A0A90ED3C0AD0ED2A
:108BE000061A20EE201A90ED3E0A00EE611A80ED82
:108BF0003F1A91ED020AB4EEC01AF1EE10FA02D259
:108C0000F0EE411A01E0F0EE401AB1EE402AF4EE27
:108C1000C21AF1EE10FA07DDB4EEC01AF1EE10FA46
:108C200004D2B0EE410A01E0B0EE420A80ED3F0A04
:108C3000C0ED3B0A704700000000000070B590EDE9
:108C40004C0AD0ED060A2C4D044630EE600A80ED49
:108C5000FD0A95F90000D4EDFE0A00280BD005DDD1
:108C6000B5EEC00AF1EE10FA05D308E0B5EEC00A81
:108C7000F1EE10FA03DD70EE800AC4EDFE0AD4EDC9
:108C8000F80A94EDFE1A00EE810A84EDFC0AD4ED98
:108C9000F90A07F077FCD4EDFA0A94EDFD1A04F511
:108CA000806020EE200AD4EDF80A00EE810AD4EDAF
:108CB000FB0A94EDFC1A00EE810AD4EDF70A20EECF
:108CC000200A84ED550AD0ED030AB4EEE00AF1EE75
:108CD00010FA03DBC4ED550A01200BE0F1EE600A47
:108CE000B4EEE00AF1EE10FA03D8C4ED550AFF2005
:108CF00000E00020287070BD4C02002038B504460A
:108D00001248134D4FF47A730068B0FBF5F05843E6
:108D100000906068B0F5827F0DD10B460092002272
:108D20008021204600F016F870B1606D40F0200000
:108D30006065032038BD009830B1401E0090206867
:108D40008068C0430006F6D5002038BD48000020EA
:108D500000366E012DE9F8431E46914688460446CA
:108D6000089DFBF7BFFB401B351AFBF7BBFB074613
:108D700025480068C0F3CB30684338E0701C37D01A
:108D8000FBF7B0FBC01BA84203D215B1009860B33B
:108D90002CE02068416821F0E00141606068B0F596
:108DA000827F0BD1A068B0F5004F02D0B0F5806F84
:108DB00004D12068016821F040010160A06AB0F58B
:108DC000005F09D12068016821F40051016020682A
:108DD000016841F400510160012084F85100002035
:108DE00084F850000320BDE8F8830025401E009061
:108DF0002068816838EA010004D000204845BDD1D0
:108E00000020F0E70120F9E74800002070470178D2
:108E1000407841EA002070472DE9F04F00262DED03
:108E2000048B81B0154610785F4F0C46AB2874D187
:108E3000287CDC2871D1012108462A5CFF2A10D148
:108E4000401C0F28F9DD61B1FFF726F9FFF74EFB53
:108E50005648FDF7EFFE002001B0BDEC048BBDE8E5
:108E6000F08F4FF0000BADF800B0B5F80100ADF891
:108E70000000D5F80300D5F80790D5F80B8095F8D9
:108E80000FA0DFED4B8AB0EE680A05F0EBFAB0EE0A
:108E9000409AB0EE680A484605F0E4FAB0EE408A1F
:108EA000B0EE680A404605F0DDFABDF80000F0EECD
:108EB000408A00F08F004FF00208062817D00728DC
:108EC00015D00F2807D13868022804D0204604F0B6
:108ED00049FD404638605046BAF1080F0CD00928C9
:108EE0001CD00A2820D0BAF10B0F29D120E020464F
:108EF00004F090FD5846EDE7B5EEC08A0120F1EE92
:108F000010FA84F8040484ED389A01DCB1EE488A42
:108F100004F5806080ED028A12E015E0032084F8F9
:108F2000040484ED4C8A0BE0042084F8040405E07A
:108F300084F8048484ED389A84ED4C8AC4ED598A0F
:108F400011212846F7F71CFA94ED060AB5EEC00A7F
:108F5000F1EE10FA01DC46F4004626F4E24040F45B
:108F6000007114488278037844781A43C3780079F2
:108F700023431A43024302D041F0880001E021F06C
:108F8000800020F04000396840F0300019B13968A5
:108F9000022903D004E020F0040001E040F00400C6
:108FA00040F0030058E7000024020020F8060020EB
:108FB00017B7D13858020020FBF726BD434810B53B
:108FC000016821F00F0141F005010160016801F025
:108FD0000F010529FAD13E48016841F44041016082
:108FE000016841F4803101603A49086840F48030FA
:108FF00008600868C0F340400028FAD03548364A77
:10900000001D0368354C23401A430260026822F4B5
:1090100040320260026822F0E0420260026842F4DC
:10902000800202602B488830026822F03F0242F042
:109030000402026002682A4B1A4042F48C32026039
:10904000086840F0807008600868C0F3406000283D
:10905000FAD0086840F0805008600868C0F340709B
:109060000028FAD01B480830016821F0F0010160A7
:10907000016821F4E05141F4A0510160016821F43C
:10908000604141F400410160016821F0030141F0B9
:1090900002010160016801F00C010829FAD11148B0
:1090A000FEF7A2FC0020FBF7D1FC08B1F8F746FF61
:1090B00008489430016841F00061016005488C3037
:1090C000016821F08071016010BD0000003C024089
:1090D0000070004000380240042D40000080BFFFB7
:1090E0003F80FCFF0095BA0A0448016841F4700112
:1090F00001600249024880390860704788ED00E04D
:1091000000000208214800B5F0EE402A90ED000A68
:10911000F0EE605A9FED1B5AD0ED014AF0EE400A86
:10912000F0EE411A45EE240A9FED172AB0EE621ABE
:10913000C0ED000AF0EE640A04F08EFC45EE004A31
:10914000C0ED014AF5EEC04AF1EE10FA02DDB0EED4
:10915000640A01E0B1EE640AB4EEE50AF1EE10FA39
:109160000DDDF5EEC04AF1EE10FA02DDB7EE000AB1
:1091700001E0BFEE000A20EE250A80ED010A90ED25
:10918000000A00BD17B751386F12833AB8020020A9
:109190000148FCF745BF0000C80400200148FCF767
:1091A0003FBF0000C80400200148FCF739BF0000A1
:1091B000C80400200148FCF733BF0000C8040020A9
:1091C00010B5094C4020A06105F0BEFD04F0B8FDCB
:1091D00004F0F0FF05F06EF84FF48000A061BDE8E8
:1091E00010400248FCF71CBF000802401005002098
:1091F000F0B50268254D264E264FDFF89CC0274B60
:109200004FF0804EA84209D0704507D0B04205D03B
:10921000B84203D0604501D0984203D122F07004D7
:109220004A682243A8421BD0704519D0B04217D0DB
:10923000B84215D0604513D0984211D0184CA042C6
:109240000ED0184CA0420BD0174CA04208D0174C9F
:10925000A04205D0164CA04202D0164CA04203D129
:1092600022F44074CA6822434C6922F080022243EF
:1092700002608A68C2620A688262A84201D098428B
:1092800001D10969016301214161F0BD0000014084
:109290000004004000080040000C004000040140B1
:1092A00000400140004401400048014000180040D7
:1092B000001C00400020004010B501F01F010123F8
:1092C000046A8B409C430462036A8A40134303622E
:1092D00010BD10B501F01F010423046A8B409C43AC
:1092E0000462036A8A401343036210BD10B58468A8
:1092F00042EA032224F47F440A432243826010BDE1
:10930000826822F070020A4342F0070181607047D0
:10931000F0B5026A22F001020262026A43688469BF
:10932000114E24F073050C68104F2C4322F00205F7
:109330008A682A43B04201D0B84205D122F008051C
:10934000CA682A4322F00402B04201D0B84205D1D3
:109350004D6923F440731D438B692B434360846143
:10936000496841630262F0BD000001400004014011
:10937000F0B5026A22F010020262026A4368846950
:109380000D6824F4E64444EA05248D6822F02002A6
:1093900042EA05120F4D104EA84201D0B04206D14C
:1093A000CF6822F0800242EA071222F04002A8426F
:1093B00001D0B04207D14D6923F4406343EA8503ED
:1093C0008D6943EA85034360846149688163026271
:1093D000F0BD00000000014000040140F0B5026A49
:1093E00022F480720262026A4368C46922F4007245
:1093F00024F073050C68124E2C438D6842EA052256
:109400000E4DA84201D0B04206D1CF6822F40062CE
:1094100042EA072222F48062A84201D0B04207D17A
:109420004D6923F4405343EA05138D6943EA05135C
:109430004360C4614968C1630262F0BD000001403D
:109440000004014030B5026A22F480520262036ACD
:109450004268C4690D6824F4E64444EA05248D6832
:1094600023F4005343EA0533084DA84202D0084DC7
:10947000A84204D14D6922F4804242EA851242603A
:10948000C46149680164036230BD0000000001400E
:109490000004014010B5046A036A23F0010303626B
:1094A000836923F0F00343EA021324F00A020A431B
:1094B0008361026210BD10B5036A23F010030362DA
:1094C0008469036A24F4704444EA023223F0A0035E
:1094D00043EA01118261016210BD10B5806B002169
:1094E000C185C184FDF7CEFB10BD70B5846B2068CB
:1094F000406994F83D10C0F3C0100025212904D123
:1095000018B1E584204600F083F82068406994F89B
:109510003E10C0F38010222904D118B1E585204601
:1095200000F05EF8206C40F0100020642046FDF74B
:10953000A9FB70BD10B50146806B09680968C905B3
:109540001BD40021C1850168CA6822F48072CA60F8
:1095500001684A6922F001024A6101684A6922F001
:1095600040024A61202180F83E10016B012904D19C
:109570000168CA6822F01002CA60016B012902D09A
:10958000FDF7C0FD10BD818DFDF710FB10BD10B5BE
:10959000806B016B012902D0FDF7B5FD10BD818DF7
:1095A0004908FDF703FB10BD10B50146806B096843
:1095B0000968C9050CD40021C18401684A6922F0F8
:1095C00080024A610068C16841F04001C16010BD7D
:1095D000FDF7DAFD10BD10B5806BFDF7E7FD10BD9E
:1095E0000168CA6822F49072CA6001684A6922F070
:1095F00001024A61016B012904D10168CA6822F0A5
:109600001002CA60202180F83E10002101637047DB
:109610000168CA6822F0C002CA60202180F83D10AB
:10962000704710B5044690F83E00222801D0022071
:1096300010BDA0684FF48052904201D1216921B140
:10964000A16A90421BD048B10AE02168A06A49682B
:10965000C1F308010180A06A801C08E0206970B194
:109660002068406800F07F000870A06A401CA0627B
:10967000E08D401E0004000CE08503D01CE0206853
:109680004068F1E72068C16821F02001C1602068CE
:10969000C16821F48071C1602068416921F0010135
:1096A0004161202084F83E00206B012806D020462E
:1096B000FDF728FD00202063002010BD2068C16850
:1096C00021F01001C160A18D2046FDF76FFAF1E78E
:1096D00070B5044600680169E26821F44051114305
:1096E0000161A1682069E269014360691043014397
:1096F0002068C26849F20C639A430A43C26020683A
:109700004169A26921F440711143416131492068E6
:10971000884202D03049884202D1FCF753F801E078
:10972000FCF740F8E2690023192164253226B2F5DE
:10973000004F626828D0A0FB0101930F9200F6F75A
:10974000D5FD0146B0FBF5F06FF01802504301EB78
:10975000800006EB0010B0FBF5F000F0F002B1FB6A
:10976000F5F002EB0012B1FBF5F06FF0180358436F
:1097700001EB800006EB0010B0FBF5F000F00F00ED
:1097800021681044886070BDA0FB010192185B4104
:10979000F6F7ACFD0146B0FBF5F00201B1FBF5F0C8
:1097A0006FF01803584301EB800006EBC000B0FBDC
:1097B000F5F000F0F80002EB4002B1FBF5F0584381
:1097C00001EB800006EBC000B0FBF5F000F00700F5
:1097D000D6E70000001001400014014037B582B008
:1097E0001346039A8262838500250446056422207D
:1097F00084F83E00A16B1348C863A16B124808644B
:10980000A16B1248C864A06B05652168A06B091D97
:10981000FAF7F2FB206801684168009184F83C5037
:10982000C16841F48071C1602068416941F0010163
:1098300041612068416941F04001416105B000206B
:1098400030BD0000359502088F950208EB940208A0
:109850000148FDF721BA0000F40500200148FDF79A
:109860001BBA0000F80600202DE9F0410C46D0F8A4
:10987000C452D0F8BC12F9B104EB840200EB8202AE
:10988000002693694BB1C4EBC40705EB87056D6CEB
:10989000B3FBF5F705FB173383B1C1F81462D0F8B9
:1098A000C00203692BB1D1F80802224601F5047108
:1098B00098470020BDE8F0810320FBE70023966174
:1098C0001A46214600F0DAFCF3E770B5D0F8BC4246
:1098D00005466CB100F0B1FBC4F80C02D5F8C0121B
:1098E000D4F80402CA6804F503719047002070BDE3
:1098F000032070BD70B50446812100F0F4FA002504
:1099000025870121204600F0EEFAA4F87851822143
:10991000204600F0E8FAA4F84C50A4F84E50D4F8D1
:10992000BC0248B1D4F8C00204F52F7440688047E7
:10993000206800F0A1FE2560002070BD10B5D0F8B1
:10994000BC4284B1D0F8C01259B194F80002FF288B
:1099500007D08B6894F8012221469847FF2084F8AD
:109960000002002010BD032010BD00000A2101806C
:1099700000487047100100204321018000487047D3
:109980006001002043210180004870471C01002035
:109990004321018000487047A40100202DE9F047D1
:1099A00004464FF4077000F069FE05004FF0000711
:1099B00035D0C4F8BC52207C4FF010084FF4007929
:1099C000012680B3402302228121204600F09AFB29
:1099D0002687402302220121204600F093FBA4F8B1
:1099E0007861A4F84E80082303228221204600F0EB
:1099F00089FBA4F84C60D4F8C00200688047C5F821
:109A00001472C5F81872207CD5F80422A8B140233E
:109A10000121204600F082FB0020BDE8F0870220F3
:109A2000C4F8BC72F9E7FFE74B46022281212046C9
:109A300000F068FB26874B46CCE74B46E8E710B5BD
:109A4000D0F8BC1251B1027C002AD1F8042207D010
:109A50004023012100F062FB002010BD032010BD57
:109A60004FF40073F5E719B1C0F8C0120020704739
:109A700003207047D0F8BC0218B1C0F804120020CF
:109A8000704703207047D0F8BC0228B1C0F81022FC
:109A9000C0F8081200207047032070472DE9FC41F0
:109AA0000646D0F8BC7200200C468DF80000ADF8D8
:109AB0000400054637B1207810F0600128D0202935
:109AC00044D102E00320BDE8FC81E288C2B1000677
:109AD00060780AD5D6F8C0128B6839469847E28874
:109AE000072A00D90722394628E087F80002A07922
:109AF00087F80102E2883946304600F06CF82AE027
:109B0000D6F8C012607800228B682146984722E080
:109B1000607830B101281ED00A2809D00B2815D151
:109B200010E096F89C02032810D1022201A905E05A
:109B300096F89C02032809D101226946304600F0BC
:109B400064F808E096F89C02032804D021463046C9
:109B500000F036F803252846B5E710B5D0F8BC125A
:109B6000012219B1D1F8143213B10FE0032010BD56
:109B70000122C1F81422D1F81022C262D1F81032A9
:109B8000D1F80822812100F079FB0022104610BD97
:109B900010B5D0F8B8220AB152689047002010BD25
:109BA000134610B50A46002100F0B8FA002010BD97
:109BB000134610B50A46002100F060FB002010BDDE
:109BC00010B50446802100F035FB2046BDE810406A
:109BD000002100F02FBB10B50323C0F89432C0F869
:109BE00058211346C0F85C210A46002100F096FA7D
:109BF000002010BD10B50521C0F8941200231A46AC
:109C0000194600F08BFA002010BD10B50223C0F8F1
:109C1000943282611346C2610A46002100F02EFB95
:109C2000002010BD10B50421C0F8941200231A467C
:109C3000194600F023FB002010BD70B5044600F06B
:109C40000BFB012084F89C02D4F8B802002538B13F
:109C50004268217920469047C4F8B852C4F8C052EF
:109C6000C4F8B4522046C4F8CC52BDE8704000F0AD
:109C7000CDB9000010B50A46024903A000F0E7F88C
:109C8000004810BD681E002043444320436F6E66A9
:109C9000696700001220088000487047BC0000205F
:109CA00010B50A46024903A000F0D1F8004810BDE3
:109CB000681E002043444320496E746572666163E8
:109CC000650000000420088000487047B8000020AC
:109CD00010B50A46024903A000F0B9F8004810BDCB
:109CE000681E002048657263756C65730000000093
:109CF00010B50A46024903A000F0A9F8004810BDBB
:109D0000681E002048657263756C65730000000072
:109D100010B51A2008800A480168001D0468001D5B
:109D20000068081809D008220649FDF716FD054904
:109D3000042210312046FDF710FD0248801E10BDA0
:109D4000107AFF1FDE0000200C20088000487047BA
:109D5000D0000020F8B5044600200D46ADF8000004
:109D60004988080A062848D006DC012810D00228B5
:109D700013D0032862D11EE0072846D00F285DD1FA
:109D8000D4F8B402C26921E069469047014646E032
:109D9000D4F8B412207C0A68F6E7207C022600285A
:109DA000D4F8B80205D0C16A6846884701464670B3
:109DB00035E0816AF8E7C8B206283FD2DFE800F054
:109DC00003090D111519D4F8B4024268AAB3207C16
:109DD000DAE7D4F8B4028268F8E7D4F8B402C268CB
:109DE000F4E7D4F8B4020269F0E7D4F8B4024269A7
:109DF000ECE7D4F8B4028269E8E7207CE8B9D4F84B
:109E0000B802416B68468847C0E7207CA8B9D4F8FF
:109E1000B802016B68468847014607204870EA8807
:109E20008AB1BDF8000040B1824200D90246ADF8C7
:109E300000202046FFF7E9FEF8BDFFE7294620464F
:109E4000FFF7BEFEF8E72046FFF7ECFEF4E770B53B
:109E5000002300281ED00025044602E06D1CEDB250
:109E6000641C2678002EF9D1022404EB45041480EA
:109E70001278CA545B1C0322CA5400245B1C06E0FF
:109E8000CA545B1CDAB28C54521CD3B2401C027808
:109E9000002AF5D170BD01004FF0000004D0012967
:109EA00001D0022901D0032070470120704778B10A
:109EB0000023C0F8B832C0F8C032C0F8CC3209B1C3
:109EC000C0F8B412012180F89C12027000F0BAB8F8
:109ED0000320704710B5D0F8C402FAF7FFFEBDE8C2
:109EE0001040FFF7D8BF10B5D0F8C402FAF7D0FE83
:109EF000BDE81040FFF7CFBF70B51646044621B14C
:109F000094F89C02032841D048E0D4F8941204F15C
:109F100014000025022932D1D0E90232934206D939
:109F20009A1A826031462046FFF742FE0FE09A42BD
:109F300014D14068904211D3D4F8981288420DD2BF
:109F4000002211462046FFF733FEC4F89852002342
:109F50001A461946204600F0E1F810E094F89C02F9
:109F6000032805D1D4F8B802C16809B12046884752
:109F70008021204600F05EF92046FFF73BFE94F872
:109F8000A00201280AD184F8A05207E0D4F8B80250
:109F900042691AB120469047002800D1002070BDC8
:109FA00010B51346044621B194F89C02032823D02F
:109FB0002AE0D4F8941204F5AA70032924D1D0E938
:109FC00002218A420AD9521A82600846824200D38C
:109FD000024619462046FFF7E3FD15E094F89C027F
:109FE000032805D1D4F8B802016909B12046884791
:109FF0002046FFF717FE07E0D4F8B80282691AB1CD
:10A0000020469047002800D1002010BD10B5D0F8A0
:10A01000C402FAF726FEBDE81040FFF73CBF00205F
:10A02000704710B5012180F89C12D0F8B82212B107
:10A03000526801799047002010BDD0F8C402FAF7A9
:10A040007BBE000010B5017839BB15490222C1F86A
:10A050000404C0F8C4124FF0A04008600620486015
:10A060000020C1E90320C1E9062008624862C862F5
:10A0700008630846FBF752F908B1F7F75FFF802144
:10A080000748FAF7B1FD402200210548FAF7B0FD74
:10A09000802201210248FAF7ABFD002010BD00002C
:10A0A000883200200A0601F07F01D0F8C402C1EB1B
:10A0B000C10100EB810002D590F83E00704790F896
:10A0C000FE01704710B5D0F8B82222B190F89C324A
:10A0D000032B02D004E0032010BD126A02B19047A6
:10A0E000002010BD10B5D0F8B82222B190F89C32F3
:10A0F000032B02D004E0032010BD526A02B1904746
:10A10000002010BD10B51C461346D0F8C4022246EC
:10A11000FAF71BFEBDE81040FFF7BDBE10B5D0F842
:10A12000C402FAF742FEBDE81040FFF7B4BE70B5B6
:10A130000125044680F89C520020C4F89402606017
:10A14000C4F8A402D4F8B802E0B1D4F8BC1221B12A
:10A15000426812B100212046904700224023114658
:10A160002046FFF7CFFF4026A4F864513346002273
:10A1700080212046C4F86061FFF7C4FFA584002059
:10A18000266270BD032070BD90F89C12042903D193
:10A1900090F89D1280F89C120020704710B5D0F8FE
:10A1A000B81221B190F89C22032A02D004E00320C7
:10A1B00010BDC96901B18847002010BD017400209D
:10A1C000704710B5D0F8C402FBF79AF9BDE810400B
:10A1D000FFF761BE70B5044600F2AA20054600F004
:10A1E00056F80120C4F89402B4F8B002C4F89802FA
:10A1F00094F8AA2212F01F000AD001280ED00228DB
:10A2000012D02046BDE8704002F0800100F012B884
:10A2100029462046BDE8704000F0CEB829462046C9
:10A22000BDE8704000F0F2B929462046BDE8704014
:10A2300000F04CB910B5D0F8C402FAF7DAFDBDE869
:10A240001040FFF728BE10B5D0F8C402FBF773F931
:10A25000BDE81040FFF71FBE10B5D0F8C402FBF7F1
:10A260008BF9BDE81040FFF716BE90F89C1280F8FD
:10A270009D12042180F89C120020704710B5D0F880
:10A28000C402FAF7F0FDBDE81040FFF704BE70B558
:10A29000044611F8010B207011F8010B60700D4697
:10A2A0000846FEF7B4FDA91C60800D460846FEF77F
:10A2B000AEFDA080A81CFEF7AAFDE08070BD38B5F9
:10A2C00004460020ADF8000049B1C4F8B812C96ACC
:10A2D00019B168468847C4F8CC02002038BD032075
:10A2E00038BD03460320D3F8B822002A02D01268F2
:10A2F00018461047704700002DE9F0410F462C4EDC
:10A300008978002504463170012906D9394620464E
:10A31000FFF756FC0320BDE8F08194F89C02022868
:10A320000CD003281DD039462046FFF749FC317870
:10A330002046FFF72DFC03252846ECE799B320467D
:10A340006160FFF7CEFF050004D039462046FFF7D5
:10A3500037FCF1E72046FFF765FC032084F89C02F8
:10A36000EAE74FF00208C1B1606888421BD0C1B271
:10A370002046FFF70DFC317820466160FFF7B1FF02
:10A38000050010D039462046FFF71AFC21792046F7
:10A39000FFF7FEFB84F89C82CEE784F89C8220467F
:10A3A0006160FFF7F5FB2046FFF73CFCC4E70000C7
:10A3B00020020020FFF747BF2DE9F0410A7800276F
:10A3C00012F0600208D0202A01D0402A71D1D0F8C2
:10A3D000B8229268904731E04A78002301260A2A81
:10A3E00067D2DFE802F0415E6658660805662D29EF
:10A3F000FFF7B0FC5FE004468888D8B9C888C8B9C0
:10A400004888802816D200F07F0594F89C02032823
:10A4100010D084F89E5229462046FFF7D2FE2046EF
:10A42000FFF700FC1DB1022084F89C0243E084F891
:10A430009C6240E020463CE0FFF75EFF07463AE0C2
:10A44000CA88012A35D190F89C22012A04D0022A18
:10A4500002D0032A2DD104E0012200F1080183601B
:10A4600016E00122011D13E090F89C22012A03D07E
:10A47000022A01D0032A1CD1CA88022A19D1C66037
:10A48000D0F8A41209B10321C160022200F10C012D
:10A49000FFF7BBFB0FE0498801290CD1C0F8A4628B
:10A4A00011E090F89C22012A08D0022A06D0032A43
:10A4B00004D0FFF785FB3846BDE8F08149880129C3
:10A4C000F9D1C0F8A432FFF7ADFBF4E72DE9F04174
:10A4D0000D46044628780027097910F060000BD05B
:10A4E000202801D040286DD1D4F8B80229468268CE
:10A4F00020469047074686E06878A8B3012822D016
:10A5000003287CD194F89C02022802D0032876D13B
:10A510000BE0002973D0802971D02046FFF78AFE16
:10A5200080212046FFF786FE6DE0688838B931B19A
:10A53000802904D0E88810B92046FFF77BFE20462A
:10A54000FFF770FB5FE094F89C020228E1D003283B
:10A5500055D16888A8BB480602D02046FFF7BAFC50
:10A560002046FFF75FFBBFE7FFE794F89C02002659
:10A57000022802D0032842D111E009B180293ED13E
:10A58000080601F07F0000EB800004EB800101D59C
:10A59000143101E001F5AA7102220E602BE00806D9
:10A5A00001F00F0000EB800004EB80000BD5808CE5
:10A5B00040B101F07F0000EB800004EB8005143512
:10A5C0000CE020E01BE0B0F86401C0B101F07F00B6
:10A5D00000EB800004EB800505F5AA7541B18029E8
:10A5E00006D02046FFF75EFD10B10120286000E094
:10A5F0002E60022229462046FFF707FB03E029468A
:10A600002046FFF7DDFA3846BDE8F08170B5064612
:10A61000087800240D4610F0600203D0202A01D0F3
:10A62000402A17D196F89C02012803D0022801D0B5
:10A6300003280FD1287901280CD8D6F8B8028268EF
:10A6400030469047E9880446214306D13046FFF75B
:10A65000E9FA02E03046FFF7B3FA204670BD10B5C4
:10A660000446FFF7F9FDD4F8B8221AB152682179EF
:10A6700020469047002010BD7047000000487047FA
:10A680006830002070B50A78012302F00F054E787B
:10A69000AB401B4CD0F81C58012E17D045EA0343A1
:10A6A000C0F81C3800EB4210D0F8002B12040BD479
:10A6B000D0F8002B0B89C978C3F30A031A4344EA84
:10A6C00081410A43C0F8002B002070BD9BB21D439E
:10A6D000C0F81C5800EB4210D0F800391B04F3D42A
:10A6E000D0F800390D89C978C5F30A0589042B43D0
:10A6F00041EA82510B432343C0F80039E4E70000EC
:10A7000000800010D0F800196FF30A01C0F800199A
:10A71000D0F8041841F48071C0F804180020704784
:10A7200070B5044606980A9E049D0D99012816D01E
:10A73000E06840F04000E060204600F02BF8A16B9C
:10A740001EB321F48031A163012D07D1A16841F02E
:10A750000601A160A16841F02001A16070BDA06B5D
:10A7600020F48030A063E068094A1040E060E068AF
:10A7700020F44010E060012903D1E06840F480102B
:10A78000E060204600F006F8DEE741F48031DAE7C9
:10A79000BFFFBDFF0B4A0021491C91420AD8036943
:10A7A000002BF9DA0369002143F001030361491C1E
:10A7B000914201D9032070470369DB07F7D10020DC
:10A7C00070470000400D030070B54C780A780123F3
:10A7D00000EB4212012C2DD0D2F8004B002C0BDAEA
:10A7E000D2F8004B44F00064C2F8004BD2F8004BA2
:10A7F00044F08044C2F8004BD0F83C480D781E4627
:10A8000005F00F05AB4024EA0343C0F83C38D0F80C
:10A810001C48097801F00F0106FA01F324EA03410C
:10A82000C0F81C18D2F8000B19490840C2F8000BF8
:10A83000002070BDD2F80049002C0BDAD2F8004994
:10A8400044F00064C2F80049D2F8004944F0804462
:10A85000C2F80049D0F83C480D7805F00F061D46B7
:10A86000B3409BB29C43C0F83C48D0F81C480978E0
:10A8700001F00F0105FA01F399B28C43C0F81C48AE
:10A88000D2F8000903490840C2F80009D0E70000E7
:10A890000078F3EF007833ECD0F8001E21F00301CC
:10A8A000C0F8001ED0F8041821F00201C0F8041806
:10A8B00000207047D0F8001E21F00301C0F8001EF0
:10A8C000D0F8041841F00201C0F8041800207047C5
:10A8D0002DE9F04F0D46DDE90B1B00270446DDF89E
:10A8E00024A0DDF8409038463E4604EB8002C2F8D2
:10A8F0000461401C0F28F8D3B9F1000F204611D095
:10A90000806B40F400122046A263C0F8006ED0F8BD
:10A910000028C0F80028012918D0D0F8001841F00C
:10A92000030118E0D0F8040840F00202C4F804283B
:10A93000A06B20F40012A263206840F04002226065
:10A94000206840F0800220462260DEE7D0F8001840
:10A950000BB141F00101C0F80018102100F08EFA8F
:10A9600000B10127204600F079FA00B10127C4F8B0
:10A970001068C4F81468C4F81C6800204FF0006325
:10A980004FF090424FF67F3C14E004EB4011D1F8B9
:10A990000089B8F1000F06DA10B1C1F8002904E00F
:10A9A000C4F8003901E0C1F80069C1F81069C1F8C4
:10A9B00008C9401C8542E8D8002014E004EB40118F
:10A9C000D1F8008BB8F1000F06DA10B1C1F8002BF6
:10A9D00004E0C4F8003B01E0C1F8006BC1F8106B63
:10A9E000C1F808CB401C8542E8D8D4F8100820F400
:10A9F0008071C4F81018A6616FF080406061BAF1F0
:10AA0000000F03D1A06940F01000A061A0690A49BD
:10AA10000843A061BBF1000F03D0A06940F008001B
:10AA2000A061B9F1010F03D1A06904490843A061F5
:10AA30003846BDE8F08F000000383C80040000403C
:10AA4000816821F0010181600020704770B50D78A8
:10AA50004E78434CEBB200EB4313012E1FD0D3F8DA
:10AA6000100B6FF31200C3F8100BD3F8100B20403B
:10AA7000C3F8100B486908B188684861D3F8100B17
:10AA800040F40020C3F8100BD3F8100B8C68C4F30B
:10AA900012042043C3F8100B012A55D058E04E6928
:10AAA000002ED3F8106932D06FF31206C3F8106984
:10AAB000D3F810692640C3F810694E698C68A64225
:10AAC00000D94C61D3F8104944F40024C3F810496C
:10AAD000D3F810494E69C6F312063443C3F810493F
:10AAE000012A22D000EB4512D2F8003943F004438A
:10AAF000C2F800394A6932B3D0F83428097801F035
:10AB00000F03012199400A43C0F8342826E026406B
:10AB1000C3F81069D3F8104944F40024C3F810496D
:10AB2000D3F810496FF31204D8E7096919B100EBA3
:10AB30004512C2F8141900EB4510D0F8001941F085
:10AB40000441C0F8001909E0C86808B1C3F8140B43
:10AB5000D3F8000B40F00440C3F8000B002070BD98
:10AB6000FFFF07E010B5036C134CA34203D9D0F8E4
:10AB7000003B002B1EDB0023C0F8103BD0F8103B3D
:10AB800043F40023C0F8103BD0F8103B43F0180307
:10AB9000C0F8103BD0F8103B43F0C043C0F8103B66
:10ABA000012907D1C0F8142BD0F8001B41F08021F7
:10ABB000C0F8001B002010BD0A30544F4A780B78B3
:10ABC000012A00EB43100BD0D0F8002B22F4001226
:10ABD000C0F8002BC978032914D0022912D017E03D
:10ABE000D0F8002922F40012C0F80029C9780329FE
:10ABF00001D002290CD1D0F8001941F08051C0F8E1
:10AC0000001905E0D0F8001B41F08051C0F8001B8E
:10AC1000002070470A784B78D1B200EB4110012B2D
:10AC200012D0D0F8001B002906DB2AB1D0F8001B97
:10AC300021F08041C0F8001BD0F8001B41F4001146
:10AC4000C0F8001B00207047D0F80019002906DB6F
:10AC50002AB1D0F8001921F08041C0F80019D0F8CD
:10AC6000001941F40011C0F80019EBE7F8B50C78B1
:10AC70004E78764DE3B26FF0604700EB4313012E40
:10AC800026D0D3F8104B6FF31204C3F8104BD3F84F
:10AC9000104B2C40C3F8104B4D69002D73D08C68BD
:10ACA00025446D1EB5FBF4F4D3F8105BA4B207EA9B
:10ACB000C4463543C3F8105BD3F8105B8E68664317
:10ACC000C6F312042543C3F8105B012A70D0A5E037
:10ACD0004E69002ED3F8106921D06FF31206C3F825
:10ACE0001069D3F810692E40C3F810694E698D6859
:10ACF0002E44761EB6FBF5F5D3F8106907EAC54574
:10AD00003543C3F81059D3F810594E69C6F31206EB
:10AD10003543C3F81059CD78012D0ED019E02E40DF
:10AD2000C3F81069D3F8105945F40025C3F8105939
:10AD3000D3F810596FF3120509E0D3F8105925F034
:10AD4000C045C3F81059D3F8105945F00055C3F861
:10AD50001059012A18D000EB4413D3F8004944F0ED
:10AD60000444C3F80049CC78012C2FD04A6962B35F
:10AD7000D0F83428097801F00F03012199400A43E3
:10AD8000C0F8342860E036E00A691AB100EB4413D9
:10AD9000C3F81429C97801290FD1D0F80818C905BA
:10ADA00000EB4411D1F8002903D442F0005202E034
:10ADB00030E042F08052C1F8002900EB4410D0F896
:10ADC000001941F00441C0F800193DE0D0F80848EE
:10ADD000E405D3F8004902D444F0005401E044F003
:10ADE0008054C3F8004900928A8A93B20A78C968ED
:10ADF00000F05FF928E0D3F8104B8D68C5F3120519
:10AE00002C43C3F8104BD3F8104B44F40024C3F880
:10AE1000104B5AE7CA680AB1C3F8142BC978012944
:10AE20000CD1D0F80808C005D3F8000B02D440F0CC
:10AE3000005001E040F08050C3F8000BD3F8000B45
:10AE400040F00440C3F8000B0020F8BDFFFF07E00E
:10AE5000816841F0010181600020704700211022CB
:10AE60000261054A491C914201D9032070470369D8
:10AE7000DB06F7D400207047400D0300002220239A
:10AE800043EA811101610549521C8A4201D903201C
:10AE9000704703699B06F7D400207047400D0300FC
:10AEA000D0F8080810F0060004D0022803D00628C5
:10AEB00001D00F20704702207047406900F0010068
:10AEC0007047D0F81818D0F81C08084080B27047B6
:10AED000D0F81818D0F81C080840000C704710B5BE
:10AEE000D0F81038D0F8342801F00F0400EB4110EE
:10AEF000E24002F00102D0F8080943EAC212104011
:10AF000010BD00EB4111D1F8081BD0F8140808401F
:10AF1000704741698069084070470346D21C10B5EC
:10AF200008469208002103F5805302E01C68491C82
:10AF300010C09142FAD310BD10B5C26822F0C042D1
:10AF4000C260012902D029B1012010BDC16841F0C1
:10AF5000005102E0C16841F08041C1603220F9F740
:10AF60009DF8002010BDD0F8002822F4FE62C0F841
:10AF70000028D0F800284FF4FE6303EA01110A43C9
:10AF8000C0F8002800207047022A3ED1264A274BED
:10AF90000A449A4201D20F2138E0254A254B0A443F
:10AFA0009A4201D20E2131E0234A244B0A449A42AC
:10AFB00001D20D212AE0224A224B0A449A4201D2B0
:10AFC0000C2123E0204A214B0A449A4201D20B2152
:10AFD0001CE01F4A1F4B0A449A4201D20A2115E085
:10AFE0001D4A1E4B0A449A420FD31D4A1D4B0A4468
:10AFF0009A4201D2082109E01B4A11441B4A91429E
:10B0000001D2072102E0062100E00921C26822F4F2
:10B010007052C260C2684FF4705303EA81210A4340
:10B02000C260002070470000405327FF00350C002D
:10B03000401E1BFF40420F0000DC0BFF804F120040
:10B04000808CF9FE20D6130060B6E5FE60E31600A2
:10B0500000D3CEFE40771B00C05BB3FEC091210041
:10B0600000CA91FE20753800E05459FEE09C410072
:10B0700010B5044600214FF67F3004EB4112C2F8B0
:10B080000809C2F8080B491C0F29F6D30020C4F8A0
:10B090001008C4F81408C4F81C082046FFF7DEFEA8
:10B0A000002805D12046BDE810401021FFF7E6BE7C
:10B0B00010BD10B5029C64B9DB1C9C0800EB02308B
:10B0C000002300F5805002E004C902605B1CA3422B
:10B0D000FAD3002010BDFEE790F82C2142B111B147
:10B0E00090ED4D0A01E090ED4C0AD0ED070A07E023
:10B0F00011B190ED4D0A01E090ED4C0AD0ED060A39
:10B1000030EE600A80ED4E0AB5EEC00AF1EE10FA9C
:10B1100001DCB1EE400AD0ED560AB4EEE00AF1EEE1
:10B1200010FA03D29FED340A80ED4E0A90ED4E1ACC
:10B1300090ED4F0A3149F6EE000A31EE000A91F91E
:10B140000020002A20EE200AD0ED500A0BD005DDA9
:10B15000B5EEC00AF1EE10FA05D30AE0B5EEC00A6A
:10B16000F1EE10FA05DDD0ED531A41EE800AC0ED84
:10B17000500A90ED510AF4EEC00AF1EE10FA02D234
:10B18000F0EE601A01E0F0EE401AB1EE402AF4EE63
:10B19000C21AF1EE10FA07DDF4EEC00AF1EE10FA71
:10B1A00004D2B0EE600A01E0B0EE420A80ED500A2F
:10B1B000D0ED520A00F5806201EE200A80ED550ABA
:10B1C000D2ED030AB4EEE00AF1EE10FA01DD01223D
:10B1D00007E0F1EE600AB4EEE00AF1EE10FA04D2F4
:10B1E000FF220A70C0ED550A01E000220A7080EDCE
:10B1F0004F1A90ED550A7047000000008C000020A7
:10B2000007499FED060A81ED380A90ED040AD1ED59
:10B21000040A30EE200A80ED040A704700000000A6
:10B22000E41600207CB50C001D461646014601D0F0
:10B23000601E00E00020CDE90010064B6A4629465A
:10B24000304601F01BFE002C02D0009A0021117044
:10B250007CBD000083D5020803B40198410000982A
:10B2600050EAC12018BF04204A0D18BF40F0010069
:10B2700040F2FF72B2EB515F08BF40F002000128BC
:10B2800008BF052002B070474100080218BF042023
:10B290000A0E18BF40F001004FF07F4232EA010170
:10B2A00008BF40F00200012808BF052070474FF09A
:10B2B0007F41B1EB400F01D1012070470020704762
:10B2C00020F00040C0F1FF40C00F704720F0004068
:10B2D000C0F1FF40C00F70470907090E002804DBCA
:10B2E00000F1E02080F80014704700F00F0000F13A
:10B2F000E02080F8141D704710B54FF00E402DED82
:10B30000028BB0EE408A18EE104A00EB4400B0F118
:10B31000506F4AD84FF0FC40B0EB440F22D2B0EE51
:10B32000C80AF7EE000A30EEC00AF6EE000A60EE38
:10B33000208A18EE900A05F039F901EE100A14F08F
:10B34000004F1DBFDFED2D0A9FED2D0AB1EE411A12
:10B35000DFED2C0A08BF9FED2C0AF8EE001A21EE53
:10B36000218A05E0DFED290A68EE088AB0EE600A5E
:10B370009FED271ADFED271A30EE080A48EE811AF2
:10B380009FED251A08EEA11ADFED241A48EE811A66
:10B390009FED231A08EEA11A68EE281ABDEC028B65
:10B3A00001EE810A30EE200A10BD4FF0E440B0EB10
:10B3B000440F0CD918EE100AFFF766FF042808BFE7
:10B3C00001F0D2FBB0EE480ABDEC028B10BD4FF08D
:10B3D0007F40B0EB440F07D2B0EE480ABDEC028BC1
:10B3E000BDE8104001F0AABB012001F07FFCBDECDC
:10B3F000028BBDE8104001F0A7BB00000000C9BFF0
:10B4000022AAFDB90000C93F22AAFD3900000000B0
:10B4100024FE1C3DC78AD83C1E67383D1B93993DCE
:10B42000AFAA2A3E70B54FF068422DED048BF0EEC6
:10B43000408A18EE900AB0EE608A18EE101A02EBFD
:10B440004003B3F1654F3CBF02EB4102B2F1654FDF
:10B450007DD200BFC0F3C753C1F3C7529A1A1B2A4B
:10B4600009DD10F0004F14BF9FED830A9FED830AA2
:10B47000BDEC048B70BD12F11A0F36DA11F0004FDB
:10B4800009D010F0004F0CBF9FED7D0A9FED7D0AA3
:10B49000BDEC048B70BD88EE889A19EE100AFFF798
:10B4A000F3FE042808BF01F05FFB18EE900AFFF7D7
:10B4B000EBFE054618EE100AFFF7E6FE044619EE0D
:10B4C000100AFFF7E1FE042D18BF052D08D1042C4A
:10B4D00018BF052C04D1002804BF022001F006FC8F
:10B4E000B0EE490ABDEC048B70BD4200B2EB410FD7
:10B4F0003AD910F0004F19BFDFED630A9FED630AE0
:10B50000DFED630A9FED630AB0EE481A0A46B1EE1A
:10B51000688A80F00041F0EE418A10460A1A520013
:10B52000B2F1807F34D2484010F0004FDFED5A1A5C
:10B530009FED5A2A1DBFBEEE001A70EEE10A30EEF2
:10B54000420AB6EE001A08BF70EEA10A00E040E021
:10B5500008BF30EE020AB0EE682A01EE482A08EE73
:10B56000818AC2EE081A15E011F0004F04BF9FED6A
:10B570004C0AF0EE400AD1D010F0004F19BFDFEDB9
:10B58000490A9FED490ADFED490A9FED490AC5E7DF
:10B59000C8EE881A21EEA11A9FED462ADFED462A51
:10B5A00041EE022A9FED452A01EE222ADFED442AD0
:10B5B00041EE022A9FED432ABDEC048B01EE222AC4
:10B5C00021EE811A01EE020A30EE210A30EE200A45
:10B5D00070BD4FF07F42B2EB400F28BFB2EB410F7E
:10B5E00009D2F0EE480AB0EE680ABDEC048BBDE863
:10B5F000704001F0A6BA40EA01035B0008BF41F0C9
:10B60000FF410BD0B2EB400F08BFB2EB410F08D1A6
:10B6100020F0804008EE900A21F0804108EE101AD8
:10B6200018E7B2EB400F12BF5FEA410340F0FF4062
:10B6300001F000413FF40EAFB2EB410F12BF5FEAE1
:10B64000400200F0004041F0FF413FF403AF4A00E8
:10B6500092EA40033FF5FEAE002AACBF9FED1A0A06
:10B660009FED1A0A68EE808A28EE008A18EE900A8A
:10B6700018EE101AEEE60000DB0FC9BFDB0FC93F62
:10B68000DB0F4940DB0F49C00000C9BF22AAFDB94A
:10B690000000C93F22AAFD390060ED3EC30ACE3743
:10B6A00000000000000049C022AA7DBA0000494005
:10B6B00022AA7D3A2DAD65BD8FB8D53D0FB511BE1F
:10B6C00061C84C3EA8AAAABE0000804F0000802F8F
:10B6D00010EE101A08B5444A6846B2EB410F28D95B
:10B6E0004FF0E640B0EB410F94BF00204FF0FF3029
:10B6F00000900098002861DB60EE000A10F0010F56
:10B7000045D010F0020FDFED391A9FED391A00EE27
:10B71000E11ADFED381A40EE811A21EEA01AF0EEA0
:10B72000400A40EE010A08BFF1EE600AB0EE600A7E
:10B7300008BD314B21F0004293423CD911F0004F3B
:10B74000DFED2E0A20EE201ADFED2D0A19BF31EEB3
:10B75000601A71EE200A31EE201A71EE600ABDEE19
:10B76000E01A11EE100A9FED271A00F0030000EE18
:10B77000C10A9FED251A009000EEC10A9FED231A21
:10B7800000EEC10A9FED221A00EEC10AB1E79FED5B
:10B79000211A9FED210A10F0020F00EE810A9FEDA1
:10B7A0001F1A00EE801AB7EE000A00EE810A18BFD9
:10B7B000B1EE400A08BD01F0DFF99AE710EE100A79
:10B7C0004000B0F17F4F3CBFB7EE000A08BD07D183
:10B7D0004FF0010001F08AFABDE8084001F0B4B969
:10B7E000BDE8084001F0AAB9B61F927E336D4C390E
:10B7F000DA82083CA0AA2ABE490E494683F9223FB4
:10B800000000004B0000C93F00A0FD390020A2331A
:10B810001A61342CB93AB2BACA9F2A3DDDFFFFBE85
:10B8200010B52DED040B86B09DED060B10EE100A41
:10B8300010EE901A8DED000B002818BF0120084370
:10B8400020F00040C0F17F6000F1E040C00F21D146
:10B850009DED080B10EE101A10EE900A8DED000B06
:10B86000002918BF0121084320F00040C0F17F608B
:10B8700000F1E040C00F0DD129490798B1EB400F0E
:10B8800004BF0698002842D00998400004BF0898D9
:10B8900000283CD09DED080B53EC102B9DED060BC2
:10B8A00051EC100BF5F790F8CDE902019DED020B7C
:10B8B00040F2FF7110EE900A8DED000B31EA10504E
:10B8C00021D00798039900F0004001F00041884220
:10B8D00019D09DED080B8DED040B9DED020B8DED48
:10B8E000000B10EE900A059961F31E0005909DED86
:10B8F000041B9DED020B51EC110B53EC102BF4F7D4
:10B90000EEFDCDE902019DED020B0AB010BD012054
:10B9100001F0ECF90AB0BDE8104001F0E5B8000014
:10B920000000E0FF10B510EE100A2DED068BB7EE0B
:10B93000001A10EE901AB0EE418A0022A0F5000C19
:10B94000DFEDFE9A4FF00073BCF1FE4F4FF07F44E5
:10B9500003EB410C80F0B481BCF1804FC0F0208239
:10B96000F74901449FEDF73AB1F5005F40F2D48208
:10B9700000F58021CB0C03F00F0101EE901AC3F308
:10B9800007137F3BA0EBC350B8EEE12A00EE100A8C
:10B990001A44DFEDED2AF0EE411A42EE221AF0EEE3
:10B9A000613A70EE232A30EE632A12EE900A00F517
:10B9B00000606FF30B0001EE900A73EEE13A33EE94
:10B9C000804AC1EE223A22EE230A10EE100A00F558
:10B9D00000606FF30B0000EE100A00EE612A00EE2B
:10B9E000442A62EE232A70EE221A21EEA12ADFED0C
:10B9F000D73A02EE233A23EE023A20EE012A22EE53
:10BA0000811A03EE211A32EE010A10EE100A00F537
:10BA100000606FF30B0000EE100A72EE401A31EE78
:10BA2000812A9FEDCB1A60EE011A9FEDCA1A20EE13
:10BA3000011A9FEDC90A02EE001A31EE810A10EEDA
:10BA4000100A00F500606FF30B0000EE100AC34807
:10BA500071EEC01A31EE812A784400EBC10090EDFE
:10BA6000003AD0ED011A100101EE100AF8EEC12AD9
:10BA700032EE211A31EE001A31EE031A31EE221A9B
:10BA800011EE100A00F500606FF30B0009EE100ACA
:10BA900039EE621A31EE431A31EE400A30EE610A95
:10BAA00032EE40AA10EE900A002100F500606FF31C
:10BAB0000B0008EE900A084670EEE8AAF4F7DFFFE4
:10BAC00029EE280A00F00C01F0EEC00A10EE900AF0
:10BAD000B0F18B4F0DDD10EE900AB4EB400F08D3A0
:10BAE00010EE100A4FF08B4262F31E0008EE900A2F
:10BAF00013E069EE2A0A38EEAA1A4AEE010A30EE7D
:10BB0000201A11EE100A00F500606FF30B0008EE2A
:10BB1000900A30EE680A70EE209A0C20F4F7AFFF1E
:10BB200038EEA90AB5EEC00AF1EE10FA34BFFEEE07
:10BB3000000AF6EE000A30EE800ABDEEC00A10EEF2
:10BB4000100A011100EE101AF8EEC00A00EE100AF9
:10BB5000B8EEC00A38EEC00A30EE290ADFED801ACE
:10BB60009FED801A00EE211ADFED7F1A7F4900F069
:10BB70000F0040EE011A21EE800A794401EB8001AA
:10BB800091ED001A7A49794401EB8001D1ED001A58
:10BB9000784901EE801A794401EB8000764990EDF6
:10BBA000000A31EE001AB0EEE00A10EE100A8842E8
:10BBB00015DA10EE100AB4EB400F10D39FED6F0AA8
:10BBC00030EE800ADFED6E0A20EE200A68EE010AF0
:10BBD000BDEC068BBCEEC00A20EE200A10BD10EEB4
:10BBE000100A6849884243DA10EE100AB4EB400F9D
:10BBF0003ED3BDEEE00A68EE010A10EE100A00EB3B
:10BC0000D0725110C90501F17E5100EE101AA0EB5F
:10BC10006200C00560EE200A00F17E5000EE100ABE
:10BC200060EE808A18EE900AB4EB400F0FD102202C
:10BC300001F05CF800F090FF10EE101A18EE100AF8
:10BC4000BDEC068B61F31E0000EE100A10BD18EE6D
:10BC5000900A400011D018EE900AFFF715FB042857
:10BC600008BF00F081FFB0EE680ABDEC068B10BD86
:10BC7000F5EEC00AF1EE10FA0FD2022001F036F80C
:10BC800000F072FF10EE101A18EE100ABDEC068BD1
:10BC900061F31E0000EE100A10BD022001F026F82C
:10BCA00000F05AFF10EE101AB0EE480A10EE100A1B
:10BCB000BDEC068B61F31E0000EE100A10BD00BF44
:10BCC000BCF1804F6CD300BF00F1FF43B3F1FE4FD6
:10BCD00024D200BFB0EEC00A10EE100AC1F3C75361
:10BCE0007F2B0DDB972BBFF63BAEC3F196034FF0D6
:10BCF000010C0CFA03F3A3F1010C1CEA010F08D0AC
:10BD0000012000F0F3FFBDEC068BBDE8104000F011
:10BD10001BBF0B4218BFBFEE008A21E643001CBFC9
:10BD20004FF08073B3EB400F34D96FF01A02DFEDA0
:10BD3000161A20EE210A10EE100A27E0000000007B
:10BD4000001080C0ABAAAA3E0000803D7EE24C3EBF
:10BD500000B03842D49AB8BB3BAA384224580000FD
:10BD6000FC596337C9FF753A1872313DC25700005C
:10BD7000F6570000665700000000FC420000FE423B
:10BD80000000004B000040430000004D10F0004F49
:10BD9000A0D1E5E5A0F50003B3F1FE4F21D2DFE528
:10BDA00003EB4103B3F1007F11D3F5EEC00AF1EECE
:10BDB00010FA05D1430018BFB4EB400F76D883E7E3
:10BDC00001F0004141F0FC5100EE901A7CE7B3F124
:10BDD000807F06D210EE903AA3F5000300EE903A71
:10BDE00072E720F000426FF0FF4C604C02EB0C0356
:10BDF000A34210D321F000439C44A4450BD3B0F1DF
:10BE00007E5F18BF5FEA410C50D0B2F1FF4F98BF80
:10BE1000B3F1FF4F05D9BDEC068BBDE8104000F033
:10BE200090BEB0F1FF4F0FD0C1F3C7527F2A09DB9C
:10BE3000972A11DAC2F19602012303FA02F2531E85
:10BE40000B4205D0002208E011F0004F55D128E048
:10BE50000A4218BF012200D1022210F5000F13D0B0
:10BE600028B3B0F1004F26D010F1814F4FD04FF0E2
:10BE7000FE42B2EB400F94BF01200020012202EBF2
:10BE8000E171884239D10CE011F0004F02D0012A53
:10BE900038D032E0012A02BF9FED350ABDEC068B97
:10BEA00010BD9FED340ABDEC068B10BD2FE011F0E4
:10BEB000004F0CD121E0B1F1FF4F1ED011F5000F62
:10BEC00005D011F0004F15D00AB1012A08D0022088
:10BED00000F00CFFBDEC068BBDE8104000F024BE66
:10BEE000022000F003FF00F01FFEBDEC068BB1EE58
:10BEF000400A10BD0AB1012A04D0B0EE690ABDECB7
:10BF0000068B10BDBDEC068B9FED1B0A10BDBDEC72
:10BF1000068BB7EE000A10BD30EE410AB5EE001AEE
:10BF20009FED172A00EE413AB6EE001A60EE001AB5
:10BF300000EE431A61EEC11A9FED101A20EE011AAD
:10BF400020EE020A9FED0F2A01EE820A71EE001A1E
:10BF500011EE900A00F500606FF30B0009EE100A75
:10BF600031EE491A31EE00AA9CE50000FFFF3F00C8
:10BF7000000080FF0000807F0000008000B0B8411A
:10BF8000D49A38BB3BAAB84100B510EE101A2DED7B
:10BF9000028B81B0524A6846B2EB410F2ED94FF066
:10BFA000E640B0EB410F94BF00204FF0FF3000900F
:10BFB0000098B0EE408A00286ADB10F0010F4BD0E9
:10BFC00068EE080A9FED471A9FED470A00EE810AC6
:10BFD0009FED461A10F0020F00EE801AB7EE000A2D
:10BFE00000EE810A02BF01B0BDEC028B00BD00BFB4
:10BFF00001B0B1EE400ABDEC028B00BD3C4B21F01C
:10C000000042934241D911F0004FDFED3A0A20EE91
:10C01000201ADFED390A19BF31EE601A71EE200ADD
:10C0200031EE201A71EE600ABDEEE01A11EE100A30
:10C030009FED321A00F0030000EEC10A9FED301AA6
:10C04000009000EEC10A9FED2F1A00EEC10A9FED8D
:10C050002E1A00EEC10AABE728EE080A9FED2B1A54
:10C06000DFED2B0A10F0020F40EE410A9FED291A76
:10C0700000EE201A61EE000AB0EE480A08EE200A2F
:10C08000B6D101B0BDEC028B00BD00F075FD8FE7AD
:10C0900018EE100A4000B0F17F4F0DD218EE100AD2
:10C0A000FFF7F2F8042808BF00F05EFDB0EE480A82
:10C0B00001B0BDEC028B00BD09D1012000F016FEDD
:10C0C00001B0BDEC028B5DF804EB00F03DBD01B0AA
:10C0D000B0EE480ABDEC028B5DF804EB00F02EBD1B
:10C0E000B61F927EB93AB2BACA9F2A3DDDFFFFBEA3
:10C0F000490E494683F9223F0000004B0000C93F2A
:10C1000000A0FD390020A2331A61342C336D4C3964
:10C11000DA82083CA0AA2ABE00B52DED048BB0EE51
:10C12000409AF0EE609A83B051EC190BF4F7FBFBE8
:10C1300041EC180B18EE100A18EE901A8DED008BDA
:10C14000002818BF0120084320F00040C0F17F60A4
:10C1500000F1E040C00F14D019EE101A19EE900A49
:10C160008DED009B002918BF0121084320F00040FD
:10C17000C0F17F6000F1E040C00F04BF012000F07B
:10C18000B5FDB0EE480A03B0F0EE680ABDEC048BD2
:10C1900000BD10B52DED028BB1EEC08A18EE100A6D
:10C1A00020F00040C0F1FF40C00F0AD010EE100A8E
:10C1B00020F00040C0F1FF40C00F04BF012000F09C
:10C1C00095FDB0EE480ABDEC028B10BD00000000EA
:10C1D00010B51D499FED1A1B2DED020B84B005987B
:10C1E00020F000408842DCBF01209DED040B21DDE2
:10C1F0001649884209D1049840B94FF0010000F077
:10C2000075FD00F071FC06B010BD05DB9DED040B63
:10C2100000F05EFC06B010BD68469DED040B00F01A
:10C2200017F800F001000121A1EB40009DED021B79
:10C230009DED000B00F0A4FA06B010BD0000000058
:10C240000000000000000000FB21E93F0000F07F3B
:10C250002DE9F14F04462DED020B2DED088B8AB030
:10C260009FEDE70B80ED020B139EE74826F000459B
:10C2700085420ADC9DED120B002084ED000B0AB014
:10C28000BDEC088B03B0BDE8F08FE0489FEDE0AB5C
:10C290009FEDE1BBA84247DDE14F9FEDE39B9FEDA2
:10C2A000E48B9DED120B53EC1A2B51EC100B002E6E
:10C2B0001CDDF4F711F941EC100BBD4208D053EC32
:10C2C0001B2B51EC100BF4F707F9C4E900010BE04C
:10C2D00053EC192B51EC100BF4F7FEF853EC182B20
:10C2E000F4F7FAF8C4E900010120C8E7F4F753F8BD
:10C2F00041EC100BBD4208D053EC1B2B51EC100B42
:10C30000F4F749F8C4E900010BE053EC192B51ECA8
:10C31000100BF4F740F853EC182BF4F73CF8C4E991
:10C3200000014FF0FF30AAE7C348A84279DB9DED3A
:10C33000120B51EC100B01F083FB41EC180B9FED3D
:10C34000C00B53EC102BF4F7CDF89FEDBF1B53EC53
:10C35000112BF4F720F8F4F7A7FB0746F4F7A3F93D
:10C3600041EC190B53EC1A2BF4F7BCF853EC182BD7
:10C37000F4F7B5F841EC180B53EC1B2B51EC190BEF
:10C38000F4F7B0F8DFF8C8A241EC100B4FEA1558EB
:10C390000125FA4453EC102B51EC180BF4F79CF8E0
:10C3A000032DC4E900013DD0C1F30A5005EB45114E
:10C3B000A8EB00001139814234DA0AEB051BB0EE1C
:10C3C00048AA9BED000BF0EE68AA53EC102B51EC41
:10C3D000190BF4F787F841EC1B0B51EC1A0B53ECDB
:10C3E0001B2BF4F779F841EC180B51EC1A0B53ECBA
:10C3F000182BF4F771F853EC1B2BF4F76DF89BED49
:10C40000020B41EC1A0B53EC102B51EC190BF4F707
:10C4100069F853EC1A2BF4F75FF841EC100B6D1C24
:10C42000B8E70EE0002EA8BF3846BFF628AF94ED5F
:10C43000000B51EC100B81F00041C4E9000178427F
:10C440001DE7C6F3130040F4801EC6F30A50A0F2A5
:10C45000F530471100F01F05C5F12000DDF848B0A8
:10C4600008900020069007900520EC467949002DA1
:10C4700007EB0002794408BF51F8221009D051F8A7
:10C48000223001EB8201AB404A68089922FA01F19F
:10C490001943A1FB0E26A1FB0B131A449A4234BF89
:10C4A0000123002303EB06080CEB8003D3E901A66C
:10C4B0000E448E4234BF0121002192448A4411B1BE
:10C4C000924502D903E0924501D2012100E000210A
:10C4D000C3E901A641444CF82010011EA0F101005F
:10C4E000C4DC029800F10050850F0298DDE9036773
:10C4F0008000DDF81480F4F7D6F841EC1A0B3046D2
:10C50000F4F7E2F89FED541B53EC112BF3F7EAFF1D
:10C5100041EC1B0B3846F4F7D7F89FED511B53EC59
:10C52000112BF3F7DFFF41EC180B4046F4F7CCF882
:10C530009FED4D1B53EC112BF3F7D4FF41EC190B7E
:10C5400051EC180B53EC192BF3F725FF53EC1B2B75
:10C55000F3F721FF53EC1A2BF3F71DFFCDE9080188
:10C56000002008909DED080B53EC1A2B51EC100B9A
:10C57000F3F7B2FF53EC1B2BF3F7AEFF53EC182B82
:10C58000F3F7AAFF53EC192BF3F7A9FF9FED381B24
:10C5900053EC112BF3F7A6FF9FED370B41EC180B73
:10C5A00053EC102B9DED080B51EC100BF3F79AFF99
:10C5B00053EC182BF3F7EFFE9FED310B41EC180B0A
:10C5C00053EC102B9DED080B51EC100BF3F78AFF89
:10C5D00053EC182BF3F7DFFE41EC100B139810F01F
:10C5E000004F06D06D4251EC100B81F0004141EC40
:10C5F000100B284684ED000B41E60000000000000F
:10C600000000000000000000FB21E93F7CD902404F
:10C6100000004054FB21F93F3163621A61B4D03D00
:10C62000FB21F93F000000000000601A61B4D03D1A
:10C630007370032E8A19A33BFB21394100000000CF
:10C6400083C8C96D305FE43F000000000000E03F98
:10C650002A500000784F0000000000000000103E4B
:10C66000000000000000103C000000000000103A34
:10C67000182D4454FB21F93D3326A611460B113CDD
:10C6800000000054FB21F93D70B504462DED028BEE
:10C690004D1E00EBC500B0EE408AF0EE608A90EDD2
:10C6A000000B35F0060017D053EC182B51EC100B93
:10C6B000F3F718FF41EC100B6D1E04EBC50090ED75
:10C6C000001B51EC100B53EC112BF3F764FE41EC03
:10C6D000100B35F00600E7D1022D36D0042D1CD00A
:10C6E000062D1CBFBDEC028B70BD53EC182B51EC1A
:10C6F000100BF3F7F7FE94ED0A1B53EC112BF3F735
:10C700004AFE53EC182BF3F7EDFE94ED081B53ECA7
:10C71000112BF3F740FE41EC100B53EC182B51ECAE
:10C72000100BF3F7DFFE94ED061B53EC112BF3F720
:10C7300032FE53EC182BF3F7D5FE94ED040B53ECBB
:10C74000102BF3F728FE41EC100B53EC182B51EC97
:10C75000100BF3F7C7FE94ED021B53EC112BF3F70C
:10C760001AFE53EC182BF3F7BDFE94ED001B53ECAF
:10C77000112BF3F710FEBDEC028B41EC100B70BDDA
:10C78000F1B506462DED040BBD482DED0C8B8AB09E
:10C79000B0EE418AF0EE618A179D25F000449FEDCE
:10C7A000BABB9FEDBBCB844208DA9DED160B51EC72
:10C7B000100BF4F779F9002800F0E980B64FA74292
:10C7C00031DC002D0DDA9DED160B51EC100B81F0D4
:10C7D0000041CDE9160151EC180B81F0004141EC0C
:10C7E000180B9FEDAF0B53EC102B9DED160B51EC7E
:10C7F000100BF3F774FE53EC182B9FEDAB0BCDE948
:10C80000040151EC100BF3F767FE41EC100B53ECF5
:10C81000102B9DED040B51EC100BF3F7BCFD9FEDBD
:10C82000A48BCDE916019DED160B53EC102B51ECAA
:10C83000100BF3F757FECDE904019DED040B53EC0B
:10C84000102B51EC100BF3F74DFE41EC190B9A48ED
:10C850000621B0EE490AF0EE690A7844FFF714FFAA
:10C860009648B0EE40DAF0EE60DAB0EE490AF0EE4B
:10C87000690A06217844FFF707FF9DED041B51EC80
:10C88000100B53EC112BF3F72DFE9DED040B41EC37
:10C890001A0B53EC102B9DED160B51EC100BF3F70C
:10C8A00021FE41EC190B53EC1A2B51EC1D0BF3F745
:10C8B00072FD53EC192BF3F715FE53EC182BF3F71D
:10C8C0006AFD9DED041B53EC112BF3F70BFE53ECAB
:10C8D000182BF3F760FD41EC180B9FED790B51EC31
:10C8E000190B53EC102BF3F7FDFD53EC182BF3F75A
:10C8F00052FD41EC190B9DED160B53EC192B51EC2D
:10C90000100BF3F748FD41EC180BA74269DC3046E9
:10C91000F3F7C9FE41EC1A0B51EC180B53EC1A2B30
:10C92000F3F739FD41EC1B0B53EC182B51EC180BB2
:10C93000F3F7D8FD53EC1B2BF3F746FE53EC192B02
:10C94000F3F7CAFD9DED161B53EC112BF3F7C7FD52
:10C950009FED5D1B53EC112BF3F7C4FD53EC1A2B29
:10C96000F3F7BDFD41EC180B022000EAA570C0F101
:10C970000100F3F798FE53EC182BF3F7B3FD00BF5B
:10C9800041EC100B0AB0BDEC0C8B05B0F0BD711C76
:10C990001698214308430CD09DED160B012E1CBFA9
:10C9A00053EC102B51EC1C0B10D000BFF3F70CFE16
:10C9B000E6E79DED160B51EC100B01F041F841EC50
:10C9C000100B51EC1B0B53EC102BEFE751EC100B41
:10C9D000FEF742FC042808BF00F096F89DED160B08
:10C9E000D0E7012E04BFB0EE480AF0EE680AC9D0C5
:10C9F0008DED048B002404949DED040B53EC102B5F
:10CA00009DED160B51EC100BF3F769FD53EC192B50
:10CA1000F3F765FD41EC190B53EC182B51EC1C0B93
:10CA2000F3F7D2FD41EC180B8DED008B00949DEDDA
:10CA3000040B53EC102B9DED000B51EC100BF3F796
:10CA400051FD53EC1B2BF3F7A6FC9DED000B41ECC5
:10CA50001A0B53EC192B51EC100BF3F743FD53EC6D
:10CA60001A2BF3F798FC53EC182BF3F73BFD9DEDD5
:10CA7000001B53EC112BF3F78EFC81E70000000044
:10CA80000000303E00000000000000000000F03F09
:10CA9000000000000000F0BF2894E53F0000000007
:10CAA000182D4454FB21E93F075C143326A6813C32
:10CAB00000000000000000004A4C0000604C000034
:10CAC000635555555555D53F000000000000004006
:10CAD00010B553EC102B51EC100BF3F75CFC41EC50
:10CAE000100B10BD000000009FED050B10B553ECBE
:10CAF000102B51EC100BF3F767FD41EC100B10BD40
:10CB000000000000000000009FED050B10B553EC85
:10CB1000102B51EC100BF3F7E5FC41EC100B10BDA2
:10CB20000000000000000010DFED030AB7EE001A5D
:10CB300081EE200A704700000000000030EE000A7D
:10CB4000704730EE200A7047DFED020A80EEA00A3F
:10CB500070470000000000009FED020A20EE000A6E
:10CB600070470000000000709FED020A20EE000AEE
:10CB700070470000000000102DE9F0014FF07F42E7
:10CB8000B2EB410F9FBF4FF0FF310160BDE8F001F4
:10CB900070474FF0004242EA0123C1F3C752783A8E
:10CBA000551112F01F0C434CCCF120067C44C1F30C
:10CBB000C752A2F178024FEA621204EB820254F8E3
:10CBC000254008BFD2E9015612D0556804FA0CF48A
:10CBD00025FA06F73C43976805FA0CF527FA06F89C
:10CBE000D26807FA0CFCF24045EA08054CEA020656
:10CBF000A4FB034CA5FB0352A6FB03631D449D420B
:10CC000034BF012600261319334416B1934202D9CA
:10CC100003E0934201D2012200E00022624402F1CB
:10CC2000200C9206DC0C42EA443200EE102A5B0330
:10CC3000DFED210AF8EEC01A00EE103A4FEA9C1C14
:10CC400011F0004FB8EE400AC0F800C020EE201AE4
:10CC500000EE105ADFED190AB8EE400A20EE200A65
:10CC600071EE810A70EE800A10EE902A02F50062E1
:10CC70006FF30B0200EE902A70EEE11A31EEC11A4A
:10CC8000DFED101A30EE411A9FED0D0A20EE800AFA
:10CC900001EE210A9FED0C1A00EE810A04BFBDE8E7
:10CCA000F0017047CCF180510160BDE8F001B1EEB8
:10CCB000400A7047D8480000000000360000802C71
:10CCC00022AAFD29DB0FC92F0000C92F02E008C8E6
:10CCD000121F08C1002AFAD170477047002001E0F6
:10CCE00001C1121F002AFBD17047000001490860F2
:10CCF00070470000140300202DE9FF5F82B000217F
:10CD0000DDE90430020DDDF840B0034318D044F6ED
:10CD10001050A2F2FF3242431514119801281FD07F
:10CD2000A5EB0B00401C5FEA000A4FF000064E4FD7
:10CD3000DFF83891B046504615D5CAF1000413E02B
:10CD4000119801244AA3012801D16FEA0B0102982E
:10CD5000119AC0E90031C0E9024206B0BDE8F09F77
:10CD6000CBF10000DFE704460021404A491842EBBE
:10CD70000450CDE9001012E0E00707D032463B46F0
:10CD800040464946F3F7AEFB8046894632463B466D
:10CD900010461946F3F7A6FB06460F466410002C12
:10CDA000EAD1DDE90401DDE90023BAF1000F06DA7A
:10CDB000F3F798FB42464B46F3F794FB05E0F3F795
:10CDC00003FC42464B46F3F7FFFB04460E460022A7
:10CDD000284BF3F799FC03D84FF0FF30014607E0EA
:10CDE0000022254B20463146F3F7D5FAF3F72FFE04
:10CDF000102409E0002C0ADB0A220023F3F776FA5C
:10CE0000039B30321A55641E50EA0102F2D1641CB1
:10CE1000039AC4F111031444119A012A03D0012288
:10CE200008430DD10AE0084304D000204FF0110B55
:10CE3000119072E7A3EB0B056D1E0DE05B4504DD61
:10CE40004FF0000205F1010504E003DA4FF00002A3
:10CE5000A5F10105002AECD002981199C0E9023130
:10CE6000C0E9004579E70000000014400000F03FF1
:10CE7000300000000000F0430000E03F2DE9FF4FCC
:10CE800095B09A46884606460025EEE1252877D1DA
:10CE900000242746F94A0121039400E0044316F8D0
:10CEA000013F203B01FA03F01042F7D130782A28E5
:10CEB00011D06FF02F033078A0F13002092A16D874
:10CEC000039A44F0020402EB820203EB4202104494
:10CED000761C0390EFE758F8042B0392002A03DA3C
:10CEE000504244F40054039044F00204761C30781D
:10CEF0002E2816D116F8010F44F004042A280DD06C
:10CF00006FF02F023078A0F13003092B09D807EB1E
:10CF1000870302EB4303C718761CF3E758F8047B3A
:10CF2000761C30786C280FD006DC4C2817D0682887
:10CF30000DD06A2814D104E0742810D07A280FD1BB
:10CF40000DE044F400140AE044F4801401E044F4D9
:10CF500040147278824202D104F58014761C761C4B
:10CF6000307866280BD013DC582877D009DC0028ED
:10CF700075D04528F6D04628F4D047281AD193E139
:10CF800018E0632835D0642879D0652812D18BE168
:10CF9000702873D008DC6728F1D069286FD06E281C
:10CFA0000DD06F2806D1ACE073282CD0752874D032
:10CFB000782853D05246179990476D1C54E1C4F31A
:10CFC0000250022809D003280DD0D8F800100428F8
:10CFD0000DD00D6008F1040846E1D8F80010EA17FA
:10CFE000C1E90052F6E7D8F800100D80F2E70D70A5
:10CFF000F0E718F8041B8DF8001000208DF80100F0
:10D00000EB46012003E058F804BB4FF0FF30610706
:10D010004FF0000102D40DE009F101018946B94247
:10D020000FDA8145F8DB1BF809100029F4D108E07C
:10D0300009F1010189468142FADB1BF80910002938
:10D04000F6D103985346A0EB090721463846179AB4
:10D0500000F080FA284400EB090507E044E008E10D
:10D060000DE01BF8010B524617999047B9F10109E1
:10D07000F7D2534621463846179AF2E039E00A21A2
:10D08000C4F302524FF0000B0091022A06D058F868
:10D09000040BC117032A09D00AE023E008F10700B6
:10D0A00020F00702F2E80201904605E000B2C11745
:10D0B000042A01D140B2C117002906DA0A4600212C
:10D0C000404261EB02012D2202E0220504D52B2211
:10D0D0008DF80420012203E0E20701D02022F7E7C7
:10D0E000914657E00A2100E010214FF0000B00911B
:10D0F0000BE010214FF0000B44F0040408270091CE
:10D1000003E008204FF0000B0090C4F30252022A03
:10D1100005D058F8040B0021032A08D008E008F1D4
:10D12000070020F00702F2E80201904603E080B217
:10D13000042A00D1C0B24FF0000922072AD5327864
:10D14000702A07D0DDF800C08CF0100C5CEA0B0CE4
:10D1500005D00EE040228DF80420012208E050EABC
:10D16000010306D030238DF804308DF8052002220B
:10D170009146009B83F0080353EA0B030AD150EA5F
:10D18000010201D1620705D530228DF804204FF04D
:10D1900001097F1E3278582A04D039A20C920CAAB9
:10D1A00002920BE03BA2F9E75B46009AF3F79EF888
:10D1B0000C9B9B5C029A521E0292137050EA010271
:10D1C000F2D1029804A9081A00F1200B600702D5D9
:10D1D00024F4803400E001275F4502DDA7EB0B005B
:10D1E00000E0002000EB0B01009003984944401A36
:10D1F0000390E00306D453462146179A039800F0A3
:10D20000A9F90544002706E001A85246C05D179918
:10D2100090476D1C7F1C4F45F6DBE0030CD5534651
:10D220002146179A039800F095F9054404E0302050
:10D230005246179990476D1C0099481E009000298E
:10D24000F5DC08E00298029952460078491C0291E8
:10D25000179990476D1CBBF10001ABF1010BF1DC9C
:10D260005BE100F065F90544761C307800287FF416
:10D270000DAE19B02846BDE8F08F00000928010066
:10D28000303132333435363738396162636465663C
:10D2900000000000303132333435363738394142FE
:10D2A0004344454600000000600700D4062708F10B
:10D2B000070020F00700F0E80223804603F0004C4E
:10D2C0005FEA0C0001D097A009E0200501D596A0E7
:10D2D00005E0E00701D095A001E0AFF24C0013900B
:10D2E000307823F0004365280CD006DC452809D0AF
:10D2F00046281DD047287FD13BE0662818D06728F4
:10D300007AD136E00021112F01DB112000E0781CDA
:10D31000CDE9000104A90CA8FFF7EEFCDDE90D0141
:10D320000C9A4FF0000B07F10109109200914EE0AA
:10D330004FF000400097CDE9011004A90CA8FFF7B9
:10D34000DBFCDDE90D020C9B0F994FF0000B9146C1
:10D350001093009211B9791C00EB0109B7EB090099
:10D3600003D4C0F1FF3B07F10109A9EB07000190CD
:10D3700042E0012F00DA01270021112F01DD1120E9
:10D3800000E03846CDE9000104A90CA8FFF7B4FC81
:10D39000DDE90D010C9A00914FF0000BB946109297
:10D3A00021070FD4009A4A4503DA914601E0A9F11A
:10D3B0000109B9F1010F05DD109AA9F10101515CD4
:10D3C0003029F4D0B84202DA10F1040F03DA012157
:10D3D000CDE9011010E0002803DC8344A9EB000133
:10D3E00002E0411C494500DD8946A0EB0B00401CD2
:10D3F00001904FF000400290200705D40198484565
:10D4000002DB4FF0FF30019000208DF84B000298B6
:10D410000DF14B07B0F1004F25D002200C902B20CE
:10D420000D90029800280CDA404202902D200D90B9
:10D4300007E00A210298F3F79BF93031029007F8D0
:10D44000011D0C99481E0C900029F2DC029800285E
:10D45000EFD1791E0D980870307800F0200040F070
:10D46000450007F8020D11A8C01BC01D02901398BB
:10D47000007800B1012000EB0901019801EBE07197
:10D48000029801440398401A401E0390E00306D41A
:10D4900053462146179A039800F05CF80544139808
:10D4A000007818B15246179990476D1CE00323D5B8
:10D4B00053462146179A039800F04CF805441BE0A8
:10D4C000BBF1000F07DB0098584504DD1098179951
:10D4D00010F80B0001E01799302052469047019850
:10D4E0000BF1010B401E05F10105019004D12E2026
:10D4F0005246179990476D1CB9F10001A9F1010935
:10D50000DEDC05E017F8010B5246179990476D1CB9
:10D510000299481E02900029F4DC53462146179ACE
:10D5200003989EE62D0000002B0000002000000064
:10D530002DE9F041044600251E461746880404D410
:10D5400005E039462020B0476D1C641EF9D52846F9
:10D55000BDE8F0812DE9F041044600251E469046C5
:10D56000C80301D5302700E02027880404D505E052
:10D5700041463846B0476D1C641EF9D52846BDE8C3
:10D58000F0814A68002A06D00A68531C0B601070AC
:10D590004868401E48607047DFED163AF6EE002AF4
:10D5A0009FED154A20EEA33A60EE844A00EE623AFF
:10D5B00040EE624A23EE213A00EE013A20EEC11A13
:10D5C00004EE823ADFED0D4A23EE243A80ED003A74
:10D5D00020EE043A20EE230A00EEE23A00EEE20AE0
:10D5E00003EE611A00EE421A21EE240A81ED000AD0
:10D5F00070470000D7B35D3FD7B35DBFABAA2A3FEA
:10D6000030B587B0054600200290039008200C46F4
:10D61000009204900648F6F762F80028FAD0012339
:10D62000224669462846F5F7E1FE07B030BD000006
:10D63000F00300202DE9F0438DB001F071FB3220A2
:10D64000F6F72CFD01F070FD3220F6F727FD2EA035
:10D65000D0E90010CDE90710F9F71CFE05220BA94F
:10D6600007A8F9F7D1FDF9F70DFE29499DF82D001E
:10D67000284EC1F8A803284F01064FF0010502D536
:10D680003570822012E0410602D5357083200DE00E
:10D69000410702D53570852008E0810702D5357035
:10D6A000862003E0C00702D035708720387014212F
:10D6B0006846F2F765FE19A00024D0E90010CDE914
:10D6C00009104FF08109E846F9F7E4FD062205A9A3
:10D6D00009A8F9F799FDF9F7D5FD9DF81400A628DA
:10D6E00002D0357087F800909DF815009DF816104F
:10D6F000800140EA910128F81410641C0A2CE3DB35
:10D700000DB0BDE8F08300009C00000000000000A8
:10D71000FC0D00205802002050020020A60000004E
:10D720000000000010B540F6FC002DED028B9FEDCF
:10D73000128AB0EE480AF9F775FDB420F6F7AEFC90
:10D7400040F62820B0EE480AF9F76CFDB420F6F751
:10D75000A5FC40F6B830B0EE480AF9F763FDB420F6
:10D76000F6F79CFCBDEC028B4FF47A60BDE81040EC
:10D770009FED020AF9F756BD9A99193F0000000083
:10D7800010B540F6FC042DED028B20469FED118A6A
:10D79000B0EE480AF9F746FD9620F6F77FFCDFED7C
:10D7A0000E8A2046B0EE680AF9F73CFD9620F6F79F
:10D7B00075FC2046B0EE480AF9F734FD9620F6F7DE
:10D7C0006DFCB0EE680ABDEC028B2046BDE810404F
:10D7D000F9F728BD9A99193F0000000010B511EE25
:10D7E000900A2DED068BB0EE41AAF0EE609AB0EEF5
:10D7F000409AF2F776FF29EE091A69EEA90A41EC80
:10D80000180B81EE200ADFED150A0AEE4A0A20EE17
:10D81000200A10EE100AF2F764FF41EC100BFEF73D
:10D820007BFC9FED0F1B51EC100B53EC112BF2F70F
:10D8300059FE9FED0D1B53EC112BF2F753FE53ECE9
:10D84000182BF2F7C1FEF2F777FF00EE100ADFEDBA
:10D85000080ABDEC068B20EE200A10BD0000C8426D
:10D860009A9999999999B93F0000000080842E41B6
:10D870006F12833A2DE9F0414FF0E0270546BE696B
:10D88000F6F730FE0446B4204543B5420BD9F6F70F
:10D8900029FEA042FBD00849701B0844B9698142A7
:10D8A000FCD8BDE8F081751BB869A842F9D9F6F734
:10D8B00019FEA042F8D0F4E720BF020020EE012AB2
:10D8C000DFED132A00EEE12A20EEA23A80ED002AD5
:10D8D000B6EE002A00EE423A63EE013A9FED0D3AB1
:10D8E00020EE034A20EE833A00EEC24A00EE423AAE
:10D8F00020EE220A00EEC20A23EE011A44EE613A3B
:10D9000000EE611AC1ED003A82ED001A7047000086
:10D91000D7B35D3FD7B35DBF10B5022000F007F865
:10D9200040F00401BDE81040022000F016B84FF4AA
:10D93000004141EAC02080B2AFF3008010B5044638
:10D94000F9F78CFC0120F6F7A9FB2046F9F74CFC0F
:10D950000446F9F782FC204610BD41EAC02080B29F
:10D96000FFF7ECBF274910B50978002948D1B6EE7A
:10D97000001A9FED250A80ED230A80ED220A80ED32
:10D980004E0A80ED4F0A80ED500A80ED550A80ED79
:10D990004C0A80ED3A0A80ED3B0A80ED3F0AD0ED5B
:10D9A000040AC0ED380A80EDFE0AF6EE000AC0ED6A
:10D9B0001C0AC0ED1D0AC0ED1E0A80ED1F0A80ED95
:10D9C000200A80ED210A80ED170A80ED180A80ED0B
:10D9D000450A80ED430A80ED490AF6EE000AB6EEEC
:10D9E000000AF9F765FCF9F791FC0120F9F734FC1E
:10D9F000F9F7E2FB054900200860054902200860AC
:10DA000010BD000050020020000000003000002087
:10DA100024020020084910B50A780020802A00D886
:10DA20000870064908600020F9F716FCF9F78CFC2D
:10DA3000BDE81040F9F7BBBB5002002024020020D3
:10DA400082B0CDE9000121F0004001909DED000B76
:10DA500002B051EC100B704730EE413A30EE410A03
:10DA600061EE822AB2EE004A02EE203A12EE600A1D
:10DA700062EE823A21EE844AB5EEC03AF1EE10FA37
:10DA800002DDB0EE431A01E0B0EE401AB5EEC03A46
:10DA900024EE014A02EEA24AB1EEC41AF1EE10FAE7
:10DAA00001DDB0EE430AB4EEE30AF1EE10FA04D859
:10DAB00083EE020A70EE200A11E031EE620AB6EE41
:10DAC000001AB5EEC03A20EE011AF1EE10FA02DDAE
:10DAD000B7EE000A01E0BFEE000A41EE000AF5EEE3
:10DAE000C00AF1EE10FA02DDB0EE600A01E0B1EE1C
:10DAF000600AB4EEE20AF1EE10FA04D861EEE00A30
:10DB000080EEA20A7047F5EEC00AF1EE10FA02DDCF
:10DB1000B7EE000A01E0BFEE000AB1EE400A70471E
:10DB200020EE200ABDEEC00A10EE100A7047012157
:10DB3000B4EEC10A01FA00F0F1EE10FA01DD401E68
:10DB40007047B4EEE00AF1EE10FA01D200207047FF
:10DB500031EE601A70EE600A401E00EE100AB8EE58
:10DB6000C00A20EE800AC0EE010ABDEEE00A10EE07
:10DB7000100A704710B5002821D0114B0022001F59
:10DB8000196803E0814203D80A4649680029F9D19F
:10DB900052B11368841A9C4204D100681844106082
:10DBA000104602E0506000E0186039B102680B1ABC
:10DBB000934203D10B681A4402604968416010BD6A
:10DBC0000C0300202DE9F0473E4D4FF480062DED6B
:10DBD000028BAE614FF4FA794846F6F75FFA4020BF
:10DBE000A8619FED398A40F6FC073846B0EE480A36
:10DBF000F9F718FB354C4FF47A78A078012859D002
:10DC00002079012856D06420F6F748FAAE61DFED9E
:10DC1000308A3846B0EE680AF9F704FBC820F6F7F8
:10DC20003DFA4020A8613846B0EE480AF9F7FAFA02
:10DC30002078012840D0207901283DD06420F6F7D3
:10DC40002DFAAE613846B0EE680AF9F7EBFAC82053
:10DC5000F6F724FA4020A8613846B0EE480AF9F7F2
:10DC6000E1FAE078012829D06420F6F717FAAE61CE
:10DC70003846B0EE680AF9F7D5FAC820F6F70EFA7A
:10DC80004020A8613846B0EE480AF9F7CBFA607830
:10DC9000012815D06420F6F701FAAE613846B0EEDF
:10DCA000680AF9F7BFFABDEC028B4846BDE8F047B9
:10DCB000F6F7F4B94046A7E74046C0E74046D4E748
:10DCC0004046E8E7000802409A99193F58020020B0
:10DCD0000000000070B50546006816490840B0F124
:10DCE000005F25D1FAF72CFC134C206820F08050FF
:10DCF0002060F7F77FFCF6F7B7F900212160201DBF
:10DD000001600D4810380160001D0160001D0160B8
:10DD1000206820F080502060012080F3108868681F
:10DD200006498860296881F30888BDE8704000478B
:10DD300070BD00000000FE2F40380240640000204B
:10DD400010B5FF4CFF482DED108B94ED010AD4ED7A
:10DD5000010A20EE20FA94ED010AD4ED020A60EEE9
:10DD600020BA94ED010AD4ED030A20EE20BA94ED16
:10DD7000010AD4ED040A20EE20DA94ED020AD4ED73
:10DD8000020A60EE20CA94ED020AD4ED030A20EEE6
:10DD900020CA94ED020AD4ED040A60EE20AA94EDA4
:10DDA000030AD4ED030A20EE20AA94ED030AD4ED71
:10DDB000040A60EE209A94ED040AD4ED040A20EEE1
:10DDC000209A90ED040A84ED080A90ED050A84ED8E
:10DDD000090A90ED060A84ED0A0AB0F9001000EE77
:10DDE000101AB8EEC00A84ED0B0AB0F9021000EE6A
:10DDF000101AB8EEC00A84ED0C0AB0F9041000EE57
:10DE0000101AB8EEC00A84ED0D0AB0F9061000EE43
:10DE1000101AB8EEC00A84ED0E0AB0F9081000EE30
:10DE2000101AB8EEC00A84ED0F0AB0F90A0000EE2D
:10DE3000100AB8EEC00A84ED100AF6F753FBA0648E
:10DE4000A06C616C401A00EE100AB8EE400ADFEDDB
:10DE5000BE0AA06C80EE208A606494ED0B0AD4EDBB
:10DE60000B0A94ED0C1A20EE200AD4ED0C0A00EEF9
:10DE7000810AD4ED0D0A94ED0D1A00EE810A00F02E
:10DE8000F9FAD4ED0B0A60EE800AC4ED0B0AD4ED6A
:10DE90000C0A60EE800AC4ED0C0AD4ED0D0A20EEE7
:10DEA000800A84ED0D0A9FEDA90AB6EE001A84EDF2
:10DEB0000E0A84ED0F0A84ED100A71EE4A0A94ED01
:10DEC0000E0AF0EE008A3CEE4DEA20EE280A70EED3
:10DED000C9EA7AEE8B1A31EE6C1A60EE2E0A94EDD6
:10DEE0000F0A31EE492A71EE4ADA20EE280A40EE96
:10DEF0000E0A94ED100A20EE280A40EE210A94ED55
:10DF00000E0A7CEE0D1A3AEECBCA20EE280A60EE1D
:10DF1000A00A20EE210AD4ED0F1A61EEA81A01EE34
:10DF2000820AD4ED101A39EEEB2A61EEA81A01EE3E
:10DF3000820AD4ED0E1A39EEAB2A61EEA81A40EE31
:10DF4000000A21EE8CDAD4ED0F1A10EE900A61EE81
:10DF5000A81A01EE82DAD4ED101A61EEA81A01EEC9
:10DF6000ADDAF2F7BEFB41EC100BFEF7D5F851EC41
:10DF7000100BF2F7E1FB00EE100A7FEE6C0A7BEE6D
:10DF8000A93A20EE280A2DEE281A70EECA0A63EE8E
:10DF9000A82A60EE0E1A94ED104A30EE893A60EE2F
:10DFA0002E0A41EE231A7BEE2A3A2CEE282A41EE65
:10DFB0000C0A20EE230AD4ED0D3A01EE2D0A94ED61
:10DFC0000C1A21EE031A03EEE21AD4ED0F3A63EEB7
:10DFD000803A44EE613A94ED0B4A31EE231AD4EDC7
:10DFE0000D3A63EE823AB5EEC01A44EE433A94ED30
:10DFF000103A94ED0E4A23EE203A04EE403A33EE06
:10E00000830A94ED0B3A63EE222A94ED0C3A43EE28
:10E01000422A94ED0E2A62EE211A94ED0F2A42EE66
:10E02000601A72EEA10AF1EE10FA41D0B5EEC00A04
:10E03000F1EE10FA3CD0F5EEC00AF1EE10FA37D04E
:10E04000DFED431A94ED052A61EE212A02EE882ABB
:10E0500060EE212A84ED052A94ED062A02EE882A34
:10E0600084ED062A20EEA12AD4ED071A42EE081A02
:10E07000C4ED071AD4ED081A41EE281A94ED051ADA
:10E0800031EE811A84ED081A94ED091A00EE281A6F
:10E0900094ED060A31EE000A84ED090A94ED0A0AAD
:10E0A00000EEA80AD4ED070A30EE200A84ED0A0A31
:10E0B00094ED020AD4ED080A94ED091A94ED013AA0
:10E0C00020EEC00AD4ED030A94ED022AD4ED031A1F
:10E0D00000EEC10AD4ED040A94ED0A1A00EEC10A5A
:10E0E000D4ED080A94ED0A1A00EE083A94ED010AFC
:10E0F00020EE200AD4ED030A00EE810AD4ED040AD2
:10E1000094ED091A00EEC10AD4ED090A94ED0A1A39
:10E1100000EE082A94ED010A20EE200AD4ED020A4E
:10E1200000EEC10AD4ED040A94ED081A00EE810A4B
:10E13000D4ED0A0A40EE081A94ED010A0AE0000044
:10E1400060020020903600200000FA440000000029
:10E150000AD7233C20EE200AD4ED020A94ED091AD6
:10E16000D4ED042A00EE810AD4ED030A94ED081AD6
:10E1700000EEC10A40EE082A23EE030A02EE020A6C
:10E1800001EEA10A02EEA20A00F074F963EE000AA1
:10E19000C4ED010A62EE000AC4ED020A61EE800AD3
:10E1A00022EE800AC4ED030A84ED040ABDEC108B54
:10E1B00010BD000070B53B4C2DED048BF8EE008ACD
:10E1C000B0EE008A94ED030AD4ED030A94ED041A2C
:10E1D00020EE280AF7EE009AD4ED041A20EE200A69
:10E1E000D4ED040A60EE880A00EEC10A94ED031A29
:10E1F00070EE290A94ED020A20EE080A20EE010AC8
:10E2000094ED011A21EE081A01EE210AFDF70AF930
:10E210009FED259A254D20EE090A85ED0C0A94ED17
:10E22000020AD4ED040A94ED031A20EE280A20EE27
:10E23000200AD4ED010A60EE880A00EE810AFDF79B
:10E240005BF820EE090A85ED0B0A94ED020AD4ED85
:10E25000020A94ED031A20EE280AD4ED021A20EEE9
:10E26000200AD4ED030A60EE880A00EEC10A94ED9C
:10E27000041A70EE290A94ED030A20EE080A20EE33
:10E28000010A94ED011A21EE081A01EE210AFDF7A8
:10E29000C9F8DFED070A20EE200A85ED0A0ABDEC79
:10E2A000048B70BD60020020333365C290360020BD
:10E2B0003333654210B5184C94ED0F0AD4ED030AC0
:10E2C00030EE600AD4ED0E0A20EE800A10EE100A3D
:10E2D000F2F707FA9FED111B53EC112BF2F702F93D
:10E2E000F2F72AFA00EE100A84ED0D0AB5EEC00A24
:10E2F000F1EE10FA02D29FED0B0A06E010EE100AC2
:10E30000B0F17E5F03DDB7EE000A84ED0D0ABDE8D3
:10E310001040F8F7A5BF0000903600207B14AE47F0
:10E32000E17A843F0000000010B504462DED088B13
:10E330009FED451A20EE011A81EE200A10EE100A18
:10E34000F2F7CFF941EC100BFDF742FF51EC100B47
:10E35000F2F7F2F908EE100A28EE089A19EE100A00
:10E36000F2F7BFF99FED390A41EC1A0B28EE00BA1B
:10E370001BEE100AF2F7B5F99FED358B53EC182B15
:10E38000F2F709F853EC1A2BF2F705F841EC100BF1
:10E3900051EC180B53EC102BF2F716F9F2F7CCF9FD
:10E3A00009EE900AF0EE000A19EE900A29EE290A09
:10E3B00060EE200A84EC020A84ED020AF2F791F979
:10E3C00041EC1A0B19EE100AF2F78BF953EC182BEB
:10E3D000F2F782F89FED201B53EC112BF2F782F835
:10E3E00053EC1A2BF2F77EF8F2F7A6F9E06019EE7B
:10E3F000900AF2F776F941EC1A0B19EE100AF2F7CF
:10E4000070F941EC190B1BEE100AF2F76AF953ECA4
:10E41000182BF2F764F853EC192BF1F7BCFF53EC0F
:10E420001A2BF2F75FF8F2F787F99FED0D0A2061DA
:10E4300084ED060A84ED050A84ED080A84ED070AD6
:10E44000BDEC088B10BD0000DB0F4940F304B53F65
:10E45000000000000000F03F00000000000000404D
:10E460000000000000EE900AF8EEE00A20EE800ABC
:10E470007047000010EE100AF6EE000A074960EE41
:10E48000200AA1EB600000EE100A20EE801AF7EEE1
:10E49000080A41EE400A20EE800A7047DF59375FD4
:10E4A00070B50C462DED028BB0EE408A90ED000A5F
:10E4B000054660EE000A91ED000A40EE000AB0EE5B
:10E4C000600AFDF766FEB4EEC80AF1EE10FA0FDD41
:10E4D000D5ED000A60EE880A80EE801A85ED001AFC
:10E4E000D4ED000A60EE880A80EE801A84ED001AEE
:10E4F000BDEC028B70BD000090ED000AB5EEC00AC5
:10E50000F1EE10FA02DDF0EE400A01E0F1EE400A11
:10E5100010EE901A0F4A914214DBB5EEC00ADFEDFF
:10E520000E0A60EE200AF1EE10FA02DDB7EE000AE4
:10E5300001E0BFEE000A9FED091A40EE010AC0EDAE
:10E54000000A7047F0EE040A20EE200A80ED000A6F
:10E55000704700000AD7233C7F6A7C3F4260653CDD
:10E560002DED048B8EB0142108A8F1F709FF0127C7
:10E570000025CDE90875052108A8F7F773F808B15B
:10E58000F3F7DCFC002080F31088F6F745FAFAF781
:10E5900015FDFE48016841F0010101600068FC4C76
:10E5A00000F001004FF0805600904FF48058A661B3
:10E5B000182102A8F1F7E4FE0120CDF80880CDE98A
:10E5C0000305059502A920460695F9F785F9A66188
:10E5D0006420F5F763FDC4F81880F2F7EBFBED4C0F
:10E5E00008B10120A070F9F785FDF9F7F5FDF9F7FD
:10E5F00019FEF9F73BFEF9F7F7FBF9F767FCF9F7B6
:10E6000029FDF9F7BBFCF9F7E7FFF9F7C7FDF9F7C3
:10E61000F7FEF9F7A9FEF9F73FFDF9F745FFF9F71E
:10E6200065FFF3EE041ABAEE041AF2EE080ADFED03
:10E63000DA8ADA48B0EE680AFAF70AF8F8F7B7FDAE
:10E640000421D748F8F70CF90020F8F705FEF8F791
:10E6500019FEF8F727FE6420F5F720FDF8F750FEC5
:10E66000FFF78EF8A07808B1F3F768FCCD48AA460A
:10E670000568001D0668001D0768FAF71FFACA48FA
:10E6800000EB9500400000EB9600C84E400000EB08
:10E6900097003169884204D001202071C448882144
:10E6A0000170D6F83803072802D30120C6F83803D2
:10E6B000DFF80083C04D96F8381388F804146868B2
:10E6C000FCF7FEFD9FEDBD8A08B185ED018AA868C3
:10E6D000FCF7F6FD08B185ED028AB948006A411CD5
:10E6E00000D008B902F0E8F8B04EDFF8D892B24D89
:10E6F000F06800EB80008100C9F81C10D5ED200AFD
:10E70000B1484FF4803180EEA80A80ED000AB0EEE7
:10E71000480AAE48D6F8AC23F3F7F6FAA548F3F763
:10E720007BFDAB48F3F748FAAA48A0495746C0F822
:10E7300000A0307888F8A000A44895ED020A46466B
:10E7400080ED040A95ED010A4FF4807280ED020A13
:10E750001431E430F1F7FBFDD5ED210AB7EE000AE4
:10E760009B4880EE201A643080ED041AD5ED1F0A14
:10E7700080EE201A80ED051A9748F4F7A7FDDFF820
:10E780005CA29FED979B984DDFF860824FF0824B23
:10E79000DAF8081241F48001CAF808124FF6FF7146
:10E7A0008D48F4F716FA01218B48F4F7F5F9F1F7E3
:10E7B0008BFF53EC192BF1F795FEF1F7BDFFF060DD
:10E7C00058451EDA8A48007858B178484FF0FF3132
:10E7D000C0F82413FAF790F94FF00060FFF77AFAC7
:10E7E000FEE7287810B12F7001F034FC98F8001083
:10E7F00019B188F80070FAF77FF90A20F5F74EFC96
:10E80000C6E77C48F4F762FDB6EE001AF6EE000AA1
:10E81000B6EE000AF8F74CFDF8F778FD0120F8F79E
:10E820001BFD644800F016FA2078A178227908448C
:10E83000E178114408446178C84202D1FEF772FFC2
:10E8400001E0FFF7BFF95B4890F80404052869D0A0
:10E8500056484168684800F003FB6748F5F7D5F96A
:10E8600002216548F4F7B0FD6448C16A00EE101A51
:10E87000F8EE400A9FED621A9FED620A00EE810AEF
:10E88000BCEEC00A10EE101A0164FFF745F8002034
:10E89000F8F7E2FCF8F758FDB6EE001AF6EE000ABB
:10E8A000B6EE000AF8F704FD4248FFF7B3F80C2172
:10E8B0005548F8F73DF855480770DFF854B1DFF8D0
:10E8C0005481DFF854A10120F5F7E8FB464C20788D
:10E8D00038B1C8F800703748FFF79CF8277001F08E
:10E8E000B9FB424C2078A8B1C8F800703148FFF756
:10E8F00091F80C214448F8F7DBF83F48F5F7B0F9F8
:10E90000FAF7FAF80C214048F8F712F83A48F5F708
:10E910007CF927703D4C2078B0B3D8F8000045460C
:10E9200010B195E0642195E7012001F06FFBB6EE90
:10E93000001AF6EE000AB6EE000AF8F7B9FCF8F78E
:10E94000E5FCF8F739FC3220F5F7A8FBF8F740FCB6
:10E950000C212D48F8F7ACF82748F5F781F9134E4C
:10E96000B0EE480A4FF480311848D6F8AC23F3F7DC
:10E97000CBF910491548F2F7BFFF0E491348F2F7DB
:10E98000B9FB0090307849E062E000003038024086
:10E99000000002405802002000409C4644370020FE
:10E9A00010050020107AFF1F15040908FC0D002037
:10E9B00050020020E4160020FC0C002000000000A3
:10E9C000000001080000002088000020FC11002049
:10E9D000801A002054020020A803002000200140DB
:10E9E0009FBA6882F136A03F4C0000204D00002005
:10E9F0005300002060030020F003002000000140CD
:10EA00006666663F00004843C80400204E000020B0
:10EA1000600000202402002000080240654981F8BF
:10EA2000A00065480C2190ED010A644880ED020ABF
:10EA30006348F7F77DFF6348F5F7E7F827702F6025
:10EA40005C48FEF7E7FFF8F7B2FB009801F0DEFA4A
:10EA50005D48007848B1D8F80000444628B92068DD
:10EA600058B12068072800D02068584D287848B34E
:10EA7000D8F80000444660B129E089ED0D8A89ED9F
:10EA8000098A4C48C9F82070FEF76CFF0720206007
:10EA9000EBE72068B0B94FF4FA66304600F0A4F80E
:10EAA000CBF80000304600F09FF849490860414823
:10EAB000C9F82070FEF756FF2878012803D028787F
:10EAC000022802D003E0092000E00A20206099F823
:10EAD000040040B300243E48006850F82400F1F7D9
:10EAE00000FE0546DBF800000E4650F82400F1F762
:10EAF000F8FD41EC110BCDE9005653EC112B35A07C
:10EB000000F02AFB1420F5F7C9FA641CB4F5FA7F6B
:10EB1000E1DBDBF80000FFF72DF82D480068FFF778
:10EB200029F889F80470D9F814004B46401CC9F83C
:10EB3000140099F8031071B31A783AB1597981B178
:10EB4000196988427FF7BFAE5F7121E025494A68A5
:10EB50000A2192FBF1F401FB142119700121597172
:10EB6000EEE79968884203DA4FF04004CAF818408B
:10EB700007DDDC680C44844203DD4FF48004CAF8EE
:10EB80001840DC6821448142BFF69DAE521E1A70C7
:10EB9000C9F8147097E6FFE7D8F80010404631B185
:10EBA00000680228F6D14020CAF818008BE64FF41E
:10EBB0008000F9E7E4160020FC0C0020FC11002086
:10EBC000C8040020F003002054000020550000205D
:10EBD0005C000020492C252E35662C252E35662C10
:10EBE00051000000FC0D0020F0B50B30154D20F059
:10EBF00007010024144A0FE003688B420BD38B42B9
:10EC000005D95E1A43184768C3E9006700E0436806
:10EC1000136002C004E0021D10680028ECD12046F9
:10EC2000002802D1286808B10020F0BD064A074834
:10EC30001060074A121A22F00702C0E900240120DE
:10EC40002860D7E7100300200C0300207C37002049
:10EC5000785700202DE9F0474FF0000888B0814632
:10EC600047464646662420222A496846F1F76FFB4C
:10EC7000B6EE001AF6EE000AB6EE000AF8F718FB38
:10EC800000254FF6FF7A2448F3F7ECFF0120F5F753
:10EC900005FA51462048F3F79CFF01211E48F3F77F
:10ECA0007BFF804401211D48F3F776FF6D1C07446C
:10ECB000A542E8DB0C20009069461748F3F74CFEAC
:10ECC00000250FE01448F3F7CDFF0120F5F7E6F932
:10ECD00051461148F3F77DFF01210F48F3F75CFF20
:10ECE00006446D1CA542EDDB0A20009069460A48E7
:10ECF000F3F732FE98FBF4F1C9F8B41097FBF4F186
:10ED0000C9F8B81096FBF4F1C9F8BC1008B0BDE81A
:10ED1000F0870000540A0308180300206003002055
:10ED20001FB507A0D0E90010CDE90010F8F7B2FA3E
:10ED3000022202A96846F8F767FAF8F7A3FA1FBD9E
:10ED4000D90100000000000070B5374C4020A061E0
:10ED50000E2236493B2000F073F84FF48000A0618A
:10ED600032499FED341A088842BA01F10E00028040
:10ED70004A8852BA42808A8852BA8280CA8852BA75
:10ED800014B284810A89438B52BA00EE104AD21A17
:10ED900013B2C381F8EEC00A4A89858B52BA521B5E
:10EDA00080EE810A12B202828989C58B49BA491B59
:10EDB00009B21F4D41824E38EE6C4665B5F8505091
:10EDC000A0F85850D0F84E500560F3EE050AD0F880
:10EDD0005250456030EE200AD0F85650856080EDE4
:10EDE000030A00EE103AF8EEC00A9FED130A80EE17
:10EDF000801ADFED120AC1EE201A01EE102AC0EDD2
:10EE0000041AF8EEC11A81EE801AC1EE201A01EE42
:10EE1000101AC0ED051AF8EEC11A81EE801A81EEC3
:10EE2000200A80ED060A70BD00080240D03600209E
:10EE3000600200205CEFA6436F12834133336542CA
:10EE40000EB54FF6FF738DE80E0002460123D12167
:10EE50000248F5F711FC00200EBD0000A0050020BF
:10EE600000B549050A0C8BB0A1F180410092002247
:10EE7000090CCDE901211B21CDE9042101210392D7
:10EE8000CDE90812079106916946F4F71DFB0BB016
:10EE900000BD00002DE9F04105460C4691EDE71A52
:10EEA000D1EDE80A91ED040A1020FEF740FE064677
:10EEB00094EDE91AD4EDEA0A94ED060A0C20FEF767
:10EEC00036FE0746144894ED150A94EDEB1AD0ED82
:10EED000210A0C2020EE200AD4EDEC0AFEF727FED2
:10EEE0000E4909680E4909792970310A6970AE70B6
:10EEF0003909E970390101EB20212971687109484C
:10EF00000078A87194ED5C0ABCEEC00A10EE100AFD
:10EF1000E871BDE8F0810000FC0C00202402002014
:10EF2000FC0D002050020020F0EE400A21B390EDCD
:10EF3000010AD0ED051A90ED001A90ED062A20EE98
:10EF4000210AD0ED082A01EE200A90ED021A01EE06
:10EF5000020A90ED032A90ED071A02EE410A90EDA5
:10EF6000042AC0ED061AC0ED050A80ED081A02EE6B
:10EF7000620A80ED070A7047B0EE600A7047000031
:10EF800070B590ED150A00F580630021D3ED0E0AEF
:10EF9000B0EEC00A4A4CB4EEE00A0D46F1EE10FAAB
:10EFA0000EDB90ED060AD3ED0F0AB0EEC00AB4EE08
:10EFB000E00AF1EE10FA03D82268521C226000E049
:10EFC0002560404AD2F88422D60613D590ED030A74
:10EFD000D3ED0A0AB4EEE00AF1EE10FA01D20221F2
:10EFE0006BE0D3ED0B0AB4EEE00AF1EE10FA01DDAE
:10EFF000012162E0560722D590ED000AF0EEC00A2A
:10F0000093ED0C0AF4EEC00AF1EE10FA01DD0621D0
:10F0100053E0D0ED010AF0EEE00AF4EEC00AF1EEA2
:10F0200010FA01DD072148E0D0ED020AF0EEE00A17
:10F03000F4EEC00AF1EE10FA01DD08213DE01607FA
:10F040000AD590ED5C0AD3ED0D0AB4EEE00AF1EEBC
:10F0500010FA01DD092130E0D30711D090ED040A48
:10F06000D0EDE70AB4EEE00AF1EE10FA06DCD0EDDE
:10F07000E80AB4EEE00AF1EE10FA01D20D211CE02C
:10F08000930711D590ED060AD0EDE90AB4EEE00A37
:10F09000F1EE10FA06DCD0EDEA0AB4EEE00AF1EE89
:10F0A00010FA01D20E2108E0920606D5D0F84004ED
:10F0B0002268904201D20F212560084670BD0000F1
:10F0C00054020020FC0D002000B585B00020039004
:10F0D000049005208DF80C0001214FF6FF7203A863
:10F0E0008DE807000B461122C2210248F5F7C0FB4C
:10F0F00005B000BDA005002000B585B0002003903C
:10F10000049003208DF80C0001214FF6FF7203A834
:10F110008DE807000B461122C2210248F5F7A8FB33
:10F1200005B000BDA005002000B585B0002003900B
:10F13000049002208DF80C0001214FF6FF7203A805
:10F140008DE807000B461122C2210248F5F790FB1B
:10F1500005B000BDA00500200FB440F2014110B57C
:10F1600003AB0548029AFCF75DF801460248F1F747
:10F170002DFF10BC5DF814FBFC0700202DE9F05FAB
:10F180000C46027890F801C08179672A46D1C2798D
:10F19000762A43D1FA4FDFF8ECA3FB4A4FF0000B7D
:10F1A0004FF0010907F5806607F56775B7EE000AAD
:10F1B000DFEDF60AF64BBCF1400F03F1800E2DD2C5
:10F1C000DFE80CF02925EF2E2049EE2C2C2CEDEC5D
:10F1D000EBEAE9E8E7E6E5E4E3E2E1E0DFDEDDDCF7
:10F1E000DBDAD9D8D7D6D5D4D3D2D1D0CFCECDCCE7
:10F1F000CBCAC9C8C7C6C5C4C3C2C1C0BFBEBDBCD7
:10F20000BBBAB9B8002C09D14846E24921E0002C2C
:10F2100004D1E14900E0E14981F80090BDE8F09FA8
:10F2200082787AB1012A10D0022AF7D1002CF5D1C8
:10F23000DB4A1170DB49B0F803200A80DA494079D3
:10F240000880EBE74846D94903E0002CE6D1D849CD
:10F2500048460870E2E7012CE0D08178D54ED64BC5
:10F26000FF294DD0D54CD64DFE294DD0F1B3012903
:10F270004ED01A294DD01B29D0D183F80090C178E7
:10F28000012947D0022946D0032945D0042944D07A
:10F29000052943D0062942D0072941D0082940D06A
:10F2A00009293FD00A293ED00B293DD00C293CD05A
:10F2B0000D293BD00E293AD00F2939D0102938D04A
:10F2C00011296FD012296ED013296DD014296CD05A
:10F2D00015296BD016296AD0172969D0182968D04A
:10F2E000192967D01A2970D01B2900E063E095D155
:10F2F00090F90400C2F88002BDE8F05FF9F7FCBBAA
:10F3000086F800B0484659E084F800B048465AE014
:10F3100056E05BE014E117E11AE11DE120E123E191
:10F3200026E129E14EE151E154E158E15CE160E17F
:10F3300064E168E1F9E3F9E3F9E3F9E3F9E3F9E317
:10F34000F9E3F9E3F9E3F9E3F9E3F9E3F9E3F9E3DD
:10F35000F9E3F9E3F9E3F9E380E36AE3A1E3F6E330
:10F36000F6E3D1E3BFE3ADE351E33EE32CE31AE37D
:10F3700008E3F6E2E4E2D2E2C0E2AEE29CE28AE234
:10F3800078E266E250E23BE21FE20CE2F9E1E6E1FC
:10F39000D3E1C0E1ADE19AE187E175E1EAE36CE137
:10F3A000FEE367E134E138E13CE140E144E148E17A
:10F3B0004CE150E154E186F80090584618702DE772
:10F3C00084F800905846287028E74EE183F80090B2
:10F3D000C178012938D002293AD003293CD0042928
:10F3E0003ED0052940D0062942D0072944D008291B
:10F3F00046D0092948D00A294AD00B294CD00C29DB
:10F400004FD00D2952D00E2955D00F2958D0102990
:10F410005BD011295ED0122961D0132964D0142940
:10F4200067D015296AD016296DD0172974D01829EC
:10F4300077D019297AD01A297DD01B29BFD190F90C
:10F440000400C2F8A40357E70079C2F83C03E5E6DC
:10F450000079C2F84003E1E60079C2F84403DDE632
:10F460000079C2F84803D9E60079C2F84C03D5E622
:10F470000079C2F85003D1E60079C2F85403CDE612
:10F480000079C2F85803C9E60079C2F85C03C5E602
:10F490000079C2F86003C1E690F90400C2F8640381
:10F4A000BCE690F90400C2F86803B7E690F90400DE
:10F4B000C2F86C03B2E690F90400C2F87003ADE63E
:10F4C00090F90400C2F87403A8E690F90400C2F8A9
:10F4D0007803A3E690F90400C2F87C039EE690F955
:10F4E0000400C2F8800399E690F90400C2F884038E
:10F4F00094E690F90400C2F888038FE690F90400BE
:10F50000C2F88C038AE690F90400C2F8900385E6FD
:10F5100002E006E00AE00EE090F90400C2F894036D
:10F520007CE690F90400C2F8980377E690F90400AD
:10F53000C2F89C0372E690F90400C2F8A0036DE6DD
:10F540000079C2F8180269E60079C2F81C0265E683
:10F550000079C2F8200261E60079C2F824025DE673
:10F560000079C2F8280259E60079C2F82C0255E663
:10F570000079C2F8300251E60079C2F834024DE653
:10F58000E4160020FC110020FC0D002000409C46E9
:10F59000FC0C0020530000204C0000204D000020F7
:10F5A0005500002056000020580000204E0000208A
:10F5B000540000204F000020510000205000002087
:10F5C000520000200079C2F8380227E60079C2F81C
:10F5D0003C0223E690F90400C2F840021EE690F9CE
:10F5E0000400C2F8440219E690F90400C2F8480287
:10F5F00014E690F90400C2F84C020FE690F90400FA
:10F60000C2F850020AE690F90400C2F8540205E676
:10F6100090F90400C2F8580200E690F90400C2F81C
:10F620005C02FBE590F90400C2F86002F6E590F98F
:10F630000400C2F86402F1E590F90400C2F868021F
:10F64000ECE590F90400C2F86C02E7E590F90400DB
:10F65000C2F87002E2E590F90400C2F87402DDE538
:10F6600090F90400C2F87802D8E590F90400C2F8D5
:10F670007C02D3E501F020F9C9E5012CA5D10429CC
:10F68000A3D1FE490A200BE2FD4A012C01D1042935
:10F6900008D0D0F80200186493ED100A012C87ED11
:10F6A000320A92D111460C20FAE1F54A121D012CC2
:10F6B00001D1042908D0D0F80200586493ED110A52
:10F6C000012C87ED340A84D111460D20E8E1EC4A83
:10F6D0000832012C01D1042908D0D0F80200986426
:10F6E00093ED120A012C87ED330A86D111460E20C4
:10F6F000D6E1E34A0C32012C01D1042908D0D0F81C
:10F700000200D86493ED130A012C87ED350A88D1E5
:10F7100011460F20C4E1DA4A1032012C01D104292C
:10F7200008D0D0F80200186593ED140A012C87ED7B
:10F73000370A85D111461020B2E1D14A1432012C8A
:10F7400001D1042908D0D0F80200586593ED150ABC
:10F75000012C87ED560A87D111461120A0E1C84A35
:10F760001832012C01D1042908D0D0F80200986584
:10F7700093ED160A012C87ED400A92D11146122012
:10F780008EE1BF4A1C32012C01D1042908D0D0F8E7
:10F790000200D86593ED170A012C87ED360A92D145
:10F7A000114613207CE1B64A2032012C01D10429F4
:10F7B00008D0D0F80200186693ED180A012C87EDE6
:10F7C000510A92D111461420F5E3AD4A2832012C9A
:10F7D00001D1042911D0D0F80200986693ED1A0ADD
:10F7E000B5EEC00AF1EE10FA03D2B1EE400A83ED95
:10F7F0001A0A86ED030A012C89D111461520DAE395
:10F80000012C01D104290CD0D0F80200586093EDEE
:10F81000010A19468AED020A012C8AD11620091D17
:10F82000C9E3191D1620C6E3954A383A012C01D1C7
:10F8300004290BD0D0F80200986093ED020A914899
:10F840008AED040A012C80ED040A84D111461720A8
:10F85000B1E38B4E2C3E012C01D1042907D0D0F806
:10F86000020058612846F2F7A7F9012C85D13146EC
:10F870001820A0E3824E283E012C01D1042907D094
:10F88000D0F8020098612846F2F796F9012C86D14B
:10F89000314619208FE37A4E203E012C01D10429F4
:10F8A00007D0D0F8020018622846F2F785F9012C3B
:10F8B00087D131461A207EE3714E1C3E012C01D1C6
:10F8C000042907D0D0F8020058622846F2F774F9EC
:10F8D000012C91D131461B206DE3694E183E012C5D
:10F8E00001D1042907D0D0F8020098622846F2F727
:10F8F00063F9012C91D131461C205CE3604E143E2B
:10F90000012C01D1042907D0D0F80200D862284682
:10F91000F2F752F9012C98D131461D204BE3584E95
:10F92000103E012C01D1042907D0D0F80200186341
:10F930002846F2F741F9012C87D131461E203AE3DF
:10F940004F4E0C3E012C01D1042907D0D0F8020003
:10F9500058632846F2F730F9012C87D131461F2031
:10F9600029E3474E3036012C01D1042907D0D0F8C5
:10F97000020018672846F2F71FF9012C87D131469B
:10F98000202018E33E4E3436012C01D1042907D043
:10F99000D0F8020058672846F2F70EF9012C87D1FB
:10F9A0003146212007E3364E083E012C01D10429BF
:10F9B00007D0D0F8020098632846F2F7FDF8012C32
:10F9C00087D131462220F6E22D4E361F012C01D17F
:10F9D000042907D0D0F80200D8632846F2F7ECF8E3
:10F9E000012C87D131462320E5E2012C01D10429E5
:10F9F0000BD0D0F80210154651602348FFF730FABB
:10FA0000012C88D1291D2420D5E2111DFBE71F4BB5
:10FA1000012C01D1042909D0D0F80200D06000EBFC
:10FA200080001B498000012C086085D119462520E3
:10FA3000C1E2184A012C01D104290CD01349D0F895
:10FA400002000C39012CC1F8AC030E49CAF8DC00E5
:10FA5000C1F8DC0092D111462C20ACE2084A3C32BD
:10FA6000012C01D1042919D0D0F80200D867D3EDB8
:10FA70001F0A80EE201A86ED051A0DE040000020D6
:10FA80003C0D002008140020F0030020080E002088
:10FA90001C000020A8110020012C91D111462D201E
:10FAA00089E2FE4A012C01D1042908D0D0F80200D5
:10FAB000D86693ED1B0A012C87ED190A91D11146E6
:10FAC0002B2078E2F54A3032012C01D1042907D0ED
:10FAD000F249D0F802006C39012CC1F89C0090D199
:10FAE0001146262067E2ED4A3432012C01D1042967
:10FAF00007D0EA49D0F802006C39012CC1F8A00007
:10FB000093D11146272056E2E44A2832012C01D134
:10FB1000042907D0E149D0F802006C39012CC1F862
:10FB2000940097D11146282045E224E205E2E9E15C
:10FB3000CDE1A1E184E173E162E146E130E11AE166
:10FB400004E1EEE0D8E0C2E02FE262E04AE02AE021
:10FB5000FFE7D24A2C32012C01D1042907D0CF492A
:10FB6000D0F802006C39012CC1F8980095D11146EB
:10FB7000292020E2CA4B012C01D104290ED0C94909
:10FB8000D0F80200C1F83803072801D3C2F838932F
:10FB900092F8380387F80404012C8FD1194600E04D
:10FBA00047E00B2007E2012C01D1042917D0BB4903
:10FBB000D0F802006C39C1F8800093ED200AB5EE50
:10FBC000C00AF1EE10FA03D2B1EE400A83ED200A2A
:10FBD00080EE201AB448012C80ED001A90D17146B5
:10FBE0002A20E8E1AD4A1832012C01D104290DD0B8
:10FBF000AA49D0F802006C39012CC1F88400D3ED79
:10FC0000210A80EE201A86ED041A8AD111462E2090
:10FC1000D1E1A34A7832012C01D1042906D0A149AF
:10FC2000D0F80200012CC1F8B0039FD111462F205B
:10FC3000C1E18078FE280DD0FF2897D197ED040A06
:10FC4000DAED040A30EE200A83ED020A8AED040A96
:10FC5000FFF7E1BA954C206800283FF404AC0C2172
:10FC60009348F6F725FF9348F3F7FAFF924D4020AB
:10FC7000C4F800B05E46A8616420F4F70FFAF8F704
:10FC8000BDFE6420F4F70AFAF7F714FFC820F4F772
:10FC900005FAFFF731FA1420F4F700FAFFF714FA27
:10FCA0001420F4F7FBF9854806708548FDF7C2FC7F
:10FCB0004FF48000A861FDF763FD0C217C48F6F746
:10FCC00037FE7C48F3F7A1FFC4F8009006E4734ABE
:10FCD0001C32012C01D104290BD07049D0F802004C
:10FCE0006C39012CC1F8880093ED220A86ED0B0ACD
:10FCF000ECD1114631205EE1684A2032012C01D15D
:10FD000004290BD06549D0F802006C39012CC1F8E8
:10FD10008C0093ED230A86ED0A0AD7D111463220D2
:10FD200049E15E4A2432012C01D104290BD05B4900
:10FD3000D0F802006C39012CC1F8900093ED240A30
:10FD400086ED0C0AC2D11146332034E1534A3C32CD
:10FD5000012C01D104290BD05049D0F802006C3994
:10FD6000012CC1F8A80093ED2A0A86ED0D0AADD149
:10FD7000114634201FE1494A4032012C01D10429A7
:10FD80000BD04649D0F802006C39012CC1F8AC0008
:10FD900093ED2B0A86ED0E0A98D1114635200AE123
:10FDA0003E4A4432012C01D104290BD03B49D0F802
:10FDB00002006C39012CC1F8B00093ED2C0A86EDDD
:10FDC0000F0A95D111463620F5E0344A4832012C0D
:10FDD00001D1042911D03149D0F802006C39012C2D
:10FDE000C1F8B40093ED2D0A20EE200ABCEEC00A43
:10FDF00010EE100AC7F840048FD111463720DAE020
:10FE0000274AB43A012C01D1042906D02549D0F85B
:10FE10000200012CC1F8840294D111463820CAE0B6
:10FE20001F4AB03A012C01D1042906D01D49D0F84F
:10FE30000200012CC1F8880284D111463920BAE0B1
:10FE4000174BAC3B012C01D1042912D01549D0F835
:10FE50000200C1F88C024FF4FA71884200DD0846B6
:10FE6000C2F88C02002800DA0020C2F88C02012CB3
:10FE700092D119463A209EE0094BA83B012C01D1B2
:10FE8000042921D00749D0F80200C1F890020028C7
:10FE900000DA0020C2F89002012C13E0680D002067
:10FEA00034110020FC0D002088000020DC0200201E
:10FEB000C8040020F0030020000802405002002087
:10FEC000FC1100207FF47DAF19463B2073E03C4BD2
:10FED000012C01D1042912D03A49D0F80200C1F80E
:10FEE00094024FF4FA71884200DD0846C2F8940289
:10FEF000002800DA0020C2F89402012C8CD11946A7
:10FF00003C2058E02E4B1B1D012C01D1042911D09F
:10FF10002C49D0F80200C1F89802002800DA00202D
:10FF200000EE100AC2F89802012CB8EEC00A86ED65
:10FF3000110A9DD119463D203DE0214D0835012C87
:10FF400001D1042914D01F49D0F80200C1F89C0245
:10FF5000002800DA002000EE100AC2F89C021A48BD
:10FF6000B8EEC00A8AED790AFEF7DEF9012CA9D1B4
:10FF700029463E201FE0124B0C33012C01D10429ED
:10FF800010D01049D0F80200C1F8A002182800DDF6
:10FF90001820C2F8A002002800DA0020C2F8A0024F
:10FFA000012C8FD119463F2005E0012C8AD104296C
:10FFB00088D106493020BDE8F05F00F009B80000A4
:10FFC00090100020FC0D0020E4130020A41100205C
:10FFD0001CB500230B4A0093019352688DF8002052
:10FFE0008DF801000868CDF802008DF80630FF207A
:10FFF0008DF807006946044802F5C062FDF700FB72
:020000040803EF
:100000001CBD0000FC0D0020F00300201CB50021E9
:100010000E4A0091019152688DF8002003238DF85B
:1000200001308DF802008DF804108DF805108DF860
:100030000610FF208DF803108DF80700694604486C
:1000400002F5C062FDF7DCFA1CBD0000FC0D0020CB
:10005000F003002010B5FE490C20F8F721FD08211F
:10006000FC48F0F7B3FF0F20F4F718F8F8490D201B
:10007000091DF8F715FD0821F648F0F7A7FF0F2036
:10008000F4F70CF8F2490E200831F8F709FD0821C1
:10009000F048F0F79BFF0F20F4F700F8EC490F2031
:1000A0000C31F8F7FDFC0821EA48F0F78FFF0F202C
:1000B000F3F7F4FFE6492B202C31F8F7F1FC082187
:1000C000E448F0F783FF0F20F3F7E8FFE049102042
:1000D0001031F8F7E5FC0821DE48F0F777FF0F2034
:1000E000F3F7DCFFDA4911201431F8F7D9FC0821C5
:1000F000D848F0F76BFF0F20F3F7D0FFD449122058
:100100001831F8F7CDFC0821D248F0F75FFF0F2037
:10011000F3F7C4FFCE4913201C31F8F7C1FC0821C6
:10012000CC48F0F753FF0F20F3F7B8FFC84914206D
:100130002031F8F7B5FC0821C648F0F747FF0F203B
:10014000F3F7ACFFC24915202831F8F7A9FC0821C4
:10015000C048F0F73BFF0F20F3F7A0FFBC49162083
:100160003C39F8F79DFC0821BA48F0F72FFF0F2023
:10017000F3F794FFB64917203839F8F791FC0821B6
:10018000B448F0F723FF0F20F3F788FFB049182099
:100190002C39F8F785FC0821AE48F0F717FF0F203F
:1001A000F3F77CFFAA4919202839F8F779FC0821D0
:1001B000A848F0F70BFF0F20F3F770FFA4491A20AF
:1001C0002039F8F76DFC0821A248F0F7FFFE0F2058
:1001D000F3F764FF9E491B201C39F8F761FC0821E6
:1001E0009C48F0F7F3FE0F20F3F758FF98491C20C6
:1001F0001839F8F755FC08219648F0F7E7FE0F206C
:10020000F3F74CFF92491D201439F8F749FC0821F7
:100210009048F0F7DBFE0F20F3F740FF8C491E20DB
:100220001039F8F73DFC08218A48F0F7CFFE0F207F
:10023000F3F734FF86491F200C39F8F731FC082109
:100240008448F0F7C3FE0F20F3F728FF80492020F1
:100250003031F8F725FC08217E48F0F7B7FE0F2073
:10026000F3F71CFF7A4921203431F8F719FC0821F3
:100270007848F0F7ABFE0F20F3F710FF7449222007
:100280000839F8F70DFC08217248F0F79FFE0F209F
:10029000F3F704FF6E492320091FF8F701FC08213A
:1002A0006C48F0F793FE0F20F3F7F8FE6A4924201C
:1002B000F8F7F6FB08216748F0F788FE0F20F3F700
:1002C000EDFE654925200831F8F7EAFB0821614871
:1002D000F0F77CFE0F20F3F7E1FE60490A20F8F703
:1002E000DFFB08215B48F0F771FE0F20F3F7D6FE25
:1002F0005B492C20F8F7D4FB08215648F0F766FE3E
:100300000F20F3F7CBFE52492D203C31F8F7C8FB04
:1003100008215048F0F75AFE0F20F3F7BFFE4C4972
:100320002A204031F8F7BCFB08214A48F0F74EFE7E
:100330000F20F3F7B3FE46492E204431F8F7B0FB07
:1003400008214448F0F742FE0F20F3F7A7FE444986
:100350002F20091DF8F7A4FB08213E48F0F736FED0
:100360000F20F3F79BFE3E493020091FF8F798FB5A
:1003700008213848F0F72AFE0F20F3F78FFE38499E
:100380000B207439F8F78CFB08213248F0F71EFE79
:100390000F20F3F783FE2E4926205C31F8F780FB0F
:1003A00008212C48F0F712FE0F20F3F777FE2849BA
:1003B00027206031F8F774FB08212648F0F706FE85
:1003C0000F20F3F76BFE224928205431F8F768FB21
:1003D00008212048F0F7FAFD0F20F3F75FFE1C49D3
:1003E00029205831F8F75CFB08211A48F0F7EEFD98
:1003F0000F20F3F753FE164931204831F8F750FB30
:1004000008211448F0F7E2FD0F20F3F747FE1049EA
:1004100032204C31F8F744FB08210E48F0F7D6FDA6
:100420000F20F3F73BFE0A4933205031F8F738FB31
:1004300008210848F0F7CAFD0F20F3F72FFE044902
:1004400034206831F8F72CFB082102480AE000004C
:100450003C0D0020E0020020000E002040000020A3
:10046000A8110020F0F7B2FD0F20F3F717FE424964
:100470003520F8F715FB08214048F0F7A7FD0F20BD
:10048000F3F70CFE3C493620091DF8F709FB08215B
:100490003A48F0F79BFD0F20F3F700FE364937206E
:1004A0000831F8F7FDFA08213448F0F78FFD0F20E6
:1004B000F3F7F4FD32493820F8F7F2FA08212F4813
:1004C000F0F784FD0F20F3F7E9FD2D493920091DD0
:1004D000F8F7E6FA08212948F0F778FD0F20F3F73E
:1004E000DDFD27493A200831F8F7DAFA08212348D8
:1004F000F0F76CFD0F20F3F7D1FD21493B200C31C3
:10050000F8F7CEFA08211D48F0F760FD0F20F3F749
:10051000C5FD1B493C201031F8F7C2FA08211748E5
:10052000F0F754FD0F20F3F7B9FD15493D201431C4
:10053000F8F7B6FA08211148F0F748FD0F20F3F755
:10054000ADFD0F493E201831F8F7AAFA08210B48F3
:10055000F0F73CFD0F20F3F7A1FD09493F201C31C6
:10056000F8F79EFA08210548F0F730FDBDE8104085
:100570000F20F3F793BD0000A80D0020E00200203B
:100580008010002010B560EEC00A9FED070AFBF74F
:10059000C9F9F7EE000AF0EE001A30EE201A81EEEB
:1005A000810A30EE600A10BD54F82D4010B500EEFF
:1005B000100A2DED028BB1EEC08A18EE100A20F061
:1005C0000040C0F1FF40C00F0AD010EE100A20F02A
:1005D0000040C0F1FF40C00F04BF0120FCF786FBC4
:1005E00018EE100ABDEC028B10BD01EE100A70EE81
:1005F000C00A0120B8EEC11A8840401E21EE201A20
:1006000000EE900AF8EEE01AC1EE210A30EE800A00
:10061000704700002DE9F0470C4691F804149FED57
:10062000A40A07297ED2DFE801F0AD4904C89ABBCD
:10063000FD000188D4EDE70A4ABA817894EDE80A12
:100640000B01C17843EA1118037901F00F0143EA65
:10065000012641790B018179C07943EA111501F036
:100660000F0140EA012710211046FFF7BEFF84ED7D
:10067000380AD4EDE90A94EDEA0A0C214046FFF766
:10068000B4FF84ED4C0AD4EDED0A94EDEE0A0C2192
:100690003046FFF7AAFF84ED3C0AD4EDEF0A94ED53
:1006A000F00A0C212846FFF7A0FF84ED3E0AD4EDA6
:1006B000EB0A94EDEC0A0C2138466CE0018890F8C6
:1006C00002904ABA90F803A090F8048046798579A0
:1006D000C779D4EDE70A94EDE80A10211046FFF738
:1006E00084FF84ED380AD4EDE90A94EDEA0A082182
:1006F0004846FFF77AFF04F58060082180ED020A82
:10070000D4EDED0A94EDEE0A5046FFF76EFF84ED4E
:100710003C0AD4EDEF0A94EDF00A08214046FFF7B9
:1007200064FF00E02EE084ED3E0AD4EDF10A94ED82
:10073000F20A08213046FFF758FF84ED520AD4ED43
:10074000F30A94EDF40A08212846FFF74EFF84EDE2
:10075000540AD4EDF50A94EDF60A082166E0C17951
:10076000AB2911D084ED380A84ED4C0A84ED3E0AA1
:1007700084ED520A84ED540A84ED530A84ED590A3B
:1007800084ED410ABDE8F0870088D4EDEB0A40BA59
:1007900094EDEC0A1021FFF728FF84ED590AF1E7E8
:1007A00044494968491ECA1701EB927222F00302BC
:1007B000891AC9B200EB4100E6E7C179AC293ED104
:1007C0000188D4EDE90A4ABA817894EDEA0A0B016E
:1007D000C17843EA1115037901F00F0143EA0126BC
:1007E00041798079090141EA101710211046FFF77D
:1007F000FCFE84ED4C0AD4EDF10A94EDF20A0C21D2
:100800002846FFF7F2FE84ED520AD4EDF30A94ED88
:10081000F40A0C213046FFF7E8FE84ED540AD4EDCB
:10082000F50A00E008E094EDF60A0C213846FFF7DF
:10083000DCFE84ED530AA5E7C179AD290CD084ED27
:10084000380A84ED4C0A84ED3E0A84ED520A84EDA8
:10085000540A84ED530AA0E70188C3784ABA817824
:10086000D4EDE90A090141EA1315417980790901BA
:1008700041EA101694EDEA0A10211046FFF7B5FE82
:1008800084ED4C0AD4EDF10A94EDF20A0C212846CD
:10089000FFF7ABFE84EDFB0AD4EDF50A94EDF60A02
:1008A0000C213046FFF7A1FE84EDF80A6AE700004C
:1008B00000000000FC0D002030B49FED520A5248A9
:1008C00080ED020ADFED510AC0ED100AC0ED120AF8
:1008D0009FED4F1A80ED111A80ED131A9FED4D1AFE
:1008E00080ED141A80ED151A80ED161A9FED4A1A44
:1008F000B3EE0E2A80ED171A80ED182AF1EE042AC5
:10090000C0ED192AB2EE0E1A80ED1A1ABAEE091AC3
:1009100080ED051AB2EE091A80ED061ABAEE041A35
:1009200080ED081AB2EE041A80ED091ADFED3B1AC9
:1009300080ED0A0AC0ED0B1ADFED391A80ED0C0AC2
:10094000C0ED0D1A9FED373A80ED1C0A80ED1D3A7F
:100950009FED353A00F5807180ED0E3AC0ED0F1A2B
:100960004FF47A73CB6001224A600023C1F824332C
:10097000B1EE003A80ED203A0223B7EE083AC1F812
:10098000383380ED1B3A80ED252A9FED282A0E236F
:1009900080ED262A80ED271AC0ED282A80ED290A4D
:1009A0009FED230AC1F8AC3380ED1F0AB7EE000AB1
:1009B00080ED210A9FED1F2AC1F8B02380ED222A85
:1009C00080ED231AC0ED241A9FED1B1A80ED2A2A10
:1009D00080ED2B1AC0ED2C0A80ED2D0A501FC82384
:1009E000C1E9A1034FF4FA7044F62064C1F88C0207
:1009F000C1E9A443A310C1F89832C1E9A70230BCF1
:100A0000F8F77AB800000000FC0C0020CDCCCC3DFB
:100A1000E71D273B6F12833A9A99193F00007A43EA
:100A200000004842CDCC4C3D000048C20AD7A33B51
:100A3000000010420000A0420000644100000000DD
:100A4000000000000102030406070809000000007E
:100A5000010203040A000000010000000100000080
:100A600000000000010000000100000001000F0074
:100A7000000000000006101600061016000000001E
:100A8000920E493CB10AC93C2BC3163D2EFB483D92
:100A9000752B7B3D04A9963D80B6AF3D36BDC83D64
:100AA0002FBCE13D73B2FA3D87CF093E8340163E2D
:100AB000B5AB223EA2102F3ECF6E3B3EC2C5473E95
:100AC0000115543E135C603E7F9A6C3ECCCF783E5D
:100AD000C07D823E938E883E229A8E3E32A0943E06
:100AE00086A09A3EE59AA03E128FA63ED47CAC3EEC
:100AF000EF63B23E2A44B83E491DBE3E15EFC33EE9
:100B000053B9C93ECA7BCF3E4136D53E80E8DA3E76
:100B10004F92E03E7533E63EBBCBEB3EEA5AF13EE8
:100B2000CBE0F63E275DFC3EE4E7003F3D9C033F03
:100B3000824B063F9BF5083F6B9A0B3FDA390E3F1D
:100B4000CDD3103F2A68133FD9F6153FC07F183F19
:100B5000C6021B3FD17F1D3FCBF61F3F9967223F47
:100B600025D2243F5636273F1594293F4AEB2B3F89
:100B7000DE3B2E3FBB85303FC9C8323FF304353FD3
:100B8000233A373F4268393F3B8F3B3FF9AE3D3F09
:100B900067C73F3F70D8413F01E2433F03E4453F11
:100BA00065DE473F12D1493FF8BB4B3F029F4D3FA7
:100BB000207A4F3F3D4D513F4918533F31DB543F61
:100BC000E595563F5348583F6AF2593F1A945B3FA8
:100BD000532D5D3F05BE5E3F2146603F97C5613F97
:100BE0005A3C633F59AA643F880F663FD86B673F02
:100BF0003CBF683FA7096A3F0C4B6B3F5E836C3F6D
:100C000093B26D3F9ED86E3F73F56F3F0809713FF9
:100C10005213723F4714733FDD0B743F0BFA743F5E
:100C2000C6DE753F07BA763FC58B773FF853783FEE
:100C30009812793F9DC7793F02737A3FBE147B3F7C
:100C4000CDAC7B3F283B7C3FC9BF7C3FAC3A7D3F6E
:100C5000CCAB7D3F23137E3FB0707E3F6DC47E3FA3
:100C6000580E7F3F6D4E7F3FAB847F3F0FB17F3F7C
:100C700097D37F3F43EC7F3F11FB7F3F0000803FD6
:100C800011FB7F3F43EC7F3F97D37F3F0FB17F3F07
:100C9000AB847F3F6D4E7F3F580E7F3F6DC47E3FDC
:100CA000B0707E3F23137E3FCCAB7D3FAC3A7D3F9F
:100CB000C9BF7C3F283B7C3FCDAC7B3FBE147B3F14
:100CC00002737A3F9DC7793F9812793FF853783F76
:100CD000C58B773F07BA763FC6DE753F0BFA743F88
:100CE000DD0B743F4714733F5213723F0809713F85
:100CF00073F56F3F9ED86E3F93B26D3F5E836C3F3E
:100D00000C4B6B3FA7096A3F3CBF683FD86B673FFE
:100D1000880F663F59AA643F5A3C633F97C5613FBD
:100D20002146603F05BE5E3F532D5D3F1A945B3FF9
:100D30006AF2593F5348583FE595563F31DB543FDF
:100D40004918533F3D4D513F207A4F3F029F4D3F41
:100D5000F8BB4B3F12D1493F65DE473F03E4453FB7
:100D600001E2433F70D8413F67C73F3FF9AE3D3F87
:100D70003B8F3B3F4268393F233A373FF304353FCF
:100D8000C9C8323FBB85303FDE3B2E3F4AEB2B3F8D
:100D90001594293F5636273F25D2243F9967223F95
:100DA000CBF61F3FD17F1D3FC6021B3FC07F183FC0
:100DB000D9F6153F2A68133FCDD3103FDA390E3FDD
:100DC0006B9A0B3F9BF5083F824B063F3D9C033FD0
:100DD000E4E7003F275DFC3ECBE0F63EEA5AF13EF9
:100DE000BBCBEB3E7533E63E4F92E03E80E8DA3E09
:100DF0004136D53ECA7BCF3E53B9C93E15EFC33EFF
:100E0000491DBE3E2A44B83EEF63B23ED47CAC3EA0
:100E1000128FA63EE59AA03E86A09A3E32A0943E4E
:100E2000229A8E3E938E883EC07D823ECCCF783E05
:100E30007F9A6C3E135C603E0115543EC2C5473E2E
:100E4000CF6E3B3EA2102F3EB5AB223E8340163EF6
:100E500087CF093E73B2FA3D2FBCE13D36BDC83D98
:100E600080B6AF3D04A9963D752B7B3D2EFB483DDA
:100E70002BC3163DB10AC93C920E493C000000004C
:100E8000920E49BCB10AC9BC2BC316BD2EFB48BD8E
:100E9000752B7BBD04A996BD80B6AFBD36BDC8BD60
:100EA0002FBCE1BD73B2FABD87CF09BE834016BE29
:100EB000B5AB22BEA2102FBECF6E3BBEC2C547BE91
:100EC000011554BE135C60BE7F9A6CBECCCF78BE59
:100ED000C07D82BE938E88BE229A8EBE32A094BE02
:100EE00086A09ABEE59AA0BE128FA6BED47CACBEE8
:100EF000EF63B2BE2A44B8BE491DBEBE15EFC3BEE5
:100F000053B9C9BECA7BCFBE4136D5BE80E8DABE72
:100F10004F92E0BE7533E6BEBBCBEBBEEA5AF1BEE4
:100F2000CBE0F6BE275DFCBEE4E700BF3D9C03BFFF
:100F3000824B06BF9BF508BF6B9A0BBFDA390EBF19
:100F4000CDD310BF2A6813BFD9F615BFC07F18BF15
:100F5000C6021BBFD17F1DBFCBF61FBF996722BF43
:100F600025D224BF563627BF159429BF4AEB2BBF85
:100F7000DE3B2EBFBB8530BFC9C832BFF30435BFCF
:100F8000233A37BF426839BF3B8F3BBFF9AE3DBF05
:100F900067C73FBF70D841BF01E243BF03E445BF0D
:100FA00065DE47BF12D149BFF8BB4BBF029F4DBFA3
:100FB000207A4FBF3D4D51BF491853BF31DB54BF5D
:100FC000E59556BF534858BF6AF259BF1A945BBFA4
:100FD000532D5DBF05BE5EBF214660BF97C561BF93
:100FE0005A3C63BF59AA64BF880F66BFD86B67BFFE
:100FF0003CBF68BFA7096ABF0C4B6BBF5E836CBF69
:1010000093B26DBF9ED86EBF73F56FBF080971BFF5
:10101000521372BF471473BFDD0B74BF0BFA74BF5A
:10102000C6DE75BF07BA76BFC58B77BFF85378BFEA
:10103000981279BF9DC779BF02737ABFBE147BBF78
:10104000CDAC7BBF283B7CBFC9BF7CBFAC3A7DBF6A
:10105000CCAB7DBF23137EBFB0707EBF6DC47EBF9F
:10106000580E7FBF6D4E7FBFAB847FBF0FB17FBF78
:1010700097D37FBF43EC7FBF11FB7FBF000080BFD2
:1010800011FB7FBF43EC7FBF97D37FBF0FB17FBF03
:10109000AB847FBF6D4E7FBF580E7FBF6DC47EBFD8
:1010A000B0707EBF23137EBFCCAB7DBFAC3A7DBF9B
:1010B000C9BF7CBF283B7CBFCDAC7BBFBE147BBF10
:1010C00002737ABF9DC779BF981279BFF85378BF72
:1010D000C58B77BF07BA76BFC6DE75BF0BFA74BF84
:1010E000DD0B74BF471473BF521372BF080971BF81
:1010F00073F56FBF9ED86EBF93B26DBF5E836CBF3A
:101100000C4B6BBFA7096ABF3CBF68BFD86B67BFFA
:10111000880F66BF59AA64BF5A3C63BF97C561BFB9
:10112000214660BF05BE5EBF532D5DBF1A945BBFF5
:101130006AF259BF534858BFE59556BF31DB54BFDB
:10114000491853BF3D4D51BF207A4FBF029F4DBF3D
:10115000F8BB4BBF12D149BF65DE47BF03E445BFB3
:1011600001E243BF70D841BF67C73FBFF9AE3DBF83
:101170003B8F3BBF426839BF233A37BFF30435BFCB
:10118000C9C832BFBB8530BFDE3B2EBF4AEB2BBF89
:10119000159429BF563627BF25D224BF996722BF91
:1011A000CBF61FBFD17F1DBFC6021BBFC07F18BFBC
:1011B000D9F615BF2A6813BFCDD310BFDA390EBFD9
:1011C0006B9A0BBF9BF508BF824B06BF3D9C03BFCC
:1011D000E4E700BF275DFCBECBE0F6BEEA5AF1BEF5
:1011E000BBCBEBBE7533E6BE4F92E0BE80E8DABE05
:1011F0004136D5BECA7BCFBE53B9C9BE15EFC3BEFB
:10120000491DBEBE2A44B8BEEF63B2BED47CACBE9C
:10121000128FA6BEE59AA0BE86A09ABE32A094BE4A
:10122000229A8EBE938E88BEC07D82BECCCF78BE01
:101230007F9A6CBE135C60BE011554BEC2C547BE2A
:10124000CF6E3BBEA2102FBEB5AB22BE834016BEF2
:1012500087CF09BE73B2FABD2FBCE1BD36BDC8BD94
:1012600080B6AFBD04A996BD752B7BBD2EFB48BDD6
:101270002BC316BDB10AC9BC920E49BC0000008048
:1012800000000000000000000000B33FB2BE7D3A45
:1012900000002E40DFCF513800007E40BF51FABA27
:1012A00000E0A44019DAC3BA00E0C840C2ED8AB930
:1012B0000040EB40CD1F2CBA001006412AFFFABABD
:1012C00000C01541DFCFD13700D024419A97703A42
:1012D0000050334189478E3600404141E75B9D38DD
:1012E00000B04E41C00A98B900A05B41558F943AB6
:1012F00000306841DA92C0BA0040744162B3C63A25
:101300000000803F00A0853F00908B3F00C0913FD0
:101310000030983F00F09E3F00F0A53F0050AD3FE9
:101320000000B53F0000BD3F0060C53F0020CE3F3C
:101330000040D73F00C0E03F00C0EA3F0020F53F3B
:10134000000000007D36AC397D3C3839EBDCF438E8
:10135000320A7E39124C26399B6AED39A4EE833964
:101360007F661E39F6398A392B426539A4821139D4
:101370005B991F39C3EECD39DDE7C637A5A22F39FA
:101380000000803FC3AA853FC2958B3FD3C3913FE6
:10139000F037983F32F59E3FD7FEA53F3F58AD3F0F
:1013A000F304B53FA408BD3F2A67C53F8C24CE3F58
:1013B000FD44D73FDFCCE03FC7C0EA3F7D25F53F86
:1013C00000004054FB21F93F3163621A61B4D03D03
:1013D0000000601A61B4D03D7370032E8A19A33BDC
:1013E0000000002E8A19A33BC14920259A837B392E
:1013F00000000000000000006E83F9A22915444E91
:10140000D15727FCC0DD34F5999562DB4190433C10
:10141000AB6351FE61C5BBDE3A6E24B7E0D24D42EC
:10142000EA2E49061C92D1091CEB1DFE3EA729B1EC
:10143000F53582E88444BB2E26709CE9417E5FB47A
:1014400039D69139F43953838B5F849C3B28F9BD9D
:10145000FF97F81F0F9805DE8B112FEF1F6D0A5AAB
:10146000CF7E366DB709CB27663F464F2DEA5F9E8C
:10147000C7BA27757BF1E5EBF739073DEA92528A47
:10148000B15FFB6B085D8D1F000000006E83F9A249
:101490002915444ED15727FCC0DD34F5999562DB00
:1014A0004190433CAB6351FE7AFE10111111C13FD4
:1014B00037D60684F464963F280356C9226D6D3FE3
:1014C0000165F2F2D844433FA69237A0887E143FCC
:1014D000735360DBCB75F3BEFE41B31BBAA1AB3FC8
:1014E00093846EE9E326823F1583E0FEC8DB573F15
:1014F00068108D1AF726303FE9A7F0320FB8123F77
:10150000D47ABF74702AFB3E205354415254205267
:101510004F544154494E4720414E442043414C4989
:1015200042524154452121212121212121212121E2
:10153000212121212121212121212121212121219B
:101540002121212121200A0D0A0D00006C1503081C
:101550000000002018030000E60A020874160308C1
:101560001803002060530100DCCC02081153020272
:101570003241325A032E720155060526CFB324F4A8
:101580000241C81E959C0208C5041AD1041AF10430
:101590001E119D020875081AA1041A490C180904A5
:1015A00003090412010102BF164022AF40571D0279
:1015B000010203BC14050F0C3C010710D6031A1AD4
:1015C000031E610F02085D041A59041A85041AC922
:1015D0000441130A06293B1A404B111C09024357C8
:1015E0001125C0320904196B1201130524161001CC
:1015F000052401180901042402020524066C1505BE
:10160000820308151009040133020A1D07050102AF
:10161000432C070581070938442A40072A8107110E
:101620002B0907440A3B0444480B9D990208F5988E
:1016300002089D9AE81A3D101A69101ACB04C11AC3
:1016400085181A79041A91041A6D04011825750277
:101650001A3B5B803F044ABF04011829240166320B
:10166000019A100C08081701020304050607C801B7
:04167000180000005E
:04000005080201C527
:00000001FF
