:020000040800F2
:10400000C07701206D4300080DEE000831E0000884
:1040100079ED00086D6200086713010800000000D8
:10402000000000000000000000000000B9F50008DA
:10403000037000080000000069F20008C5F50008E0
:104040008743000887430008874300088743000828
:104050008743000887430008874300088743000818
:10406000874300088743000887430008496F00081A
:10407000556F0008874300088743000887430008FE
:104080008743000887430008016100088743000850
:10409000E9120108874300088743000887430008A6
:1040A00087430008874300088743000887430008C8
:1040B000D9F60008E5F600088743000887430008A2
:1040C00087430008874300088743000887430008A8
:1040D00087430008874300088743000805FC000861
:1040E0008743000887430008874300088743000888
:1040F0008743000887430008874300088743000878
:104100008743000887430008874300088743000867
:104110008743000887430008874300088743000857
:104120008743000887430008874300088743000847
:104130008743000887430008874300088743000837
:10414000874300088743000887430008B1D9000867
:104150008743000887430008874300088743000817
:104160008743000887430008874300088743000807
:1041700087430008874300088743000887430008F7
:1041800087430008874300088743000887430008E7
:104190008743000800000000D97400088743000826
:1041A00087430008874300088743000887430008C7
:1041B00087430008874300088743000887430008B7
:1041C00087430008874300088743000887430008A7
:1041D000874300088743000800F002F800F0B6F8B3
:1041E0000AA090E8000C82448344AAF10107DA4552
:1041F00001D100F0ABF8AFF2090EBAE80F0013F0EE
:10420000010F18BFFB1A43F0010318479032010059
:10421000B03201000A444FF0000C10F8013B13F0DB
:10422000070408BF10F8014B1D1108BF10F8015B0F
:10423000641E05D010F8016B641E01F8016BF9D102
:1042400013F0080F1EBF10F8014BAD1C0C1B09D159
:104250006D1E58BF01F801CBFAD505E014F8016BCB
:1042600001F8016B6D1EF9D59142D6D3704700005D
:104270000023002400250026103A28BF78C1FBD86F
:10428000520728BF30C148BF0B6070476E2900F04D
:104290009B82702900F0E583662912F0E48265298B
:1042A00012F0E182672912F0DE82612912F0DD82CC
:1042B00003681B0A28BF41F08001692900F0488289
:1042C000642900F04582752900F042826F2900F0D0
:1042D0007283782900F0B183E92900F00D83E42985
:1042E00000F00A83F52900F00783EF2900F06F83BF
:1042F000F82900F0B0830368DB0928BF41F0800192
:10430000632901F0D580732901F0DA80E32901F0F7
:10431000E580F32901F0EA80002070471FB512F014
:104320001EFA9DE8030000F06FF901F039F904006E
:104330000020002111F08CFB401C60600020002157
:1043400011F070FBE0601FBD10B510BD01F0FAF870
:104350001146FFF7E3FF0EF007FF01F0D7F903B4B2
:10436000FFF7F2FF03BC01F007FA0000094880479D
:1043700009480047FEE7FEE7FEE7FEE7FEE7FEE747
:10438000FEE7FEE7FEE7FEE704480549054A064B5F
:10439000704700003DF60008D9410008C0380020F1
:1043A000C0770120C0780020C078002070B5064694
:1043B00000F00EF9056806F10B0020F00704B44286
:1043C0009CBF002070BD2B466A68BAB11068A0423D
:1043D00010D304F1080188423CBF5068586007D3ED
:1043E0005168101941601168091B01605860146020
:1043F000101D70BD13465268002AE7D12146284699
:1044000000F0EEF80028DED170BD70B50446051F3F
:1044100000F0DEF80068002C14BF446870BD002C6A
:1044200018BFAC423CBF20466468F8D301680A1844
:10443000AA4218BF456003D12A68054611440160AD
:1044400028684119A1421CBF6C6070BD6168696039
:1044500021680844286070BD7CB51D4616460C00D6
:10446000009001D02044401E074B7B442A466946F9
:104470000190304600F0C1F905461CB100206946A4
:1044800000F0CEF928467CBDBD030000032A40F2AF
:10449000308010F0030C00F0158011F8013BBCF1E6
:1044A000020F624498BF11F801CB00F8013B38BFFE
:1044B00011F8013BA2F1040298BF00F801CB38BF0C
:1044C00000F8013B11F0030300F02580083AC0F02A
:1044D000088051F8043B083A51F804CBA0E80810D2
:1044E000F5E7121D5CBF51F8043B40F8043BAFF305
:1044F0000080D20724BF11F8013B11F801CB48BF5F
:1045000011F8012B24BF00F8013B00F801CB48BF94
:1045100000F8012B704710B5203AC0F00B80B1E8CD
:104520001850203AA0E81850B1E81850A0E81850E8
:10453000BFF4F5AF5FEA027C24BFB1E81850A0E8F1
:10454000185044BF18C918C0BDE810405FEA827C0B
:1045500024BF51F8043B40F8043B08BF7047D20722
:1045600028BF31F8023B48BF11F8012B28BF20F8C3
:10457000023B48BF00F8012B70474FF0000200B526
:10458000134694469646203922BFA0E80C50A0E876
:104590000C50B1F12001BFF4F7AF090728BFA0E824
:1045A0000C5048BF0CC05DF804EB890028BF40F8F0
:1045B000042B08BF704748BF20F8022B11F0804F32
:1045C00018BF00F8012B7047704770477047000014
:1045D0000048704764380020704770477047704744
:1045E00038B504460A4600206946AFF3008000282B
:1045F00008BF38BD02460099204600F009FB0120A3
:1046000038BD012000F096BFF8B5AFF30080054635
:1046100000200C46102000BF0646A819A0420DD964
:10462000324669460020AFF30080070008BF00F063
:1046300081FF0098A04218BF0546C419FFF7C8FFC4
:1046400005600746F01D20F007004619284600F0D7
:104650000AF8B44208BFF8BDA21B31463868BDE86D
:10466000F84000F0D5BA00210160C0E901107047A0
:104670001020704710B500F0C7FA006810BD10B5E3
:10468000044600F0C1FA046010BD70B504468569A7
:104690000068C10601D5302600E02026C00707D0FB
:1046A00070BDD4E9012130469047206A401C206249
:1046B0006D1EF6D570BD70B5044685690078C007DB
:1046C00007D170BDD4E9012120209047206A401C09
:1046D00020626D1EF6D570BD09684A0501D540B24D
:1046E0007047C905FCD500B2704709684A0501D575
:1046F000C0B27047C905FCD580B2704770B50C4692
:104700000546012A05D02878800600D5EA690023ED
:1047100002E0012305E05B1C934202D2E05C00282A
:10472000F9D1A869E618C01AA861286A1844286255
:104730002846FFF7AAFF04E0D5E9012114F8010B90
:104740009047B442F8D32846FFF7B5FF70BD00008C
:104750002DE9F0410646002410687529314616A55A
:1047600010D0FFF7B9FF002802DA404213A507E096
:1047700031688A0701D512A502E0490704D511A5C1
:10478000012401E0FFF7B1FF00210A2206F124070E
:1047900009E0B0FBF2FCB0FBF2F302FB1C0030308E
:1047A00078541846491C0028F3D123462A4630463F
:1047B000BDE8F04100F08BBA000000002D000000C1
:1047C0002B0000002000000011680268006A5305F9
:1047D00001D508700AE0D30501D5088006E013066C
:1047E00003D5C217C1E9000200E00860012070474C
:1047F00001694A1C02610878704700B58FB0CDE9A5
:1048000001310021059105497944CDE90310114694
:10481000684600F031F90FB000BD0000E5FFFFFF72
:104820000A6802F8010B0A607047D1E900239A4236
:1048300002D2531C0B601070704700002DE9FF5F1F
:1048400015468A460446DFF8AC80F8440027D8E9CC
:1048500000103E46CDE9001010E03AF816106A4606
:1048600002A800F047FE411C07D02178890603D535
:10487000E269391891420DD80744761C20788006E9
:1048800002D5E069B84205DDAE42E6DB3AF8160033
:104890000028E2D1A069C01BA0612046FFF7F5FE09
:1048A000D8E90010CDE90010002017E03AF8181000
:1048B0006A4602A800F01EFEB0F1FF3F81460BD011
:1048C00000250DF1080B05E0D4E901211BF80500D6
:1048D00090476D1C4D45F7D308F10100B04280466A
:1048E000E4DB206A384420622046FFF7E4FEBDE89E
:1048F000FF9F0000BE2101002DE9F0418046D21D3E
:1049000022F007020025D2E90002F52915A614D0ED
:10491000011E72F1000106DA0023D0EB030063EB05
:10492000020211A608E0D8F800108B0701D50FA6E7
:1049300002E0490701D50EA601251146002408F121
:10494000240704E000F07EF930323A55641C50EA46
:104950000102F7D12B46324621464046BDE8F041E0
:1049600000F0B5B9000000002D0000002B00000091
:104970002000000030B4002100F1240408E002F01F
:104980000705D208303542EA4372DB086554491CFA
:1049900052EA0305F3D10468002310A2250707D5C6
:1049A000A40600D421B1C46901230DA2641EC46110
:1049B00030BC00F08CB910B5044621461068FFF7F2
:1049C00094FE02462046BDE810400023D2E7D21DE7
:1049D00022F00701D1E90023CCE70000000000002D
:1049E00030000000F0B40D460188090502D5214CC5
:1049F0007C4402E01F4C7C440E34002100F124066C
:104A000008E002F00F071209E75D42EA03721B0992
:104A10007754491C52EA0307F3D1027800231207A6
:104A200004D5702D06D009B1022311342246F0BC02
:104A300000F04DB901231034F8E770B504460D4677
:104A400021461068FFF751FE024629462046BDE880
:104A500070400023C6E7D21D22F00703D3E90023EC
:104A6000C0E70368126843F0200303600823C361B2
:104A70000023B7E7202001002DE9F05F89460446B6
:104A80004FF0000ADFF874B1FB44C0F820A02046C4
:104A9000E1688847002874D0252806D0D4E9012190
:104AA0009047206A401C2062F1E700265F462046BE
:104AB000E16888472028054607DB312D05D27819A3
:104AC00010F8200C08B10643F1E7B00701D526F035
:104AD0000406C4F81CA00027C4F818A02A2D09D089
:104AE00028460DF0BFFF38B304EB8708303DC8F807
:104AF000185019E059F8041B204604EB8702916115
:104B0000E1688847012F054618D1E069002820DABE
:104B100026F020061DE0D8F8180000EB800005EB19
:104B200040003038C8F818002046E168884705463C
:104B30000DF098FF0028EED1012F0AD02E2D08D1BC
:104B40002046E16888477F1C0546022F46F0200674
:104B5000C4DBA069002803DA404246F00106A061E8
:104B6000F00701D026F010066C2D0BD0682D09D06F
:104B70004C2D39D06A2D35D0742D35D07A2D33D0C7
:104B800016E038E0E1682F4620468847B8420546DF
:104B900009D16C2F26D04FF48060E168064320468F
:104BA0008847054604E06C2F1AD04FF48070064306
:104BB0000DB3A5F14100192802D8203546F400664E
:104BC0004A462946204626604E46FFF75FFB80B1E5
:104BD00001280BD0F61D26F0070000F1080956E762
:104BE0004020E4E78020D8E70020D6E706F104095A
:104BF0004DE7284652E7206ABDE8F09FB01F01004C
:104C0000004870475C380020004870475C3800203E
:104C1000034640688C46002818BF88423CBF0346C4
:104C20004068F8D318681844884207D00CF1030094
:104C300020F00700001D411A521A0146081D0A60A3
:104C4000FFF7E3BB30B5B0F10A024FEA900E71F105
:104C500000034EEA817EB0EB0E0061EB91014FEA5A
:104C6000101E4EEA017E10EB0E0041EB11114FEACF
:104C7000102E4EEA016E10EB0E0041EB11214FEAAF
:104C8000104E4EEA014E10EB0E0041EB1141401860
:104C900041F100014FEAD00040EA41704FEAD101F2
:104CA00010EB80054FEA810444EA907444EB010460
:104CB0006D1944EB0404521BA3414FF0000348BF9D
:104CC0000A3200D530BD401C41F1000130BD2DE954
:104CD000F0470D4699469246044600F124080168C3
:104CE000880604D5E06921F01001216000E0012070
:104CF000A84201DD471B00E00027A1697A1902EBF9
:104D00000900081AA0612078C00602D42046FFF7E7
:104D1000BCFC002608E0D4E901211AF806009047FF
:104D2000206A401C761C20624E45F4DB2078C006C9
:104D30000AD52046FFF7A9FC06E0D4E9012130207E
:104D40009047206A401C2062381EA7F10107F4DC5E
:104D500007E0D4E9012118F805009047206A401CBB
:104D60002062281EA5F10105F3DC2046FFF7A3FC15
:104D70002078000602D50220BDE8F0870120FBE77D
:104D800070472DE9FF4F0C461E464FF0FF378BB0A2
:104D9000D2E90001DDF860800A908A46C1F30A5525
:104DA00005B93D46002108464FF00000BAF1000F5A
:104DB00000F4400005DA00EB80004FF4400101EA06
:104DC00050004FEA9059B9F1010F00DDB9460A9839
:104DD00050EA4A000ED044F61050A5F2FF35454384
:104DE0002F14B8F1000F1ED07542291E1EDDC9F127
:104DF00000021CE0B8F1010F4FF0000001D030219B
:104E000003E0F24305E02154401CB042FBDB304696
:104E10000022002121540B99C1F80880C1E900202B
:104E20000FB0BDE8F08FBD1B6D1CDEE74A4600DA0F
:104E3000694206A800F0F8FB06AB93E8070003AB55
:104E400083E8070050460A9900F092FD8DE80700BC
:104E5000A0F500501F3800900398002D0ADD42F2A3
:104E60001F014A460844002303A90390684600F046
:104E7000FBFF09E0A0F500504A461F38002303A9B4
:104E80000390684601F005F88DE807000004000C67
:104E900003D04FF0FF30410800E01046B8F1000F9A
:104EA00003D00022009215461EE0751E05D4FFF7C0
:104EB000C9FE303262556D1EF9D5B3460122084352
:104EC00002D000227F1C04E02078302801D100228B
:104ED0007F1E002A099784D01DE0112D07DAFFF705
:104EE000B1FE303262556D1C50EA0102F5D1084323
:104EF00002D00098C8B10EE00021681E05E0235CD6
:104F0000625C63542254401E491C8142F7DBAB466D
:104F1000A81B401E0990002004F80B000B98099A6A
:104F2000C0F80880C0E9002B7AE711264FF000088E
:104F300057E72DE9F04F88460446D21D22F00701BD
:104F400091B0D1E90001CDE90A010CF0A3FA0246C3
:104F50000B98C00F01D02D2007E02068810701D5F4
:104F60002B2002E0202101EAC000032A099001D091
:104F7000072A05DB03464146204600F015FB0BE1FE
:104F80002078800601D5E06900E00620B8F1650FC1
:104F9000814606D0B8F1660F18D0B8F1670F70D10E
:104FA00031E00020B9F1110F009001DB112301E085
:104FB00009F101030AAA01A90CA8FFF7E2FEDDE945
:104FC0000C70002609F10105834647E001204B469D
:104FD00000904FF000470AAA01A90CA8FFF7D1FEE4
:104FE000DDE90DB00C995D46002610B909F101000C
:104FF0000D18B9EB050003D4C0F1FF3609F1010526
:10500000A5EB09002BE0B9F1010F01DA4FF001091E
:105010000020B9F1110F0090484601DD112300E096
:1050200003460AAA01A90CA8FFF7ABFEDDE90C7044
:105030004D4600268346207800070AD4AB4500DAA7
:105040005D4601A8012D04DD411911F8011C30292C
:1050500007D04F4502DA17F1040F04DA0120824627
:105060000FE06D1EEEE7002F02DCED1B3E4403E077
:10507000781CA84200DD7D1CB81B00F1010A4FF02E
:1050800000472078000703D4AA4501DB4FF0FF3A20
:105090000021B7F1004F0DF143088DF8431024D0E3
:1050A00002202B23002F01DA7F422D230A21021E2A
:1050B000A0F1010000DC5FB197FBF1FC97FBF1F27E
:1050C00001FB1C7C17460CF1300C08F801CDEEE713
:1050D000A8F1010003702188090501D5452100E0F0
:1050E0006521A0F1010800F8011C09980FA9A1EBA6
:1050F0000807FF1D00B10120411901EBEA70A16909
:105100003844081A401EA0612078C00602D4204608
:10511000FFF7BBFA099828B1D4E901219047206A2A
:10512000401C20622078C00622D52046FFF7ADFA49
:105130001EE0002E04DBB34502DD01A8805D00E027
:105140003020D4E901219047206A401C2062761C5F
:10515000AAF101005FEA000A0AD100F021FAC06852
:105160000168405CD4E901219047206A401C20621C
:10517000281EA5F10105DCDC07E0D4E9012118F8BF
:10518000010B9047206A401C2062381EA7F10107DE
:10519000F3DC2046FFF78FFA032011B041E6000050
:1051A0002DE9F04F04460D46D21D22F0070089B0CC
:1051B000D0E90097484639460CF06CF90246F80FE2
:1051C00001D02D2307E02068810701D52B2302E0C1
:1051D000202101EAC0038DF820300BB1012000E04E
:1051E0000020032A824601D0072A04DB29462046F4
:1051F00000F0DAF93FE12078800601D40D2500E0C7
:10520000E569C7F30A560D2D49DA00214FEA175B0D
:1052100008464FF00000002F00F4400007DA00EBD2
:1052200080004FF4400100EBD07001EA600081156E
:10523000012901DD4FF0FF3100224FEA850CBCF15E
:10524000180F06D31346ACF118004FF08052C2403D
:1052500003E04FF4801323FA0CF30CF10C0CBCF1B7
:10526000200F04D3ACF1200C09FA0CF001E007FA8E
:105270000CF000294FF0004801DD18B90FE00ED105
:1052800040450CD319EB02095F4121B9404502D1D9
:105290009F4329EA0209BBEB175F00D0761C2088E8
:1052A000000502D57B48784402E07A4878441938F2
:1052B00008AA302302F80A30037C0AF10101002E0B
:1052C0000AF1020A53546A4602DC4FF0300101E051
:1052D0004FF031014FF001088DF8001002D0A6F216
:1052E000FF3603E059EA470100D06B4E002D02DC87
:1052F0002178090704D54FF002082E218DF80110FE
:10530000C44600210BE0C7F303433F01C35C491CC3
:105310006D1E02F80830052908F1010801DA002D98
:10532000F1DC00210CE000EB1973491C1B786D1EA9
:10533000082902F808304FEA091908F1010801DAD2
:10534000002DF0DC21688B0602D516E0A8F10108DB
:10535000E04505DD02EB080313F8013C302BF5D0E6
:10536000B8F1000F09DD02EB080313F8013C2E2B06
:1053700003D1090701D4A8F10108002D05DD3E2164
:1053800002F808106D1E08F10108407C002E02F89A
:10539000080008F1010804DA2D20764202F808001E
:1053A00002E02B2002F808000A214FF47A708642AE
:1053B00008F101080BDB96FBF0F3303302F80830FC
:1053C00096FBF0F308F1010800FB136601E0642E80
:1053D0000CDB642096FBF0F3303302F8083096FBC8
:1053E000F0F308F1010800FB136601E00A2E06DB6A
:1053F00096FBF1F0303002F8080008F1010896FB46
:10540000F1F001FB1060303002F80800A16908F1EA
:10541000010808EB050202EB0A00081AA0612078D7
:10542000C00602D42046FFF730F9216A08AE01EB2E
:105430000A00206204E0D4E9012116F8010B90472C
:10544000BAF1010AF7D22078C00602D52046FFF74C
:105450001CF96E4609E016F8010B3E280FD0D4E97E
:1054600001219047206A401C2062B8F10108F2D265
:105470002046FFF720F909B00320BDE8F08F206A2D
:105480002844206203E0D4E90121302090476D1EBA
:10549000EBD3F8E70119010002FCFFFF10B54369E7
:1054A00013B1AFF3008001E0FFF728F9012010BD30
:1054B000127800F124010A7000224A700122EDE7FF
:1054C00011684FF0FF32E9E710B5436913B1AFF34C
:1054D000008001E0FFF7B2F9012010BD128800F151
:1054E000240182840022C2840122EDE711684FF07A
:1054F000FF32E9E770B516460C46054600F048F85D
:10550000036893F80101012806D0FF2C0FD8185D1D
:1055100068B101202C7070BDD3F8070132462146D6
:1055200003F2071303442846BDE8704018474FF0C4
:10553000FF3070BD10B500F0F7F8BDE8104000F086
:10554000EEB870477546FFF75BFBAE46050069464F
:10555000534620F00700854618B020B5FEF714FF2B
:10556000BDE820404FF000064FF000074FF0000864
:105570004FF0000B21F00701AC46ACE8C009ACE8E5
:10558000C009ACE8C009ACE8C0098D46704700000E
:1055900010B500F005F8001D10BD00BFB5040100F6
:1055A000004870477C3800202DE9F0411F46044632
:1055B00003260168072A01F4006004DB08B116A580
:1055C00005E016A503E008B115A500E015A521F03A
:1055D00010002060A069C01EA0610FB1401EA06134
:1055E0002046FFF752F84FB1D4E9012138469047E1
:1055F000206A401C2062C01C206206E0206AFAE794
:10560000D4E9012115F8010B9047761EF8D2204607
:10561000FFF751F8BDE8F0814E414E006E616E001B
:10562000494E4600696E66002DE9F04781461646F0
:105630008AB0354878440DC88DE80D00324878446A
:10564000801C03AC0DC884E80D0041F69B30084473
:10565000372190FBF1F290FBF1F5A5F1800501FBFC
:1056600012041B3C02D56442012000E00020DFF858
:1056700098A080460027FA44AAF1BE0A0EE0E0078F
:105680000AD03246684607EB470101230AEB810145
:1056900000F0FFFB8DE8070064107F1C002CEED1AA
:1056A000194F7F44AE3F19E0E80715D007EB04100F
:1056B0000DF1180A90E80E008AE80E00C068F0426A
:1056C00001D1981908903246012306A903A800F0D9
:1056D000E0FB03AB83E807006D10641C002DE3D1F1
:1056E0004FF0010332466946B8F1000F03A802D01B
:1056F00000F0BAFB01E000F0CCFBC9E90001C9F8F9
:1057000008200AB0BDE8F0870416010010B5044671
:10571000AFF300802046BDE81040FEF720BE002811
:1057200001D000F029B8704710B5012805D000213C
:1057300003A000F027F8012010BD09A1F8E7000040
:1057400053494752544D454D3A204F7574206F666A
:105750002068656170206D656D6F727900000000D2
:105760003A2048656170206D656D6F727920636FB6
:10577000727275707465640001491820ABBEFEE753
:105780002600020070B505460C460A2000E06D1C9C
:1057900000F052F835B128780028F8D102E0641CF6
:1057A00000F04AF814B120780028F8D1BDE8704024
:1057B0000A2000F041B800004FF0013C50F8042BE3
:1057C00051F8043B9A4221D1A2EB0C03934313EA14
:1057D000CC1317D150F8042B51F8043B9A4215D141
:1057E000A2EB0C03934313EACC130BD150F8042B18
:1057F00051F8043B9A4209D1A2EB0C03934313EAFC
:10580000CC13DBD04FF00000704700BFD01A01BAB4
:10581000B1FA81F101F0180122FA01F0CB40C1F197
:105820002001DBB2C0B2C01A2CFA01F3D11A9143A5
:1058300011EAC311E6D1704708B569468DF800003A
:105840000320ABBE08BD00009FED221A9FED222A67
:1058500020EE010AB5EE001A30EE010ABDEEC01AC4
:1058600011EE100AB5EE400AF1EE10FAB8BF013899
:1058700001EE100AB8EEC11A30EE410A20EE020A1B
:10588000BDEEC01A9FED152A11EE100A002130EE70
:10589000021AB1EB502F46F698411CBF0020B0EE23
:1058A000410AC0F6010101EE100A01EB8001B8EED9
:1058B000411A30EE410A91ED001A91ED012AB7EE3E
:1058C000003A33EE403A23EE011A20EE020A31EE9E
:1058D000000A704783F9223E00000044000000C423
:1058E0009FED201A9FED202A20EE010ABDEEC01A7E
:1058F00011EE100AB5EE400AF1EE10FAB8BF013809
:1059000001EE100AB8EEC11A30EE410A20EE020A8A
:10591000BDEEC01A9FED152A11EE100A002130EEDF
:10592000021AB1EB502F46F698411CBF0020B0EE92
:10593000410AC0F6010101EE100A01EB8001B8EE48
:10594000411A30EE410A91ED001A91ED012AB7EEAD
:10595000003A33EE403A23EE011A20EE020A31EE0D
:10596000000A704783F9223E00000044000000C492
:105970005FEA400C08BF91F0000F4FEA8C234FEA1A
:10598000C12243EA51514FEA1C5018BF00F5F040C4
:105990004FEA300018BF41F000415FEA6C5C00F054
:1059A0002980BCF1FF3F08BF40F080407047130CD6
:1059B00006BF12044FF0100C4FF0000C130E04BF82
:1059C00012020CF1080C130F04BF12010CF1040CAD
:1059D000930F04BF92000CF1020CD30F04BF5200CE
:1059E0000CF1010C11464FF00002A0F11F00A0EBDA
:1059F0000C00704711F0004F08BF704731F00041B4
:105A00003FF4D5AF0B0C06BF09044FF0100C4FF05C
:105A1000000C0B0E04BF09020CF1080C0B0F04BFA5
:105A200009010CF1040C8B0F04BF89000CF1020C6E
:105A3000CB0F04BF49000CF1010CCCF12003A0EB0B
:105A40000C0022FA03F302FA0CF241EA030100F11E
:105A50000100704720F07F4C80EA030023F07F476D
:105A6000ACEB070303F57C5300F0004003F1FF03A8
:105A70002DE980494FEA154B09B44FEA144325EA52
:105A80000B4E24EA03480FF2042606EB13274908BD
:105A90003E785FEA320203FB0667C7F5000707FBA3
:105AA00006F64FEA54374FEAD64606F1020607FBE0
:105AB000066CCCF1005C4FEA1C472CEA074C07FB54
:105AC00006F40CFB06F504EB15464FEA961634BFB8
:105AD00000204FF000404FEAD13706FB07FC4FEAA9
:105AE0001C4C0CFB0BF7D21B03FB0CF761EB070103
:105AF0000CFB0EF7B0EB074072EB17420CFB08F7FC
:105B000034BFA2EB0742B2EB074261EB17414FEA09
:105B10000C444FEA910706FB07FC4FEA1C4C0CFBB8
:105B20000BF7B0EBC74072EB573203FB0CF734BFF7
:105B3000A2EBC742B2EBC74261EB57310CFB0EF749
:105B4000B0EBC70072EB57720CFB08F734BFA2EB47
:105B5000C702B2EBC70261EB5771039F4FEA816145
:105B600041EA921104EBCC044FEAD1374FEA82624A
:105B700006FB07FC42EA90124FEA80604FEA1C4C99
:105B80000CFB0BF7D21B03FB0CF761EB07010CFBC3
:105B90000EF7B0EB074072EB17420CFB08F734BF6F
:105BA000A2EB0742B2EB074261EB17414FEA8C557B
:105BB0004FEA910704EB9C2406FB07FC4FEA1C4CC0
:105BC0000CFB0BF7B0EBC74072EB573203FB0CF743
:105BD00034BFA2EBC742B2EBC74261EB57310CFBBB
:105BE0000EF7B0EBC70072EB57720CFB08F734BF2F
:105BF000A2EBC702B2EBC70261EB577115EB4C2564
:105C00004FEA816141EA92114FEA82624FEAD1374D
:105C100042EA901206FB07FC44F100044FEA806060
:105C20004FEA1C4C0CFB0BF7D21B03FB0CF761EB90
:105C300007010CFB0EF7B0EB074072EB17420CFBB1
:105C400008F734BFA2EB0742B2EB074261EB174102
:105C500015EB1C154FEA813141EA92414FEA82323D
:105C600042EA90424FEA80304FEA0C7644F1000459
:105C700048EA03434EEA0B484FF0000EB2EB080C23
:105C800071EB030724BF624639464EEB0E0E4FF010
:105C9000000B0018524149414BEB0B0BB2EB080CC7
:105CA00071EB03077BF1000B24BF624639464EEBD4
:105CB0000E0E4FF0000B0018524149414BEB0B0BFD
:105CC000B2EB080C71EB03077BF1000B24BF6246BB
:105CD00039464EEB0E0E51EA020718BF46F0010698
:105CE00016EB0E7655F1000254F1000103D5BDE824
:105CF0008901BDE80088BDE88901BDE80048B61902
:105D0000524141EB0101A3F10103704780807F7E86
:105D10007D7C7B7A79787776767574737271717021
:105D20006F6E6E6D6C6C6B6A6A69686867666665D3
:105D30006464636362616160605F5F5E5E5D5D5C61
:105D40005C5B5B5A5A5959585857575656555555D2
:105D50005454535352525251515050504F4F4F4E32
:105D60004E4D4D4D4C4C4C4B4B4B4A4A4A49494980
:105D700048484847474747464646454545444444C2
:105D8000444343434342424242414141002B9C46EB
:105D900030D477002BD01CB54FEA370703B44FF04F
:105DA00010004FF01001BAF1000F06D0BCF1000F47
:105DB000DCBF40F0080040F008014FF000000FBCCD
:105DC000BDE810400BF1010BBBF1010F08BF5FEA0A
:105DD000170722BF12F1010211F101014FF000413A
:105DE00043F1000300F0004043EA00007047F9D39C
:105DF0005708D0E746EA064613F1400F4FEA164629
:105E00001FDD13F1200FDFBF16430A4600212033A8
:105E10005B42BED0C3F1200746EA064602FA07F706
:105E20004FEA164646EA0706C3F1200722FA03F2B4
:105E300001FA07F721FA03F14FF0000342EA0702E3
:105E4000A7E746EA020646EA06464FEA164646EA4B
:105E50000106BCBF46EA0646360C4FF000034FF081
:105E600000024FF0000194E72DE9804C9A469346DA
:105E700070B491E8380007C831EA400C48BF34EAF2
:105E8000430C03D5FFF7E6FDFFF780FFF0BCBDE84C
:105E9000008C2DE9804C9A46934670B491E8380006
:105EA00007C810F0804F08BF13F0804F03D100F0F7
:105EB00005F8FFF76BFFF0BCBDE8008C20F07F47D2
:105EC00080EA030023F07F4C07EB0C03A3F57C531F
:105ED00000F00040A3F1FE0392F0000F00F0B38049
:105EE00095F0000F00F077802DE901494FEA11404D
:105EF0004FEA144621EA004800FB06FC24EA064764
:105F000008FB06F607FB08F800FB07F718EB064846
:105F10004CEB164C4FEA124B18EB07484FEA15466C
:105F20004CEB174022EA0B4E0BFB06FC25EA06471A
:105F30000EFB06F607FB0EFE0BFB07F71EEB064EED
:105F40004CEB164C4FF000061EEB074E4CEB174B7C
:105F500018EB0B0840F1000018EB0E0B58EB000893
:105F600040F100008F1A4FF000013CBFC943661B8F
:105F700014BFB5EB040C00213CBFC943F61B4FEA2C
:105F800017444EEA8E0E27EA04454FEA1C4704FBED
:105F900007622CEA074C05FB07F70CFB05F604FB30
:105FA0000CFC16EB074642EB174216EB0C4642EB95
:105FB0001C421BEB060658EB0202414146EA9E06D4
:105FC00001D5BDE80189B619524141EB0101A3F1A8
:105FD0000103BDE801894FEA14454FEA114724EA5D
:105FE000054621EA074C05FB07F406FB07F70CFB07
:105FF00006F105FB0CFC11EB074144EB17444FEA9B
:10600000124711EB0C4144EB1C4422EA074C05FB00
:1060100007F206FB07F70CFB06F605FB0CFC16EB7C
:10602000074642EB174216EB0C4642EB1C456A183A
:1060300054F1000148BF7047B619524141EB0101CC
:10604000A3F10103704795F0000F37D04FEA1142DA
:106050004FEA144721EA024624EA074C02FB07F103
:1060600006FB07F70CFB06F402FB0CFC14EB0744E1
:1060700041EB17414FEA154714EB0C4441EB1C412F
:1060800025EA074C02FB07F506FB07F70CFB06F6B3
:1060900002FB0CFC16EB074645EB174516EB0C46CE
:1060A00045EB1C42121951F1000148BF7047B61967
:1060B000524141EB0101A3F1010370474FEA14453E
:1060C0004FEA114724EA054621EA074C05FB07F190
:1060D00006FB07F70CFB06F24FF0000605FB0CFC75
:1060E00012EB074241EB174112EB0C4251EB1C4102
:1060F00048BF7047921841EB0101A3F101037047BB
:1061000010B5044802F072FDBDE81040024802F0EC
:106110006DBD0000FC0200206803002010B5846AF9
:10612000E16D11F0500F06D0E16DC90625D520466E
:1061300002F05AFD10BDE06D40F40070E06520688B
:106140000168090716D508F03DF878B12068C068E5
:10615000800400280ADBE06D20F48070E065E06DCB
:10616000C00403D4E06D40F00100E065204602F079
:1061700039FD10BDC0688007EBE7616D496BBDE874
:106180001040084710B5806AC16D41F04001C165FB
:10619000016E41F00401016602F026FD10BD10B54C
:1061A000806A02F020FD10BDF8B504460020009082
:1061B0002068816811F0010F4AD18168254A114297
:1061C00037D18168D5432940491C81602068B0F1EE
:1061D000A04F02D02049884201D1204800E0204849
:1061E000806800F0E07000020DD51E481E4900686E
:1061F000B0FBF1F0401C00EB4000800000E0401ECE
:1062000000900028FBD104F0F7FA06461BE08168F5
:1062100011F0010F03D181682940491C816004F00D
:10622000EBFA801B02280ED920680068C043C00723
:1062300009D0E06D40F01000E065206E40F00100F4
:1062400020660120F8BD20680168C943C907DED176
:106250000020F8BD3F000080000100500003005006
:1062600000070050C4000020400D0300FEE70000BE
:1062700070B51A4D04462888401C80B20521B0FB39
:10628000F1F2288001FB120018B90021204608F025
:10629000EDFF94ED4D1AD4ED401A95ED010A71EE23
:1062A000610AF4EEC00AF1EE10FA02DD31EE400AA6
:1062B00008E0B1EE402AF4EEC20AF1EE10FA04D280
:1062C00031EE000A84ED4D0A01E0C4ED4D1A20467E
:1062D000BDE8704000210BF047B800009802002094
:1062E000002070470020704710B50022044905487F
:1062F00009F021FE0449034809F014FE002010BDF6
:106300003426002064190020341E002070B50C468D
:106310000C4905460868401C086029460A4822685E
:10632000FEF7B4F82068082803D1002106480DF0D4
:106330001DFE2946054809F0F5FD044809F0BAFD9F
:10634000002070BD440100205C370020641900204B
:1063500000207047094A10B5D2F8BC22D2F81422A6
:106360000AB1012010BD0A460146044809F0E3FDC8
:10637000BDE81040014809F048BE00006419002043
:106380002DE9F05F05462DED0C8BADF5564D0E4613
:106390004FF428644FF0280AFE4890EDEB0AB8EE5F
:1063A000C00A9FEDFDAA20EE0A0ADFEDFC0A4DF2BD
:1063B0004C204FF48071C0EE20BA6844FEF7DDF83F
:1063C0004DF24C304FF400716844FEF7D6F8DFED23
:1063D000F48AF448F3EE080AF34F90ED2F0A0DF516
:1063E0007050F6EE00AA20EE200AD6ED030A80EEE9
:1063F00020CAB0EE680A80EDC70AC0EDC3AA87EDD7
:10640000000AFFF76DFA3846B0EE409A90ED000AA8
:10641000FFF71AFA0DF540534DF24C2105F1EC004F
:10642000B0EE408A4FF480726944C3F8440FFEF71F
:1064300072F843F61C726A4402F10801081FF0EE7C
:10644000681AB0EE4C1AF0EE490AB0EE480A0CF0A9
:1064500059FC0DF5705343F60C726A4402F10801C1
:1064600096ED030A081FD3EDC71A93EDC91AD3EDB1
:10647000C80A07F019FF96F8A4009FEDCC8A0028FF
:106480000DF5705090EDC40A20EE081A06D090ED7C
:10649000C50A60EE080A90EDC30A05E090EDC30A54
:1064A00060EE080A90EDC50A20EE080A07F036FAF9
:1064B000BFA00DF049FD4FF4FA6003F0D1F9DFED14
:1064C000CACA2846B0EE6C0A00F0ECFDC7480DF0D1
:1064D0003BFDC7A00DF038FD4FF00009F2EE049A25
:1064E000DFF8C482002700BF98ED000A30EE2B0AC7
:1064F00088ED000AFFF7F4F9B0EE409A98ED000A33
:10650000FFF7A2F943F61C726A4402F10801081F62
:10651000F0EE681AB0EE4C1AF0EE490A0CF0F2FBFD
:106520000DF5705343F60C726A4402F1080196EDC2
:10653000030A081FD3EDC71A93EDC91AD3EDC80A91
:1065400007F0B2FE96F8A40000280DF5705090ED0B
:10655000C40A20EE081A06D090EDC50A60EE080ABB
:1065600090EDC30A05E090EDC30A60EE080A90EDD5
:10657000C50A20EE080A07F0D1F964200CF09CFB54
:106580007F1C5745B0DBB0EE6C0A284600F08AFD50
:10659000DFF800B295ED030AD5ED040A9BEDEBDAC6
:1065A000814830EE209AF8EECD0AD0ED00DA02A94B
:1065B00001EB89008DEEA00A42F608226A4430EE13
:1065C000490A80ED000AB5F8CC1022F8191019EE2E
:1065D000100A10F053F8F8EECD0A074688468DEE03
:1065E000A00A10EE100A10F049F841EC100BCDE9AA
:1065F000007853EC102B8AA00DF0A6FC9BEDEB0A63
:106600006948CD23F8EEC00A90ED001A001D81EE16
:10661000200A037005234370082320EE290ABDEEEB
:10662000C00A10EE101A29EE290A8170090AC170F9
:10663000BDEEC00A10EE102A0271110A4171DC2170
:10664000C171DBF804200146794802F5E0620CF0E4
:1066500045FA09F10109A145FFF642AF4FF00009E3
:10666000DFF84481002700BF98ED000A30EE6B0A86
:1066700088ED000AFFF734F9B0EE409A98ED000A71
:10668000FFF7E2F843F61C726A4402F10801081FA2
:10669000F0EE681AB0EE4C1AF0EE490A0CF032FB3C
:1066A0000DF5705343F60C726A4402F1080196ED41
:1066B000030A081FD3EDC71A93EDC91AD3EDC80A10
:1066C00007F0F2FD96F8A40000280DF5705090ED4B
:1066D000C40A20EE081A06D090EDC50A60EE080A3A
:1066E00090EDC30A05E090EDC30A60EE080A90ED54
:1066F000C50A20EE080A07F011F964200CF0DCFA54
:106700007F1C5745B0DBB0EE6C0A284600F0CAFC8F
:1067100095ED030AD5ED040A9BEDEBDA224830EE45
:10672000209AF8EECD0AD0ED00DA43F64C716944B8
:106730008DEEA00A01EB89004BF64C526A4430EE14
:10674000490A80ED000AB5F8CC1022F8191019EEAC
:10675000100A0FF093FFF8EECD0A074688468DEE3B
:10676000A00A10EE100A0FF089FF41EC100BCDE9E2
:10677000007853EC102B2AA00DF0E6FB9BEDEB0A02
:106780000948F8EEC00A90ED001A81EE200A20EECA
:10679000290A4FE05C2F0020DB0FC9400000D247E0
:1067A000000000005C2E0020C40200209A99193FCE
:1067B000202D2D2D2D2D2D2D2D2D2D2D2D2D2D2D16
:1067C0002D2D2D2D2D2D53544152542D2D2D2D2D4C
:1067D0002D2D2D2D2D2D2D2D2D2D2D2D2D2D2D2DE9
:1067E000200A0D0A0D00000017B75138546C01083B
:1067F0002043757272656E7420416E676C65203A35
:1068000020526F746F7220416E676C65203A20527F
:10681000617720456E636F646572200A0D0A0D0072
:10682000732C252E34662C252E34662C6500000032
:1068300024050020BDEEC00A001DCD2310EE101A65
:1068400029EE290A037005234370BDEEC00A81704A
:10685000090A10EE102AC1700271110A4171DC217F
:10686000C171DBF8042001460823994802F5E06273
:106870000CF034F909F10109A145FFF6F1AEB6EECD
:10688000001AF6EE000AB6EE000A07F047F843F6E3
:106890004C77B0EE688A0020F0EE000A02A96F443F
:1068A00001EB8002884692ED000A221A07EB820271
:1068B000401C12ED011AA04230EE011A00EE104AFF
:1068C000B8EEC00A60EE201A81EE210A30EE088A86
:1068D000E6DBDFF800A29AEDEB0AB8EEC00A20EE84
:1068E000080A10EE100A0FF0C9FE41EC100B9FEDE4
:1068F0007A1B0AF00BFE51EC100B0FF0CBF800EEF8
:10690000100AB5EEC00AF1EE10FA01D230EE0A0A12
:10691000734846F64C1185ED020A80ED010A00200D
:106920004246694402EB800393ED000A231A07EB09
:10693000830353ED010A01EB8003401C30EE200A73
:10694000A04220EE2A0A83ED000AEBDB00279FED30
:10695000658A49F24C398B46E9440021621E5B4648
:1069600009EB8708C819403801D5204402E090425D
:1069700000DD001B03EB800098ED000AD0ED000A5B
:10698000491C802900EE880A88ED000AEADB802F86
:1069900018DA03EB8700D8ED000A90ED000A70EEDC
:1069A000600A9AEDEB0AB8EEC00A20EE800A0BF0FE
:1069B000B9F94DF24C3120EE0B0A694401EB870026
:1069C00080ED000A00EE104AD8ED000A7F1CB8EEF8
:1069D000C01AA74280EE810A70EE288ABDDB0DF551
:1069E0000050B0F9081A4BF64C50684400EB4400D4
:1069F00030F9020C084400EBD07047103AA00DF0BB
:106A0000A3FA45A00DF0A0FA4DF24C28CB46002485
:106A1000E844D14604EBE7127F2A00DD803AD9F83A
:106A2000AC1361430BEB8100214690ED000A70EE40
:106A3000680A95ED340AB8EEC00A20EE800AC0EE6E
:106A40000A0ABDEEE00A10EE100A03B228F812306E
:106A50003EA00DF079FA641C802CDBDB0DF5405074
:106A60004FF480752A4644464146D0F8440FFDF75E
:106A700052FD18482A4621461430FDF74CFD96F881
:106A8000A410C9F8001008F0A1FB142002F0E8FEE1
:106A900032A00DF059FA142002F0E2FE0DF520505C
:106AA0009DED020AD0ED810A2E4930EE600AB0EE6B
:106AB000C00A10EE100A884206DD03200DF5564D7F
:106AC000BDEC0C8BBDE8F09F02200DF5564DF7E7AD
:106AD000240500205C2F002000000060FB211940ED
:106AE0005C2E00200000003C0A0D20456E636F64A0
:106AF0006572206E6F6E2D6C696E65617269747956
:106B000020636F6D70656E736174696F6E20746160
:106B1000626C650A0D0000002053616D706C652089
:106B20004E756D626572203A204C6F6F6B757020E8
:106B3000496E646578203A204C6F6F6B75702056F3
:106B4000616C75650A0D0A0D0000000025642020A7
:106B50002025642020202564200A0D00732C732C2E
:106B6000652C65000000C0402DE9F04F0C462DED6E
:106B7000088B89B0074606F0FBFE9FEDC58AC54825
:106B8000F3EE080AC44D90ED2F0AB0EE489A20EEBD
:106B9000200AD4ED030A8DED028A80EE20AAB6EE1B
:106BA000000A8DED050A85ED008AB0EE480AFEF771
:106BB00097FEF0EE408A95ED000AFEF745FE02AA28
:106BC00004A903A8F0EE491AB0EE4A1AF0EE680ADA
:106BD0000CF098F894ED030A05AA07A906A8DDEDC4
:106BE000021A9DED041ADDED030A07F05DFB9DED31
:106BF000060ADFEDAA8A20EE281A9DED070A60EE4C
:106C0000280A9DED050A20EE280A06F087FE4FF4BB
:106C1000FA6002F025FE9FEDA2BA3846B0EE4B0AAC
:106C200000F040FA012002F01BFEDFED9EAA9E4E0E
:106C300095ED000A37E000BFFEF752FEF0EE409AF5
:106C400095ED000AFEF700FE02AA04A903A8F0EEE3
:106C5000491AB0EE4A1AF0EE690A0CF053F894EDB6
:106C6000030A05AA07A906A8DDED021A9DED041A7C
:106C7000DDED030A07F018FB012002F0F1FD9DEDA8
:106C8000060A20EE281A9DED070A60EE280A9DEDFF
:106C9000050A20EE280A06F041FE95ED000A30EEC6
:106CA0002A0A85ED000A10EE100AB042C4DBDFF8B4
:106CB000E8A185ED008ADFF8F4910AF1040A4FF0AB
:106CC000DC0BA846A0E000BFFEF70AFEF0EE409AFB
:106CD00098ED000AFEF7B8FD02AA04A903A8F0EE99
:106CE000491AB0EE4A1AF0EE690A0CF00BF894ED6E
:106CF000030A05AA07A906A8DDED021A9DED041AEC
:106D0000DDED030A07F0D0FA012002F0A9FD9DEDA8
:106D1000060A20EE281A9DED070A60EE280A9DED6E
:106D2000050A20EE280A06F0F9FDB0EE4B0A3846B7
:106D300000F0B8F997ED030AD7ED040A70EE209A37
:106D400019EE900A0FF09AFC99EDEB0A98ED001AF3
:106D50000546F8EEC00A0E4681EE200A10EE100A33
:106D60000FF08CFC41EC100BCDE9005653EC102BCE
:106D70004FA00DF0E9F899EDEB0A98ED001ACD233C
:106D8000F8EEC00A8AF8003001238AF8013081EE5B
:106D9000200AF2EE040A40490823091D20EE200AC9
:106DA000BDEEC00A10EE102A29EEA00A8AF80220D1
:106DB000120A8AF80320BDEEC00A10EE100A8AF803
:106DC0000400000A8AF805008AF807B0D9F8042000
:106DD0003B4802F5E0620BF081FE98ED000AB5EE4B
:106DE000C00AF1EE10FA02DDF0EE400A01E0F1EE29
:106DF000400A10EE900A3349884201DAB0EE698AFF
:106E000030EE2A0A88ED000A98ED000A264A10EEB4
:106E1000101A9142FFF658AFB5EE001AF5EE000ACF
:106E2000B5EE000A06F07AFD97ED030AD7ED040AE5
:106E300030EE200A30EE480AB5EEC00AF1EE10FA44
:106E400001DD012600E00026142002F009FD1EA04D
:106E50000DF07AF8CD218AF80010FD218AF8011092
:106E60008AF807B00C49D9F804204D460823091DBB
:106E7000134802F5E0620BF031FE142002F0F0FC42
:106E800084F8A4602E6009B0BDEC088BBDE8F08FDB
:106E9000000000005C2E0020C40200209A99193FD7
:106EA00017B751380AD7233CDB0F49415C2F00202C
:106EB000732C252E34662C252E34662C630000009E
:106EC00024050020ACC52737732C732C632C63007A
:106ED0001C4991ED060A80ED000A91ED050A80ED4E
:106EE000010A91ED090A80ED020A91ED080A80ED90
:106EF000030A91ED0B0A80ED060A91ED0A0A80ED76
:106F0000070A91ED0D0A80ED080A91ED0C0A80ED5B
:106F1000090A91ED0F0A80ED040A91ED0E0A80ED49
:106F2000050A91ED0B0A80ED0A0A91ED0A0A80ED3F
:106F30000B0A91ED1D0A80ED0E0A91ED0A0A80ED13
:106F40000F0A70475C2E0020014802F070BB000061
:106F5000AC040020014802F06ABB00007808002061
:106F60000D4902688A4201D20C4901E00B492031E7
:106F7000D2B21423083AB2FBF3F2436C02F01F02C0
:106F800023F003031944816404498031C164012161
:106F9000914001657047000008040240000802406B
:106FA0000179074A02EB81024265054A4432491ED3
:106FB000826501F01F0201219140C1657047000008
:106FC000FC08024030B5D0E913456560446D14B14A
:106FD000D0E91645656090F8444004F01F0501248F
:106FE000AC40056C6C60046863608368102B0368B8
:106FF00003D099600068C26030BD9A600068C160CB
:1070000030BD70472DE9F04116462DED028BB0EEF4
:10701000408A0F460446002506F068FCC4F8D0708C
:10702000C4F8E46084ED028A4FF6FF70C4F8D450CF
:10703000C4F8E8009FED180A84ED048A84ED050A7F
:1070400084ED060A84ED070A0020C4F8CC5000BF86
:1070500004EB8001401C81ED080A2828F8DB0F4D65
:10706000DFED0F0A04F5FC7095EDA70AB8EEC00A33
:1070700084ED7B0A0BF0AEFF95F88402400606D53E
:10708000BDEC028B2046BDE8F0410BF040BDBDECED
:10709000028BBDE8F0810000000000005C2F0020A2
:1070A00000409C4610B504462DED028B82B04FF691
:1070B000FF70B0EE408AADF8000006F01DFC012222
:1070C00001A9684606F004FC06F010FCBDF80400B7
:1070D0005949C0F30D00C4F8CC00D1F8B01321B960
:1070E000D4F8D010081AC4F8CC00014653480278EE
:1070F000DFED531A8AB100EE101A0022B8EEC00A72
:1071000060EE210A94ED340AB8EEC01A80EE810ACE
:1071100084ED050A84ED060A027000EE901A94EDE3
:10712000050A484BF8EEE00A84ED060AD4F8D000D0
:1071300020EEA11A00EE900AB8EEE02AC1EE020A93
:10714000C4ED050A70EEC00A10EE902A9A4203DDE3
:10715000D4F8D420521E07E010EE902A12F17F5F7F
:10716000D4F8D42002D9521CC4F8D420424300EEF3
:10717000102AB8EEC01A00EE101AB8EEC00A31EEAE
:10718000000A20EE211A00EE100AB8EEC02A81EEA5
:10719000020A84ED000A84ED030A00EE100AD4F816
:1071A000E42094ED021AB8EEC00A4A4392FBF0F1D3
:1071B00081EE802A00FB112000EE100AB8EEC00A12
:1071C00002EE001AB5EEC01AF1EE10FA02D231EE5C
:1071D000211A06E011EE100A1B49884201DD31EE4A
:1071E000611A10EE900A194984ED011A884202D9F9
:1071F00030EEA10A06E010EE900A1549884204DD3F
:1072000030EEE10A20EE080A01E020EE880AD4ED13
:107210007B0AF5EEC00AF1EE10FA01DD012100E073
:10722000002104F5FC700CF00DFD84ED300A02B075
:10723000BDEC028B10BD00005C2F0020D0000020B0
:10724000DB0FC94000004040DB0FC940DB0FC9BF66
:10725000DB0FC93F2DE9F04116462DED028BB0EE54
:10726000408A0F460446002506F04CFBC4F8D07057
:10727000C4F8E46084ED028A4FF6FF70C4F8D4507D
:10728000C4F8E8009FED120A84ED048A84ED050A33
:1072900084ED060A84ED070A0020C4F8CC5000BF34
:1072A00004EB8001401C81ED080A2828F8DB09481E
:1072B000DFED090A90EDA70A04F5FC70B8EEC00AEC
:1072C00084ED7B0ABDEC028BBDE8F0410BF082BE81
:1072D000000000005C2F002000409C4610B50446D2
:1072E0002DED028B82B04FF6FF70B0EE408AADF804
:1072F000000006F00DFB012201A9684606F0DAFA4B
:1073000006F000FBBDF804005949C0F30D00C4F8B5
:10731000CC00D1F8B01321B9D4F8D010081AC4F8B1
:10732000CC00014653484278DFED531A8AB100EE93
:10733000101A0022B8EEC00A60EE210A94ED340A59
:10734000B8EEC01A80EE810A84ED050A84ED060AC3
:10735000427000EE901A94ED050A484BF8EEE00AF0
:1073600084ED060AD4F8D00020EEA11A00EE900AAF
:10737000B8EEE02AC1EE020AC4ED050A70EEC00ABA
:1073800010EE902A9A4203DDD4F8D420521E07E072
:1073900010EE902A12F17F5FD4F8D42002D9521C4B
:1073A000C4F8D420424300EE102AB8EEC01A00EE12
:1073B000101AB8EEC00A31EE000A20EE211A00EED3
:1073C000100AB8EEC02A81EE020A84ED000A84EDAC
:1073D000030A00EE100AD4F8E42094ED021AB8EE85
:1073E000C00A4A4392FBF0F181EE802A00FB112093
:1073F00000EE100AB8EEC00A02EE001AB5EEC01A8E
:10740000F1EE10FA02D231EE211A06E011EE100A66
:107410001B49884201DD31EE611A10EE900A1949CC
:1074200084ED011A884202D930EEA10A06E010EE7E
:10743000900A1549884204DD30EEE10A20EE080A80
:1074400001E020EE880AD4ED7B0AF5EEC00AF1EEE9
:1074500010FA01DD012100E0002104F5FC700CF0C0
:10746000F1FB84ED300A02B0BDEC028B10BD0000D0
:107470005C2F0020D0000020DB0FC94000004040FE
:10748000DB0FC940DB0FC9BFDB0FC93FC0F8E420E9
:10749000C0F8D010002380ED020A4FF6FF71C0F84B
:1074A000D430C0F8E81080ED040A9FED090A1946AF
:1074B00080ED050A80ED060A80ED070AC0F8CC30A1
:1074C00000EB8102491C82ED080A2829F8DB70478D
:1074D0000000000072B6FEE7014802F044BB000065
:1074E00024050020F0B5D1E901650C692C430D6835
:1074F000C6B145F080452C43D1E90665354391F886
:1075000020704E69406D46EA076635438E8903EB6D
:10751000C30300EBC30045EA0645E0E8024500234B
:107520000B4D0FE044EA8544E6E7D418D65CE778D3
:1075300046EA0766A77864783F0447EA04242643AE
:1075400040C01B1DCC682C5D9C42EED8F0BD0000F5
:107550006E680108144A117F1448012901D00329DB
:107560000FD1036823F400730360036843F40063DE
:107570000360036823F400630360036843F400734B
:107580000360022901D003290BD1016841F4805125
:107590000160016821F480510160016841F480615B
:1075A0000160002010777047880000200020024012
:1075B0000C490A6A520210D5C20703D04A6942F048
:1075C00004024A61800703D5486940F400404861DD
:1075D000486940F4803048617047486948F20402C5
:1075E0001043F4E7002002400E4A136A5B0201D503
:1075F000C90703D0516921F4006102E0516941F4E7
:10760000006151615169C0B221F47E7141EAC0004C
:107610005061506940F002005061506940F4803080
:107620005061704700200240054910B54C6944F094
:1076300001044C610260BFF36F8F436010BD000016
:1076400000200240094A10B55469402344F48024C4
:107650005461EFF3108272B610C95B1E10C013F0B4
:10766000FF03F9D182F3108810BD00000020024012
:1076700070B5064603F0C0F80546134C07E000BF9E
:1076800003F0BAF8401BB04201D9032070BD206955
:10769000C003F5D420694CF2FA3108400CD00B49F4
:1076A0004A6802434A60010F01D0A169A16101014A
:1076B00000D02061012070BD2069C00701D00120E9
:1076C0002061002070BD00000020024088000020E2
:1076D00070B5B3EE080A2DED028B044680ED030A67
:1076E0009FED710A80ED240A80ED230A6F48D0EDEA
:1076F000100AC4ED330AD0ED120AC4ED340AD0EDFD
:10770000170AC4ED370AD0ED110AC4ED350AD0EDE1
:10771000130AC4ED360A84ED320A84ED310AD0ED45
:10772000140AC4ED380AD0ED250AC4ED530AD0ED91
:10773000260AC4ED540AD0ED180AC4ED520AD0ED61
:10774000150AC4ED570AD0ED270AC4ED3D0AD0ED65
:10775000280AC4ED3F0AD0ED160AC4ED410AF2EE44
:107760000E0AC4ED470AF1EE040AC4ED490ADFED42
:10777000500AC4ED480ADFED4F0A0021C4ED4B0A60
:1077800084F83011D0ED190A04F58065C4ED2A0A99
:10779000D0ED1A0AC5ED050AD0ED1B0AC4ED1A0A90
:1077A00084ED1B0A84ED190A84ED180A90ED220A73
:1077B00085ED0D0A90ED230A85ED0C0A90ED240A63
:1077C00085ED0E0A90ED2A0A85ED0F0A90ED300A3C
:1077D00085ED100A90ED2D0A9FED378A20EE080AFC
:1077E000BCEEC00A10EE101AC4F84C1490ED2B0A2F
:1077F00085ED110A90ED2C0A85ED120A90ED3A0AFA
:1078000085ED140A90ED310A85ED150A90ED360AE2
:1078100085ED160A90ED330A85ED170A90ED350ACD
:1078200085ED180A90ED320A244885ED190A90ED8D
:10783000A60AB8EEC00A85ED1A0AD0EDA80AF8EE3D
:10784000E00AC5ED360AD0EDA70A04F26C40F8EE66
:10785000E00AC5ED370AF0EE480A0BF0BBFB95EDE8
:107860001A0AF0EE480A04F592600BF0B3FB95EDAE
:107870001A0AF0EE480A04F2B4400BF0ABFB95EDA7
:10788000360AF0EE480A04F59C600BF0A3FB95ED78
:10789000370AF0EE480ABDEC028B04F20450BDE852
:1078A00070400BF097BB0000000000005C2E002031
:1078B0006F12833ACDCCCC3D00409C465C2F00201B
:1078C0002DE9F04104462DED028B90F8A4309FED98
:1078D000ED0AD0F8AC10D0F8B800D4F8BC20091AE2
:1078E00000EE901AD4F8B000F8EEE00A801A60EECC
:1078F000800A73B101EE100AB8EEC11A21EE000A37
:1079000084EC020AF1EE600A30EEC00A84ED020A4D
:107910000FE001EE100AC4ED020AB8EEC11A21EE22
:10792000000A84ED000AB1EE400A30EE600A84EDF0
:10793000010A94ED060AFDF7D3FFB0EE408A94EDFC
:10794000060AFDF781FFD04AF0EE408A136804F181
:107950002C01081F0026CD4D9FEDCD5A062B48D097
:107960001268F0EE480A94EC031A072AB0EE680A8F
:1079700063D00BF07FF8C749D5ED010A5FF0010035
:1079800091ED040A30EEC00A85ED010AC0F104024F
:1079900001EB8202D2ED000AC0F1050201EB820286
:1079A000401CC2ED000A0528F0DBD4ED0B0AB1EE55
:1079B000041AC1ED000A30EE800A85ED010AC0EE1E
:1079C000011AC4ED161A94ED310A94ED0A1A30EE3C
:1079D000412A84ED272A94ED320A94ED1A1A70EEAA
:1079E000601AF4EEC11AF1EE10FA29D2F0EE612A13
:1079F00028E094EC031AF0EE480AB0EE680A0BF0A7
:107A000039F884ED195AB5F9020000EE100AB8EE03
:107A1000C00ADFEDA10A20EE200AFDF761FFF7EEB4
:107A2000080A20EE200A84ED180A6888401C00B27B
:107A30006880282800DB6E80B2E00BF01BF8AFE016
:107A4000F0EE412AB1EE410AF4EEC02AF1EE10FA4E
:107A500007DDF4EEC11AF1EE10FA04D2B0EE611AAD
:107A600001E0B0EE401A84ED281AB5EEC01AF1EE2E
:107A700010FA01DCB1EE411A94ED380AB4EEC01AE6
:107A8000F1EE10FA01D284ED285AB5EEC02AF1EEDB
:107A900010FA01DCB1EE422AB4EEC02AF1EE10FA7F
:107AA00001D284ED275AD4ED231AD4ED350A94ED92
:107AB000270A40EE801AC4ED231A94ED242AD4ED4F
:107AC000360AD4ED283A00EEA32A84ED242A94ED58
:107AD000373AD4ED032A23EE221AB4EEE11AF1EE7E
:107AE00010FA02DDF0EE610A01E0F0EE410A23EE49
:107AF000624AF4EEC40AF1EE10FA07DDB4EEE11AC0
:107B0000F1EE10FA04DCF0EE411A01E063EE621AC5
:107B1000B4EEC21AF1EE10FAC4ED231A02DDF0EE53
:107B2000420A01E0F0EE410A23EE624AF4EEC40A92
:107B3000F1EE10FA07DDB4EEC21AF1EE10FA04DD30
:107B4000B0EE421A01E023EE621A84ED241AD4ED5D
:107B5000330A20EE800A84ED260AD4ED340A20EEA2
:107B6000A32A70EE210A84ED252AC4ED180A32EE0C
:107B7000010A60EEA00A84ED190A40EE000AB0EE98
:107B8000600A0AF0D4F984ED1C0A94ED030ADFEDD3
:107B9000430A04F16401081F20EE200A0BF0B8FA32
:107BA00004F18802111FD4ED191A94ED181A081F58
:107BB000F0EE480AB0EE680A0BF0A4F804F1800079
:107BC000021FD0EC030A111F94ED030A0C3806F0D3
:107BD0006BFB3348334D94ED1D1A00684FF00108DC
:107BE000022710B3D4ED1E0A94ED1F0A05F096FE8D
:107BF000D4ED1D0A94ED1E0AF4EEC00AF1EE10FA5F
:107C000006DB94ED1F1AF4EEC10AF1EE10FA22DA47
:107C1000B4EEE00AF1EE10FA2BDBD4ED1F0AB4EE5D
:107C2000E00AF1EE10FA26DA23E0D4ED1F0A94ED13
:107C30001E0A05F073FED4ED1D0A94ED1E0AF4EE43
:107C4000C00AF1EE10FA08DB94ED1F1AF4EEC10A37
:107C5000F1EE10FA01DB2F700FE0B4EEE00AF1EE66
:107C600010FA08DBD4ED1F0AB4EEE00AF1EE10FAC8
:107C700001DB2E7001E085F800802F70BDEC028BD7
:107C8000BDE8F081FFFFA4BC60020020C800002016
:107C900000000000D80800207CD9203E36CD133FDC
:107CA0005C2F00206A000020704700002DE9F84F8B
:107CB0004FF000090446CDF800900D4694F8582086
:107CC000DFF8EC8361694F464846012A0AD0012655
:107CD000F84A84F8586041B1296A012905D0A36E99
:107CE000EBB129E00220BDE8F88F6868092838D197
:107CF000A96A4FF4785041B12B6801F07C0100EA89
:107D000053400843E96A084302E0296800EA514009
:107D10002368D96C11400143D964606621E0C4E94D
:107D20001971A96A286A31B101F07C01401E08432B
:107D3000E96A084300E0401E29682B79C1F3846199
:107D400003F01F0399400143A06E401EA066636EBE
:107D500043EA0103636604D12168C86C10401843EC
:107D6000C864206806F022FA58B995F8250098B141
:107D70002068C16895F8262021F4401141EA42515B
:107D8000C160206806F01AFA8246206806F00EFAF2
:107D90005AEA00000DD0FCE095F8260095F8241072
:107DA000400540EA01512068C26822F440121143A4
:107DB000E6E7A86A30B1E86A20B195F82500012805
:107DC0005ED003E095F82500012804D02068C16842
:107DD00021F0007103E02068C16841F00071C160CA
:107DE00095F83000012852D02068016921F0020185
:107DF0000161AA6829682068B2F1004F38D006F006
:107E0000F8F92068416921F0004141612068696901
:107E1000C268C2F3C102520091402A69042A45D0C7
:107E200000EB82002B68026EDFF88CC203F0F8438F
:107E300002EA0C020B431A4342F00041016620683B
:107E40002A69A96900EB8200026E22F080720A435F
:107E50000266297F22682869012924D05FF0000189
:107E600002EB8000026E22F000720A43026690E08C
:107E7000002206F0BEF92068416941F00041C4E7E4
:107E8000E06D40F02000E0654FF00109A8E7D5E97A
:107E90000D01084321680A6922F4FF7242F00202D0
:107EA00010430861A5E74FF00071D9E7002106F003
:107EB00073F9400320684FF0000172D006F06CF9AE
:107EC00090FAA0F0B0FA80F1286842036ED090FAE0
:107ED000A0F0B0FA80F0814204D10022114620685F
:107EE00006F09EF90121206806F056F9400320684B
:107EF0004FF001015DD006F04FF990FAA0F0B0FA12
:107F000080F12868420359D090FAA0F0B0FA80F0CE
:107F1000814204D100220121206806F081F902216A
:107F2000206806F039F9400320684FF0020148D07C
:107F300006F032F990FAA0F0B0FA80F12868420316
:107F400044D090FAA0F0B0FA80F0814204D100222F
:107F50000221206806F064F90321206806F01CF96C
:107F6000400320684FF0030133D006F015F990FA72
:107F7000A0F0B0FA80F1286842032FD090FAA0F068
:107F8000B0FA80F0814204D100220321206806F07B
:107F900047F92068816811F0010F22D0B5E000E0B8
:107FA00004E006F0F9F8C0F384618DE7C0F3846063
:107FB00091E706F0F1F8C0F38461A2E7C0F38460B2
:107FC000A6E706F0E9F8C0F38461B7E7C0F3846080
:107FD000BBE706F0E1F8C0F38461CCE7C0F384604E
:107FE000D0E72A7B296850F8B03FC1F3120C23EA8E
:107FF0000C0302F0180C314A22FA0CF20A40134327
:108000000360E96841457DD1286841031BD090FA9F
:10801000A0F1B1FA81F1491C01F01F0109294FEAD1
:10802000403131D8002911D090FAA0F1B1FA81F194
:1080300001F1010101F01F0106FA01F609D100BFAB
:10804000C0F3846109E0C0F38461E4E7C0F38461B4
:10805000EEE790FAA0F1B1FA81F101F1010101F02E
:108060001F0146EA816102D1C0F3846003E090FA07
:10807000A0F0B0FA80F000F1010000F01F0000EB6A
:10808000400041EA00513AE000290ED090FAA0F1F8
:10809000B1FA81F101F1010101F01F0106FA01F6C7
:1080A0000ED100BFC0F384610EE0C0F38461F1E73C
:1080B00000007F400040100400F0FF03FFFF0700B6
:1080C00090FAA0F1B1FA81F101F1010101F01F0173
:1080D00046EA816102D1C0F3846003E090FAA0F027
:1080E000B0FA80F000F1010000F01F003A4A00EB06
:1080F000400002EB005041EA000141F00071AA6823
:10810000206800E001E006F074F834482B68034270
:108110005ED022684FF0A04C3148324E324D62455D
:1081200001D0AA4201D1014600E031468968DFF85A
:10813000BC8001F0E071434503D0DFF8B4804345D3
:1081400020D15FEA01281DD4624505D0294B9A420F
:108150003ED1AA4200D0304641F40001826822F0AC
:10816000E0720A438260244824490068B0FBF1F0C1
:10817000801C00EB4000800000E0401E00900028C2
:10818000FBD125E0DFF8788043450FD15FEAC118C5
:108190000CD4AA4202D11B4B9A4219D0624502D09C
:1081A000AA4200D0304641F080710CE0DFF85880E0
:1081B00043450DD14B020BD4AA4209D0624500D0F1
:1081C000304641F48001826822F0E0720A43826006
:1081D00084F85870484686E5000020FE00000880BC
:1081E000000300500007005000010050000021C3B0
:1081F0001000C09000060050C4000020400D030095
:10820000000052C700050050000084CB10B50921C2
:10821000074800F015F8074C0921C4F8B0000648DB
:10822000AC3400F00DF8054920600220487010BD04
:10823000FC020020EC080020680300200000002061
:108240000068A1F580710F390ED0B1F5837F08D099
:10825000B1F5037F02D0D0F880007047D0F88C00D1
:108260007047D0F888007047D0F88400704700004D
:108270002DE9F047044600684FF0A049DFF804A15B
:108280000F46484501D0504501D13F4800E03F48E6
:10829000806800F01F06A069082805D05FF020055F
:1082A00002F0AAFA804618E04025F9E7781C14D0BD
:1082B00002F0A2FAA0EB0800B84200D86FB920681B
:1082C0000068284209D1E06D40F00400E06500201C
:1082D00084F858000320BDE8F08720680068284231
:1082E000E4D02168C86C10F4C07F0CD00023C868AB
:1082F00010F4406F09D00022DFF894C025485145A2
:1083000005D1C84608E00123F1E70122F4E7614501
:1083100001D1804600E08846884508D03EB1062E4F
:1083200005D0072E03D0514503D1484604E0C86864
:1083300003E0614500D00846C068E66D46F400568B
:10834000E66523B9830112D48AB182040FD40A6886
:1083500052060CD582020AD4E26D22F48052E26504
:10836000E26DD20503D4E26D42F00102E265402DD8
:1083700001D0202002E0400401D4602008600020E9
:10838000A9E7000000010050000300500007005062
:108390000005005000040050704700002DE9F04136
:1083A000044600684FF0A0453E4FA84201D0B842B5
:1083B00001D13D4900E03D49896801F01F0605F003
:1083C000F5FE08BB2168C868C96C00F0004011F4D4
:1083D000C07F00D190B194F85800012814D001203A
:1083E00084F858002046FDF7DFFE01004FF0000240
:1083F0000CD084F858200846BDE8F081E06D40F0CC
:108400002000E0650120F7E70220F5E7E06DC005F8
:1084100004D5206E20F00800206600E02266E06DA2
:1084200042F20103984340F48050E0652068204BFD
:10843000DFF880C0B84201D1AE4604E0984201D1D5
:10844000E64600E08646864500D02EB9D4F85CE0CA
:108450002EF4801EC4F85CE04FF0600EC0F800E01F
:1084600084F858202068B84204D0984201D165466B
:1084700000E00546854209D046B1062E06D0072EFB
:1084800004D0E06D40F48010E065B4E7C26812F0FB
:10849000007FB0D18268084B1A4042F00802826027
:1084A000A9E7000000010050000300500007005041
:1084B0000005005000040050C0FFFF7F2DE9F0418F
:1084C000044600684FF0A0454C4FA84201D0B84286
:1084D00001D14B4900E04B49896801F01F0605F0C6
:1084E00065FE08BB2168C868C96C00F0004011F443
:1084F000C07F00D190B194F85800012814D0012019
:1085000084F858002046FDF74FFE01004FF00002AE
:108510000CD084F858200846BDE8F081E06D40F0AA
:108520002000E0650120F7E70220F5E7E06DC005D7
:1085300004D5206E20F00800206600E02266E06D81
:1085400042F20103984340F48050E06520682E4BCE
:10855000DFF8B8C0B84201D1AE4604E0984201D17C
:10856000E64600E08646864500D02EB9D4F85CE0A9
:108570002EF4801EC4F85CE04FF0600EC0F800E0FE
:1085800084F858202068C268920203D5426842F4F9
:1085900080624260A06908282068426807D022F003
:1085A000400242602068426842F0200206E022F069
:1085B000200242602068426842F040024260206827
:1085C000B84204D0984201D1654600E00546854294
:1085D00009D046B1062E06D0072E04D0E06D40F437
:1085E0008010E06597E7C26812F0007F93D182683F
:1085F000074B1A4042F0080282608CE700010050ED
:108600000003005000070050000500500004005017
:10861000C0FFFF7F704770472DE9F04F044690F888
:1086200058009BB00F464FF0000B012812D00120DC
:1086300084F8580000261796189620684FF0A04836
:10864000DFF81C91DFF81CA1474D404506D12846B4
:10865000009508E002201BB0BDE8F08F48450AD124
:108660005046CDF800A005F0A9FD0090206805F067
:10867000A5FD40B109E0E06D40F02000E06584F820
:1086800058600120E7E7009850B1E06D40F020000D
:10869000E0654FF0010B00BF84F858605846DAE7F8
:1086A00020684146884201D0A84201D12F4800E00D
:1086B0002F48D7F800C02F4B40F61F72BCF1000FB7
:1086C0002DD0D0F808C094F838802CF4604C4CEAD7
:1086D000483CD7F804804CEA080CC0F808C0D4F82D
:1086E00000C08C4501D0AC4504D18968AB6801F06D
:1086F000010109E0D9F80810DAF8085001F0010189
:1087000005F001059B68294303F001031943C3D118
:10871000BB68396819438368934319431DE0876830
:1087200027F46047876027688F4201D0AF4204D1A9
:108730008968AB6801F0010109E0D9F80810DAF89E
:10874000085001F0010105F001059B68294303F081
:1087500001031943A0D18168914381609CE7000027
:1087600000040050000500500001005000030050BC
:1087700000070050000600502DE9F84F002704467E
:10878000009790F85800DFF81C840D46B946012880
:1087900011D0012684F85860206805F00BFD60B107
:1087A000E06D40F02000E0655FF0010784F858902C
:1087B0003846BDE8F88F0220FBE7D5E900210C23FD
:1087C000206803EA91131844036B01F01F014FF076
:1087D0001F0C0CFA01FCC2F3846223EA0C038A40EA
:1087E00013430363206805F0E5FC8246206805F02A
:1087F000D9FC5AEA00003CD1AA6829682068B2F185
:10880000004F37D005F0E6FC2068416921F00041B7
:10881000416120686969C268C2F3C1025200914097
:108820002A69042A31D000EB82002B68026EDFF83F
:1088300078C303F0F84302EA0C020B431A4342F0F8
:108840000041016622682869A96902EB8000026E76
:1088500022F080720A430266297F22682869012972
:1088600010D0002102EB8000026E22F000720A4359
:1088700002667DE0002205F0ADFC2068416941F010
:108880000041C5E74FF00071ECE7002105F07EFCE8
:10889000400320684FF0000172D005F077FC90FA99
:1088A000A0F0B0FA80F1286842036ED090FAA0F0F0
:1088B000B0FA80F0814204D100221146206805F010
:1088C000A7FC0121206805F061FC400320684FF0FF
:1088D00001015DD005F05AFC90FAA0F0B0FA80F1E9
:1088E0002868420359D090FAA0F0B0FA80F0814293
:1088F00004D100220121206805F08AFC02212068B1
:1089000005F044FC400320684FF0020148D005F018
:108910003DFC90FAA0F0B0FA80F12868420344D000
:1089200090FAA0F0B0FA80F0814204D10022022136
:10893000206805F06DFC0321206805F027FC40034A
:1089400020684FF0030133D005F020FC90FAA0F02E
:10895000B0FA80F1286842032FD090FAA0F0B0FA64
:1089600080F0814204D100220321206805F050FCF0
:108970002068816811F0010F22D0ACE000E004E033
:1089800005F004FCC0F384618DE7C0F3846091E7D7
:1089900005F0FCFBC0F38461A2E7C0F38460A6E7A6
:1089A00005F0F4FBC0F38461B7E7C0F38460BBE774
:1089B00005F0ECFBC0F38461CCE7C0F38460D0E742
:1089C0002A7B296850F8B03FC1F3120C23EA0C034C
:1089D00002F0180C754A22FA0CF20A4013430360A5
:1089E000E968414577D1286841031CD090FAA0F18D
:1089F000B1FA81F1491C01F01F0109294FEA403108
:108A000032D8002912D000BF90FAA0F1B1FA81F15A
:108A100001F1010101F01F0106FA01F609D100BFC1
:108A2000C0F3846109E0C0F38461E3E7C0F38461CB
:108A3000EEE790FAA0F1B1FA81F101F1010101F044
:108A40001F0146EA816102D1C0F3846003E090FA1D
:108A5000A0F0B0FA80F000F1010000F01F0000EB80
:108A6000400041EA005132E000290ED090FAA0F116
:108A7000B1FA81F101F1010101F01F0106FA01F6DD
:108A800006D100BFC0F3846106E0C0F38461F1E762
:108A900090FAA0F1B1FA81F101F1010101F01F0199
:108AA00046EA816102D1C0F3846003E090FAA0F04D
:108AB000B0FA80F000F1010000F01F003C4A00EB2A
:108AC000400002EB005041EA000141F00071AA6849
:108AD000206805F07FFB37482B6803423FF466AE01
:108AE00021684FF0A04C3448344E354D614501D0DB
:108AF000A94201D1024600E032469268DFF8C48004
:108B000002F0E072434503D0DFF8BC80434521D139
:108B10005FEA02281ED4614506D02C4B99427FF4AF
:108B200045AEA94200D0304642F40001826822F0EE
:108B3000E0720A438260264826490068B0FBF1F0E3
:108B4000401C00EB4000800000E0401E0090002828
:108B5000FBD12BE6DFF8808043450FD15FEAC218D6
:108B60000CD4A94202D11D4B9942F2D0614502D0EA
:108B7000A94200D0304642F080710CE0DFF86080FE
:108B80004345E6D15302E4D4A942E2D0614500D086
:108B9000304642F48001826822F0E0720A4382602B
:108BA00004E6000000007F4000F0FF03FFFF070025
:108BB000000020FE00000880000300500007005065
:108BC00000010050000021C31000C09000060050BA
:108BD000C4000020400D0300000052C700050050F3
:108BE000000084CB70477047704700002DE9F84FB4
:108BF00004460068066845684FF0A048DFF8909288
:108C0000404501D0484501D1A24800E0A248806813
:108C100000F01F07B0070ED5A8070CD5E06DC00601
:108C200003D4E06D40F40060E0652046FFF73CF8B7
:108C3000216802200860DFF864B2DFF864A27007E0
:108C400001D5680703D430073FD528073DD5E06D2F
:108C5000C00603D4E06D40F40070E065206805F0C4
:108C6000B1FA60B32068484501D1424604E0584556
:108C700001D1524600E00246824208D03FB1052FA2
:108C800005D0092F03D0484503D1414606E0C1680D
:108C900005E0584501D1514600E00146C968890404
:108CA0000DD4016809070AD505F084FA58B3E06DC0
:108CB00040F01000E065206E40F001002066204684
:108CC000FFF790FF21680C200860B00601D5A806C8
:108CD00003D470065FD568065DD5E06DC00603D489
:108CE000E06D40F40050E0652068C16C11F4C07F75
:108CF0001AD00021009105F065FA02462068484527
:108D000014D1434617E02068416821F00C0141600E
:108D1000E06D20F48070E065E06DC004CFD4E06DBC
:108D200040F00100E065CAE70121E3E7584501D1C1
:108D3000534600E00346834208D03FB1062F05D0DA
:108D4000072F03D0484503D1414606E0C16805E03E
:108D5000584501D1514600E00146C968009BA3B1C6
:108D60008B0102D58AB18A040FD4026852060CD551
:108D700089020AD405F016FAF0B3E06D40F0100055
:108D8000E065206E40F0010020662046FFF73EFAC5
:108D900021686020086030060BD5280609D5E06DF3
:108DA00040F48030E065204600F094F9216880208E
:108DB0000860F0050CD5E8050AD5E06D40F40030F8
:108DC000E0652046FFF726FC21684FF480700860BC
:108DD000B0050CD5A8050AD5E06D40F48020E0650B
:108DE0002046FFF718FC21684FF400700860F00679
:108DF00031D5E8062FD500E009E0E06BE8B1206846
:108E0000EFB3404501D0484512D1224811E0206817
:108E1000416821F060014160E06D20F48050E06520
:108E2000E06DC005B1D4E06D40F00100E065ACE755
:108E30001948806800F4604050B1E06D40F48060F3
:108E4000E065206E40F0020020662046FFF7CCFE71
:108E5000216810200860700517D5680515D5E06DEC
:108E600040F48040E065206E40F0080020662168F4
:108E70004FF4806008602046BDE8F84F00E001E054
:108E8000FFF78ABAC068C007D6E7BDE8F88F0000D0
:108E90000001005000030050000700500005005082
:108EA00000040050F8B54FF0000504002E46009570
:108EB00002D0E06D10B107E00120F8BD204600F0BF
:108EC0000BF9266684F8586020688168C1F3407108
:108ED00019B18168734A1140816020688168C1F3CB
:108EE000007189B98168704A114041F080518160F8
:108EF0006E486F490068B0FBF1F04000801C00E054
:108F0000401E00900028FBD120688168C1F30071E9
:108F100041B9E16D41F01001E165216E41F00101BF
:108F20002166012505F046F9E16DC90600D430B18E
:108F3000E06D40F01000E06501252846F8BDE06DC9
:108F400020F4807040F00200E0652068816811F034
:108F5000010F27D14FF0A043564A984201D09042CA
:108F600004D19968966801F001010AE052498968C4
:108F7000524E01F00101B66806F001063143504E31
:108F8000B66806F0010631430CD1984201D09042F8
:108F900001D14C4800E04C486168826822F47C12A0
:108FA0000A438260E168E06B627F0843A16841EA9E
:108FB0004231084394F8241040EA0140012904D1C9
:108FC000218D424A02EB41410843E16A29B101F493
:108FD0007871226B014342EA01002268D1683C4B60
:108FE00019400143D16020680169626B21F0406142
:108FF00011430161206805F0D5F870BB207F94F81B
:1090000038102268800340EA4100D16844F202032C
:1090100099430143D16020690028206801690AD082
:1090200041F480310161206850F8C01F22696FF35C
:109030000D01114307E021F480310161206850F8EF
:10904000C01F6FF30D01016094F8400001280CD09F
:109050002068016921F0010101616069012820682F
:10906000016B21F00F0111D013E0D4E91101084385
:10907000D4E913121143084321680A6940F2FC73D2
:109080009A43104340F001000861E6E7226A521E4D
:1090900011430163E06D20F0020040F00100E06543
:1090A0004BE70000C0FFFF5FC0FFFF7FC400002050
:1090B000400D030000010050000400500005005066
:1090C0000006005000030050000700500000FEFFA3
:1090D0000740F0FF704700002DE9F0479CB00646BE
:1090E000142115A8FBF749FA54216846FBF745FA05
:1090F0004FF40041306800258A03714FDFF8C4A1A6
:10910000714C4FF001094FF00308B0F1A04F10D09F
:109110006E4B984265D168461192009102F0F8FFBB
:1091200008B1FEF7D7F93868401C3860012835D0FF
:109130003CE068461192009102F0EAFF08B1FEF7A8
:10914000C9F93868401C3860012807D1E06C40F448
:109150000050E064E06C00F400501A90E06C40F0C5
:109160000400E064E06C00F004001A90E06C40F051
:109170000100E064E06C15A900F001001A900420E1
:10918000444681E83100504601F00CFA15A94FF031
:109190009040CDF85490CDE9164515E0E06C40F4D0
:1091A0000050E064E06C00F400501A90E06C40F075
:1091B0000400E064E06CCDF8549000F00400CDE9C8
:1091C00016851A9015A9504601F0ECF900220121EC
:1091D000122002F0BDF9122002F0ADF91CB0BDE87A
:1091E000F0873B4BDFF8EC909A01D103984225D1F0
:1091F00068460092129102F08BFF08B1FEF76AF9FF
:109200007868401C7860012807D1E06C40F4804009
:10921000E064E06C00F480401A90E06C40F00200E2
:10922000E064E06CCDF8548000F00200CDE91685D2
:109230001A9015A9484601F0B5F9CFE7264B984298
:10924000CCD168460092129102F062FF08B1FEF79D
:1092500041F97868401C7860012807D1E06C40F43F
:109260008040E064E06C00F480401A90E06C40F0D4
:109270000200E064E06C179500F002001A904FF4D1
:109280005040CDE9150815A9484601F08BF9144C5A
:10929000124820602620C4E901058020C4E903505B
:1092A000400060618000C4E906052046256200F0A8
:1092B0001BFA08B1FEF70EF97465A6628EE700008E
:1092C000700000200008004800100240000100501B
:1092D000000400500004004800050050080002404F
:1092E000AC0400202DE9F041044600684FF0A04591
:1092F000444FA84201D0B84201D1434900E043495C
:10930000896801F01F0604F055FF18B102210846D4
:10931000BDE8F08194F8580001280CD0012084F8B1
:1093200058002046FCF740FF01004FF0000204D037
:1093300084F85820EBE70220EAE7E06D40F601638D
:10934000984340F48070E0652068314BDFF8C4C07A
:10935000B84201D1AE4604E0984201D1E64600E0B1
:109360008646864500D02EB9D4F85CE02EF4801EE7
:10937000C4F85CE0D4F85CE05FEACE4E06D5D4F8E1
:1093800060E02EF0060EC4F860E000E022664FF0C8
:109390001C0EC0F800E084F858202068B84201D1C3
:1093A0002A4604E0984201D1624600E00246824229
:1093B0000ED06EB1052E0BD0092E09D0E26D42F40D
:1093C0008012E265B84213D0984210D165460FE092
:1093D000C268920105D5E26D22F4005242F4805237
:1093E000E26582680C4B1A40121D82608FE70546C9
:1093F000E86880018BD5E06D20F4005040F4805087
:10940000E06584E7000100500003005000070050B1
:109410000005005000040050C0FFFF7F2DE9F04719
:10942000044600684FF0A0483D4F91468A464045AB
:1094300001D0B84201D13B4900E03B49896801F0C5
:109440001F0504F0B7FE002868D194F858000128E1
:1094500064D0012084F8580034492068884201D142
:10946000012000E00020401E28424FF0000605D0F9
:10947000052D03D0092D01D0012003E02046FCF783
:1094800093FE18B184F85860BDE8F087E06D40F6AF
:109490000161884340F48070E0652068B84201D1E2
:1094A000414605E02249884201D1224900E00146B7
:1094B000814200D01DB9E06D20F48010E065E06DC0
:1094C000C00404D5206E20F00600206600E0266669
:1094D000616D1948C862616D18480863616D18486C
:1094E000486321681C20086084F85860206841683F
:1094F00041F0100141602068C16841F00101C16084
:1095000021684B4652464031606D00F04DF92168AC
:109510008A680C4B1A40121D8A60B5E70220B3E737
:1095200000010050000300500007005000060050EA
:1095300000050050000400501D6100089F610008F4
:1095400085610008C0FFFF7F10B590F8253000212D
:109550000122022B03D00421C163012122E0036810
:109560001C6824F00E041C60836C1C6824F4807456
:109570001C6003681C6824F001041C6090F84430EF
:10958000046C03F01F0302FA03F36360D0E91334A1
:109590005C60436D33B11C6824F480741C60D0E9B6
:1095A00016345C6080F82520002280F824200846CC
:1095B00010BD70B590F82520002401212346022A11
:1095C00007D00422C26380F8251080F824300124DB
:1095D00029E00268156825F00E0515600268156817
:1095E00025F001051560826C156825F480751560FD
:1095F00090F84420056C02F01F0201FA02F26A6042
:10960000D0E913255560426D32B1156825F4807597
:109610001560D0E91625556080F8251080F82430B3
:10962000816B01B18847204670BDC06B7047F0B4B4
:10963000016C0C6801680D6890F8442002F01F0668
:10964000042202FA06F3234211D06B070FD50B68F0
:109650009B0603D40B6823F004030B6090F84410BE
:1096600001F01F018A40016C4A60016B1DE002237A
:1096700003FA06F727424FF0000C4FF0010218D012
:10968000AF0716D50C68A40605D40C6824F00A04AC
:109690000C6080F8252090F8441001F01F018B40E9
:1096A000016C4B6080F824C0C16A00291AD0F0BC5C
:1096B00008470823B340234214D02B0712D50B6868
:1096C00023F00E030B6090F84410036C01F01F01AF
:1096D00002FA01F15960C26380F8252080F824C0A5
:1096E000416BE2E7F0BC704770B504000CD02B4A28
:1096F00021681420914209D2294A0A44B2FBF0F0B1
:109700008000606427480AE0012070BD234A52426D
:109710000A44B2FBF0F080006064204808382064FE
:10972000022084F825000A6847F6F0708243D4E9E5
:1097300002031843D4E904352B431843A3691843A3
:10974000E3691843236A1843104308602046FDF775
:1097500007FCA0680025B0F5804F00D16560A16CC2
:1097600020790860D4E9130141606068401E032835
:1097700008D82046FDF714FC606D0560D4E9160199
:10978000416002E06565A565E565E563012084F853
:10979000250084F82450002070BD00000804024019
:1097A000F8FFFDBF0000024070B5044690F82400A9
:1097B000002501280CD0012084F8240094F82560AD
:1097C0000020012E06D084F824000225284670BD12
:1097D000022070BD022684F82560E06320680668D8
:1097E00026F0010606602046FDF7ECFB206B002802
:1097F0002068016802D041F00E0106E021F004016A
:1098000001602068016841F00A010160A06C0168F4
:10981000C90303D5016841F480710160606D18B11E
:10982000016841F4807101602068016841F0010124
:109830000160CBE7094810B54FF0FF31816300228A
:1098400082630164026481628262C162C2620163F6
:10985000026301F045FE002010BD00000010024030
:1098600070B5044600F0C8FF0546601C02D00448ED
:109870004068044400F0C0FF401BA042FAD370BD12
:109880007C00002030B590F85C30012B07D0022B13
:1098900005D0016E41F002010166012030BD04686F
:1098A000A36D4D0701D0DD071DD011F0380F01D099
:1098B0009D0718D511F4E07F01D05D0713D511F491
:1098C000F05F01D01D070ED511F4604F01D0DD0609
:1098D00009D511F4403F01D09D0604D511F47C0F49
:1098E00005D05D0603D4E56D45F00105E5654C073F
:1098F00001D0DC071DD111F0380F01D09C0718D41E
:1099000011F4E07F01D05C0713D411F4F05F01D0B3
:109910001C070ED411F4604F01D0DC0609D411F4F9
:10992000403F01D09C0604D411F47C0F06D05B06A6
:1099300004D50368DC6D44F00204DC650B0604D535
:10994000036853F8DC4F14431C60CB0504D503684F
:1099500053F8E04F14431C600068426D0A434265AF
:10996000002030BD70B5044690F85C00022803D09A
:10997000206E40F0080007E02068D0F8C4309B0259
:1099800005D5206E40F400702066012070BDD0F82F
:10999000C400C0F301452B462046FDF7A3FD216816
:1099A0000120A840C1F8CC00A065002070BD10B512
:1099B00090F85C20012A07D0022A05D0016E41F000
:1099C00002010166012010BD0A687AB10B7B0A69A9
:1099D0000C7A42EA43734A69406C496842EA8472ED
:1099E00000EBC100C0E90032002010BD0B7A4A69CB
:1099F0000C8A42EA83720B7B006CDB06496843EAFF
:109A000004431A4340F82120EEE730B590F85C504B
:109A1000039C012D05D0016E41F004010166012077
:109A200030BD0901006841EA820141EA430150F872
:109A3000802F214322F03F0211430160002030BDFE
:109A400070477047F0B590F85C400025022C03D0B9
:109A5000016E41F0080160E00468402946D0D4F866
:109A60009860360756D0D4F89860F60104D5D4F83B
:109A70008060F60500D50125D4F89840C4F3012490
:109A80006619C46C06EBC60504EBC504256815F021
:109A900080455560256843D025F0604515602568F0
:109AA0002C4F05F00055956020CC05F00045156160
:109AB00034F8045BADB2D56154F8045CC5F30345DA
:109AC000D56054F8045C05F48015556154F8045CC5
:109AD00005F40015956154F8045CC5F3066515623C
:109AE00054F8045CED0F5562002522E0D4F8906034
:109AF00036070FD0D4F89060F60104D5D4F8806012
:109B0000B60500D50125D4F89040C4F301246619A8
:109B1000846CB7E7016E41F4807101660120F0BDED
:109B2000C5F38A45BAE700BF14F805C003F805C0BD
:109B30006D1CD2F80CC017F80CC0AC45F4D8006806
:109B4000402903D0C0F89C600020F0BDC0F89460AC
:109B5000FAE700006E6801080068D0F8C40000F061
:109B60000700704770472DE9F05F04460068016DFB
:109B7000426D01F4E05102EA0108016D426D01F00D
:109B8000070102EA0109016D426D01F0380102EAA4
:109B9000010A016D476D01F471010F40016D426DC5
:109BA00001F46021456D02EA010B016DCE4371069F
:109BB00007D4E943490604D4402101652046FFF754
:109BC000D1FFF0050ED4E843C0050BD42068D0F8CF
:109BD000D820D0F8E01011404FF480720265204682
:109BE00000F052FBB8F1000005D02168086541463D
:109BF000204600F04BFBB9F1000005D02168086554
:109C00004946204600F0B6F9BAF1000005D02168B7
:109C100008655146204600F0E5FAB00509D4E8434E
:109C2000800506D421684FF400700865204600F0D6
:109C30002EFB30060DD4E84300060AD42068D0F885
:109C4000D420D0F8DC10114080220265204600F0BC
:109C50001CFBB00409D4E843800406D421684FF407
:109C600000500865204600F00EFB300409D4E8439C
:109C7000000406D421684FF400400865204600F037
:109C800001FB70040AD4E843400407D421684FF470
:109C900080400865206E40F080002066BBF1000027
:109CA00005D02168086559462046FFF7CAFE27B14E
:109CB00020680765206E38432066206E002802D099
:109CC0002046FFF7BDFEBDE8F09F00002DE9F04102
:109CD000040006D0DFF8F48194F85C00002518B188
:109CE00007E00120BDE8F08184F85D50204600F0D7
:109CF000F9F82068816921F01001816100F07CFD94
:109D00000646032705E000BF00F076FD801B0A2809
:109D100011D8206880690007F6D42068816941F075
:109D20000101816100F068FD06460BE000F064FD72
:109D3000801B0A2806D9206E40F00100206684F8B6
:109D40005C70CEE720688069C007EFD02068816929
:109D500041F0020181612168414502D15C4960689E
:109D60000860207C01282068816937D041F04001DB
:109D70008161607C01282068816932D021F48041B2
:109D80008161A07C0128206881692DD041F4805137
:109D9000816120688169A26821F440711143816169
:109DA0002068816921F0A40181612068016921F0A6
:109DB00010010161E068012819D010B302281BD0FE
:109DC0002068816941F0800181612068016941F06A
:109DD00010010161E06803280ED012E021F040017B
:109DE000C6E741F48041CBE721F48051D0E72068F9
:109DF000816941F0040103E02068816941F020019C
:109E00008161207EE26940066FF0FF0101EB0222D2
:109E1000A0F100701043226AA38A521E10430A0266
:109E200002EB034318432368D861A068B0F5407F74
:109E300010D1D4E90A0301EB0321401E0843216B32
:109E4000131303EB01110843A18C02EB01410843FA
:109E50002168C860206850F8C01FE26B11430160A0
:109E60001D4A21681B48914200D11C481C4A91425E
:109E700001D100F5D460206451F8802FA38E22F424
:109E8000F81242EA03420A6000F17001616421683D
:109E900051F8802F94F8383022F0706242EA036261
:109EA0000A6000F1B001A164D831E164D8312165C4
:109EB00018316165D83100E020C08842FCD3A56527
:109EC0002566012084F85C0000200BE70064004058
:109ED0000065004000A400400068004050A700401A
:109EE000006C004010B59CB00446142115A8FAF788
:109EF00044FB54216846FAF740FB1B49206888421E
:109F000030D18014009040030E90684602F000F9B2
:109F100008B1FDF7DFFA1548816D41F000718165E8
:109F2000816D01F000711A91C16C41F00201C164B0
:109F3000C06C15A900F002001A9060201590022054
:109F400016900020179003201890092019900848B7
:109F500000F028FB00220121562001F0F9FA5620DA
:109F600001F0E9FA1CB010BD00680040001002408A
:109F7000000400482DE9F047C90772D08B4B8C4A8A
:109F80004021FFF75FFD18B1BDE8F047FDF7A2BA29
:109F900088480025864905608748884EDFF80C927E
:109FA00005700B687268DFF818C28048A9F10809CB
:109FB000B7EE000A934202D1CC68082C1AD07B4C31
:109FC00040F2FF7A01270834534504D1D1F80C80C0
:109FD000B8F1040F5AD0934202D1C96802297ED049
:109FE00002F5C0618B4272D1BDE8F04701216F4894
:109FF00009F0BCBF0178FF2911D14178FF290ED1AA
:10A000008178FF290BD1C178FF2908D10179FF2977
:10A0100005D14179FF2902D18179FF2904D069490D
:10A0200062480BF01DFA14E0C079FC280AD0FD2824
:10A0300018D0FE2815D1DCED2E0A30EEC00A0BF048
:10A040007FFC06E0D9F80400022802D05D4808F041
:10A0500087FE56485B49083009F0AAFD082372685C
:10A0600039E08EE0574808F0CFFE50485549083097
:10A0700009F09EFD4D49082308315348726808F0E5
:10A080002DFDBDE8F0474F48FDF722BB41789142D6
:10A090007DD1817800297AD1C078032877D1DCED91
:10A0A0002E0A30EEC00A0BF04BFC25703079607040
:10A0B0004448A770454990ED040AB0EEC00A10EE7E
:10A0C000100A884204DC0320E07002E007E015E09B
:10A0D000E5700423524635493B48083143E0017896
:10A0E000E02954D14078012851D1A0202070677018
:10A0F000A570E570257165710623ECE702F5E06255
:10A10000B246934243D10178AB2940D1417801292D
:10A110002DD0022936D0DFF8B8802E4EDFF8B89067
:10A12000032936D0042932D1C079BA282FD1254845
:10A1300008F06AFE88F80050CD202070042060707E
:10A140003088A070000AE070B9F800002071000AA1
:10A150006071DC20E0711549DAF8042008231A4800
:10A16000083102F5E062BDE8F04708F0B7BCC079FD
:10A17000BA280CD1C9F80450124808F045FE174817
:10A1800004E004E0C079BA2801D115480770BDE8A1
:10A19000F087C079BA28FAD10A4808F0E1FD88F8BA
:10A1A00000703580A9F80050F1E70000640200203B
:10A1B000342E00201C000020020000205C2F002014
:10A1C0005C2E0020EC080020240500200AD7233C48
:10A1D000A40200200600002008000020A2020020A7
:10A1E000A3020020704790F85C10012905D0016E91
:10A1F00041F00401016601207047022180F85C10E3
:10A2000001688A6922F001028A610021016608461C
:10A21000704710B590F85C200021022A04D0016E2E
:10A2200041F0080101660FE00268936943F0010301
:10A230009361032302680AE00A2907D9016E41F0FD
:10A240000101016680F85C30012010BD491C946951
:10A25000E407F1D09469002124F0100494610268AD
:10A2600002E00A29EAD8491C94692407F9D49169C3
:10A2700041F00201916100218165012180F85C10AB
:10A28000002010BD70477047704770477047704797
:10A290002DE9F05F054633488946017801290CD045
:10A2A0000126804606704FF47A7B5846FDF7E0F9A8
:10A2B00007004FF0000A03D04FE00220BDE8F09FF6
:10A2C00051464046C8F804A0274C226892050AD59A
:10A2D0002168490505D5216821F4806121600321A9
:10A2E00009E0067708E02268520504D5216821F4C8
:10A2F00080612160022101772868012807D04FF092
:10A30000FF31C9F8001040F2FA3BAE681EE0686801
:10A31000FDF74EF95846FDF7ABF90746606948F27C
:10A3200004018843606116E030466968FDF75CF916
:10A330004FF47A70FDF79CF90700606920EA0B0082
:10A34000606102D0C9F8006005E0761CD5E9020121
:10A350000844B042E8D8FDF7FDF888F800A0384678
:10A36000ACE70000880000200020024005490120E1
:10A370004A6942F000424A614969002900DA002036
:10A3800070470000002002402DE9FF5F254C064683
:10A39000904620789A4601280BD0012020704FF477
:10A3A0007A7B5846FDF764F907004FF0000904D0A6
:10A3B0002AE0022004B0BDE8F09F4846C4F80490AB
:10A3C000194D2968490504D5286820F48060286063
:10A3D0000220207726B1012E09D0022E07D00CE0F2
:10A3E000424653460198FDF71FF9012612E0414607
:10A3F0000198FDF727F9022E0AD05846FDF738F9E3
:10A400004FEA0007FDF7A6F884F800903846D1E738
:10A410004FF480265846FDF72BF907466869B0438C
:10A420006861EFE788000020002002400649002014
:10A430004A69002A07DA054A8A60054A8A6049693A
:10A44000002900DA012070470020024023016745FF
:10A45000AB89EFCD2DE9F84F00230126DFF828C1A5
:10A460000F278AE006FA03F414EA01027ED023F0F3
:10A4700003056544AA46D5F808909D074FEA157E66
:10A4800007FA0EF505EA090B0095B0F1904F05D0DB
:10A490003E4DA84205D14FF001081CE04FF00008E6
:10A4A00019E03B4DA84202D14FF0020813E0394DAC
:10A4B000A84202D14FF003080DE0374DA84202D167
:10A4C0004FF0040807E0354DA84202D14FF00508CF
:10A4D00001E04FF0060808FA0EF8D84526D1DFF85B
:10A4E000C080D8F8009029EA0209C8F8009008F165
:10A4F0000408D8F8009029EA0209C8F80090DFF8AB
:10A50000A08008F10C08D8F8009029EA0209C8F8E0
:10A510000090A8F10408D8F800509543C8F80050FE
:10A52000009ADAF808509543CAF80850D0F800802D
:10A530004FEA4309032202FA09F248EA0208C0F886
:10A540000080DD0800EB8505AA46D5F820804FEA9B
:10A5500043794FEAD96907FA09F528EA0508CAF8E4
:10A560002080C5689543C560456800E004E0A543C8
:10A5700045608468944384605B1C31FA03F27FF485
:10A5800071AFBDE8F88F00000000014000040048F2
:10A5900000080048000C0048001000480014004863
:10A5A000000401402DE9F04FDFF82092002301263E
:10A5B0000324A9F1040B85B00F2709F1040AABF1BC
:10A5C000040EFAE006FA03F52A407CD091F804C0A4
:10A5D0000CF0030CBCF1010F02D0BCF1020F26D12C
:10A5E000D0F808C0CDF800C04FEA430C04FA0CF8CC
:10A5F000CDF810C0DDF800C02CEA080CCDF800C082
:10A60000D1F80C80DDF810C008FA0CF8DDF800C0B5
:10A6100048EA0C08C0F80880D0F804C02CEA050C01
:10A620000D79C5F300159D4045EA0C0545600D798F
:10A63000ED43AD070ED0C5684FEA430804FA08FCA5
:10A6400025EA0C05D1F808C00CFA08FC4CEA050C08
:10A65000C0F80CC00D7905F00305022D16D1DD08F8
:10A6600000EB850CCDF808C0DCF820805D074FEAD0
:10A67000D56C07FA0CF528EA05080D6905FA0CF502
:10A68000DDF808C045EA0805CCF8205005684FEA17
:10A69000430CCDF808C004FA0CFC25EA0C0591F82F
:10A6A00004C00CF00308DDF808C008FA0CF848EA0A
:10A6B0000508C0F800804D6815F4403F7CD0444D3B
:10A6C000D5F860C000E077E04CF0010CC5F860C040
:10A6D0002D6E23F0030C05F0010500953D4D6544FA
:10A6E0000295AD684FEA837C4FEA1C7807FA08FCB4
:10A6F00025EA0C05B0F1904F06D0DFF8DCC06045CC
:10A7000005D14FF0010C20E04FF0000C1DE0DFF808
:10A71000CCC0604502D14FF0020C16E0DFF8C0C09B
:10A72000604502D14FF0030C0FE0DFF8B8C0604580
:10A7300002D14FF0040C08E0DFF8ACC0604502D154
:10A740004FF0050C01E04FF0060C0CFA08FC4CEA47
:10A75000050C029DC5F808C0D9F80050CC46D1F8C8
:10A76000048095435FEAC82800D51543CCF8005013
:10A77000DAF80050D446D1F8048095435FEA88287F
:10A7800000D51543CCF80050DBF80050DC46D1F87A
:10A79000048095435FEA883800D51543CCF8005013
:10A7A000DEF80050F446D1F8048095435FEAC838DB
:10A7B00000D51543CCF800505B1C0A6832FA03F54B
:10A7C0007FF400AF05B0BDE8F08F00000804014041
:10A7D000001002400000014000040048000800484A
:10A7E000000C004800100048001400480AB18161C4
:10A7F0007047816270470000014880687047000020
:10A800007C00002070477047704700002DE9F04F32
:10A810004FF0A0402DED028B83B04FF40071C16466
:10A820004FF44061C0F84C11F948FDF747FE032290
:10A83000F849F948FEF7F2FDF84E96ED030ADFED10
:10A84000F80A20EE200A10EE100A0BF017FFF14D67
:10A8500041EC180B68880BF095FB9FEDF21B53EC55
:10A86000112B0BF0A3FB9FEDF11B53EC112B0BF005
:10A870009DFB53EC182B0BF03FF90BF00BF9A5F1F6
:10A880005C04F060206C401C2064A88804F0C0FACE
:10A89000D4ED110A30EE200A84ED110A288804F064
:10A8A0006DFAD4ED120A42F21071002530EE200A42
:10A8B00084ED120A9FEDDF8A206C884216D300EEE9
:10A8C000900A94ED111AF8EE600AC1EE201A00EE1B
:10A8D000900AF8EE600A80EE201AC6ED5D1A86ED49
:10A8E0005E1A256484ED118A84ED128ADFEDD28A26
:10A8F000D248B0EE680AFCF7D5FBD148007810B911
:10A90000D048007820B1B0EE680ACF48FCF7E6FCEA
:10A91000CA48CE4FDFF83883D0ED300A97ED070AEA
:10A9200060EE800AC6ED070AD0ED010AC6ED060A00
:10A93000D0ED030A90ED041A70EEC10A20EE800AF1
:10A9400086ED040AD8F80000DFF808A3DFF80893C2
:10A950004FF0010B022813D0D8F80000092830D09E
:10A96000D8F800000A282CD0D8F800004FF47A71EB
:10A9700006287DD0D8F800004246072879D095E116
:10A98000DAF89002616B884202D802F087FF04E097
:10A9900002F078FF606B401C6063A04809F07EF90C
:10A9A000050004D09D4808F02FFA89F800509B4814
:10A9B00003F05CFB9948FCF783FFE069401CE06111
:10A9C00074E1D8F80010A5489FEDA50AD4ED090A56
:10A9D0000088A44FB8EE601A00EE900A0929F8EE3C
:10A9E000601AC1EE210A20EE800A09D0FAF778FF3A
:10A9F000B5EEC00AF1EE10FA0CDDF7EE000A0BE03E
:10AA0000FAF76EFF388800EE900AF8EE600A20EE42
:10AA1000200A08E0FFEE000A388800EE100AB8EEBF
:10AA2000400A20EE800A7D4886ED320A86ED318AA2
:10AA3000FCF746FF8C48616A96ED320A006800EB2D
:10AA4000810080ED000A8948616A96ED0B0A006872
:10AA500000EB810080ED000A606A401C6062B0F586
:10AA6000F97F0BD96D4808F0CFF9C8F8005001E024
:10AA700005E083E07E48057084F803B016E196EDAA
:10AA80000A0ADFED7C0A20EE200AD6ED170A9FEDB8
:10AA90007A1A41F2883200EE810A86ED170A606A5E
:10AAA000904235D9A0F59852893A43F697239A42B5
:10AAB0002FD2D4ED160AB4EEE00AF1EE10FA01DD61
:10AAC00084ED160AD4ED0B0AB4EEE00AF1EE10FAAA
:10AAD00001D284ED0B0AB0FBF1F201FB1200002859
:10AAE00016D194ED150AD4ED160A30EE200A84ED45
:10AAF000150A94ED0A0AD4ED0B0A30EE200A84ED13
:10AB00000A0A84ED168A84ED0B8A206B401C2063B0
:10AB1000C6E044F6206188422FD394ED150AD4EDA7
:10AB20000A0AB2EE0C1A30EE600AF6EE000A20EEC7
:10AB3000200AC0EE010A97ED091ADFED501AB7EEB0
:10AB4000080A07F0E5FF87ED0A0A344808F05CF9C7
:10AB5000C8F800504A480570B86A0BF08FFD0546EA
:10AB60000E46786A0BF08AFD41EC100BCDE90056D9
:10AB700053EC102B43A009F0E7F991E0606AB7EEBF
:10AB8000000A88420FD286ED180A86ED198AB0F5C0
:10AB9000487F07D996ED0A0AD4ED150A30EE200A4F
:10ABA00084ED150A7CE0A0F2E93140F2E7339942E6
:10ABB00011D2B0EE000A86ED180A86ED198AB0F5BA
:10ABC000E16F6DD996ED0A0AD4ED0A0A30EE200A3B
:10ABD00084ED0A0A64E0B0F5FA6F5DD9D4ED0A0A93
:10ABE00094ED151A062070EEC10A80EE201A9FED32
:10ABF000290A21EE000A87ED090A84ED158A84ED01
:10AC00000A8A656284ED168A84ED0B8A106047E03B
:10AC1000FC0200205C00002040040020EC08002022
:10AC20003333333F9FBA6882F136A03F00000040C3
:10AC30003333D33F0000000000409C46140E002038
:10AC4000A4020020A302002030100020EC0C002001
:10AC5000600200205C2F002074020020AA02002065
:10AC6000DB0FC940AC020020B0020020B40200207B
:10AC7000A90200209CC4A03EB29D2F3F79594445B3
:10AC8000A80200204C2C252E36662C252E36662C4C
:10AC9000520000000000474386ED188A86ED198AAD
:10ACA000606A401C60620F48FCF70AFED4E90701A5
:10ACB000884212DD9AF8840200060ED5A078012899
:10ACC0000BD099F800004D46002806D184F802B058
:10ACD000044808F099F81020287003B0BDEC028BEE
:10ACE000BDE8F08FEC080020704770477047704750
:10ACF000704710B590F8DC20012A21D0012280F89D
:10AD0000DC20022380F8DD304B1C1BD00368D3F815
:10AD1000CC4344F00204C3F8CC430368D3F8CC43DB
:10AD200024F00C040C43C3F8CC430168D1F8CC33B5
:10AD300043F00103C1F8CC3380F8DD20002010BDC2
:10AD4000022010BD0168D1F8CC3323F00203C1F812
:10AD5000CC33EAE770B590F8DD30022B3CD090F8A8
:10AD6000DC30012B38D0012500F8DC5F0223437072
:10AD70001388948803F4E053C4F308041C43138934
:10AD80006FF07E4603F400732343148A04F4804476
:10AD90001C43938903F400432343948A06EA044442
:10ADA0001C43936903F000732343146AD26904F0CF
:10ADB00080441C4302F00042224350F8DC3CB8249B
:10ADC00004EBC1141959054E314011431951457016
:10ADD00000210170084670BD022070BD0020003CBB
:10ADE0007047704770477047704770477047FF293A
:10ADF00003D0062903D002F099BF02F013BE02F07F
:10AE0000AEBE000038B5040056D0022084F8DD0044
:10AE10000025C4F8E050C4F8E450C4F8E850C4F881
:10AE2000EC50C4F8F050C4F8F450C4F8F850207A4C
:10AE3000C0071BD021492068884208D12048016EF4
:10AE400041F080610166006E00F080600090216832
:10AE5000086820F44042208A00F44040104320F467
:10AE60004052A08A00F4405010430860204600F091
:10AE700029F8207A800708D52168086820F44072F4
:10AE8000A08900F4407010430860012084F8DD00C0
:10AE900084F8DC505FF00001C1EBC10004EB8000DE
:10AEA000491C8561C561056245628562C9B2056359
:10AEB0000629F1D9002038BD012038BD00680140C5
:10AEC0000010024008B500680B49884212D10B48B7
:10AED000016E41F080610166006E002200F080602A
:10AEE00000900121432000F033FBBDE808404320DF
:10AEF00000F021BB08BD00000068014000100240C6
:10AF00002DE9F04186B0044614216846F9F735FB77
:10AF10001E492068884235D11D48C16C41F00401AA
:10AF2000C164C16C01F004010591C16C41F00101E3
:10AF3000C164C06C022500F001000590C0200090A3
:10AF40000024CDE901540D26DFF84880CDE9034601
:10AF500069464046FFF726FB4FF440770097CDE95E
:10AF600001540320CDE9034069464046FFF71AFB30
:10AF70000097CDE90154CDE9034669464FF0904072
:10AF8000FFF710FB06B0BDE8F0810000006801404B
:10AF90000010024000080048704770477047704733
:10AFA00070B50D460446FFF727FC064607E0681C0F
:10AFB00005D0FFF721FC801BA8420DD865B12068A1
:10AFC000D0F88803C043C003F1D4012084F8DD0029
:10AFD000002084F8DC0070BD072084F8DD00032029
:10AFE00070BD7047704770B590F8DD30022B1DD0F2
:10AFF00090F8DC30012B19D0012380F8DC300224DA
:10B0000080F8DD40EC25046805EBC1156159CE06DA
:10B0100005D54FF6C076B14332400A43625180F8FD
:10B02000DD30002180F8DC10084670BD022070BDC4
:10B030007047704770B590F8DD30022B23D00223A3
:10B0400080F8DD30062920D08023046803EBC11589
:10B05000635923F007069368334323F01806D36837
:10B06000334363519425046805EBC115136863519C
:10B070009824036804EBC11152685A50012180F8EA
:10B08000DD10002070BD022070BD0368196821F03A
:10B0900007049168214321F01804D1682143196005
:10B0A000036811685961516802689161E6E72DE90A
:10B0B000F04F90F8DD40022C25D090F8DC40012CB8
:10B0C00021D04FF0010980F8DC90022480F8DD40A7
:10B0D00000274FF0070C062918D09C2404EBC1165A
:10B0E000012A39D08024A8254FF4005A4FF4405B40
:10B0F00005EBC11504EBC114022A2FD0042A45D058
:10B10000082A0BD144E00220BDE8F08F012A0AD0C2
:10B11000022A0CD0042A0ED0082A10D080F8DDC0F4
:10B1200080F8DC700EE002681968D1610AE00268FC
:10B130001968516206E002681968916202E00268CB
:10B140001968D16290F8DD10072948D080F8DD90A9
:10B1500080F8DC700020D7E7196835E04FF0A408CC
:10B16000D0F800C008EBC1111A684CF801205968EA
:10B17000002901680A5922F440522ED00A51016870
:10B180000A59D3F804C042EA0C0218E0196821E019
:10B190004FF0AC08D0F800C008EBC1111A684CF8A9
:10B1A00001205968002901680A5922F4404214D04C
:10B1B0000A5101680A59D3F804C042EA8C020A51C4
:10B1C0005968514503D1996802689151BAE75945C8
:10B1D000B8D1996802685151B4E70A51B2E7012029
:10B1E00092E710B590F8DC20012A0ED0012200F879
:10B1F000DC2F0223437050F8DC3C1C680C431C60BD
:10B20000427000210170084610BD022010BD0000F0
:10B21000F0B590F8DC20012A38D0012480F8DC4019
:10B22000022280F8DD200268D2F8903345682B4373
:10B23000C2F89033CA0305D50268D368D0F8C85065
:10B240002B43D3600022DFF848C08C255CF8223005
:10B250000B420CD0066805EBC213F758C2EBC20EC6
:10B2600000EB8E0EDEF820E047EA0E07F750521C86
:10B27000D2B2062AEAD3026813680B43136080F83F
:10B28000DD40002180F8DC100846F0BD0220F0BD52
:10B29000A800002010B590F8DC20012A0ED0012271
:10B2A00000F8DC2F0223437050F8DC3C1C688C4310
:10B2B0001C60427000210170084610BD022010BDC4
:10B2C00070B5044690F8DD00022811D094F8DC0037
:10B2D00001280ED0012584F8DC50022084F8DD001E
:10B2E000204602F0B4FC84F8DD50002084F8DC0035
:10B2F00070BD022070BD10B590F8DC20012A10D07E
:10B30000012200F8DC2F0223437050F8DC3CD3F814
:10B3100094430C43C3F894434270002101700846E3
:10B3200010BD022010BD10B590F8DC20012A10D00D
:10B33000012200F8DC2F0223437050F8DC3CD3F8E4
:10B3400098430C43C3F898434270002101700846AB
:10B3500010BD022010BD2DE9F041044690F8DD003B
:10B3600015460E46022826D094F8DC00012821D08C
:10B37000012784F8DC70022084F8DD00062E1CD042
:10B38000204602F087FDC6EBC60004EB800029686A
:10B39000016269684162A9688162E968C1622969DC
:10B3A00001633146204602F009FB062E15D0E86AFB
:10B3B00040B112E00220BDE8F0811146204602F0C3
:10B3C00085FBE0E78021206801EBC6114258EB6D58
:10B3D00022F4007242EA4322425084F8DD700020D9
:10B3E00084F8DC00E7E72DE9F041044690F8DD0041
:10B3F000022824D094F8DC0001281FD0012584F80D
:10B40000DC50022084F8DD00EC20266800EBC1133C
:10B41000F058176820F0100040EA071020F4801759
:10B420005068384320F48037D068384320F4003720
:10B43000906838439769012F03D00CE00220BDE8E3
:10B44000F08120F004071069384320F002075069AA
:10B45000384340F00100F050204602F0AFFA84F883
:10B46000DD50002084F8DC00E9E700000248816834
:10B4700042681144816070477C00002010B50024B0
:10B48000032000F085F80F2000F008F808B101242F
:10B4900001E000F027F8204610BD000070B50E4E08
:10B4A00005460024706898B14FF47A71B1FBF0F052
:10B4B0000A490968B1FBF0F001F0F5FC40B9102D24
:10B4C00006D200222946501E00F042F8356000E006
:10B4D0000124204670BD00007C000020C400002034
:10B4E000704700000A4882B0016E41F00101016618
:10B4F000016E01F001010091816D41F08051816583
:10B50000806D00F08050009002B000F0F9BD0000A6
:10B510000010024000280DDB00F01F0201219140C5
:10B520004009800000F1E020C0F88011BFF34F8F88
:10B53000BFF36F8F7047002809DB00F01F02012165
:10B5400091404009800000F1E020C0F800117047F0
:10B55000F0B40E4B1B680C46C3F30223C3F107057E
:10B56000042D00D90425191D072901D2002300E06C
:10B57000DB1E012606FA05F1491E214099409E4036
:10B58000761E16403143F0BC05F0AFBF0CED00E075
:10B59000064900F0070208684FF6FF03184040EA2A
:10B5A0000220034A10430860704700000CED00E0E1
:10B5B0000000FA0501220168C0F8D022002280F8BC
:10B5C000C82231F8540F40F001000880088840F08C
:10B5D000020008801046704770B50F4D044669B1EF
:10B5E00001290AD1D4F8D80205F008F8607A0028B9
:10B5F00003D0286840F00600286070BD607A28B14A
:10B6000003F0E2FF286820F006002860D4F8D80292
:10B61000BDE8704004F081BF10ED00E010B50C06ED
:10B6200007D501F0070101EB810100EBC1001030EB
:10B6300005E001EB810100EBC10000F5A87099B2B3
:10B6400032B1012202730181190C4181002010BD29
:10B6500000220273C180F9E701EB810200EBC20214
:10B66000D0F8D802526A04F02EBE01EB810200EB42
:10B67000C202D0F8D802D2F8642104F078BE10B526
:10B68000040006D0032084F89102206805F04FFEE4
:10B6900008B1012010BD204600F00CFC002084F809
:10B6A000910210BD70B504460B0601F0070000EBD7
:10B6B000800104EBC1014FF001024FF0000502D5FB
:10B6C0004A74103103E081F8515101F5A8710870F6
:10B6D00094F89002012808D084F89022206805F0A0
:10B6E0004CFB84F89052002070BD022070BD70B5F4
:10B6F000044601F00F002279904201D9012070BD6B
:10B700000B0601F0070000EB800104EBC1014FF0D4
:10B7100001024FF0000502D54A74103103E081F8B0
:10B72000515101F5A8718D70087094F890020128AC
:10B7300008D084F89022206805F0C5FB84F8905268
:10B74000002070BD022070BD2DE9F04704685FEA5B
:10B7500042480B788D69B4F850804FF0000C4BF6DE
:10B760008F7748F2800648F68F7948F2C00A444441
:10B7700028D540F2024808EBC30834F80840C4F367
:10B780000904A54203D32D1B8D6102D00BE0C1F843
:10B7900018C0D0F800C03CF823503D4085F4005557
:10B7A00035432CF82350520609D50B78056835F837
:10B7B000232002EA090242EA0A0225F8232074B390
:10B7C0000A8927E040F2064808EBC30834F808402D
:10B7D000C4F30904A54203D32D1B8D6102D00BE0F5
:10B7E000C1F818C0D0F800C03CF823503D4085F4A3
:10B7F000005535432CF82350520609D40D780368C0
:10B8000033F8252002EA090242EA0A0223F8252039
:10B810002CB14A8949690068234605F06EFD20462F
:10B82000BDE8F0872DE9F05F054600680C465FEA49
:10B8300042681646D1F818C02278B0F8508048F611
:10B84000BF7A48F2800B48F68F774CF280094FF6AA
:10B85000FF734FF4004E4FF0000140447DD540F29D
:10B86000024808EBC20830F80800C0F3090084451C
:10B8700014D9BCEB000CC4F818C010D0760408D55D
:10B88000D5F800C03CF822603E4046EA09062CF894
:10B89000226094F82420012A60D076E1A1616078CA
:10B8A00010B1012813D01AE02868B0F850301844BD
:10B8B00000EBC200B0F80224C2F30902A0F802248F
:10B8C000B0F8022442F40042A0F8022407E02868FD
:10B8D000B0F85030184400EBC200A0F802146278AF
:10B8E000286812B1012A11D018E0B0F850100844AD
:10B8F000217800EBC100B0F80614C1F30901A0F8EB
:10B900000614B0F8061441F4004105E0B0F85020E8
:10B910001044227800EBC200A0F80614E078022858
:10B920000BD12278296831F8220000EA0A0080F061
:10B93000200040EA0B0021F8220021782846FFF77A
:10B940008BFE700408D521782A6832F8210038402F
:10B9500040EA090022F82100C3E04DE06269024498
:10B960006261E2690244E2612669226AB24202D35C
:10B970003046111A03E084F824100AB110462162FF
:10B98000617811B101292BD033E02968B1F850203A
:10B990001144227801EBC201B1F80224C2F309027A
:10B9A000A1F8022401F2024158B13E280ED8420803
:10B9B000C60700D0521C0E8803EA822216430E806E
:10B9C00017E00A8842F400420A8012E04209C306E6
:10B9D00000D1521E0B884EEA822213430B8008E0EE
:10B9E0002968B1F850201144227801EBC201A1F876
:10B9F000020483B22289C4E040F2064808EBC20880
:10BA000030F80800C0F30900844514D3BCEB000CE7
:10BA1000C4F818C010D0760408D4D5F800C03CF89B
:10BA200022603E4046EA09062CF8226094F8242061
:10BA3000012A59D0A9E0A161607810B1012813D082
:10BA40001AE02868B0F85030184400EBC200B0F893
:10BA50000224C2F30902A0F80224B0F8022442F43E
:10BA60000042A0F8022407E02868B0F850301844DB
:10BA700000EBC200A0F802146278286812B1012A13
:10BA800011D018E0B0F850100844217800EBC10044
:10BA9000B0F80614C1F30901A0F80614B0F80614B2
:10BAA00041F4004105E0B0F850201044227800EB4A
:10BAB000C200A0F80614E07802280BD121782A6889
:10BAC00032F8210000EA0A0080F0200040EA0B0072
:10BAD00022F8210021782846FFF7BEFD70047FF58B
:10BAE00032AF0020BDE8F09F626902446261E26902
:10BAF0000244E2612669226AB24203D33046111A37
:10BB0000216204E00AB11046216284F824106278B0
:10BB1000296812B1012A2AD031E0B1F8502011442D
:10BB2000227801EBC201B1F80624C2F30902A1F8A0
:10BB3000062401F2064158B13E280ED84208C60735
:10BB400000D0521C0E8803EA822216430E8016E0B3
:10BB50000A8842F400420A8011E04209C30600D17B
:10BB6000521E0B884EEA822213430B8007E0B1F885
:10BB700050201144227801EBC201A1F80604628929
:10BB800083B26169286805F0DBFB2278296831F807
:10BB9000220000EA0A0080F0300040EA0B0021F8A1
:10BBA00022009EE701F0070101EB810100EBC100DB
:10BBB000D0F86C0170472DE9F04104460F0601F002
:10BBC000070000EB800104EBC1014FF001064FF0CC
:10BBD000000502D54E74103103E081F8515101F592
:10BBE000A871022B0870C2F30A000861CB7000D163
:10BBF0000D7194F89002012809D084F890622068B1
:10BC000004F006FF284684F89052BDE8F081022037
:10BC1000FBE710B501F0070404EB840100EBC10160
:10BC2000C1E959230022C1F86C2181F8512181F822
:10BC30005041006801F5A87105F096F9002010BD8B
:10BC400070B5044601F007002279904201D9012025
:10BC500070BD0B064FF000054FF0010206D500EB5A
:10BC6000800104EBC1014A74103107E001EB81014E
:10BC700004EBC10181F8515101F5A8718A70087077
:10BC800094F89002012808D084F89022206805F0EA
:10BC900052F984F89052002070BD022070BD10B59A
:10BCA00001F0070404EB840100EBC101C1E90923A1
:10BCB000012281F834200B630023CB624A7401F81F
:10BCC000104F006805F050F9002010BD10B5044673
:10BCD000006805F00FFB010404D52046BDE81040C4
:10BCE00003F0A6B841050ED5206830F8441F21F4B2
:10BCF00080610180204600F023F92046BDE8104015
:10BD0000002100F049B9410405D5206830F8441FEE
:10BD100021F480417DE0810405D5206830F8441F7E
:10BD200021F4005175E0C1041FD5206830F8401F90
:10BD300021F004010180206830F8401F21F0080143
:10BD4000018094F8C802012806D1002084F8C802B6
:10BD500001462046FFF740FC204600F005F9206828
:10BD600030F8441F21F4805153E0010512D52068BA
:10BD700030F8401F41F008010180206830F8441F6E
:10BD800021F400610180206830F8401F41F0040177
:10BD900001800AE0010629D5206830F8441F21F00F
:10BDA0008001018094F8C80218B1204600F038F9EB
:10BDB00010BD206830F8401F41F004010180206868
:10BDC00030F8401F41F008010180012084F8C802CA
:10BDD0002068B0F854003C2101EA9000C4F8CC027D
:10BDE0002046BDE810400121FFF7F6BB810509D5CB
:10BDF000206830F8441F21F400710180204600F0D3
:10BE0000C7F810BDC005FCD5206830F8441F21F4E8
:10BE10008071018010BD000070B5040004D094F85A
:10BE20009102002510B106E0012070BD84F8905207
:10BE3000204600F051F8032084F89102206805F0B4
:10BE40003AF8002001260BE000EB800104EBC10171
:10BE50004E740874CD740D624D62401CC0B28D6288
:10BE600021798142F0D8002012E000BF00EB800170
:10BE700004EBC10181F8515181F8500181F853510F
:10BE8000C1F86051C1F86451401CC0B2C1F868519A
:10BE900021798142EAD894E8070005F003F8257378
:10BEA00084F89162A07A012802D12046FFF782FB34
:10BEB000002070BD00680649884207D10548816DA1
:10BEC00021F4000181651420FFF724BB70470000B6
:10BED000005C00400010024010B596B004465421AA
:10BEE0006846F8F74AFB14492068884222D140147A
:10BEF000009000200F90684600F00AF908B1FBF7A7
:10BF0000E9FA0E48816D41F400018165806D0022DF
:10BF100000F40000159001211320FFF719FB1320F6
:10BF2000FFF709FB002201211420FFF711FB142069
:10BF3000FFF701FB16B010BD005C0040001002408E
:10BF400070B5044640790125022801D0FBF7C2FAFA
:10BF50002946D4F8D80204F0FAFAD4F8D802BDE899
:10BF6000704004F0ADBA000010B50446407A30B11C
:10BF70000648016821F00601016003F025FBD4F8B2
:10BF8000D802BDE8104004F0C8BA000010ED00E08F
:10BF9000D0F8D80204F0CBBA10B5044690F890025D
:10BFA00001280AD0012084F890022173206805F04E
:10BFB000B8F9002084F8900210BD022010BDD0F81E
:10BFC000D82200F52671104604F0CDBA10B504460B
:10BFD00090F8900201280CD0012084F8900220688B
:10BFE00005F079F9206804F04FFF002084F89002F2
:10BFF00010BD022010BD10B5044690F89002012833
:10C000000CD0012084F89002206804F054FF2068CE
:10C0100004F041FF002084F8900210BD022010BD02
:10C0200010B50446D0F8D80204F0E8FA607A002887
:10C0300004D00348016841F00601016010BD000012
:10C0400010ED00E02B492C4B0A6832214A432B4962
:10C0500040B1B0F5007F086829D020F4C06040F4FA
:10C0600080602CE00868C0F34120022804D051F819
:10C07000800F20F4807022E0D1F8800020F48070DE
:10C08000C1F88000086820F4C06040F400700860C7
:10C09000B2FBF3F0401C00E0401E4A69520501D596
:10C0A0000028F9D1486940050AD503207047C0F33C
:10C0B0004120022806D051F8800F40F480700860BB
:10C0C00000207047D1F8800040F48070C1F88000F3
:10C0D000086820F4C06040F400700860B2FBF3F020
:10C0E000401C00E0401E4A695205DBD50028F9D10A
:10C0F000D8E70000C400002040420F00007000405C
:10C100000248816841F480418160704700700040BE
:10C110002DE9F843044600680026BB4D00035ED5B8
:10C12000A86D0027C00008D4A86D40F08050A86515
:10C13000A86D012700F080500090DFF8D092D9F868
:10C14000001041F48071C9F80010FEF755FB8046DD
:10C1500006E000BFFEF750FBA0EB080002282BD83A
:10C16000D9F80000C005F5D5D5F8900010F440705E
:10C1700014D0216D814211D0D5F89000D5F89010DF
:10C1800020F4407041F48031C5F89010D5F890103B
:10C1900021F48031C5F89010C5F89000C00711D087
:10C1A000FEF72AFB804641F2883907E0FEF724FBC0
:10C1B000A0EB0801494501D903260BE0D5F8900012
:10C1C0008007F3D5D5F89000216D20F44070084326
:10C1D000C5F890001FB1A86D20F08050A8652078A8
:10C1E000C00707D0D5F88800616820F00300084335
:10C1F000C5F888002078800707D5D5F88800A168A1
:10C2000020F00C000843C5F888002078400707D5C7
:10C21000D5F88800E16820F030000843C5F88800B0
:10C220002078000707D5D5F88800216920F0C000E4
:10C230000843C5F888002078C00607D5D5F88800DF
:10C24000616920F440700843C5F8880020788006B2
:10C2500007D5D5F88800A16920F440600843C5F8E7
:10C2600088002078400607D5D5F88800E16920F4D9
:10C2700040500843C5F888002078000607D5D5F857
:10C280008800216A20F440400843C5F888002088CF
:10C29000C00507D5D5F88800616A20F4403008430E
:10C2A000C5F888002068800307D5D5F89C00A16AEE
:10C2B00020F003000843C5F89C002088800507D5BE
:10C2C000D5F88800E16A20F440200843C5F88800CA
:10C2D000208840050FD5D5F88800216B20F4401048
:10C2E0000843C5F88800206BB0F5801F03D1E868CB
:10C2F00040F48010E860208800050FD5D5F888004C
:10C30000616B20F440000843C5F88800606BB0F50D
:10C31000800F03D1E86840F48010E8602088C004F2
:10C320000FD5D5F88800A16B20F040700843C5F800
:10C330008800A06BB0F1807F03D1E86840F48010E2
:10C34000E86020884FF0006180040ED5D5F88800A1
:10C35000E26B20F040601043C5F88800E06B884233
:10C3600003D1E86840F48010E860208840040ED5CE
:10C37000D5F88800226C20F040601043C5F8880092
:10C38000206C884203D1E86840F48010E86020887F
:10C3900000040FD5D5F88800616C20F040500843A8
:10C3A000C5F88800606CB0F1805F03D1E86840F4A4
:10C3B0008030E8602068C0030FD5D5F88800A16CF4
:10C3C00020F040400843C5F88800A06CB0F1804FD1
:10C3D00003D1E86840F48030E860206840030FD55E
:10C3E000D5F89C00E16C20F440100843C5F89C008F
:10C3F000E06CB0F5001F03D1E86840F48010E860FD
:10C400003046BDE8F8830000001002400070004094
:10C410002DE9F0470E4605004FF0000725D0DFF864
:10C42000AC81D8F8000000F00F00B0420CD2D8F870
:10C43000001021F00F013143C8F80010D8F80000B7
:10C4400000F00F00B04210D12968614CC80741F2DA
:10C45000883A5AD06868DFF87C91032808D002280F
:10C4600020682DD0400500282CDB0120BDE8F08796
:10C4700020688001F9D5E06800F00302E068C0F3AD
:10C480000310401C032A19D0534A00BFB2FBF0F03E
:10C49000E268C2F306225043E268C2F34162521CD2
:10C4A0005200B0FBF2F0484517D9A06810F0F00F29
:10C4B0000CD0880711D5A86840B10EE0474AE5E7DF
:10C4C0008003D0E700F092F8484506D9A06820F034
:10C4D000F00040F08000A0608027A068696820F02C
:10C4E00003000843A060FEF787F9814606E000BF1D
:10C4F000FEF782F9A0EB090151453AD8A0686968B6
:10C5000000F00C00B0EB810FF2D12868810714D540
:10C51000400703D5A06840F4E060A06028780007D9
:10C5200005D5A06820F4605040F4E060A060A068E9
:10C53000A96820F0F000084304E0802F03D1A06830
:10C5400020F0F000A060D8F80010404601F00F0184
:10C55000B14216D9016821F00F0131430160FEF7A5
:10C560004BF9074607E000BFFEF746F9C11B5145EE
:10C5700001D903207AE7D8F8000000F00F00B0429C
:10C58000F2D12878400705D5A068E96820F4E0607A
:10C590000843A0602878000706D5A068296920F420
:10C5A000605040EAC100A06000F020F8A1680C4A89
:10C5B000C1F30311515C01F01F01C8400949086033
:10C5C00009480068BDE8F047FEF768BF0020024058
:10C5D0000010024000B4C4040024F40040787D013F
:10C5E0007E680108C40000207C000020184910B5B6
:10C5F0008868C0F381021748012A0BD08A68164B5D
:10C60000C2F38102022A06D08A68C2F38102032A99
:10C6100003D0002010BD184610BDCA6802F0030404
:10C62000CA68C2F30312521C032C02D0B0FBF2F012
:10C6300001E0B3FBF2F0CA68C968C2F306225043B6
:10C64000C1F34161491C4900B0FBF1F010BD00008D
:10C65000001002400024F40040787D012DE9F843E9
:10C6600004007AD02078F84DC00747D0A868E96860
:10C6700000F00C0001F003010C2802D0082817D0AC
:10C6800001E0032914D06068B0F5803F17D0B0F501
:10C69000A02F286817D020F480302860286820F464
:10C6A000802028606068E0B1FEF7A6F8064614E036
:10C6B0002868800322D560680028D2D01EE0286850
:10C6C00040F48030EDE740F480202860F7E700BFB9
:10C6D000FEF792F8801B642870D828688003F7D58D
:10C6E0000CE0FEF789F8064605E000BFFEF784F887
:10C6F000801B6428F0D828688003F7D4207880074E
:10C700004CD5A868E96800F00C0001F003010C2882
:10C7100002D004280DD001E002290AD0E0680028E8
:10C7200028682BD040F480702860FEF765F8064634
:10C7300019E02868400502D5E068002891D06868B3
:10C74000217C20F0FE4040EA01606860BF4800683C
:10C75000FEF7A4FE002800D120E072E1FEF74CF8BD
:10C76000801B0228B8D828684005F7D56868217C66
:10C7700020F0FE4040EA016068600FE020F4807025
:10C780002860FEF739F8064605E000BFFEF734F8EA
:10C79000801B0228A0D828684005F7D4207800071D
:10C7A00029D560690028D5F8940013D040F0010025
:10C7B000C5F89400FEF720F8064606E090E000BFBA
:10C7C000FEF71AF8801B022886D8D5F89400800757
:10C7D000F6D510E020F00100C5F89400FEF70CF843
:10C7E000064604E0FEF708F8801B022878D8D5F842
:10C7F00094008007F6D42078400761D5A86D002604
:10C80000C00008D4A86D40F08050A865A86D01262E
:10C8100000F0805000908E480168C90511D401686D
:10C82000804641F480710160FDF7E6FF074604E0B1
:10C83000FDF7E2FFC01B022852D8D8F80000C0055F
:10C84000F6D5A068012815D00528D5F8900016D097
:10C8500020F00100C5F89000D5F8900020F0040009
:10C86000C5F89000A06841F28838B8B1FDF7C4FF60
:10C8700007460EE0D5F8900040F00100F0E740F0E8
:10C880000400C5F89000F5E7FDF7B6FFC11B414570
:10C8900026D8D5F890008007F6D50CE0FDF7ACFF60
:10C8A000074604E0FDF7A8FFC11B414518D8D5F89D
:10C8B00090008007F6D41EB1A86D20F08050A865C6
:10C8C0002078800629D5A0690028D5F8980013D0D3
:10C8D00040F00100C5F89800FDF78EFF064606E01F
:10C8E00075E000BFFDF788FF801B02286FD8D5F8E0
:10C8F00098008007F6D510E020F00100C5F89800F8
:10C90000FDF77AFF064604E0FDF776FF801B02285C
:10C910005DD8D5F898008007F6D4E069F0B3A9682F
:10C92000C1F3810103295DD00228286820F08070BE
:10C93000286003D0FDF760FF04464BE0FDF75CFF85
:10C94000064604E0FDF758FF801B02283FD8286800
:10C950008001F7D4F4E908016FF00F0202EB011136
:10C960000843218A5204490802EB4151A26841EA76
:10C9700002210843217D4FF07E42490802EB4161CC
:10C980000843217B40EAC160E968324A114008430C
:10C99000E860286840F08070286000E05EE0E868A9
:10C9A00040F08070E860FDF727FF044605E000BF17
:10C9B000FDF722FF001B022809D828688001F7D55F
:10C9C0004CE000BFFDF718FF001B022802D903202E
:10C9D000BDE8F88328688001F4D4E8681E4908405F
:10C9E000E8603BE00128F3D0E868226A00F0030128
:10C9F000914226D1616A00F0F0020901103991429A
:10CA00001FD1A26A00F4FE41B1EB022F19D194F8B4
:10CA10002C2000F07841B1EBC26F12D1218E00F4CE
:10CA2000C00249084905A1F50011914209D194F8C5
:10CA3000341000F0C06049084906A1F1007181423C
:10CA40000CD00120C4E70000001002407C00002050
:10CA5000007000400C809F01FCFFEEFE0020B7E755
:10CA600070B5040009D0606A002540B12561656198
:10CA7000A56294F85D0040B10CE0012070BD6068D3
:10CA8000B0F5827FF4D0E561F2E784F85C5020468F
:10CA900000F07EF8022084F85D002068016821F033
:10CAA00040010160E1684FF4E062914201D9002049
:10CAB00001E04FF48050B1F5706F02D0914200D088
:10CAC000A562A188228901F4827102F40442114313
:10CAD000227C02F002021143227D02F00102114386
:10CAE000228B02F400721143227F02F038021143BC
:10CAF00094F8202002F080021143228D02F40052AB
:10CB0000114322681160A169042202EA114194F8DC
:10CB1000242000F4805002F01002114394F83420D5
:10CB200002F008021143A28902F47062114301432A
:10CB3000206841602068C16921F40061C1612566F7
:10CB4000012084F85D00002070BD00000C4A0168DF
:10CB50000C48914207D1016E21F480510166E02119
:10CB60004FF0904009E0084A914208D1816D21F4CC
:10CB7000004181654FF4E0510448FDF76BBC7047FC
:10CB80000030014000100240003C00400008004816
:10CB900010B586B0044614216846F7F7EEFC23680A
:10CBA000204C002120480222A3421AD1036E43F4F4
:10CBB00080530366036E03F480530593C36C43F004
:10CBC0000103C364C06C00F001000590E0200090F8
:10CBD000CDE901210520CDE9031069464FF09040D1
:10CBE0001CE0124CA3421BD1836D43F400438365C8
:10CBF000836D03F400430593C36C43F00403C364E3
:10CC0000C06C00F0040005904FF4E0500090CDE9B6
:10CC100001210620CDE9031069460548FDF7C2FC55
:10CC200006B010BD0030014000100240003C004042
:10CC3000000800482DE9FF5F1D46934604464FF06B
:10CC400001090E9EFDF7D8FD074694F85D00616866
:10CC5000012806D0B1F5827F39D1A168B1BB042883
:10CC600035D1019800287CD0BBF1000FFBD0002DFE
:10CC7000F9D094F85C00012829D04FF0010A84F81B
:10CC80005CA094F85D00042802D0052084F85D00C3
:10CC90004FF00008C4F86080C4F840B0A4F84650D3
:10CCA000A4F844500199A163E587A587C4F84C8096
:10CCB000C4F85080E0684FF4E061884201D8012D4B
:10CCC00009D92068426822F4805208E0FFE7022078
:10CCD00004B0BDE8F09F2068426842F48052426090
:10CCE00020680268520603D4026842F040020260E3
:10CCF000E0688842606846D908B1012D3BD1A06B3D
:10CD000001882068C160A06B801CA063E08F401E7A
:10CD1000E08730E02068816889070FD5E18F69B12D
:10CD2000B9F1010F0AD1A16B0988C160A06B801C09
:10CD3000A063E08F401EE0874FF000092068816803
:10CD4000C90711D0B4F8461071B1C068216C0880D1
:10CD5000206C801C2064B4F84600401EA4F84600F5
:10CD600000E09EE04FF00109FDF746FDC01BB04218
:10CD700001D3701C74D1E08F0028CBD1B4F84600E9
:10CD80000028C7D175E008B1012D6BD1E08F0128D3
:10CD9000A06B08D921680088C860A06B801CA063C4
:10CDA000E08F801E07E0216800780873A06B401CAC
:10CDB000A063E08F401EE08754E020688168890707
:10CDC0001AD5E18FC1B1B9F1010F15D1E18F012958
:10CDD000A16B07D90988C160A06B801CA063E08F9C
:10CDE000801E06E009780173A06B401CA063E08FF1
:10CDF000401EE0874FF0000920688168C90728D0ED
:10CE0000B4F8461029B3B4F84610012914D9C06803
:10CE1000216C0880206C801C2064B4F84600801EC1
:10CE2000A4F84600B4F84600012810D820684168EC
:10CE300041F4805141600AE0007B216C0870206C55
:10CE4000401C2064B4F84600401EA4F846004FF091
:10CE50000109FDF7D1FCC01BB04202D3701C01D008
:10CE600012E08EB1E08F0028A7D1B4F84600002868
:10CE7000A3D13A463146204602F0AEFA50B1202006
:10CE8000206684F85C800CE084F85DA084F85C8007
:10CE900003201DE784F85DA084F85C80206E0028E4
:10CEA000F7D0012014E710B5401EB0F1807F01D308
:10CEB000012010BD4FF0E02460610F21601704F0E5
:10CEC00014FB0020A06107202061002010BD7047E6
:10CED000704770477047704770470000F0B590F892
:10CEE0003C20012A43D0012580F83C50022280F8E2
:10CEF0003D2003685A689C681E4E1F4FDFF87CC0B7
:10CF0000B34203D0BB4201D0634504D122F4700E7A
:10CF10004A6842EA0E02DFF868E002EA0E02D1F83F
:10CF200000E04EEA020EC3F804E00268B24212D0FA
:10CF3000B2F1804F0FD0134B9A420CD0124B9A4251
:10CF400009D0124B9A4206D0BA4204D0104B9A42F2
:10CF500001D0624504D1896824F0800319439160AF
:10CF600080F83D50002180F83C100846F0BD0220BA
:10CF7000F0BD0000002C0140003401400050014091
:10CF80008FFFFFFD0004004000080040000C00403F
:10CF900000400140704770472DE9F04104460068A9
:10CFA000C66805694FF00007A90713D5B10711D569
:10CFB000F91E0161012020772068806980072046E2
:10CFC00002D0FFF7E8FF04E000F0F6F8204600F09A
:10CFD000E7F92777680716D5700714D521686FF031
:10CFE00004000861022020772068806910F4407FE7
:10CFF000204602D0FFF7CFFF04E000F0DDF8204626
:10D0000000F0CEF92777280715D5300713D521680A
:10D010006FF008000861042020772068C06980074D
:10D02000204602D0FFF7B7FF04E000F0C5F8204625
:10D0300000F0B6F92777E80616D5F00614D5216872
:10D040006FF010000861082020772068C06910F494
:10D05000407F204602D0FFF79EFF04E000F0ACF8CE
:10D06000204600F09DF92777E80708D0F00706D0A2
:10D0700021686FF001000861204600F01DFA2806C3
:10D0800001D4A80408D5300606D521686FF40250F3
:10D0900008612046FFF71CFFE80508D5300606D5D5
:10D0A00021686FF4807008612046FFF710FF680662
:10D0B00008D5700606D521686FF04000086120464B
:10D0C00000F0FBF9A80608D5B00606D521686FF078
:10D0D000200008612046FFF7FCFEE80208D5F002B8
:10D0E00006D521686FF4801008612046FFF7F3FE33
:10D0F000A80208D5B00206D521686FF400100861B7
:10D100002046FFF7E7FE680208D5700206D52168C1
:10D110006FF4800008612046FFF7DEFE28020AD582
:10D12000300208D521686FF4000008612046BDE890
:10D13000F041FFF72FBFBDE8F081000010B586B0C9
:10D14000044614216846F7F718FA236800221748A6
:10D150000221B3F1804F15D0154CA34210D1C36CFE
:10D1600043F00203C364C06C00F00200059010207D
:10D170008DE80700CDE9032169460E48FDF712FA54
:10D1800006B010BDC36C43F00103C364C06C00F073
:10D19000010005904FF400408DE807000120CDE923
:10D1A000032069464FF09040E8E70000001002407D
:10D1B0000004004000040048704770B5044690F831
:10D1C0003C0000260D4601280BD0012084F83C00CD
:10D1D0000C2A4AD007DC82B1042A20D0082A06D1C2
:10D1E00031E0022070BD102A53D0142A63D00126EA
:10D1F000002084F83C00304670BD206802F0F8FA48
:10D200002068816941F0080181612068816921F00D
:10D2100004018161206881692A69114311E0206855
:10D2200002F03CFB2068816941F400618161206863
:10D23000816921F480618161206881692A6941EAFC
:10D2400002218161D4E7206802F078FB2068C1697F
:10D2500041F00801C1612068C16921F00401C16188
:10D260002068C1692A69114311E0206802F0B6FB09
:10D270002068C16941F40061C1612068C16921F47D
:10D280008061C1612068C1692A6941EA0221C161E6
:10D29000AEE7206802F0F2FB2068016D41F0080162
:10D2A00001652068016D21F0040101652068016DB0
:10D2B0002A69114311E0206802F01CFC2068016D0E
:10D2C00041F4006101652068016D21F48061016510
:10D2D0002068016D2A6941EA0221016588E710B5DD
:10D2E000040003D094F83D0010B107E0012010BD08
:10D2F000002084F83C00204600F022F8022084F848
:10D300003D00211D206802F0F3F9012084F8480057
:10D3100084F83E0084F83F0084F8400084F841001F
:10D3200084F8420084F8430084F8440084F84500FF
:10D3300084F8460084F8470084F83D00002010BDC2
:10D3400008B501681448B1F1804F14D0134A9142D6
:10D3500020D1816D41F002018165806D002200F0D5
:10D360000200009011461D20FEF7F2F81D20BDE8D6
:10D370000840FEF7E0B8816D41F001018165806DE4
:10D38000002200F00100009011461C20FEF7E0F89A
:10D390001C20ECE708BD0000001002400004004023
:10D3A0007047000070B50446022269B1042912D00A
:10D3B000082917D00C291CD0102921D094F843003B
:10D3C000012824D0012070BD94F83E000128F9D135
:10D3D00084F83E201DE094F83F000128F2D184F843
:10D3E0003F2016E094F840000128EBD184F840205B
:10D3F0000FE094F841000128E4D184F8412008E0CE
:10D4000094F842000128DDD184F8422001E084F83C
:10D4100043200122206802F0DDF91D4920681D4AE1
:10D420001D4B1E4D88420BD0904209D0984207D028
:10D430001B4EB04204D01B4EB04201D0A84203D1D3
:10D44000466C46F4004646642068884211D0B0F12C
:10D45000804F0ED0144988420BD01449884208D01E
:10D460001349884205D0904203D0984201D0A84287
:10D4700007D181680F4A1140062906D0B1F5803FD7
:10D4800003D0016841F001010160002070BD00007F
:10D49000002C014000340140004001400050014098
:10D4A00000440140004801400004004000080040E2
:10D4B000000C00400700010070477047704770473C
:10D4C0007047704770B50446D0F88800D4F88C6077
:10D4D000216889684FF01005090618D5212816D152
:10D4E0002068083050E8001F21F0800140E8001259
:10D4F000002AF5D1E06F38B1FCF726F820B1E06FD3
:10D50000FCF793F8202823D0204602F063FB206824
:10D51000806840061AD5222E18D12068083050E8BD
:10D52000001F21F0400140E80012002AF5D1D4F894
:10D53000800040B1FCF708F828B1D4F88000FCF76F
:10D5400074F8202804D0204602F01AFB002070BD99
:10D55000C4F89050032070BD704700002DE9F041E1
:10D5600003680446D86919689A6840F60F0528428E
:10D570004FF000054FF002060AD187067ED501F074
:10D58000200702F0805C57EA0C0777D0616F42E118
:10D59000B64FDFF8DCC2174001EA0C0C57EA0C0C5E
:10D5A0006CD05FEAC07C0CD05FEAC15C09D54FF05B
:10D5B000010CC3F820C0D4F8903043F00103C4F844
:10D5C0009030830709D5D30707D023681E62D4F8AB
:10D5D000903043F00403C4F8903043070AD5D307D2
:10D5E00008D0266804233362D4F8903043F0020355
:10D5F000C4F8903003070CD501F020033B4308D05A
:10D60000266808233362D4F8903043F00803C4F846
:10D61000903003050BD54B0109D526684FF4006304
:10D620003362D4F8903043F02003C4F89030D4F83B
:10D630009030002B3DD0800609D501F0200002F08B
:10D640008051084303D0616F09B120468847D4F860
:10D65000900021688968490602D410F0280F2AD06A
:10D66000204602F08DFA2068806840061ED52068AA
:10D67000083050E8001F21F0400100E021E040E8C0
:10D680000012002AF3D1D4F8800078B1794981637F
:10D69000D4F88000FBF78DFF00280AD0D4F8800072
:10D6A000816B00E02046BDE8F04108472046FFF7C7
:10D6B00053FFBDE8F0812046FFF74EFFC4F89050BD
:10D6C000F7E7D4F86CC02027BCF1010F7ED15FEAE8
:10D6D000C06C7BD55FEAC16C78D5102018622068D9
:10D6E0008068400651D5D4F880100A68506800045C
:10D6F000000C3ED0B4F85C3083423AD9A4F85E0006
:10D700000868006880062CD4216851E8000F20F4D6
:10D71000807041E80002002AF6D12068083050E805
:10D72000001F21F0010140E80012002AF5D1206815
:10D73000083050E8001F21F0400140E80012002AA4
:10D74000F5D1C4F88C70E566216851E8000F20F02F
:10D75000100041E80002002AF6D1D4F88000FBF75F
:10D76000F3FE2667B4F85C00B4F85E10401A81B28C
:10D7700007E0B4F85C1081429BD11068800698D510
:10D7800026672046FFF79AFE93E7B4F85C00B4F8EA
:10D790005E10401A81B2B4F85E00002889D00029DA
:10D7A00087D0226852E8000F20F4907042E800030E
:10D7B000002BF6D12D4BDB432068083050E8002FBA
:10D7C0001A4040E8002CBCF1000F00E00EE0F3D15D
:10D7D000C4F88C70E5666567206850E8002F22F079
:10D7E000100240E80023002BF6D1C9E7C60209D594
:10D7F000560207D54FF4801018622046BDE8F0416C
:10D80000FFF75FBE03060AD501F0800302F40002B1
:10D81000134304D0A16F00297FF444AF49E74206C7
:10D8200011D54A060FD52046016851E8002F22F095
:10D83000400241E80023002BF6D1C0F888708567CC
:10D8400000F01AF835E7020206D54A0004D5204652
:10D85000BDE8F041FFF734BEC00195D5002993DA49
:10D860002046BDE8F041FFF72ABE0000010000108D
:10D870002001000471FB000870474FF4FA700107A3
:10D880004863704704484FF08041D0F88C02C0F5DF
:10D89000FA704863704700005C2F002004484FF086
:10D8A0008041D0F89402C0F5FA70486370470000D8
:10D8B0005C2F002008B54FF6FF73009313460A460D
:10D8C00001460248FFF7B6F908BD0000E80600204F
:10D8D00008B54FF6FF73009313460A460146024807
:10D8E000FFF7A8F908BD0000E8060020014908205C
:10D8F0008861704700040048014908208862704729
:10D90000000400480149042088617047000C004869
:10D910000149042088627047000C0048F7EE001AA5
:10D92000124831EEC02A9FED100A026822EE002A4A
:10D93000BCEEC22A12EE101AC2F89C1071EEE00A78
:10D94000006860EE800AFCEEE00A10EE901AC0F863
:10D950009C1271EEC10A20EE800ABCEEC00A10EEE5
:10D96000101AC0F81C13704700D0844688050020A8
:10D9700010B54FF4C4010548FDF733FCBDE8104075
:10D9800040F603710148FDF7B6BC00008805002091
:10D9900010B54FF4C4010548FDF77CFCBDE810400C
:10D9A00040F603710148FDF7BEBC00008805002069
:10D9B00006210148FDF71BBA88050020072930D24F
:10D9C000DFE801F00A10161C222804000068D0F8D5
:10D9D000841341F0010122E00068D0F8841341F083
:10D9E00002011CE00068D0F8841341F0040116E045
:10D9F0000068D0F8841341F0080110E00068D0F806
:10DA0000841341F010010AE00068D0F8841341F05B
:10DA1000200104E00068D0F8841341F04001C0F810
:10DA20008413704770B506460068D0F88853D0F864
:10DA30009043E90707D0E10705D00121C0F88C1316
:10DA40003046FDF7CEF9A80708D5A00706D53168FE
:10DA50000220C1F88C033046FDF7C4F9680708D5E9
:10DA6000600706D531680420C1F88C033046FDF705
:10DA7000BAF9280708D5200706D531680820C1F86B
:10DA80008C033046FDF7B0F9E80608D5E00606D568
:10DA900031681020C1F88C033046FDF7A6F96806FE
:10DAA00008D5600606D531684020C1F88C033046A1
:10DAB000FDF79CF9A80608D5A00606D531682020F8
:10DAC000C1F88C033046FDF7B4FA70BD70B5036839
:10DAD0001A68D3F8A0534C6922F02002264614435A
:10DAE00024F0C002202E2BD08C69022C28D0032CCD
:10DAF0002BD0042C2ED022F0E00200BF22F40064D0
:10DB0000CA69224322F480640A6A224322F0C06474
:10DB10004A6A224322F000648A6A2243CC6A22F0D5
:10DB2000404242EA840222F000544A6B096B2243CD
:10DB300025F4803421431A600068C0F8A01370BD3A
:10DB400022F0C00242F02002D8E722F0800242F028
:10DB50004002D3E722F0400242F08002CEE72DE9F6
:10DB6000F04704460068D0F88883D0F89073466880
:10DB7000C5685FEAC8314FF001090DD5F9030BD52F
:10DB80004FF48031C0F88C1384F8DD90002084F8C5
:10DB9000DC002046FDF7ACF85FEA883009D5B80311
:10DBA00007D521684FF40030C1F88C032046FCF7FC
:10DBB00029FEF00708D0E80706D02168C1F80890D0
:10DBC00006212046FCF722FEB00708D5A80706D597
:10DBD00021680220886006212046FDF785F870073D
:10DBE00008D5680706D521680420886006212046EC
:10DBF000FDF77BF8300708D5280706D521680820EF
:10DC0000886006212046FDF771F8F00608D5E80681
:10DC100006D521681020886006212046FDF7E2F92C
:10DC2000B00607D5A80605D52168202088602046C3
:10DC3000FDF7FEF9700608D5680606D52168402074
:10DC4000886006212046FDF7CCF9BDE8F087F0B5E5
:10DC50000024E426056806EBC11755F807C0B8266E
:10DC600006EBC116AE59402A20D00EDC082A2CD073
:10DC700006DC012A1AD0022A27D0042A31D115E065
:10DC8000102A13D0202A2CD11FE0B2F5007F1CD01F
:10DC900005DC802A19D0B2F5807F22D106E0B2F5EA
:10DCA000806F03D0B2F5006F1BD10EE04FF0BC0EB9
:10DCB0000EEBC11E5A6845F80E204FF0C00E0568E5
:10DCC0000EEBC1119A686A500BE0C42404EBC11436
:10DCD0005A682A51C825046805EBC1119A68625038
:10DCE0001024FE21A1401A682CEA010CA240D96838
:10DCF00042EA0C02A14011431A69D3F814C0154638
:10DD0000A2400A430CFA04FC99694CEA020CA140B7
:10DD100041EA0C01082D06D1B20504D4B20102D4A7
:10DD2000DA69A24011430068C151F0BD2DE9F0410C
:10DD3000074688460068842202EBC81146588C22A8
:10DD400002EBC81145584FF08802F30702EBC814E4
:10DD500007D0E90705D00121015141463846FCF7BB
:10DD600055FDB00708D5A80706D539680220085127
:10DD700041463846FCF7B8FF700708D5680706D556
:10DD800039680420085141463846FCF7AEFF300799
:10DD900008D5280706D53968082008514146384675
:10DDA000FCF7A4FFF00608D5E80606D53968102070
:10DDB000085141463846FDF715F9700608D5680642
:10DDC00006D539684020085141463846FDF709F923
:10DDD000300608D5280606D5396880200851414606
:10DDE0003846FCF710FDF00509D5E80507D5396878
:10DDF0004FF48070085141463846FCF705FDB005E8
:10DE000009D5A80507D539684FF400700851414677
:10DE10003846FDF7C2F8700509D5680507D5396899
:10DE20004FF48060085141463846FDF7B5F830059B
:10DE300009D5280507D539684FF4006008514146D7
:10DE40003846FDF7ACF8F00409D5E80407D5396881
:10DE50004FF48050085141463846FDF79FF8B00412
:10DE600009D5A80407D539684FF400500851414638
:10DE70003846FCF73CFF700409D5680407D53968BB
:10DE80004FF48040085141463846FCF7A9FFBDE8F1
:10DE9000F08100002DE9F04F8024036804EBC117E6
:10DEA000DC5924F07044DC510568EC59E82303EB9D
:10DEB000C1139E4655F803C0E42303EBC1139B46F0
:10DEC00055F803A0D5F8A033566924F02004344354
:10DED000202E24D09669022E21D0032E24D0042E89
:10DEE00027D024F4D07400BF24F40066D4693443EE
:10DEF00024F48066146A344324F0C066546A3443C0
:10DF000024F00066946A344324F07046D46A3443A3
:10DF1000566B24F40034B6F1005F0FD010E024F407
:10DF2000C07444F02004DFE724F4807444F08004DB
:10DF3000DAE724F0800444F48074D5E744F4003434
:10DF400024F04008946B2CF03F0C264644EA080469
:10DF500024F48028946D44EA0804DFF8D08004EAB1
:10DF60000804D2F8508048EA040992F83C40D2F8FC
:10DF7000408004F03F0444EA0C0424F0004448EAE2
:10DF80000408546C2AF4807C44EA0C04D2F848C09B
:10DF9000BCF5606F02D0BCF5F05F01D1402E03D11B
:10DFA00024F4F0544CEA040424F48046D46C344342
:10DFB000566D062927D2DFE801F003090F151B2152
:10DFC000126B23F4003343EA42031CE0126B23F488
:10DFD000802343EA820316E0126B23F4002343EA12
:10DFE000C20310E0126B23F4801343EA02130AE029
:10DFF000126B23F4001343EA421304E0126B23F480
:10E00000800343EA821345F80790056845F80E80BF
:10E01000056845F80B40D424026804EBC111565042
:10E020000068C0F8A033BDE8F08F0000FFFF06FED7
:10E03000FEE70000F0B500230A24302537261F46EE
:10E0400011E000BFB4EB107F02D905EB107C01E0BA
:10E0500006EB107C01F813C001EB430C00015B1CC4
:10E060008CF80170DBB29342ECD3F0BD70B5444E36
:10E0700004462DED028B3078411C31707178884256
:10E080003ED994F80C049FED3F8A04F5806507287B
:10E0900072D2DFE800F0716204520A38660020464E
:10E0A00000F0C6F894ED400A1FE0D4ED5A0A95ED51
:10E0B000050AF4EEC00AF1EE10FA02D2F0EE601A90
:10E0C00001E0F0EE401AB1EE401AF4EEC11AF1EEA2
:10E0D00010FA07DDF4EEC00AF1EE10FA2AD2B0EE23
:10E0E000600A27E0B0EE410A24E0D5ED060A20EEF2
:10E0F000200A84ED320A00BF84ED318A002030709E
:10E10000BDEC028B70BDD4ED5A0A95ED050AF4EE14
:10E11000C00AF1EE10FA02D2B0EE601A01E0B0EEE1
:10E12000401AF1EE401AB4EEE11AF1EE10FAD1DC29
:10E13000B0EE610A84ED5A0AD7E7134894ED4D0A10
:10E14000B2EE041AD0ED200A01F080FA84ED4E0AF6
:10E150000021204603F008F90AE02046F8F788F885
:10E1600006E0B0EE000A84EDF90A204601F0D4F88A
:10E1700094ED560AB9E7FFE784ED328ABCE7000068
:10E18000C8000020000000005C2E002000EB810091
:10E19000006E00F0F840704700EB8100006E00F068
:10E1A000F84070478068C0F3C00070478068C0F3D3
:10E1B000C00070478068C0F3800070478068C0F37B
:10E1C00080007047C06810F4406F01D00020704795
:10E1D00001207047042303EAD15310B51844436962
:10E1E000C1F3045107248C40A3438A401343436185
:10E1F00010BD042303EAD15310B518444369C1F399
:10E20000045107248C40A3438A401343436110BD4B
:10E2100000EB8100016E21F000411143016670475F
:10E2200000EB8100016E21F000411143016670474F
:10E2300090ED390AD0ED040A90ED071A00F58061DF
:10E2400030EE600AD0ED3D0A20EE200AD0ED4D0AF6
:10E2500070EEC10A90ED3F1A01EE200AD0ED5A0A85
:10E2600030EE200A80ED400AD1ED050AB4EEE00A56
:10E27000F1EE10FA02D2B0EE401A01E0B0EE601AF0
:10E28000F1EE601AB4EEE11AF1EE10FA07DDB4EE29
:10E29000E00AF1EE10FA04D3B0EE600A01E0B0EE4D
:10E2A000610A80ED400A7047F4EEC10A30B5F1EE24
:10E2B00010FA07D2F4EEE10AF1EE10FA0AD2B0EE4B
:10E2C000602A09E0B4EEE11AF1EE10FA02D2B0EEE3
:10E2D000412A01E0B0EE612AF4EEC10AF1EE10FA33
:10E2E00007DDF4EEE10AF1EE10FA0ADDF0EE602A45
:10E2F00009E0B4EEE11AF1EE10FA02DDF0EE412A87
:10E3000001E0F0EE612A2C4B72EE222AB6EE002AD2
:10E310002A4CDFED2B3A62EE822A30EEE23AC3EE6F
:10E32000000A9FED283A70EE820A10EE905A9D4244
:10E3300003DD10EE905AA54206DA10EE905A9D4287
:10E3400004DCF0EE430A01E0F0EE630A31EE621AFB
:10E35000C0ED000AC1EE000A70EE820A10EE900ACB
:10E36000984203DD10EE900AA04206DA10EE900A01
:10E37000984204DCF0EE430A01E0F0EE630A31EE6D
:10E38000E21AC1ED000AC1EE000A30EE820A10EE78
:10E39000100A984203DD10EE100AA04206DA10EED1
:10E3A000100A984204DCB0EE430A01E0B0EE630AC2
:10E3B00082ED000A30BD00000AD7233CA4707D3FE7
:10E3C000A4707D3F0AD7233C2DE9F0419AB0002488
:10E3D0001794189420210FA81994F6F7CEF83C2131
:10E3E0006846F6F7CAF82B484FF0A04104250160B3
:10E3F0004FF44031C0E90114C4600461C0E905452F
:10E40000047744770126066280F82440C4620463DE
:10E4100080F83840C46380F84040FAF743FD08B103
:10E42000F9F758F8CDE9176417A91A481994FAF7BB
:10E43000F3F808B1F9F74EF8174F10A906204FF07E
:10E440007F080F9781E81101CDE913540FA91148F6
:10E45000FAF792F908B1F9F73DF801A909200097F8
:10E4600081E81101CDE904548DF824408DF8254050
:10E4700008968DF826400A940B948DF83040694632
:10E480000448F9F713FC002801D0F9F723F81AB073
:10E49000BDE8F081FC020020020030042DE9F041CB
:10E4A00098B020210FA8F6F768F83C216846F6F7E7
:10E4B00064F828482649002401604FF44031C0E93F
:10E4C0000114C46004250461C0E90545047744775C
:10E4D0004FF00108C0F8208080F8244080F83840D0
:10E4E000C46380F84040C4620463FAF7DBFC08B1FF
:10E4F000F8F7F0FF184E10A906207F270F9681E845
:10E500009100CDE913540FA91248FAF735F908B173
:10E51000F8F7E0FF01A90920009681E89100CDE914
:10E5200004548DF824408DF82540CDF820808DF8D6
:10E5300026408DF830400A94694606480B94F9F756
:10E54000B5FB002801D0F8F7C5FF18B0BDE8F08191
:10E5500000010050680300204000201930B58BB046
:10E56000002408940994202168460A94F6F705F8D7
:10E570001D481C49042501604FF44031C0E90114D5
:10E58000C4600461C0E90545047744770121016254
:10E5900080F82440C462046380F83840C46380F883
:10E5A0004040FAF77FFC08B1F8F794FF08A90E483D
:10E5B0000894FAF731F808B1F8F78CFF0B4800908F
:10E5C0000620CDE901047F200594CDE903056946C5
:10E5D0000548FAF7D1F8002801D0F8F77BFF0BB017
:10E5E00030BD000000040050D403002002003004BD
:10E5F00030B589B020216846F5F7BFFF254824498A
:10E60000002401604FF44031C0E901140425856104
:10E610000121C460C0E9044104774177032101620C
:10E6200080F82440C462046380F83840C46380F8F2
:10E630004040FAF737FC08B1F8F74CFF1648009055
:10E640000620CDE901047F200594CDE90305694644
:10E650001048FAF791F808B1F8F73CFF0F4800901E
:10E660000C20019069460B48FAF786F808B1F8F7D4
:10E6700031FF0B4800901220019069460548FAF7D7
:10E680007BF8002801D0F8F725FF09B030BD000065
:10E6900000050050400400200800900C1000C0103D
:10E6A0002000F0140D4808B5816C41F0040181642C
:10E6B000816C01F004010091816C41F001018164E1
:10E6C000806C002200F00100009011460B20FCF746
:10E6D0003FFFBDE808400B20FCF72DBF00100240B3
:10E6E00038B51C481A490024C0E900148460C4608D
:10E6F0000474447484740A210125C0E905150821B5
:10E70000C161C0E908158562C562C0E90C54846323
:10E71000C463FBF7DBFA08B1F8F7DCFE0D48022111
:10E720001838C5600460C0E9014140F2FF71C0E9DA
:10E73000044101461830FBF73AF908B1F8F7CAFE70
:10E7400000231A46194603480094FBF75EF938BDCA
:10E7500000680040240500202DE9F04186B0142116
:10E760006846F5F70AFF4448C16C41F02001C164D6
:10E77000C16C01F020010591C16C41F00401C1643C
:10E78000C16C01F004010591C16C41F00101C1644B
:10E79000C16C01F001010591C16C41F00201C1643D
:10E7A000C16C01F002010591C16C41F00801C16426
:10E7B000C06C4FF0904800F0080005900022102136
:10E7C0004046FCF713F82D4E002208213046FCF796
:10E7D0000DF82B4F002204213846FCF707F81020D3
:10E7E000009001250024CDE9015469464046039478
:10E7F000FBF7D8FE08200090CDE901546946304669
:10E800000394FBF7CFFE04200090CDE90154694644
:10E8100038460394FBF7C6FE4FF440600090022098
:10E82000CDE901040720CDE9034069463046FBF7F6
:10E83000B9FE18200090CDE9015469464046039482
:10E84000FBF7B0FEA8020090CDE9015469464046AE
:10E850000394FBF7A7FE2C03694640460094FBF7A0
:10E86000A1FE002221464046FBF7C0FFC820FAF770
:10E87000F7FF06B0BDE8F081001002400004004838
:10E88000000C0048F0B5B7B0002429942A942B94CA
:10E89000602168462C94F5F770FE349435941C2161
:10E8A0002DA83694F5F769FE242120A8F5F765FE1A
:10E8B000202118A8F5F761FEA748A649C0E9001471
:10E8C0008460FCF79FFA08B1F8F704FE0C21A24817
:10E8D000FCF70FFA08B1F8F7FDFD0A219E48FCF796
:10E8E0005FFB08B1F8F7F6FD48F2D040CDE9290406
:10E8F00003200825CDE92B0529AA06219648FCF717
:10E9000099FB08B1F8F7E6FD4120CDE900040126A6
:10E910000294CDE90346059406940794C006089432
:10E92000CDE909408000CDE90C400B946A460621F0
:10E9300089481794FCF70FFD08B1F8F7CBFD44F2B6
:10E94000682734AB0122062183483497FCF7AFFBDC
:10E9500008B1F8F7BFFD29AA00217F482997FCF7E5
:10E9600069FB08B1F8F7B6FD30942DAA00217A486A
:10E970002D963394FCF737FD08B1F8F7ABFD002274
:10E9800011467548FCF72FFB08B1F8F7A3FD019479
:10E990004FF48076CDE9104600940F941020CDE915
:10E9A0001440800316900E9412946A4600216A481F
:10E9B000FCF7D1FC08B1F8F78DFD6A4604216648E2
:10E9C0001294FCF7C8FC08B1F8F784FD6A460521EB
:10E9D00061481294FCF7BFFC08B1F8F77BFD42F2E6
:10E9E0003410349034AB012200215B48FCF75FFB0C
:10E9F00008B1F8F76FFD4FF4406020906420CDE936
:10EA00002104CDE9244023942694279420AA0021B0
:10EA100051482894FCF79EF908B1F8F75BFD20AA4D
:10EA200004214D48FCF796F908B1F8F753FD20AAE8
:10EA300005214948FCF78EF908B1F8F74BFDCDE9FF
:10EA400018451A941B941C941D941E9418AB012213
:10EA5000002141481F94FCF733FC08B1F8F73AFD58
:10EA600018AB324604213C48FCF72AFC08B1F8F701
:10EA700031FD18AB4FF4806205213748FCF720FCCC
:10EA800008B1F8F727FD18AB022200213248CDE982
:10EA90001945FCF715FC08B1F8F71CFD18AB4FF44D
:10EAA000007204212C48FCF70BFC08B1F8F712FDAA
:10EAB00018AB4FF4006205212748FCF701FC08B1B0
:10EAC000F8F708FD29AA04212348FCF7B3FA08B196
:10EAD000F8F700FD2DAA04211F48FCF784FC08B1BB
:10EAE000F8F7F8FC002204211B48FCF77CFA08B177
:10EAF000F8F7F0FC34AB012204211748FCF7D7FAF1
:10EB000008B1F8F7E7FC29AA05211348FCF792FAA7
:10EB100008B1F8F7DFFC2DAA05210F48FCF763FCCC
:10EB200008B1F8F7D7FC002205210B48FCF75BFA87
:10EB300008B1F8F7CFFC34AB012205210648FCF7F9
:10EB4000B6FA08B1F8F7C6FC0348FCF7D9F937B0B4
:10EB5000F0BD00000068014088050020124810B593
:10EB6000104901604FF48271416000214FF47062DE
:10EB7000C0E902120122C0E904125202826110228D
:10EB8000C0E9072107224162C0E90A12016341631B
:10EB9000FDF766FF002803D0BDE81040F8F79ABCE7
:10EBA00010BD0000003C0040E806002010B58AB00F
:10EBB0000024079408941C2168460994F5F7DDFCAD
:10EBC00016484FF0804101601021C0E9011440F265
:10EBD000F311C0E9031480218161FEF780FB08B1C5
:10EBE000F8F778FC079407A90C480994FEF776F922
:10EBF00008B1F8F76FFC6020CDE900040294002210
:10EC0000694606480494FEF7D8FA08B1F8F762FCA2
:10EC10000248FEF793FA0AB010BD00004C0700202E
:10EC200010B58AB00024079408941C216846099402
:10EC3000F5F7A3FC154814490160A921C0E90114A6
:10EC4000C721C0E903148461FEF749FB08B1F8F756
:10EC500041FC079407A90D480994FEF73FF908B154
:10EC6000F8F738FC6020CDE90004029400226946E0
:10EC700006480494FEF7A1FA08B1F8F72BFC034804
:10EC8000FEF75CFA0AB010BD0004004098070020AF
:10EC900030B5224C87B0A06B40F40000A063A06B9D
:10ECA00020F40000A0631E4801F09FFE08B1F8F7B1
:10ECB00011FC1B4801F019FA08B1F8F70BFCE06CE5
:10ECC00040F00100E064E06C4FF4805400F001007B
:10ECD0004FF090450590002221462846FBF786FD1F
:10ECE00014216846F5F749FC0021012000940391A6
:10ECF000CDE9010169462846FBF754FC0022214674
:10ED00002846FBF773FD6420FAF7AAFD012221468D
:10ED10002846FBF76BFD07B030BD00000010024035
:10ED20006419002010B500220F49104801F0A6FA1E
:10ED300008B1F8F7CFFB0E490C4801F087FC08B189
:10ED4000F8F7C8FB0B49094801F0C8F808B1F8F713
:10ED5000C1FB064801F0F4FC002803D0BDE81040D8
:10ED6000F8F7B8BB10BD0000DC00002064190020DB
:10ED70002402002030010020FEE7000000EE100A0F
:10ED8000DFED190A9FED1B1AB8EE400A174800B5CF
:10ED900020EE200ADFED160A80ED010A70EEC00AAF
:10EDA00020EE011AC0ED030A81EE200ADFED120AFF
:10EDB00080ED000A20EE200A04F046F8DFED0F0A8D
:10EDC0009FED0F1A60EE200A9FED0E0A00EE810AF9
:10EDD000B7EE001AC1EE000A9FED0B0A30EEC00A32
:10EDE00080ED020A00BD0000A306533AEC020020A9
:10EDF0003333534000401C4617B7D1381572313FAA
:10EE000016A58439C8CE5B3B33938843FEE70000E8
:10EE100000EE100A9FED041AF8EE400A9FED030A77
:10EE200010EE810A704700009D11A53D0000484288
:10EE30002DE9F84F044640F68F7A40F2064B48F62B
:10EE40000F784FF000098BE1B0F8441011F00F0576
:10EE50003AD030F8256031047DD530F8251001EA2C
:10EE60000A0141F0800120F8251005EB850004EB34
:10EE7000C00797F85C0107F5A87700286CD0F878F0
:10EE800002286AD03978226832F8210048F68F7358
:10EE9000184048F2C003184322F821003878D4F80B
:10EEA00000C03CF820104904BCF8501001EB0C02E3
:10EEB0007ED540F2024101EBC000105A8005800D62
:10EEC000009076D03A89A7E0C9062AD4018801EAE1
:10EED000080141F400410180206804F11005B0F8F8
:10EEE0005010227C014440F2024000EBC200085A5C
:10EEF000C0F30900E062616A0844606200212046B4
:10EF0000FCF7AAFB207B00289DD0A86900289AD195
:10EF1000207B40F080012068A0F84C1084F80C9011
:10EF20001EE1018804F5A8750A051ED5B0F8501039
:10EF30000A1829780BEBC100105A04F52671C0F3AA
:10EF40000903EB61EA88206802F0D7F92168088894
:10EF500000EA0A0002E07BE03FE04EE040F0800083
:10EF600008802046FDF72BF8FAE00904D8D501887F
:10EF700001EA0A0141F0800101802068B0F85010D8
:10EF80002A7808440BEBC201405A83059B0DEB61C4
:10EF90000DD0696959B1EA88206802F0AEF9E969D3
:10EFA00068690844686100212046FCF75EFB01E0C7
:10EFB0002AE028E0206801880A050DD4C1F3013158
:10EFC000032909D001884BF68F72114081F440511A
:10EFD00048F2800211430180C2E02068B0F850106E
:10EFE0003B780A180BEBC301515A8905890D009132
:10EFF00017D0FA887969009B11E0324639462046DD
:10F00000FCF7A2FB00900CE00BEBC000105A80054F
:10F01000800D009005D07A8903466046796902F038
:10F020006CF9F96900980844F86178690099084416
:10F030007861B86918B139690098814204D9397882
:10F040002046FCF712FB03E03946206801F08CFFF4
:10F0500030062DD505EB850004EBC001206830F8A3
:10F06000252002EA080242F4004220F82520C87C4C
:10F07000103101281DD0F0056ED42068B0F8502062
:10F0800013180A7840F2024000EBC200185A8A694D
:10F09000C0F30900824258D9121A8A6157D04A69CE
:10F0A00002444A61CA691044C861206801F05CFFEB
:10F0B00056E0C1F818900A7B48461AB3720622D56A
:10F0C0004A7812B1012A14D041E02068B0F85020EB
:10F0D00010440A7800EBC200B0F80224C2F309021F
:10F0E000A0F80224B0F8022442F40042A0F802245E
:10F0F0002DE02268B2F850301A440B7802EBC302BC
:10F10000A2F8020423E04B78226813B1012B13D03C
:10F110001DE0B2F8500010440A7800EBC200B0F8CD
:10F120000624C2F30902A0F80624B0F8062442F42B
:10F130000042A0F806240AE0B2F850301A440B78D6
:10F1400002EBC302A2F8060401E0C1F818900978A6
:10F150002046FCF781FA03E032462046FCF762FBCA
:10F160002068B0F8441009043FF56EAE0020BDE8F9
:10F17000F88F0000054A672313707623D37150700F
:10F180000868C2F802001046704700009002002094
:10F1900010B50B480B4A002102EB810350F8044BD9
:10F1A000491C1C604029F7DB074A002102EB810360
:10F1B00050F8044B491C1C60FF29F7DD10BD00000E
:10F1C00000F001085C2E00205C2F00202DE9FF4795
:10F1D000214C72B6FBF72AF9002001211F228DE88D
:10F1E00007001E4E039170601C496846091DFBF71D
:10F1F0004FF87068401CF7D1DFF864900025B046E6
:10F2000009EB8500D0E9006732463B4621460020E5
:10F21000FBF7BAF888F800000028F5D10834AD1CD7
:10F22000402DEDDBDFF83C80002500BF08EB8500BA
:10F23000D0E9006732463B4621460020FBF7A4F8A0
:10F240000028F7D10834AD1CFF2DEFDDFBF78EF859
:10F2500062B6BDE8FF87000000F0010880020020D0
:10F260005C2E00205C2F00207047000090ED040A07
:10F2700011B1D0ED3A0A01E0D0ED390A30EEC00A02
:10F2800080ED3B0AB0EE401AB5EEC01AF1EE10FA6E
:10F2900002DDB0EE410A01E0B1EE410AD0ED410AD3
:10F2A000B4EEE00AF1EE10FA01DC9FED1A1A00F557
:10F2B000806180ED3B1A90ED3D0AD0ED3F0AD0ED24
:10F2C000071A20EE010A00EEE10A80ED400AD1EDB6
:10F2D000040AB4EEE00AF1EE10FA02D2B0EE402ACF
:10F2E00001E0B0EE602AF1EE601AB4EEE12AF1EE30
:10F2F00010FA07DDB4EEE00AF1EE10FA04D3B0EE36
:10F30000600A01E0B0EE610A80ED400A80ED3C1A2F
:10F31000704700000000000070B590ED4D0AD0ED80
:10F32000070A2C4E044630EE600A04F5806580ED35
:10F33000FF0A96F90000D5ED000A00280BD005DD84
:10F34000B5EEC00AF1EE10FA05D308E0B5EEC00A3A
:10F35000F1EE10FA03DD70EE800AC5ED000AD4ED7F
:10F36000FA0A95ED001A00EE810A84EDFE0AD4ED4A
:10F37000FB0A06F04DF8D4EDFC0A94EDFF1A20EEDE
:10F38000200AD4EDFA0A00EE810AD4EDFD0A94EDCC
:10F39000FE1A00EE810AD4EDF90A20EE200A84ED6F
:10F3A000560AD5ED050AB4EEE00AF1EE10FA03DBD9
:10F3B000C4ED560A01200BE0F1EE600AB4EEE00A5B
:10F3C000F1EE10FA03D8C4ED560AFF2000E0002049
:10F3D000307070BDE8020020F8B515460E460B46A9
:10F3E0000092044600224FF4C05100F019F888B989
:10F3F0003346002280212046009500F081F848B96C
:10F40000334600224FF4C0612046009500F008F812
:10F41000002804D0206E40F0200020660320F8BDB4
:10F420002DE9FE4F4FF0000A984617460E46044657
:10F430000C9D8DF804A0FBF7DFF9411BA8EB01053B
:10F44000FBF7DAF9814620684FF4C06B0C3002906C
:10F450002A480068C0EBC00000EB8000000D684344
:10F46000009043E05E4506D12FB9029800788DF8F0
:10F4700004009DF80400B8F1FF3F37D0FBF7BCF95A
:10F48000A0EB0900A84203D215B1009858B32BE0B5
:10F490002068416821F0E00141606068B0F5827F3A
:10F4A0000BD1A068B0F5004F02D0B0F5806F04D149
:10F4B0002068016821F040010160A06AB0F5005F9A
:10F4C00009D12068016821F40051016020680168B9
:10F4D00041F400510160012084F85D0084F85CA0D3
:10F4E0000320BDE8FE8F0025401E00902068806844
:10F4F0003040B842B6D10020F3E70000C40000203D
:10F500002DE9F8431E46914688460446089DFBF7C0
:10F5100073F9401B351AFBF76FF907462548006859
:10F52000C0F3CB30684338E0701C37D0FBF764F988
:10F53000C01BA84203D215B1009860B32CE020682C
:10F54000416821F0E00141606068B0F5827F0BD135
:10F55000A068B0F5004F02D0B0F5806F04D12068EC
:10F56000016821F040010160A06AB0F5005F09D197
:10F570002068016821F4005101602068016841F4AD
:10F5800000510160012084F85D00002084F85C00D7
:10F590000320BDE8F8830025401E009020688168A4
:10F5A00038EA010004D000214945BDD10020F0E730
:10F5B0000121F9E7C400002070470178407841EA52
:10F5C00000207047FBF752BF00B593B03821684662
:10F5D000F4F7D3FF14210EA8F4F7CFFF0020FCF7B7
:10F5E00031FD222000904FF4807003904020049061
:10F5F0000120069002200421CDE908015521CDE922
:10F600000A1007900621CDE90C106846FDF726F890
:10F6100008B172B6FEE70F200E9003200F90002075
:10F6200010901190129004210EA8FCF7F1FE002812
:10F6300001D072B6FEE713B000BD000002480168B9
:10F6400041F470010160704788ED00E0214800B589
:10F65000B0EE605AF0EE400A90ED000ADFED1B5A62
:10F66000D0ED014AF0EE401A9FED192A45EEA41A9A
:10F67000C0ED001AF0EE411AB0EE601AF0EE640A26
:10F6800003F0F0FB45EE804AC0ED014AF5EEC04ABA
:10F69000F1EE10FA02DDB0EE640A01E0B1EE640AA8
:10F6A000B4EEC50AF1EE10FA0DDDF5EEC04AF1EE4A
:10F6B00010FA02DDB7EE000A01E0BFEE000A20EE0C
:10F6C000050A80ED010A90ED000A00BD17B7513818
:10F6D0006F12833AD00200200148FDF75DBC0000A4
:10F6E0004C0700200148FDF757BC00009807002098
:10F6F0002DE9F04F02682E4B2E4E2F4FDFF8BCC085
:10F700002F4C304D4FF0804B98420BD0584509D0CC
:10F71000B04207D0B84205D0604503D0A04201D026
:10F72000A84204D122F070084A6842EA0802DFF8D1
:10F730009880DFF89890DFF898A0984211D058454B
:10F740000FD0B0420DD0B8420BD0604509D0A042D6
:10F7500007D0404505D0484503D0504501D0A842C8
:10F7600003D122F44076CA6832434E6922F0800207
:10F77000324302608A68C2620A688262984209D093
:10F78000A04207D0404505D0484503D0504501D0A0
:10F79000A84201D109690163012141610169C907D9
:10F7A00003D0016921F001010161BDE8F08F000083
:10F7B000002C01400004004000080040000C004004
:10F7C000003401400050014000400140004401402D
:10F7D0000048014010B501F01F030121046A99405F
:10F7E0008C430462016A9A401143016210BD00001B
:10F7F0002DE9F047056A026A22F0010202624368BD
:10F8000082691F4C25F0020522400C6822F0030299
:10F8100014438A681C4E2A431A4D1C4FDFF870C0EF
:10F82000DFF87090DFF870A0A84209D0B04207D08E
:10F83000B84205D0604503D0484501D0504506D1B7
:10F8400022F00808CA6842EA080222F00402A8422C
:10F8500009D0B04207D0B84205D0604503D0484532
:10F8600001D0504505D14D6923F440731D438B6988
:10F870002B4343608461496841630262BDE8F087BD
:10F880008FFFFEFF002C014000340140004001408A
:10F89000004401400048014000500140F0B5056AB5
:10F8A000026A22F010020262426883691C4C1E4EFA
:10F8B00023400C6823F4407343EA042425F020031A
:10F8C0008D681A4F43EA0513164DA84203D0B04283
:10F8D00001D0B84207D1D1F80CC023F0800343EA2D
:10F8E0000C1323F04003A8420CD0B0420AD0104DB4
:10F8F000A84207D00F4DA84204D00F4DA84201D016
:10F90000B84207D14D6922F4406242EA85028D690E
:10F9100042EA850242608461496881630362F0BD06
:10F92000FF8FFFFE002C01400034014000500140D9
:10F93000004001400044014000480140F0B5056A24
:10F94000026A22F4807202624368C2691C4C1E4E35
:10F9500022400C6822F00302144325F400728D68E3
:10F960001A4F42EA0522174DA84203D0B04201D0F7
:10F97000B84207D1D1F80CC022F4006242EA0C224E
:10F9800022F48062A8420CD0B0420AD0104DA842A6
:10F9900007D0104DA84204D00F4DA84201D0B84264
:10F9A00007D14D6923F4405343EA05138D6943EAB7
:10F9B00005134360C4614968C1630262F0BD000081
:10F9C0008FFFFEFF002C0140003401400050014039
:10F9D000004001400044014000480140F0B5056A84
:10F9E000026A22F4805202624268C3691C4C1E4EB5
:10F9F00023400C6823F4407343EA042425F40053A5
:10FA00008D681A4F43EA0533164DA84203D0B04221
:10FA100001D0B84207D1D1F80CC023F4004343EA27
:10FA20000C3323F48043A8420CD0B0420AD0104DCE
:10FA3000A84207D00F4DA84204D00F4DA84201D0D4
:10FA4000B84207D14D6922F4404242EA85128D69DD
:10FA500042EA85124260C461496801640362F0BDF4
:10FA6000FF8FFFFE002C0140003401400050014098
:10FA700000400140004401400048014030B5056AA3
:10FA8000026A22F4803202624268036D124C234003
:10FA90000C681C4325F400330D8943EA05430F4DE0
:10FAA000A8420ED00E4DA8420BD00E4DA84208D051
:10FAB0000D4DA84205D00D4DA84202D00C4DA842D4
:10FAC00004D14D6922F4803242EA05224260046585
:10FAD00049688164036230BD8FFFFEFF002C014046
:10FAE0000034014000400140004401400048014012
:10FAF0000050014030B5046A026A22F480120262AA
:10FB00004268036D134D24F400142B400D6843EA42
:10FB100005230D8944EA05540F4DA8420ED00F4D20
:10FB2000A8420BD00E4DA84208D00E4DA84205D0D9
:10FB30000D4DA84202D00D4DA84204D14D6922F4CA
:10FB4000802242EA8522426003654968C1640462FA
:10FB500030BD0000FF8FFFFE002C0140003401404B
:10FB60000040014000440140004801400050014075
:10FB700010B5806A0021A0F85E10FDF7EDFC10BD05
:10FB800010B5026852E8001F21F4907142E800139A
:10FB9000002BF6D10E4B0268083252E8001F1940C4
:10FBA00042E80014002CF6D1C16E012908D1016889
:10FBB00051E8002F22F0100241E80023002BF6D17B
:10FBC0002021C0F88C100021C166416710BD0000E3
:10FBD000FEFFFFEF026852E8001F21F0C00142E87B
:10FBE0000013002BF6D10168083151E8002F22F4F0
:10FBF000000241E80023002BF5D12021C0F8881035
:10FC0000704700000D4810B50068C169C1F30011CC
:10FC100079B1102101620948FDF7A0FC0748FDF702
:10FC200051FC06489430006840680549002008806F
:10FC300010BDBDE810400148FDF790BCE40700206E
:10FC40007800002010B50A46024903A000F0E6FA49
:10FC5000004810BD341C002043444320436F6E66AF
:10FC6000696700002DE9F0410C46D0F8C422D0F8B5
:10FC7000BC12E9B104EB840600EB86050027AB69F2
:10FC80003BB102EBC602126AB3FBF2F602FB16327C
:10FC900082B1C1F81472D0F8C00203692BB1D1F857
:10FCA0000802224601F5047198470020BDE8F08162
:10FCB0000320FBE700231A462146AF6100F0A7FCB2
:10FCC000F3E770B5D0F8BC4205466CB100F08EFB8E
:10FCD000C4F80C02D5F8C012D4F80402CA6804F5BE
:10FCE00003719047002070BD032070BD70B50446BD
:10FCF000812100F0DFFA002525870121204600F050
:10FD0000D9FAA4F878518221204600F0D3FAA4F859
:10FD10004C50A4F84E50D4F8BC0248B1D4F8C002FC
:10FD200004F52F7440688047206800F06BFE256062
:10FD3000002070BD1220088000487047000100209C
:10FD400010B5D0F8BC4284B1D0F8C01259B194F8C3
:10FD50000002FF2807D08B6894F8012221469847BB
:10FD6000FF2084F80002002010BD032010BD000019
:10FD70000A210180004870474C0100204321018086
:10FD8000004870479C0100204321018000487047D3
:10FD9000580100204321018000487047E001002005
:10FDA0002DE9F04704464FF4077000F02DFE0500E2
:10FDB0004FF0000735D0C4F8BC52207C4FF010083B
:10FDC0004FF40079012680B340230222812120468E
:10FDD00000F061FB2687402302220121204600F02B
:10FDE0005AFBA4F87861A4F84E80082303228221EC
:10FDF000204600F050FBA4F84C60D4F8C002006824
:10FE00008047C5F81472C5F81872207CD5F8042212
:10FE1000A8B140230121204600F049FB0020BDE8A5
:10FE2000F0870220C4F8BC72F9E7FFE74B460222D4
:10FE30008121204600F02FFB26874B46CCE74B461E
:10FE4000E8E7000010B50A46024903A000F0E6F911
:10FE5000004810BD341C002043444320496E7465A3
:10FE600072666163650000000420088000487047E6
:10FE7000FC00002010B50A46024903A000F0CEF9AC
:10FE8000004810BD341C002048657263756C6573B2
:10FE90000000000010B50A46024903A000F0BEF9B8
:10FEA000004810BD341C002048657263756C657392
:10FEB0000000000010B5D0F8BC1251B1027C002A3D
:10FEC000D1F8042207D04023012100F0F0FA0020ED
:10FED00010BD032010BD4FF40073F5E719B1C0F851
:10FEE000C0120020704703207047000010B51A2090
:10FEF00008800A480168001D0468001D0068081891
:10FF000009D008220649FEF795F805490422103168
:10FF10002046FEF78FF80248801E10BD9075FF1F27
:10FF200016010020D0F8BC0218B1C0F8041200205D
:10FF3000704703207047D0F8BC0228B1C0F81022E7
:10FF4000C0F8081200207047032070472DE9FC41DB
:10FF50000646D0F8BC7200200C468DF80000ADF8C3
:10FF60000400054637B1207810F0600128D0202920
:10FF700044D102E00320BDE8FC81E288C2B1000662
:10FF800060780AD5D6F8C0128B6839469847E2885F
:10FF9000072A00D90722394628E087F80002A0790D
:10FFA00087F80102E2883946304600F06CF82AE012
:10FFB000D6F8C012607800228B682146984722E06C
:10FFC000607830B101281ED00A2809D00B2815D13D
:10FFD00010E096F89C02032810D1022201A905E046
:10FFE00096F89C02032809D101226946304600F0A8
:10FFF00064F808E096F89C02032804D021463046B5
:020000040801F1
:1000000000F036F803252846B5E710B5D0F8BC1245
:10001000012219B1D1F8143213B10FE0032010BD41
:100020000122C1F81422D1F81022C262D1F8103294
:10003000D1F80822812100F0EAFA0022104610BD12
:1000400010B5D0F8B8220AB152689047002010BD10
:10005000134610B50A46002100F029FA002010BD11
:10006000134610B50A46002100F0D1FA002010BD59
:1000700010B50446802100F0A6FA2046BDE81040E5
:10008000002100F0A0BA10B50323C0F89432C0F8E4
:1000900058211346C0F85C210A46002100F007FAF7
:1000A000002010BD10B50521C0F8941200231A4697
:1000B000194600F0FCF9002010BD10B50223C0F86D
:1000C000943282611346C2610A46002100F09FFA11
:1000D000002010BD10B50421C0F8941200231A4668
:1000E000194600F094FA002010BD70B5044600F0E7
:1000F0007CFA012084F89C02D4F8B802002538B1BB
:100100004268217920469047C4F8B852C4F8C052DA
:10011000C4F8B4522046C4F8CC52BDE8704000F098
:100120005CB9F8B504460020ADF8000048880D46DB
:10013000010A062947D006DC01290FD0022912D076
:10014000032962D11DE0072946D00F295DD1D4F8DB
:10015000B402C26920E0694690473BE0D4F8B4128B
:10016000207C0A68F7E7207C02260028D4F8B80231
:1001700005D0C16A684688470146467036E0816A04
:10018000F8E7C0B2062840D2DFE800F003090D11FD
:100190001519D4F8B4024268B2B3207CDBE7D4F876
:1001A000B4028268F8E7D4F8B402C268F4E7D4F87D
:1001B000B4020269F0E7D4F8B4024269ECE7D4F87B
:1001C000B4028269E8E7207CF0B9D4F8B802416B48
:1001D00068468847014609E0207CA8B9D4F8B802EF
:1001E000016B68468847014607204870EA888AB153
:1001F000BDF8000040B1824200D90246ADF80020AF
:100200002046FFF75AFFF8BDFFE729462046FFF7D3
:100210002FFFF8E72046FFF75DFFF4E770B50023F6
:1002200000281ED00025044602E06D1CEDB2641CBF
:100230002678002EF9D1022404EB450414801278AC
:10024000CA545B1C0322CA5400245B1C06E0CA5437
:100250005B1CDAB28C54521CD3B2401C0278002AC8
:10026000F5D170BD01004FF0000004D0012901D08C
:10027000022901D0032070470120704778B1002384
:10028000C0F8B832C0F8C032C0F8CC3209B1C0F8FA
:10029000B412012180F89C12027000F0ABB8032068
:1002A000704710B5D0F8C402FBF721FABDE8104042
:1002B000FFF7D8BF10B5D0F8C402FBF7F3F9BDE8DB
:1002C0001040FFF7CFBF70B51646044621B194F831
:1002D0009C02032841D048E0D4F8941204F11400A1
:1002E0000025022932D1D0E902318B4206D95A1AAF
:1002F000826031462046FFF7B3FE0FE0994214D1E9
:100300004068884211D3D4F8981288420DD2002256
:1003100011462046FFF7A4FEC4F8985200231A465F
:100320001946204600F0C3F810E094F89C02032818
:1003300005D1D4F8B802C16809B1204688478021A8
:10034000204600F040F92046FFF7ACFE94F8A002EA
:1003500001280AD184F8A05207E0D4F8B802426913
:100360001AB120469047002800D1002070BD10B57A
:100370001346044621B194F89C02032823D02AE0B6
:10038000D4F8941204F5AA70032924D1D0E90212FA
:1003900091420AD98A1A8260C068824200D302461A
:1003A00019462046FFF754FE15E094F89C020328F6
:1003B00005D1D4F8B802016909B120468847204622
:1003C000FFF788FE07E0D4F8B80282691AB1204628
:1003D0009047002800D1002010BD10B5D0F8C4020D
:1003E000FBF74DF9BDE81040FFF73CBFD0F8C40261
:1003F000FBF7D8BB10B51E490446C1F8D802C0F8B7
:10040000C4121C4808600820087102204871C87195
:100410000020087248728872C8720846FBF7FCFC1C
:1004200008B1F7F757F80022D4F8C4021823114690
:1004300004F53174FBF7F2F858230022802120687C
:10044000FBF7ECF8C023002281212068FBF7E6F8D7
:100450004FF48873002201212068FBF7DFF84FF486
:100460008073002282212068FBF7D8F8002010BD9D
:1004700088160020005C00400A0601F07F01D0F8D9
:10048000C40201EB810100EBC10001D5807C704703
:1004900090F85201704710B51C461346D0F8C402BC
:1004A0002246FBF788FBBDE81040FFF7DBBE10B526
:1004B000D0F8C402FBF7ADFBBDE81040FFF7D2BE99
:1004C00070B50125044680F89C520020C4F89402BF
:1004D0006060C4F8A402D4F8B802E0B1D4F8BC1249
:1004E00021B1426812B100212046904700224023EA
:1004F00011462046FFF7CFFF4026A4F8645133464B
:10050000002280212046C4F86061FFF7C4FFA58463
:100510000020266270BD032070BD90F89C12042953
:1005200003D190F89D1280F89C120020704710B5FE
:10053000D0F8B81221B190F89C22032A02D004E02E
:10054000032010BDC96901B18847002010BD0174A6
:100550000020704710B5D0F8C402FBF71DFDBDE8C0
:100560001040FFF77FBE70B5044600F2AA20054692
:1005700000F056F80120C4F89402B4F8B002C4F8B0
:10058000980294F8AA0210F01F010AD001290ED097
:10059000022912D000F080012046BDE8704000F032
:1005A00012B829462046BDE8704000F0CBB8294675
:1005B0002046BDE8704000F0EFB929462046BDE86E
:1005C000704000F049B910B5D0F8C402FBF738FB11
:1005D000BDE81040FFF746BE10B5D0F8C402FBF7E7
:1005E000F5FCBDE81040FFF73DBE10B5D0F8C402E1
:1005F000FBF701FDBDE81040FFF734BE90F89C12F8
:1006000080F89D12042180F89C120020704710B5DC
:10061000D0F8C402FBF743FBBDE81040FFF722BE51
:1006200070B5054611F8010B2870087868704C1CED
:100630002046FEF7C2FF6880A41C2046FEF7BDFFDF
:10064000A880A01CFEF7B9FFE88070BD38B504464D
:100650000020ADF8000049B1C4F8B812C96A19B158
:1006600068468847C4F8CC02002038BD032038BD56
:1006700002460320D2F8B832002B02D01B68104685
:10068000184770472DE9F0410F462C4E8978002518
:1006900004463170012906D939462046FFF7E8FCA7
:1006A0000320BDE8F08194F89C0202280CD00328B6
:1006B0001DD039462046FFF7DBFC31782046FFF796
:1006C000BFFC03252846ECE799B320466160FFF79D
:1006D000CFFF050004D039462046FFF7C9FCF1E7FB
:1006E0002046FFF7F7FC032084F89C02EAE74FF06E
:1006F0000208C1B1606888421BD0C1B22046FFF732
:100700009FFC317820466160FFF7B2FF050010D0F2
:1007100039462046FFF7ACFC21792046FFF790FCD4
:1007200084F89C82CEE784F89C8220466160FFF7C3
:1007300087FC2046FFF7CEFCC4E7000048010020FC
:10074000FFF74ABF2DE9F0410A78002512F0600258
:1007500008D0202A01D0402A71D1D0F8B82292685E
:10076000904731E04B78002201260A2B67D2DFE860
:1007700003F0415E6658660805662D29FFF7D1FC37
:100780005FE004468888D8B9C888C8B948888028F6
:1007900016D200F07F0794F89C02032810D084F84A
:1007A0009E7239462046FFF7D5FE2046FFF792FCA1
:1007B0001FB1022084F89C0243E084F89C6240E070
:1007C00020463CE0FFF75EFF05463AE0CB88012B70
:1007D00035D190F89C32012B04D0022B02D0032B90
:1007E0002DD104E08260012200F1080116E001220F
:1007F000011D13E090F89C22012A03D0022A01D0A7
:10080000032A1CD1CA88022A19D1C660D0F8A412C2
:1008100009B10321C160022200F10C01FFF74DFC78
:100820000FE0498801290CD1C0F8A46211E090F8CA
:100830009C32012B08D0022B06D0032B04D0FFF7EB
:1008400017FC2846BDE8F08149880129F9D1C0F894
:10085000A422FFF73FFCF4E72DE9F0410D460446E2
:1008600028780026097910F060000BD0202801D0EC
:1008700040286DD1D4F8B8022946826820469047B6
:10088000064686E06878A8B3012822D003287CD1E8
:1008900094F89C02022802D0032876D10BE00029AC
:1008A00073D0802971D02046FFF78DFE802120462D
:1008B000FFF789FE6DE0688838B931B1802904D02E
:1008C000E88810B92046FFF77EFE2046FFF702FCBD
:1008D0005FE094F89C020228E1D0032855D1688893
:1008E000A8BB480602D02046FFF7DBFC2046FFF7F6
:1008F000F1FBBFE7FFE794F89C020027022802D033
:10090000032842D111E009B180293ED1080601F047
:100910007F0000EB800004EB800101D5143101E081
:1009200001F5AA7102220F602BE0080601F00F000A
:1009300000EB800004EB80000BD5808C40B101F00F
:100940007F0000EB800004EB800514350CE020E014
:100950001BE0B0F86401C0B101F07F0000EB800043
:1009600004EB800505F5AA7541B1802906D0204623
:10097000FFF782FD10B10120286000E02F60022205
:1009800029462046FFF799FB03E029462046FFF75A
:100990006FFB3046BDE8F08170B50646087800244C
:1009A0000D4610F0600003D0202801D0402817D158
:1009B00096F89C02012803D0022801D003280FD109
:1009C000287901280CD8D6F8B802826830469047BA
:1009D0000446E888204306D13046FFF77BFB02E05F
:1009E0003046FFF745FB204670BD10B50446FFF7C3
:1009F000FCFDD4F8B80218B142682179204690472E
:100A0000002010BD704700000048704768140020A7
:100A10002DE9F04F0C78002530F8243048F68F127D
:100A20001340CA78002A7DD0012A7CD0022A02D045
:100A3000032A79D0012548F28002134320F824309C
:100A40000E7830F8263048F68F7423403343134332
:100A500020F826300B7B48F2C00A48F6BF774CF2EC
:100A600080094BF68F764FF6FF7B4FF4004EE3B3D1
:100A7000CB7891F800C0022B30F82C307ED048F6AD
:100A80008F6803EA0803134320F82C30B0F8503085
:100A900091F800C0034403EBCC03B1F808C02CF07C
:100AA000010CA3F800C4B0F8503091F800C0034422
:100AB00003EBCC03B1F80AC02CF0010CA3F804C47A
:100AC0004B7891F800C0002B30F82C304FEA4343AC
:100AD0007ED0002B06DA30F82C30234043EA09039D
:100AE00020F82C3091F800C000E02EE030F82C30D7
:100AF0005B0606D530F82C30234043EA0A0320F881
:100B00002C30CB780C78012B30F8243003EA070323
:100B100001D083F02003134320F824300B7830F801
:100B2000231002E008E00DE009E03140114320F815
:100B300023102846BDE8F08F43F400737BE743F4AD
:100B4000C06378E743F4806375E74B78002BB0F817
:100B50005030034424D00E7803EBC603CE8826F031
:100B60000106A3F800640B7830F82360760608D5F8
:100B700030F82360264046EA0A0600E061E020F8EB
:100B80002360CB78012B06D00B7830F82310394046
:100B900081F02001CAE70B7830F823103940C5E70F
:100BA0000F7803EBC703CF8827F00107A3F804747D
:100BB000B0F850300F78034403EBC703B3F8067462
:100BC000C7F30907A3F8067403F206430F6900E0B0
:100BD0003DE05FB13E2F0DD84FEA570CFF0701D023
:100BE0000CF1010C1F880BEA8C2C0CE01F8847F4D9
:100BF00000470AE04FEA571CFF0601D1ACF1010C97
:100C00001F884EEA8C2C47EA0C071F800F7830F8BB
:100C100027305B0406D530F82730234043EA090328
:100C200020F827300B782BB130F82310314081F4B5
:100C300000517BE70188314081F44051114301802C
:100C400077E7234048F2801843EA08031CE7002BAB
:100C500006DA30F82C30234043EA090320F82C3020
:100C600091F800C030F82C305B0606D530F82C30F7
:100C7000234043EA0A0320F82C304B7813B1012BB0
:100C80002DD035E0B0F850300C78034403EBC403AA
:100C9000B3F80244C4F30904A3F802440C6903F254
:100CA00002435CB13E2C0ED84FEA540CE40701D04D
:100CB0000CF1010C1C880BEA8C2C0DE01C8844F410
:100CC00000441C8014E04FEA541CE40601D1ACF14E
:100CD000010C1C884EEA8C2C44EA0C04F1E7B0F8B5
:100CE00050300C78034403EBC4030C8AA3F802448D
:100CF0004B7813B1012B2DD035E0B0F850300C7883
:100D0000034403EBC403B3F80644C4F30904A3F893
:100D100006440C6903F206435CB13E2C0ED84FEA40
:100D2000540CE40701D00CF1010C1C880BEA8C2C4C
:100D30000DE01C8844F400441C8014E04FEA541C6D
:100D4000E40601D1ACF1010C1C884EEA8C2C44EA7B
:100D50000C04F1E7B0F8504023180C7803EBC403FF
:100D60000C8AA3F806440C7830F82430334083F41E
:100D70004053134320F824300DE72DE9F04391F858
:100D80000C804F780A7848F6BF7C4BF68F7948F292
:100D9000800348F2C0054CF2800648F68F74B8F123
:100DA000000F28D0002F30F822704FEA474748D074
:100DB000002F05DA30F822702740374320F82270E0
:100DC0000A7830F822707F0605D530F82270274067
:100DD0002F4320F822700D7830F82520224032432E
:100DE00020F825200C7830F8242002EA0C021A435F
:100DF00020F824201AE07FB130F82260760605D56D
:100E000030F8226026402E4320F822600A7830F81D
:100E1000221001EA0C010EE030F822506D0405D5D5
:100E200030F822502540354320F822500A7830F817
:100E3000221001EA0901194320F822100020BDE820
:100E4000F083002F05DA30F822702740374320F86E
:100E500022700A7830F82260760605D530F82260D4
:100E600026402E4320F822600E7830F826202240BB
:100E70002A4320F826200C7830F8242002EA0902C0
:100E80001A4320F82420C1E730F8581F41F40041EC
:100E900001800020704730F8581FC1F30E01018017
:100EA00000207047012120F8401F0021018081802F
:100EB00001820846704730F8401F4BF6807291431C
:100EC00001800020704730B54B780A78002B48F637
:100ED0008F7530F8223048F2800415D05B0607D5B4
:100EE00030F822302B4048F2C0052B4320F8223046
:100EF000CA78012A1DD00A7830F8221048F6BF734C
:100F0000194081F0200111E05B0407D530F8223050
:100F10002B404CF280052B4320F822300A7830F821
:100F200022104BF68F73194081F44051214320F871
:100F30002210002030BD10B54A780978002A48F206
:100F4000800330F8212005D048F6BF74224082F09B
:100F5000100204E04BF68F74224082F480521A4350
:100F600020F82120002010BD2DE9F04706460C4650
:100F70004878097B4FF0000848F68F7248F28017D6
:100F800048F68F6348F2800A012809D0002971D001
:100F9000E07802286FD001286ED00120BDE8F087EC
:100FA000A5692069854200D9054691B1E1780229F9
:100FB0001ED0206A401B2062207836F82010490697
:100FC000B6F85010314401EBC00075D5A0F80654B6
:100FD00018E1ABB2E2883046616900F0B1F9B6F8C9
:100FE00050002178304400EBC100A0F802540FE11A
:100FF000216A81427AD9217836F82100104038439D
:1010000026F82100206A401B2062207836F8201044
:101010004FF6FF77490661784FF4004967D511B163
:1010200001292AD030E0B6F85010314401EBC0005D
:10103000B0F80614C1F30901A0F8061400F2064046
:101040004DB13E2D0CD86908EA0700D0491C028832
:1010500007EA81210BE0018841F40041018013E09F
:101060006909EA0600D1491E028849EA81210A433A
:10107000028009E0EFE008E11DE1B6F85020911987
:1010800001EBC000A0F806546289ABB2304661693A
:1010900000F056F96069284460612169206A88423D
:1010A00002D9401B206202E00546C4F82080607827
:1010B00018B101282BD032E02FE0B6F8500021788B
:1010C000304400EBC100B0F80214C1F30901A0F8EC
:1010D000021400F202405DB13E2D0ED86908EA0705
:1010E00000D0491C028807EA81210DE0A0E018E049
:1010F000018841F40041018011E06909EA0600D14C
:10110000491E028849EA81210A43028007E0B6F8B5
:1011100050002178304400EBC100A0F8025422892D
:1011200071E011B1012927D02DE0B6F850103144FB
:1011300001EBC000B0F80214C1F30901A0F80214D9
:1011400000F202404DB13E2D0CD86908EA0700D0EC
:10115000491C028807EA81210BE0018841F4004123
:10116000018010E06909EA0600D1491E028849EAB7
:1011700081210A43028006E0B6F85010314401EBA9
:10118000C000A0F802542289ABB23046616900F079
:10119000D7F86069284460612169206A884202D9D1
:1011A000401B206202E00546C4F82080607810B140
:1011B000012836D026E0B6F850002178304400EB04
:1011C000C100B0F80614C1F30901A0F8061400F23A
:1011D00006404DB13E2D0CD86908EA0700D0491CE5
:1011E000028807EA81210BE0018841F40041018077
:1011F00008E06909EA0600D1491E028849EA81210E
:101200000A4302806289ABB23046616900F098F807
:10121000217836F8210048F6BF72104080F0300087
:1012200053E0B6F850108819217800EBC100CDE6E4
:10123000227836F82200184040EA0A0026F82200F8
:10124000B6F850002278304400EBC2008BB2A0F810
:1012500002342289D8E7A06908B9E07878B121780A
:1012600036F82100184040EA0A0000BF26F82100A5
:10127000A169206981421ED9081AA0611DE0217868
:1012800036F8210010403843F0E7E069A8B1217832
:1012900036F82100430401D5430603D444F2400349
:1012A00018420AD136F82100104048F2C00210431B
:1012B00026F8210001E0C4F81880217836F82100D2
:1012C0004BF68F72104080F4405040EA0A0026F836
:1012D0002100002062E60021A0F844104BF6807146
:1012E000A0F84010002070470148FAF7EFBC00005A
:1012F00088160020B0F84400704710B510445C0810
:1013000000F5806008D030F8022B01F8012B120A9A
:1013100001F8012B641EF6D1DA0701D000880870AD
:1013200010BD11B98021A0F84C1000207047012198
:1013300020F8401F00218180032101800020704798
:1013400010B55B1C10445B0800F580600AD000BF3C
:1013500011F8012B11F8014B42EA042220F8022B6C
:101360005B1EF5D110BDFEE790F8302142B111B1FE
:1013700090ED4E0A01E090ED4D0AD0ED080A07E02D
:1013800011B190ED4E0A01E090ED4D0AD0ED070A43
:1013900030EE600A80ED4F0AB5EEC00AF1EE10FAA9
:1013A00001DCB1EE400AD0ED570AB4EEE00AF1EEEE
:1013B00010FA03D29FED350A80ED4F0AD0ED4F1A97
:1013C00090ED500A3249F6EE000A31EE800A91F9AA
:1013D0000020002A60EE200A90ED510A0BD005DDB6
:1013E000F5EEC00AF1EE10FA05D30AE0F5EEC00AF8
:1013F000F1EE10FA05DD90ED541A01EE200A80EDB1
:10140000510AF0EE400A90ED520AF4EEC00AF1EEF5
:1014100010FA02D2B0EE601A01E0B0EE401AB1EE5E
:10142000402AB4EEC21AF1EE10FA07DDF4EEC00A5B
:10143000F1EE10FA04D2B0EE600A01E0B0EE420A1A
:1014400080ED510AD0ED530A00F5806201EEA00A4A
:1014500080ED560AD2ED050AB4EEE00AF1EE10FA7C
:1014600001DD012207E0F1EE600AB4EEE00AF1EEE0
:1014700010FA04D2FF220A70C0ED560A01E00022E1
:101480000A70C0ED501A90ED560A70470000000037
:10149000B802002003B401984100009850EAC1202E
:1014A00018BF04204A0D18BF40F0010040F2FF723F
:1014B000B2EB515F08BF40F00200012808BF0520D1
:1014C00002B070474100080218BF04200A0E18BF7E
:1014D00040F001004FF07F4232EA010108BF40F0C6
:1014E0000200012808BF052070470907090E0028DF
:1014F00004DB00F1E02080F80014704700F00F00DA
:1015000000F1E02080F8141D7047000010B52DEDAB
:10151000040B86B09DED060B10EE100A10EE901A2B
:101520008DED000B002818BF0120084320F000407B
:10153000C0F17F6000F1E040C00F21D19DED080BAC
:1015400010EE101A10EE900A8DED000B002918BF56
:101550000121084320F00040C0F17F6000F1E0402D
:10156000C00F0DD129490798B1EB400F04BF069871
:10157000002842D00998400004BF089800283CD0B9
:101580009DED080B53EC102B9DED060B51EC100B51
:1015900004F004FECDE902019DED020B40F2FF7163
:1015A00010EE900A8DED000B31EA105021D0079813
:1015B000039900F0004001F00041884219D09DEDF0
:1015C000080B8DED040B9DED020B8DED000B10EE65
:1015D000900A059961F31E0005909DED041B9DED99
:1015E000020B51EC110B53EC102B04F085FECDE9EE
:1015F00002019DED020B0AB010BD0120F3F73FF888
:101600000AB0BDE8104001F03BB900000000E0FF67
:1016100010B52DED028BF0EE408A18EE900AB0EE78
:10162000608A20F00040C0F1FF40C00F07D118EEE3
:10163000100A20F00040C0F1FF40C00F2BD018EE80
:10164000101A18EE900A05F08FF800EE100A10EE4E
:10165000100A6FEAD05010F0FF0F04BFBDEC028BF0
:1016600010BD18EE900A00F0004110EE100A00F0D4
:101670000040814204BFBDEC028B10BD18EE101A71
:1016800010EE100ABDEC028B61F31E0000EE900A12
:1016900030EE600A10BD18EE900A4FF07F41B1EBBA
:1016A000400F1CBF18EE100A5FEA4000C7D10120AE
:1016B000F2F7E5FFBDEC028BBDE8104001F010B978
:1016C00010B510EE100A2DED068BB7EE001A10EED5
:1016D000901AB0EE418A0022A0F5000CDFEDFE9AD0
:1016E0004FF00073BCF1FE4F4FF07F4403EB410C11
:1016F00080F0B481BCF1804FC0F02082F7490144F2
:101700009FEDF73AB1F5005F40F2D48200F58021F9
:10171000CB0C03F00F0101EE901AC3F307137F3BCC
:10172000A0EBC350B8EEE12A00EE100A1A44DFED38
:10173000ED2AF0EE411A42EE221AF0EE613A70EE16
:10174000232A30EE632A12EE900A00F500606FF350
:101750000B0001EE900A73EEE13A33EE804AC1EEDF
:10176000223A22EE230A10EE100A00F500606FF311
:101770000B0000EE100A00EE612A00EE442A62EE31
:10178000232A70EE221A21EEA12ADFEDD73A02EECB
:10179000233A23EE023A20EE012A22EE811A03EECA
:1017A000211A32EE010A10EE100A00F500606FF304
:1017B0000B0000EE100A72EE401A31EE812A9FED06
:1017C000CB1A60EE011A9FEDCA1A20EE011A9FEDA6
:1017D000C90A02EE001A31EE810A10EE100A00F575
:1017E00000606FF30B0000EE100AC34871EEC01AE0
:1017F00031EE812A784400EBC10090ED003AD0ED43
:10180000011A100101EE100AF8EEC12A32EE211A77
:1018100031EE001A31EE031A31EE221A11EE100ADF
:1018200000F500606FF30B0009EE100A39EE621A42
:1018300031EE431A31EE400A30EE610A32EE40AA30
:1018400010EE900A002100F500606FF30B0008EE27
:10185000900A084670EEE8AA4FF0000029EE280A28
:1018600000F00C01F0EEC00A10EE900AB0F18B4FC0
:101870000DDD10EE900AB4EB400F08D310EE100A05
:101880004FF08B4262F31E0008EE900A13E069EEFF
:101890002A0A38EEAA1A4AEE010A30EE201A11EE90
:1018A000100A00F500606FF30B0008EE900A30EEAE
:1018B000680A70EE209A0C204FF0000038EEA90A5A
:1018C000B5EEC00AF1EE10FA34BFFEEE000AF6EEF5
:1018D000000A30EE800ABDEEC00A10EE100A0111B7
:1018E00000EE101AF8EEC00A00EE100AB8EEC00AB8
:1018F00038EEC00A30EE290ADFED801A9FED801A1B
:1019000000EE211ADFED7F1A7F4900F00F0040EE54
:10191000011A21EE800A794401EB800191ED001A51
:101920007A49794401EB8001D1ED001A784901EE42
:10193000801A794401EB8000764990ED000A31EE7F
:10194000001AB0EEE00A10EE100A884215DA10EE26
:10195000100AB4EB400F10D39FED6F0A30EE800AEF
:10196000DFED6E0A20EE200A68EE010ABDEC068B60
:10197000BCEEC00A20EE200A10BD10EE100A684925
:10198000884243DA10EE100AB4EB400F3ED3BDEEAE
:10199000E00A68EE010A10EE100A00EBD072511056
:1019A000C90501F17E5100EE101AA0EB6200C005DE
:1019B00060EE200A00F17E5000EE100A60EE808A90
:1019C00018EE900AB4EB400F0FD10220F2F757FE49
:1019D00000F08EFF10EE101A18EE100ABDEC068B08
:1019E00061F31E0000EE100A10BD18EE900A4000D0
:1019F00011D018EE900AFFF765FD042808BF00F02B
:101A00007FFFB0EE680ABDEC068B10BDF5EEC00A94
:101A1000F1EE10FA0FD20220F2F731FE00F070FF63
:101A200010EE101A18EE100ABDEC068B61F31E00C2
:101A300000EE100A10BD0220F2F721FE00F058FF60
:101A400010EE101AB0EE480A10EE100ABDEC068B2C
:101A500061F31E0000EE100A10BD00BFBCF1804F04
:101A60006CD300BF00F1FF43B3F1FE4F24D200BF9F
:101A7000B0EEC00A10EE100AC1F3C7537F2B0DDB86
:101A8000972BBFF63BAEC3F196034FF0010C0CFA57
:101A900003F3A3F1010C1CEA010F08D00120F2F7B7
:101AA000EEFDBDEC068BBDE8104000F019BF0B4207
:101AB00018BFBFEE008A21E643001CBF4FF08073C1
:101AC000B3EB400F34D96FF01A02DFED161A20EE97
:101AD000210A10EE100A27E000000000001080C06C
:101AE000ABAAAA3E0000803D7EE24C3E00B03842E8
:101AF000D49AB8BB3BAA3842D4500000FC59633793
:101B0000C9FF753A1872313D72500000A6500000AE
:101B1000165000000000FC420000FE420000004B96
:101B2000000040430000004D10F0004FA0D1E5E55B
:101B3000A0F50003B3F1FE4F21D2DFE503EB410333
:101B4000B3F1007F11D3F5EEC00AF1EE10FA05D122
:101B5000430018BFB4EB400F76D883E701F0004193
:101B600041F0FC5100EE901A7CE7B3F1807F06D281
:101B700010EE903AA3F5000300EE903A72E720F0E1
:101B800000426FF0FF4C604C02EB0C03A34210D3F9
:101B900021F000439C44A4450BD3B0F17E5F18BFF5
:101BA0005FEA410C50D0B2F1FF4F98BFB3F1FF4F45
:101BB00005D9BDEC068BBDE8104000F08EBEB0F13B
:101BC000FF4F0FD0C1F3C7527F2A09DB972A11DAE2
:101BD000C2F19602012303FA02F2531E0B4205D012
:101BE000002208E011F0004F55D128E00A4218BF4A
:101BF000012200D1022210F5000F13D028B3B0F15A
:101C0000004F26D010F1814F4FD04FF0FE42B2EB83
:101C1000400F94BF01200020012202EBE1718842B5
:101C200039D10CE011F0004F02D0012A38D032E057
:101C3000012A02BF9FED350ABDEC068B10BD9FED5A
:101C4000340ABDEC068B10BD2FE011F0004F0CD113
:101C500021E0B1F1FF4F1ED011F5000F05D011F0BA
:101C6000004F15D00AB1012A08D00220F2F707FD73
:101C7000BDEC068BBDE8104000F022BE0220F2F75A
:101C8000FEFC00F01DFEBDEC068BB1EE400A10BD5F
:101C90000AB1012A04D0B0EE690ABDEC068B10BD72
:101CA000BDEC068B9FED1B0A10BDBDEC068BB7EE9D
:101CB000000A10BD30EE410AB5EE001A9FED172A5A
:101CC00000EE413AB6EE001A60EE001A00EE431A3A
:101CD00061EEC11A9FED101A20EE011A20EE020AE1
:101CE0009FED0F2A01EE820A71EE001A11EE900AA2
:101CF00000F500606FF30B0009EE100A31EE491A8F
:101D000031EE00AA9CE50000FFFF3F00000080FFCD
:101D10000000807F0000008000B0B841D49A38BB3A
:101D20003BAAB84100B510EE101A2DED028B81B020
:101D3000524A6846B2EB410F2ED94FF0E640B0EB65
:101D4000410F94BF00204FF0FF3000900098B0EE9C
:101D5000408A00286ADB10F0010F4BD068EE080AB9
:101D60009FED471A9FED470A00EE810A9FED461A44
:101D700010F0020F00EE801AB7EE000A00EE810AA2
:101D800002BF01B0BDEC028B00BD00BF01B0B1EEDF
:101D9000400ABDEC028B00BD3C4B21F00042934257
:101DA00041D911F0004FDFED3A0A20EE201ADFEDA5
:101DB000390A19BF31EE601A71EE200A31EE201A8D
:101DC00071EE600ABDEEE01A11EE100A9FED321AB4
:101DD00000F0030000EEC10A9FED301A009000EE03
:101DE000C10A9FED2F1A00EEC10A9FED2E1A00EED8
:101DF000C10AABE728EE080A9FED2B1ADFED2B0A8C
:101E000010F0020F40EE410A9FED291A00EE201A51
:101E100061EE000AB0EE480A08EE200AB6D101B021
:101E2000BDEC028B00BD00F073FD8FE718EE100AC9
:101E30004000B0F17F4F0DD218EE100AFFF742FBC1
:101E4000042808BF00F05CFDB0EE480A01B0BDEC0C
:101E5000028B00BD09D10120F2F711FC01B0BDECED
:101E6000028B5DF804EB00F03BBD01B0B0EE480A18
:101E7000BDEC028B5DF804EB00F02CBDB61F927E2A
:101E8000B93AB2BACA9F2A3DDDFFFFBE490E4946A4
:101E900083F9223F0000004B0000C93F00A0FD393C
:101EA0000020A2331A61342C336D4C39DA82083C9D
:101EB000A0AA2ABE00B52DED048BB0EE409AF0EE3C
:101EC000609A83B051EC190B04F022FA41EC180B24
:101ED00018EE100A18EE901A8DED008B002818BF2E
:101EE0000120084320F00040C0F17F6000F1E04095
:101EF000C00F14D019EE101A19EE900A8DED009B48
:101F0000002918BF0121084320F00040C0F17F6084
:101F100000F1E040C00F04BF0120F2F7B0FBB0EECB
:101F2000480A03B0F0EE680ABDEC048B00BD10B5A2
:101F30002DED028BB1EEC08A18EE100A20F00040A1
:101F4000C0F1FF40C00F0AD010EE100A20F0004090
:101F5000C0F1FF40C00F04BF0120F2F790FBB0EECC
:101F6000480ABDEC028B10BD10B51D499FED1A1B30
:101F70002DED020B84B0059820F000408842DCBFB4
:101F800001209DED040B21DD1649884209D10498FA
:101F900040B94FF00100F2F772FB00F071FC06B09F
:101FA00010BD05DB9DED040B00F05EFC06B010BD1E
:101FB00068469DED040B00F017F800F001000121C8
:101FC000A1EB40009DED021B9DED000B00F0A4FA7B
:101FD00006B010BD0000000000000000000000007E
:101FE000FB21E93F0000F07F2DE9F14F04462DED84
:101FF000020B2DED088B8AB09FEDE70B80ED020BF5
:10200000139EE74826F0004585420ADC9DED120B41
:10201000002084ED000B0AB0BDEC088B03B0BDE8D6
:10202000F08FE0489FEDE0AB9FEDE1BBA84247DDBC
:10203000E14F9FEDE39B9FEDE48B9DED120B53EC85
:102040001A2B51EC100B002E1CDD04F02DFA41EC84
:10205000100BBD4208D053EC1B2B51EC100B04F0BD
:1020600023FAC4E900010BE053EC192B51EC100BDF
:1020700004F01AFA53EC182B04F016FAC4E9000124
:102080000120C8E703F038FD41EC100BBD4208D039
:1020900053EC1B2B51EC100B03F02EFDC4E9000197
:1020A0000BE053EC192B51EC100B03F025FD53EC16
:1020B000182B03F021FDC4E900014FF0FF30AAE71F
:1020C000C348A84279DB9DED120B51EC100B00F0D8
:1020D000AFFE41EC180B9FEDC00B53EC102B03F03F
:1020E00065FF9FEDBF1B53EC112B03F005FD03F0C3
:1020F00003FF074603F02FFF41EC190B53EC1A2B9B
:1021000003F054FF53EC182B04F0F6F841EC180BD5
:1021100053EC1B2B51EC190B03F048FFDFF8C8A25E
:1021200041EC100B4FEA15580125FA4453EC102BE3
:1021300051EC180B04F0B8F9032DC4E900013DD0AF
:10214000C1F30A5005EB4511A8EB0000113981429B
:1021500034DA0AEB051BB0EE48AA9BED000BF0EE5B
:1021600068AA53EC102B51EC190B03F01FFF41EC44
:102170001B0B51EC1A0B53EC1B2B04F095F941ECA3
:10218000180B51EC1A0B53EC182B04F08DF953EC8F
:102190001B2B04F089F99BED020B41EC1A0B53EC5D
:1021A000102B51EC190B03F001FF53EC1A2B04F028
:1021B0007BF941EC100B6D1CB8E70EE0002EA8BFB8
:1021C0003846BFF628AF94ED000B51EC100B03F02E
:1021D00055FCC4E9000178421DE7C6F3130040F442
:1021E000801EC6F30A50A0F2F530471100F01F051B
:1021F000C5F12000DDF848B0089000200690079057
:102200000520EC467949002D07EB0002794408BF10
:1022100051F8221009D051F8223001EB8201AB4075
:102220004A68089922FA01F11943A1FB0E26A1FB85
:102230000B131A449A4234BF0123002303EB060810
:102240000CEB8003D3E901A60E448E4234BF01217A
:10225000002192448A4411B1924502D903E092458B
:1022600001D2012100E00021C3E901A641444CF85C
:102270002010011EA0F10100C4DC029800F1005002
:10228000850F0298DDE903678000DDF8148003F014
:1022900062FE41EC1A0B304603F074FE9FED541BB6
:1022A00053EC112B03F082FE41EC1B0B384603F07C
:1022B00069FE9FED511B53EC112B03F077FE41ECAF
:1022C000180B404603F05EFE9FED4D1B53EC112BA7
:1022D00003F06CFE41EC190B51EC180B53EC192B6D
:1022E00003F00AFC53EC1B2B03F006FC53EC1A2BF7
:1022F00003F002FCCDE90801002008909DED080BD9
:1023000053EC1A2B51EC100B04F0CEF853EC1B2BB2
:1023100004F0CAF853EC182B04F0C6F853EC192B50
:1023200003F0EAFF9FED381B53EC112B03F03EFE48
:102330009FED370B41EC180B53EC102B9DED080B68
:1023400051EC100B03F032FE53EC182B03F0D4FBCE
:102350009FED310B41EC180B53EC102B9DED080B4E
:1023600051EC100B03F022FE53EC182B03F0C4FBCE
:1023700041EC100B139810F0004F06D06D4251EC59
:10238000100B03F07BFB41EC100B284684ED000B97
:1023900041E6000000000000000000000000000016
:1023A000FB21E93F7CD9024000004054FB21F93F6A
:1023B0003163621A61B4D03DFB21F93F0000000097
:1023C0000000601A61B4D03D7370032E8A19A33BDC
:1023D000FB2139410000000083C8C96D305FE43F34
:1023E000000000000000E03F2249000070480000AB
:1023F000000000000000103E000000000000103C43
:10240000000000000000103A182D4454FB21F93D53
:102410003326A611460B113C00000054FB21F93D68
:1024200070B504462DED028B4D1E00EBC500B0EEDD
:10243000408AF0EE608A90ED000B35F0060017D070
:1024400053EC182B51EC100B03F0B0FD41EC100BCA
:102450006D1E04EBC50090ED001B51EC100B53EC0E
:10246000112B03F049FB41EC100B35F00600E7D1CE
:10247000022D36D0042D1CD0062D1CBFBDEC028BC6
:1024800070BD53EC182B51EC100B03F08FFD94ED45
:102490000A1B53EC112B03F02FFB53EC182B03F00A
:1024A00085FD94ED081B53EC112B03F025FB41EC4B
:1024B000100B53EC182B51EC100B03F077FD94ED3F
:1024C000061B53EC112B03F017FB53EC182B03F0F6
:1024D0006DFD94ED040B53EC102B03F00DFB41EC60
:1024E000100B53EC182B51EC100B03F05FFD94ED27
:1024F000021B53EC112B03F0FFFA53EC182B03F0E3
:1025000055FD94ED001B53EC112B03F0F5FABDECD7
:10251000028B41EC100B70BDF1B506462DED040B9E
:10252000BD482DED0C8B8AB0B0EE418AF0EE618A89
:10253000179D25F000449FEDBABB9FEDBBCB8442B5
:1025400008DA9DED160B51EC100B03F0D5FC0028BA
:1025500000F0E980B64FA74231DC002D0DDA9DED89
:10256000160B51EC100B03F089FACDE9160151EC72
:10257000180B03F083FA41EC180B9FEDAF0B53ECF3
:10258000102B9DED160B51EC100B03F0B5FE53EC28
:10259000182B9FEDAB0BCDE9040151EC100B03F0B0
:1025A00083FF41EC100B53EC102B9DED040B51EC11
:1025B000100B03F0A1FA9FEDA48BCDE916019DED60
:1025C000160B53EC102B51EC100B03F0EFFCCDE984
:1025D00004019DED040B53EC102B51EC100B03F098
:1025E000E5FC41EC190B9A480621B0EE490AF0EEE1
:1025F000690A7844FFF714FF9648B0EE40DAF0EE2F
:1026000060DAB0EE490AF0EE690A06217844FFF775
:1026100007FF9DED041B51EC100B53EC112B03F045
:10262000C5FC9DED040B41EC1A0B53EC102B9DEDFA
:10263000160B51EC100B03F0B9FC41EC190B53ECE9
:102640001A2B51EC1D0B03F057FA53EC192B03F026
:10265000ADFC53EC182B03F04FFA9DED041B53EC2B
:10266000112B03F0A3FC53EC182B03F045FA41ECBB
:10267000180B9FED790B51EC190B53EC102B03F059
:1026800095FC53EC182B03F037FA41EC190B9DED38
:10269000160B53EC192B51EC100B03F02DFA41ECF7
:1026A000180BA74269DC304603F055FC41EC1A0BCD
:1026B00051EC180B53EC1A2B03F01EFA41EC1B0BD8
:1026C00053EC182B51EC180B03F070FC53EC1B2B44
:1026D00003F0BAFA53EC192B03F0E6FE9DED161B3E
:1026E00053EC112B03F008FE9FED5D1B53EC112BF7
:1026F00003F05CFC53EC1A2B03F0FEFD41EC180BCD
:10270000022000EAA570C0F1010003F024FC53ECA4
:10271000182B03F04BFC00BF41EC100B0AB0BDECD2
:102720000C8B05B0F0BD711C1698214308430CD0EA
:102730009DED160B012E1CBF53EC102B51EC1C0B06
:1027400010D000BF03F080FAE6E79DED160B51ECC8
:10275000100B00F06DFB41EC100B51EC1B0B53EC1C
:10276000102BEFE751EC100BFEF794FE042808BF86
:1027700000F096F89DED160BD0E7012E04BFB0EEE9
:10278000480AF0EE680AC9D08DED048B0024049449
:102790009DED040B53EC102B9DED160B51EC100B23
:1027A00003F0AAFD53EC192B03F0A6FD41EC190B25
:1027B00053EC182B51EC1C0B03F046FA41EC180BB0
:1027C0008DED008B00949DED040B53EC102B9DEDD3
:1027D000000B51EC100B03F0E9FB53EC1B2B03F047
:1027E0008BF99DED000B41EC1A0B53EC192B51ECBE
:1027F000100B03F0DBFB53EC1A2B03F07DF953ECC9
:10280000182B03F0D3FB9DED001B53EC112B03F0B1
:1028100073F981E7000000000000303E0000000076
:10282000000000000000F03F000000000000F0BFCA
:102830002894E53F00000000182D4454FB21E93F97
:10284000075C143326A6813C000000000000000055
:102850004245000058450000635555555555D53F34
:10286000000000000000004010B553EC102B51ECAC
:10287000100B03F041F941EC100B10BD00000000FB
:102880009FED050B10B553EC102B51EC100B03F022
:10289000DBF941EC100B10BD00000000000000004F
:1028A0009FED050B10B553EC102B51EC100B03F002
:1028B0007DFB41EC100B10BD00000000000000107B
:1028C000DFED030AB7EE001A81EE200A7047000020
:1028D0000000000030EE000A704730EE200A70471A
:1028E000DFED020A80EEA00A704700000000000041
:1028F0009FED020A20EE000A704700000000007001
:102900009FED020A20EE000A704700000000001050
:102910002DE9F0014FF07F42B2EB410F9FBF4FF026
:10292000FF310160BDE8F00170474FF0004242EA1C
:102930000123C1F3C752783A551112F01F0C434CD2
:10294000CCF120067C44C1F3C752A2F178024FEAD1
:10295000621204EB820254F8254008BFD2E9015606
:1029600012D0556804FA0CF425FA06F73C43976830
:1029700005FA0CF527FA06F8D26807FA0CFCF240C3
:1029800045EA08054CEA0206A4FB034CA5FB0352EA
:10299000A6FB03631D449D4234BF01260026131984
:1029A000334416B1934202D903E0934201D201228B
:1029B00000E00022624402F1200C9206DC0C42EAA4
:1029C000443200EE102A5B03DFED210AF8EEC01A54
:1029D00000EE103A4FEA9C1C11F0004FB8EE400A8E
:1029E000C0F800C020EE201A00EE105ADFED190AE0
:1029F000B8EE400A20EE200A71EE810A70EE800ADD
:102A000010EE902A02F500626FF30B0200EE902A9E
:102A100070EEE11A31EEC11ADFED101A30EE411AF4
:102A20009FED0D0A20EE800A01EE210A9FED0C1A9F
:102A300000EE810A04BFBDE8F0017047CCF180517F
:102A40000160BDE8F001B1EE400A7047D0410000DE
:102A5000000000360000802C22AAFD29DB0FC92FC0
:102A60000000C92F30380A2801D201207047002009
:102A7000704700009FED163AF6EE002A60EE833AAA
:102A800040EE623A63EEA14ADFED123A20EEA34A2D
:102A900060EE233A40EE014A20EEC11A00EE624A8F
:102AA00040EEE23A20EE030A00EEE20A03EEE11AFB
:102AB00044EE024A9FED084A00EE421A64EE844A50
:102AC000C0ED004A21EE040A81ED000A70470000C3
:102AD000D7B35D3FD7B35DBFABAA2A3F70B58AB00D
:102AE0000024CDE90024CDE902430D4606460494B6
:102AF0000594069407943046F7F72EF80028FAD08C
:102B00002A4669463046F6F72DFF0AB070BD704779
:102B100010B511EE900A2DED068BB0EE418AF0EE65
:102B2000608AB0EE40AA03F0A9FD6AEE0A0A28EE18
:102B3000A81A41EC190B80EE810ADFED150A08EEA8
:102B4000480A20EE200A10EE100A03F097FD41EC2F
:102B5000100BFFF7AFF99FED0F1B51EC100B53EC6F
:102B6000112B03F023FA9FED0D1B53EC112B03F0F7
:102B70001DFA53EC192B03F067F802F08BFF00EEFF
:102B8000100ADFED080ABDEC068B20EE200A10BD0E
:102B90000000C8429A9999999999B93F000000009C
:102BA00080842E416F12833A30B54FF6FF75B1F82D
:102BB000CC10D0F8CC40A5EB810105EA840489B2A1
:102BC000611A00EE901ADFED3A2AB8EEE01AB5EE7F
:102BD000C01AF1EE10FA01D231EE221AF7EE000A15
:102BE000DFED341A30EE202AC1EE820AFDEEC11A62
:102BF000F8EEE11A81EEA03AFDEEC31A11EE901A3A
:102C000001EE904AF8EE611A81EEA23A01EE901AB6
:102C1000F8EEE11A63EE202A41EEA02A72EEC11A04
:102C200081EEA01A01EE903AF8EEE11AC1EEA02A68
:102C300071EE620A10EE903AB3F17C5F01DD491E3D
:102C400005E010EE903AB3F13F4F00D9491CF7EE82
:102C5000000A002930EE200ABDEEC00A02DA10EEAA
:102C6000103A194410EE103ABCEEC20A91FBF3F48C
:102C700003FB141410EE101AC1F34E03A11A99426B
:102C800006DD00EE101AB8EEC00A30EE420A08E087
:102C90005A42914209DA00EE101AB8EEC00A32EE3A
:102CA000000ABDEEC00A10EE101AC0E9361430BD9D
:102CB00000FF7F47000080472DE9F0414FF0E025FD
:102CC0000446AF69F7F798FD0646AA204443BC4284
:102CD0000CD900BFF7F790FDB042FBD00849381B74
:102CE0000844A9698142FCD8BDE8F0813C1BA86971
:102CF000A042F9D9F7F780FDB042F8D0F4E7000020
:102D00001098020020EE012ADFED132A00EEE12ADE
:102D100020EEA23A80ED002AB6EE002A00EE423AFA
:102D200063EE013A9FED0D3A20EE034A20EE833A1E
:102D300000EEC24A00EE423A20EE220A00EEC20A3B
:102D400023EE011A44EE613A00EE611AC1ED003A39
:102D500082ED001A70470000D7B35D3FD7B35DBF67
:102D6000254910B50978002945D100F580619FED0E
:102D7000230AB6EE001A80ED240A80ED230A80EDC6
:102D80004F0A80ED500A80ED510A80ED560A80ED21
:102D90004D0A80ED3B0A80ED3C0A80ED400AD0ED03
:102DA000040AC0ED390A81ED000AF6EE000AC0ED12
:102DB0001D0AC0ED1E0AC0ED1F0A80ED200A80ED3D
:102DC000210A80ED220A80ED180A80ED190A80EDB3
:102DD000460A80ED440A80ED4A0AF6EE000AB6EE95
:102DE000000AFAF79BFDFAF7C3FD054900200860C9
:102DF00004490220086010BD740200200000000099
:102E00003400002060020020074810B5027800213D
:102E1000802A00D8017005480160FAF7B9FDBDE8C5
:102E20001040FAF72ABD0000740200206002002062
:102E300082B0CDE9000121F0004001909DED000B32
:102E400002B051EC100B7047F8EE400A9FED031AE8
:102E50009FED030A10EE810A704700000000003465
:102E6000F6E8FD4230EE413A30EE410A61EE822A48
:102E7000B2EE004A02EE203A12EE600A62EE823AA8
:102E800021EE844AB5EEC03AF1EE10FA02DDB0EE62
:102E9000431A01E0B0EE401AB5EEC03A24EE014A02
:102EA00002EEA24AB1EEC41AF1EE10FA01DDB0EE64
:102EB000430AB4EEE30AF1EE10FA04D883EE020AF4
:102EC00070EE200A11E031EE620AB6EE001AB5EE9D
:102ED000C03A20EE010AF1EE10FA02DDB7EE001A58
:102EE00001E0BFEE001A40EE010AF5EEC00AF1EE75
:102EF00010FA02DDB0EE600A01E0B1EE600AB4EE55
:102F0000E20AF1EE10FA04D861EEE00A80EEA20ABD
:102F10007047F5EEC00AF1EE10FA02DDB7EE000AD6
:102F200001E0BFEE000AB1EE400A70470121B4EEA5
:102F3000C10A01FA00F0F1EE10FA01DD401E7047FF
:102F4000B4EEE00AF1EE10FA01D20020704731EE43
:102F5000601A70EE600A401E00EE100AB8EEC00A59
:102F600020EE800AC0EE010ABDEEE00A10EE100A63
:102F70007047000070B50546006813490840B0F17D
:102F8000005F1FD1FBF784FE104CA06D20F0805035
:102F9000A065F6F74FFC0021A165E1652166A164FB
:102FA000E1642165A06D20F08050A065012080F3D0
:102FB0001088686806498860296881F30888BDE838
:102FC0007040004770BD00000000FE2F001002405E
:102FD0008002002010B504462DED088B9FED451AA8
:102FE00020EE011A81EE200A10EE100A03F046FBD3
:102FF00041EC100BFEF7B8FF51EC100B02F04AFD4C
:1030000008EE900A28EEA88A18EE100A03F036FBA4
:103010009FED390A41EC190B68EE808A18EE900A90
:1030200003F02CFB9FED35AB53EC1A2B02F064FD43
:1030300053EC192B02F060FD41EC100B51EC1A0B14
:1030400053EC102B02F000FE02F024FD09EE100AF2
:10305000F0EE000A19EE100A28EE090A60EE200AC6
:1030600084EC020A84ED020A03F008FB41EC1B0B1E
:1030700018EE100A03F002FB53EC1A2B03F014FABB
:103080009FED201B53EC112B02F090FF53EC1B2BF8
:1030900002F08CFF02F0FEFCE06019EE100A03F073
:1030A000EDFA41EC190B18EE100A03F0E7FA41ECC7
:1030B0001B0B18EE900A03F0E1FA53EC1A2B03F005
:1030C0001BF953EC1B2B02F017FD53EC192B02F0EC
:1030D0006DFF02F0DFFC9FED0D0A206184ED060A12
:1030E00084ED050A84ED080A84ED070ABDEC088B1F
:1030F00010BD0000DB0F4940F304B53F00000000A5
:103100000000F03F00000000000000400000000050
:1031100070B50C462DED028BB0EE408A90ED000AA2
:10312000054660EE000A91ED000A40EE000AB0EE9E
:10313000600AFEF7FCFEB4EEC80AF1EE10FA0FDDED
:10314000D5ED000A60EE880A80EE801A85ED001A3F
:10315000D4ED000A60EE880A80EE801A84ED001A31
:10316000BDEC028B70BD00002DED068B82B00020FF
:1031700080F31088F8F782F9FCF726FAFBF7ECFAEF
:10318000FBF790FAFBF720F9FBF788F9FBF7E6F974
:10319000FBF72EFAFBF7A4FAFBF774FBFBF7DEFC58
:1031A000FBF704FDFBF73CFDFBF7BCFD0021FE48EF
:1031B000FAF7F8F8FAF761FBFC48807808B172B6C4
:1031C000FEE7FB484FF000080068F948001D006862
:1031D000F74808300068FBF7DBFFF64ED6F83803F7
:1031E000072802D30120C6F83803F34DF34C96F8B4
:1031F000380385F80C04606820F00040C0F1FF40FF
:103200009FEDEF8A002801D584ED018AA06820F0A7
:103210000040C0F1FF40002801D584ED028AD4F8B7
:10322000B800F7EE008A20F00040C0F1FF4000280F
:1032300001D5C4ED2E8AE34F94ED2E0AE24887EDC6
:103240000E0A006A411C00D008B902F05BFAF0686F
:10325000DA4C00EB80008100396294ED200AB1461F
:10326000BA469FEDDA9ADA484FF48046C0EE090A72
:10327000B0EE480A3146C0ED000ACE48D0F8AC2383
:10328000D448F3F7BFFECB489FEDCD0A3146D0F8C6
:10329000AC23D148F3F7DEFFC6489FEDC90A31469B
:1032A000D0F8AC23CD48F4F7F1F8B0EE490AC9489C
:1032B000F3F7F8FE00BF00BF00BF00BF00BFB0EED5
:1032C000490AC548F4F70AF8BB48F4F701FAC448BC
:1032D000F3F7FEFDC348B849DFF8F8B2C0F8008044
:1032E000B44847464FF48072007881F8A40094ED0A
:1032F000010AB0498BED020A94ED020A14318BEDFC
:10330000040A0BF1EC000BF15C05F1F704F994ED04
:10331000210AB348C8EE800A5C30C0ED060A94ED7D
:103320001F0AC8EE800AC0ED070A4FF47A70F6F75C
:1033300097FAB0EE490A5846F3F7B4FE00BF00BF53
:1033400000BF00BF00BFB0EE490AA348F3F7C6FFB5
:10335000984894ED2E0AA049D0F8A832D0F8A422BB
:1033600030EE680A9B48FFF71FFCE86FA8679E488D
:10337000F5F7B8FFB6EE001AF6EE000AB6EE000A50
:10338000FAF7CCFAFAF7F4FA8B4800F089FB89488F
:103390004168964800F0ECFB9448F6F724FF0022C1
:1033A00001219248F6F76EFA9148006800EE100A83
:1033B000B8EE401A9FED8F0ADFED8F0A8C4841EE80
:1033C000000A1430BCEEE00A10EE101A0160FAF7A1
:1033D000DFFAB6EE001AF6EE000AB6EE000AFAF7C9
:1033E0009DFA7548FFF710FD4FF480318348F7F7D9
:1033F0000FFF83480770F0EE00AAB6EE009A9FED2B
:1034000081AADFF804820120F6F72AFA7F480078C3
:1034100078B17F48C9F82403FBF7D8FE7348F6F764
:10342000E2FE7C48F9F792FB4FF00060FFF7A2FD47
:10343000FEE7794C207838B1C8F800705E48FFF795
:10344000E3FC277001F0FEFC744C2078C0B1C8F892
:1034500000705948FFF7D8FC684D2868C16821F012
:103460000101C1606148F6F7D4FEFBF7AFFE2868A2
:10347000C16841F00101C1605C48F6F7B4FE2770F5
:103480006748007800287DD0DAF83C0028B901218F
:103490004948CAF83C10FFF763FC47480221B1EEE7
:1034A000040A80F80C1480ED398AC0ED4D8A80ED55
:1034B0003D8A80ED3F0A80ED5A8AC8F80010DBF89B
:1034C000CC503E4A00EE105A43495B46B8EEC01A53
:1034D00092ED2E0AD1E9330470EE680A201A61EEEB
:1034E000200A80EE801A00EE900AF8EEE00A71EEF3
:1034F000600AFDEEE00A10EE900A10F5FA7F00DA9D
:103500002044844200DA001BFDEEC00A53F8D44F79
:1035100010EE901A94FBF1F201FB124100EE901AAA
:103520001960F8EEE01A53ED010AB8EEE01A61EE08
:10353000811A81EE801A00EE100AB8EEC00A31EE50
:10354000400A03E0B8EEE01A31EE000AB5EEC00A18
:10355000F1EE10FAF6D3DAF84C10FDEEC09A491CE1
:10356000CAF84C10DAED140A19EE901A00B270EE97
:10357000800A544609B2CAED140A064601F02AFF31
:10358000CD2000E0DCE00F4D62352870022068702D
:10359000AE70300AE87019EE900A287119EE900AA0
:1035A000000A6871DC203DE04C0700208C020020FE
:1035B000107AFF1F5C2F0020EC0800205C2E0020FA
:1035C000000000000000002000F0010800409C46C0
:1035D0009C020020140E0020301000204C1200200D
:1035E000900C00207C0200206803002024050020AD
:1035F0002C2C0140A4707D3F00004843880500202A
:10360000A20200200000804660020020A7020020E5
:10361000CDAB341284060020A0020020A1020020BD
:10362000A3020020E871D9F804204E460823294659
:10363000FD4802F5E062FFF751FAE06C42F21071CA
:1036400088427DDBF9490F7000EE100AD4ED140AB0
:10365000B8EEC01A80EE810A84ED140AB5EEC00AF5
:10366000F1EE10FA07D2DBED340AF8EEE00A30EEA4
:10367000800A84ED140A9BED340AED48B8EEC00AC6
:1036800090ED2E1AC0EE010A94ED140AFDF7C0FF6A
:10369000E84884ED140AE649D0F8D00000EE900A1C
:1036A00091ED2E1AB8EEE02A61EE2A0AC2EE201A37
:1036B000F4EEC01AF1EE10FA08D200EE900AF8EE1D
:1036C000E00AC0EE811A30EE610A13E0414201EED9
:1036D000901AF8EEE11A81EEA02AB4EEC02AF1EEBB
:1036E00010FA09DD00EE900AF8EEE00AC0EE811A49
:1036F00031EE800A84ED140AC8F80070CE48FFF756
:1037000083FB94ED140ABDEEC00A86EDAA0AE764B5
:1037100084ED148AC94C2068C16821F00101C160A0
:10372000FBF754FD2068C16841F00101C160CD2064
:103730002870FE206870DC20E8710823C04900E092
:1037400005E07268B84802F5E062FFF7C7F9BD48C6
:103750000078E8B3B64D09F52972B64995ED2E0A01
:103760000CCA30EE680AB848FFF71EFA9BED360A1D
:103770005C46F8EEC00A95ED2E0A40EE090A60EEAE
:103780008A0A80EE801ABDEEC10A10EE100A01B25C
:10379000BBF8CC0000B201F01DFED4F8D820D4F85C
:1037A000F401824204D0BAF80610491CAAF80610A7
:1037B000D4F8D410D4F8F001814204D0BAF808301B
:1037C0005B1CAAF80830C4E97C12CD219C4800E0BB
:1037D00025E0017003214170B4F8CC1000EE102AEE
:1037E0008170090AC170F8EEC00A95ED2E0A08230F
:1037F00040EE090A20EE8A1AC1EE000ABDEEE00A88
:1038000010EE101A0171090A4171DC21C171D9F859
:1038100004200146844802F5E062FFF75FF98B4D12
:103820002878E8B3D8F800004646C8BB012001F06C
:10383000E5FAB6EE001AF6EE000AB6EE000AFAF75E
:103840006DF8FAF795F8FAF71DF83220F6F708F850
:10385000FAF724F879480068C16821F00101C160D5
:103860007148F6F7C0FC4C46B0EE480A4FF4804170
:103870007548D9F8AC23F3F7C5FB6F497248F3F7E5
:1038800073F96D497048F2F77BFD6B490090207821
:1038900081F8A400664890ED010A8BED020A00E071
:1038A00021E06748CD2108230170FF214170DC2110
:1038B000C171626801465C4802F5E062FFF70EF9EB
:1038C0005E480068C16841F00101C1605648F6F7E2
:1038D0008AFC2F7037605848FFF796FAF9F7CDFF4A
:1038E000009801F08BFA5A48007848B1D8F80000E7
:1038F000444628B9206858B12068072800D02068BD
:10390000544C207850B3D8F80000454660B12AE006
:103910008AED158A8AED0A8A4748CAF82470FFF7AB
:103920001FFA07202060EBE72868B8B94FF4FA6661
:103930003046F0F73BFD0146474801603046F0F75E
:1039400035FD464908603C48CAF82470FFF708FA7C
:103950002078012803D02078022802D003E0092033
:1039600000E00A2028609AF8030040B300243B4896
:10397000006850F8240002F081FE054636480E46E5
:10398000006850F8240002F079FE41EC100BCDE9FC
:10399000005653EC102B32A000F0D6FA1420F5F7A5
:1039A0005FFF641CB4F5FA7FE1DB2B480068F0F799
:1039B0002CFD2A480068F0F728FD8AF80370DAF831
:1039C00018205046521CCAF818209AF8021049B321
:1039D000017839B1037983B141698A427FF713AD28
:1039E000077149E0D9F804300A2193FBF1F401FB97
:1039F0001431017001210171EEE7C3689A4204DAC3
:103A00004FF090454FF00804AC6107DD04691C4499
:103A1000944203DD4FF090450824AC6204692344CE
:103A2000934225E02BE0000024050020A3020020A3
:103A30005C2E002030100020EC08002088050020BB
:103A400062000020A4020020140E0020A202002028
:103A5000A8020020A9020020B4020020B002002029
:103A6000492C252E35662C252E35662C510000005C
:103A7000BFF6C9AC491E0170CAF81870C3E4D8F883
:103A80000010404639B100680228F7D14FF090414C
:103A900008208861B7E44FF0904108208862B2E4C2
:103AA0002DE9F0474FF0000890B081464746464662
:103AB00066243C2229496846F0F72DFDB6EE001A2F
:103AC000F6EE000AB6EE000AF9F728FF00254FF6D9
:103AD000FF7A2348F4F762FC0120F5F7C1FE514656
:103AE0001F48F4F7C5FB09211D48F4F7A9FB07445B
:103AF00009211C48F4F7A4FB6D1C8044A542E8DBB7
:103B00001948009069461648F4F7D0F80025144883
:103B1000F4F744FC0120F5F7A3FE51461048F4F7F2
:103B2000A7FB09210E48F4F78BFB6D1C0644A54248
:103B3000EDDB0E48009069460948F4F7B7F898FBAA
:103B4000F4F1C9F8B81097FBF4F1C9F8BC1096FB72
:103B5000F4F1C9F8C01010B0BDE8F0879068010812
:103B6000FC020020680300200200300440002019FD
:103B700010B588B000240120CDE902400490C1F3C3
:103B80000A000590019440F2FF70069001A90748D1
:103B9000F5F70DFF08B1F3F79DFC00231A4619460F
:103BA00002480094F5F731FF08B010BD240500204D
:103BB0002DE9F04105460C4691EDE91AD1EDEA0AEE
:103BC00091ED040A1020FFF7B1F9064694EDEB1AC7
:103BD000D4EDEC0A94ED070A0C20FFF7A7F907468D
:103BE000144894ED160A94EDED1AD0ED210A0C203C
:103BF00020EE200AD4EDEE0AFFF798F90E49496845
:103C00000E4909792970310A6970AE703909E97075
:103C1000390101EB20212971687109480078A871E8
:103C200094ED5D0ABCEEC00A10EE100AE871BDE822
:103C3000F08100005C2E00205C0200205C2F002040
:103C400074020020F0EE400A21B390ED010AD0ED9D
:103C5000051A90ED001A90ED062A20EE210AD0ED0B
:103C6000082A01EE200A90ED021A01EE020A90EDF8
:103C7000032A90ED071A02EE410A90ED042AC0EDE6
:103C8000061AC0ED050A80ED081A02EE620A80ED00
:103C9000070A7047B0EE600A70470000F0B590ED7B
:103CA000160A00F58062A649D2ED110AB0EEC00AEC
:103CB0000023B4EEE00A0C88F1EE10FA1E4610DB89
:103CC00090ED070AD2ED120AB0EEC00AB4EEE00A97
:103CD000F1EE10FA05D84D6844F480746D1C4D6007
:103CE00002E024F480744E600C80964C90ED030A40
:103CF000D4F88442E50614D5D2ED0C0AB4EEE00AFD
:103D0000F1EE10FA01D202230FE0D2ED0D0AB4EE6B
:103D1000E00AF1EE10FA04DD0D88012345F00205FA
:103D200002E00D8825F002050D80D2ED160A844DC3
:103D3000B4EEE00A6D88F1EE10FA09DDD2ED0D0A5D
:103D4000B4EEE00AF1EE10FA02D245F0020508E006
:103D5000D2ED170AB4EEE00AF1EE10FA02D225F025
:103D600002054D80650725D590ED000AF0EEC00AEA
:103D700092ED0E0AF4EEC00AF1EE10FA01DD062310
:103D800009E0D0ED010AF0EEE00AF4EEC00AF1EE2F
:103D900010FA04DD07230D8845F004050DE0D0ED91
:103DA000020AF0EEE00AF4EEC00AF1EE10FA01DDCC
:103DB0000823F0E70D8825F004050D8090ED000A3A
:103DC000D2ED181AB0EEC01AB4EEE11AF1EE10FA04
:103DD0000ADD92ED0E0AB4EEC01AF1EE10FA03D22B
:103DE0004D8845F0080533E090ED010AF0EEC00A79
:103DF000F4EEE10AF1EE10FA06DD92ED0E0AF4EEB1
:103E0000C00AF1EE10FAEBD390ED020AB0EEC00A50
:103E1000B4EEE10AF1EE10FA06DDD2ED0E1AB4EEC0
:103E2000E10AF1EE10FADBD3D2ED191AB4EEE11A81
:103E3000F1EE10FA0DD2F4EEE10AF1EE10FA08D22A
:103E4000B4EEE10AF1EE10FA03D24D8825F0080530
:103E50004D8090ED5D0A250707D5D2ED0F0AB4EE2F
:103E6000E00AF1EE10FA00DD0923D2ED140AB4EEF7
:103E7000E00AF1EE10FA0ADDD2ED0F0AB4EEE00A24
:103E8000F1EE10FA03D24D8845F0200509E0D2ED9D
:103E9000150AB4EEE00AF1EE10FA03D24D8825F0CF
:103EA00020054D80E50710D090ED040AD0EDE90A19
:103EB000B4EEE00AF1EE10FA06DCD0EDEA0AB4EE58
:103EC000E00AF1EE10FA00D20D23A50714D590ED0B
:103ED000070AD0EDEB0AB4EEE00AF1EE10FA06DCC8
:103EE000D0EDEC0AB4EEE00AF1EE10FA04D20D883F
:103EF0000E2345F0100502E00D8825F010050D8019
:103F0000A50607D5D0F84C544F68BD4202D20F2306
:103F10004E6013E0E4050DD590ED5E0AD2ED100A77
:103F2000B4EEE00AF1EE10FA04DD0888122340F046
:103F3000080002E0088820F0080008801846F0BD5C
:103F4000780200205C2F00200FB440F2014110B530
:103F500003AB0548029AF0F77FFA01460248F2F7F0
:103F6000F9F910BC5DF814FB5C3300202DE9F05F1B
:103F70000C46017890F801C08379672946D1C17950
:103F8000762943D1F94DDFF8E8B3FA4A4FF0010939
:103F900005F5806605F56977B7EE000ADFEDF60AEC
:103FA0009FEDF61AF6494FF4FA7E01F1800ABCF152
:103FB000440F2BD2DFE80CF02C25F02E2249EF2AFB
:103FC0002A2AEEEDECEBEAE9E8E7E6E5E4E3E2E1F4
:103FD000E0DFDEDDDCDBDAD9D8D7D6D5D4D3D2D159
:103FE000D0CFCECDCCCBCAC92AC8C7C6C5C4C3C2E0
:103FF000C1C0BFBEBDBCBBBAB9B8B7B64846E1493F
:1040000021E0002C02D1E04981F80090BDE8F09F4A
:10401000DE49F9E7817879B1012910D00229F5D17B
:10402000002CF3D1DA490B70DA49B0F803200A808A
:10403000D94940790880E9E74846D84903E0002C8F
:10404000E4D1D74948460870E0E7012CDED08178FA
:104050000023D44DD44CFF294DD0E9B3D34DD44ED9
:1040600001294CD0FE294BD01A294AD01B29CDD189
:1040700084F80090C178012944D0022943D0032953
:1040800042D0042941D0052940D006293FD0072934
:104090003ED008293DD009293CD00A293BD00B2924
:1040A0003AD00C2939D00D2938D00E2937D00F2914
:1040B00036D0102935D011296FD012296ED013298E
:1040C0006DD014296CD015296BD016296AD0172908
:1040D00069D0182968D000E067E0192971D01A2941
:1040E00070D01B2992D190F90400C2F88002BDE87B
:1040F000F05FFBF76BB82B7084F8009086E758E010
:104100005BE060E019E11CE11FE122E125E128E12B
:1041100050E153E156E159E15CE160E164E168E1BD
:104120006CE170E1F7E3F7E3F7E3F7E3F7E3F7E3D5
:10413000F7E3F7E3F7E3F7E3F7E3F7E3F7E3F7E3AF
:10414000F7E3F7E3F7E3F7E3F7E3F7E3F7E37FE317
:104150006AE39FE3F4E3F4E3CDE3BCE3ABE352E3D0
:104160003FE32DE31BE309E3F7E2E5E2D3E2C1E23B
:10417000AFE29DE28BE279E267E251E240E224E2C3
:1041800011E2FEE1EBE1D8E1C5E1B2E19FE18CE1B2
:104190007AE1E7E371E1FBE36CE139E13DE141E123
:1041A00045E149E14DE151E155E185F80090237089
:1041B0002CE785F80090337028E72B7086F8009084
:1041C00024E74DE151E184F80090C178012938D00D
:1041D00002293AD003293CD004293ED0052940D0F9
:1041E000062942D0072944D0082946D0092948D0B9
:1041F0000A294AD00B294CD00C294FD00D2952D076
:104200000E2955D00F2958D010295BD011295ED026
:10421000122961D0132964D0142967D015296AD0D6
:1042200016296DD0172974D0182977D019297AD07A
:104230001A297DD01B29BBD190F90400C2F8A40330
:1042400055E70079C2F83C03E0E60079C2F8400384
:10425000DCE60079C2F84403D8E60079C2F84803E6
:10426000D4E60079C2F84C03D0E60079C2F85003D6
:10427000CCE60079C2F85403C8E60079C2F85803C6
:10428000C4E60079C2F85C03C0E60079C2F86003B6
:10429000BCE690F90400C2F86403B7E690F90400A4
:1042A000C2F86803B2E690F90400C2F86C03ADE608
:1042B00090F90400C2F87003A8E690F90400C2F86F
:1042C0007403A3E690F90400C2F878039EE690F91F
:1042D0000400C2F87C0399E690F90400C2F8800358
:1042E00094E690F90400C2F884038FE690F9040084
:1042F000C2F888038AE690F90400C2F88C0385E6C8
:1043000090F90400C2F8900380E602E006E00AE0BB
:104310000EE090F90400C2F8940377E690F90400E7
:10432000C2F8980372E690F90400C2F89C036DE6A7
:1043300090F90400C2F8A00368E60079C2F81802F8
:1043400064E60079C2F81C0260E60079C2F8200237
:104350005CE60079C2F8240258E60079C2F8280227
:1043600054E60079C2F82C0250E60000EC08002068
:10437000140E00205C2F002000409C46000000002E
:104380005C2E0020A7020020A0020020A102002035
:10439000A9020020AA020020AC020020A2020020F4
:1043A000A8020020A3020020A5020020A4020020F1
:1043B000A60200200079C2F8300227E60079C2F890
:1043C000340223E60079C2F838021FE60079C2F809
:1043D0003C021BE690F90400C2F8400216E690F990
:1043E0000400C2F8440211E690F90400C2F8480241
:1043F0000CE690F90400C2F84C0207E690F90400BC
:10440000C2F8500202E690F90400C2F85402FDE539
:1044100090F90400C2F85802F8E590F90400C2F8D7
:104420005C02F3E590F90400C2F86002EEE590F951
:104430000400C2F86402E9E590F90400C2F86802D9
:10444000E4E590F90400C2F86C02DFE590F904009D
:10445000C2F87002DAE590F90400C2F87402D5E5FA
:1044600090F90400C2F87802D0E590F90400C2F88F
:104470007C02CBE501F046F9C3E5012C9DD1042B6C
:104480009BD1FD490A2015E2FC4A012C01D1042BE5
:1044900008D0D0F80200086491ED100A012C85EDD7
:1044A000330A8AD111460C2004E2F44A121D012C71
:1044B00001D1042B08D0D0F80200486491ED110A14
:1044C000012C85ED350A84D111460D20F2E1EB4A2D
:1044D0000832012C01D1042B08D0D0F802008864E6
:1044E00091ED120A012C85ED340A86D111460E2079
:1044F000E0E1E24A0C32012C01D1042B08D0D0F8C3
:104500000200C86491ED130A012C85ED360A88D1AA
:1045100011460F20CEE1D94A1032012C01D1042BD3
:1045200008D0D0F80200086591ED140A012C85ED41
:10453000380A85D111461020BCE1D04A1432012C32
:1045400001D1042B08D0D0F80200486591ED150A7E
:10455000012C85ED570A87D111461120AAE1C74ADF
:104560001832012C01D1042B08D0D0F80200886544
:1045700091ED160A012C85ED410A92D111461220C7
:1045800098E1BE4A1C32012C01D1042B08D0D0F88E
:104590000200C86591ED170A012C85ED370A92D10A
:1045A00011461320FCE3B54A2032012C01D1042B23
:1045B00008D0D0F80200086691ED180A012C85EDAC
:1045C000520A92D111461420EAE3AC4A2832012C57
:1045D00001D1042B11D0D0F80200886691ED1A0A9F
:1045E000B5EEC00AF1EE10FA03D2B1EE400A81ED49
:1045F0001A0A86ED050A012C89D111461520CFE350
:10460000012C01D1042B08D0D0F80200486091EDB4
:10461000010A012C8BED020A8BD11620091DBFE384
:10462000964A383A012C01D1042B0BD0D0F8020065
:10463000886091ED020A92488BED040A012C80ED0E
:10464000040A88D111461720AAE38C4D2C3D012C79
:1046500001D1042B07D0D0F8020048613846F2F7A8
:1046600037FC012C89D12946182099E3834D283D38
:10467000012C01D1042B07D0D0F802008861384604
:10468000F2F726FC012C8AD12946192088E37B4DBC
:10469000203D012C01D1042B07D0D0F80200086284
:1046A0003846F2F715FC012C8BD129461A2077E306
:1046B000724D1C3D012C01D1042B07D0D0F8020013
:1046C00048623846F2F704FC012C95D129461B209C
:1046D00066E36A4D183D012C01D1042B07D0D0F8B8
:1046E000020088623846F2F7F3FB012C84D1294698
:1046F0001C2055E3614D143D012C01D1042B07D042
:10470000D0F80200C8623846F2F7E2FB012C98D1DB
:1047100029461D2044E3594D103D012C01D1042BA5
:1047200007D0D0F8020008633846F2F7D1FB012C1D
:1047300087D129461E2033E3504D0C3D012C01D179
:10474000042B07D0D0F8020048633846F2F7C0FBCC
:10475000012C87D129461F2022E3484D3035012CFA
:1047600001D1042B07D0D0F8020008673846F2F7D1
:10477000AFFB012C87D12946202011E33F4D343572
:10478000012C01D1042B07D0D0F80200486738462D
:10479000F2F79EFB012C87D12946212000E3374DFB
:1047A000083D012C01D1042B07D0D0F8020088630A
:1047B0003846F2F78DFB012C87D129462220EFE203
:1047C0002E4D2D1F012C01D1042B07D0D0F8020053
:1047D000C8633846F2F77CFB012C87D12946232099
:1047E000DEE2012C01D1042B0BD0D0F802101546CB
:1047F00051602448FFF7BCF9012C88D1291D2420E1
:10480000CEE2111DFBE72049012C01D1042B09D078
:10481000D0F80200D06000EB80001C4A8000012C20
:10482000106085D12520BBE21949012C01D1042B50
:104830000CD0154AD0F802000C3A012CC2F8AC0397
:104840000F4ACBF8E400C2F8E40093D12C20A7E291
:104850000A4A3C32012C01D1042B0AD0D0F80200C4
:10486000C867D1ED1F0A012C80EE201A86ED071AC9
:1048700091D111462D2093E26C0000209C2E002047
:104880003010002024050020682F00202000002088
:1048900008330020FE4A012C01D1042B08D0D0F8A7
:1048A0000200C86691ED1B0A012C85ED1A0A94D10D
:1048B00011462B2074E2F6493031012C01D1042B32
:1048C00007D0F34AD0F802006C3A012CC2F89C00E1
:1048D00093D1262064E2EE493431012C01D1042B1E
:1048E00007D0EB4AD0F802006C3A012CC2F8A000C5
:1048F00097D1272054E2E6492831012C01D1042B1D
:1049000007D0E34AD0F802006C3A012CC2F89400B8
:1049100087D1282044E237E221E201E2DEE1C9E169
:10492000A1E186E16CE157E13DE12DE11DE101E10D
:10493000EBE0D5E0BFE0A9E093E07DE05FE047E099
:1049400027E0FFE7D2492C31012C01D1042B07D0FD
:10495000CF4AD0F802006C3A012CC2F8980087D1F7
:1049600029201DE2CB49012C01D1042B0ED0CA4BCA
:10497000D0F80200C3F83803072801D3C2F83893EF
:1049800092F8380385F80C04012C90D10B2007E233
:1049900044E0012C01D1042B17D0BD4AD0F802000D
:1049A0006C3AC2F8800091ED200AB5EEC00AF1EE33
:1049B00010FA03D2B1EE400A81ED200A80EE201AEF
:1049C000B648012C80ED001A92D151462A20E7E129
:1049D000AF4A1832012C01D1042B0DD0AC4BD0F8CA
:1049E00002006C3B012CC3F88400D1ED210A80EE5B
:1049F000201A86ED061A8BD111462E20D0E1A5494A
:104A00007831012C01D1042B06D0A34AD0F8020042
:104A1000012CC2F8B003A2D12F20C1E18078FE287A
:104A20003FF412ACFF289AD1D1ED2E0ABDE8F05F19
:104A300030EEC00A00F084BF954A1C32012C01D12F
:104A4000042B0BD0924BD0F802006C3B012CC3F826
:104A5000880091ED220A86ED0D0A96D1114631208B
:104A60009EE18B4A2032012C01D1042B0BD0884BC4
:104A7000D0F802006C3B012CC3F88C0091ED230AA6
:104A800086ED0C0AA0D11146322089E1804A2432F9
:104A9000012C01D1042B0BD07D4BD0F802006C3BD4
:104AA000012CC3F8900091ED240A86ED0E0A8BD1FB
:104AB0001146332074E1764A3C32012C01D1042B9B
:104AC0000BD0734BD0F802006C3B012CC3F8A8004C
:104AD00091ED2A0A86ED0F0A8DD1114634205FE14F
:104AE0006B4A4032012C01D1042B0BD0684BD0F81B
:104AF00002006C3B012CC3F8AC0091ED2B0A86ED53
:104B0000110A88D1114635204AE1614A4432012C0C
:104B100001D1042B0BD05E4BD0F802006C3B012C72
:104B2000C3F8B00091ED2C0A86ED120A95D111461A
:104B3000362035E1564A4832012C01D1042B11D0E0
:104B4000534BD0F802006C3B012CC3F8B40091ED3C
:104B50002D0A20EE200ABCEEC00A10EE100AC5F89D
:104B60004C048FD1114637201AE14A49B439012C3F
:104B700001D1042B06D0484AD0F80200012CC2F81B
:104B8000840294D138200BE14249B039012C01D183
:104B9000042B06D0404AD0F80200012CC2F888024B
:104BA00085D13920FCE03B49AC39012C01D1042BE3
:104BB00010D0394BD0F80200C3F88C02704500DDEC
:104BC0007046C2F88C02002800DA0020C2F88C027D
:104BD000012C96D13A20E3E02E49A839012C01D1CD
:104BE000042B0BD02C4BD0F80200C3F89002002805
:104BF00000DA0020C2F89002012C97D13B20CFE0D0
:104C00002449A439012C01D1042B10D0224BD0F817
:104C10000200C3F89402704500DD7046C2F89402A9
:104C2000002800DA0020C2F89402012C99D13C201F
:104C3000B6E01849A039012C01D1042B11D0164B34
:104C4000D0F80200C3F89802002800DA002000EE35
:104C5000100AC2F89802012CB8EEC00A86ED1A0AB2
:104C60008FD13D209CE00B4D9C3D012C01D1042BAC
:104C70001DD00949D0F80200C1F89C02002800DAD2
:104C8000002000EE100AC2F89C02B8EEC00A07E04D
:104C9000C82E0020943200205C2F00209C020020AF
:104CA0008BED7B0A4048FEF795F9012C91D12946FE
:104CB0003E2075E03D49012C01D1042B0CD0D0F8E9
:104CC00002003B4A00EE100A012CC2F8A002B8EE26
:104CD000C00A86ED360A90D13F2061E0354A012CAA
:104CE00001D1042B19D0334BD0F80200BC3BC3F8E0
:104CF000BC0091ED2F0AB5EEC00AF1EE10FA01D218
:104D000081ED2F1A2C4BD1F8BC00984203DDB1EE97
:104D1000040A81ED2F0A012C88D1114640203FE082
:104D2000244A121F012C01D1042B15D0214BD0F89D
:104D30000200BC3BC3F8B80091ED2E0AB5EEC00AE4
:104D4000F1EE10FA01D281ED2E1A1C4891ED2E0AD7
:104D5000012C80ED000AA9D11146412020E0154A1E
:104D6000121D012C01D1042B0BD0124BD0F80200E4
:104D7000BC3B012CC3F8C00091ED300A86ED100A4F
:104D800094D1114642200BE009490831012C01D190
:104D9000042B04D0D0F802009060012C86D143206F
:104DA000BDE8F05F00F00CB80C100020FC310020D2
:104DB0005C2F0020182F00200000A04038000020A9
:104DC0001CB500230B4A0093019352688DF8002014
:104DD0008DF801000868CDF802008DF80630FF203C
:104DE0008DF8070008236946034802F5C062FDF705
:104DF00075FE1CBD5C2F0020240500201CB5002181
:104E00000E4A0091019152688DF8002003238DF81D
:104E100001308DF802008DF804108DF805108DF822
:104E20000610FF208DF803108DF80700082369464F
:104E3000034802F5C062FDF751FE1CBD5C2F002047
:104E40002405002010B5FE490C20FAF793F908213B
:104E5000FC48F1F77FFA0F20F4F702FDF8490D2026
:104E6000091DFAF787F90821F648F1F773FA0F20C0
:104E7000F4F7F6FCF2490E200831FAF77BF9082125
:104E8000F048F1F767FA0F20F4F7EAFCEC490F203D
:104E90000C31FAF76FF90821EA48F1F75BFA0F20B5
:104EA000F4F7DEFCE6492B202C31FAF763F90821F0
:104EB000E448F1F74FFA0F20F4F7D2FCE049102054
:104EC0001031FAF757F90821DE48F1F743FA0F20BD
:104ED000F4F7C6FCDA4911201431FAF74BF908212E
:104EE000D848F1F737FA0F20F4F7BAFCD44912206A
:104EF0001831FAF73FF90821D248F1F72BFA0F20C1
:104F0000F4F7AEFCCE4913201C31FAF733F908212F
:104F1000CC48F1F71FFA0F20F4F7A2FCC84914207F
:104F20002031FAF727F90821C648F1F713FA0F20C4
:104F3000F4F796FCC24915202831FAF71BF908212D
:104F4000C048F1F707FA0F20F4F78AFCBC49162095
:104F50003C39FAF70FF90821BA48F1F7FBF90F20AD
:104F6000F4F77EFCB64917203839FAF703F908211F
:104F7000B448F1F7EFF90F20F4F772FCB0491820AC
:104F80002C39FAF7F7F80821AE48F1F7E3F90F20CA
:104F9000F4F766FCAA4919202839FAF7EBF808213A
:104FA000A848F1F7D7F90F20F4F75AFCA4491A20C2
:104FB0002039FAF7DFF80821A248F1F7CBF90F20E2
:104FC000F4F74EFC9E491B201C39FAF7D3F8082150
:104FD0009C48F1F7BFF90F20F4F742FC98491C20D8
:104FE0001839FAF7C7F808219648F1F7B3F90F20F6
:104FF000F4F736FC92491D201439FAF7BBF8082162
:105000009048F1F7A7F90F20F4F72AFC8C491E20ED
:105010001039FAF7AFF808218A48F1F79BF90F2009
:10502000F4F71EFC86491F200C39FAF7A3F8082173
:105030008448F1F78FF90F20F4F712FC8049202003
:105040003031FAF797F808217E48F1F783F90F20FD
:10505000F4F706FC7A4921203431FAF78BF808215D
:105060007848F1F777F90F20F4F7FAFB744922201A
:105070000839FAF77FF808217248F1F76BF90F2029
:10508000F4F7EEFB6E492320091FFAF773F80821A5
:105090006C48F1F75FF90F20F4F7E2FB6A4924202E
:1050A000FAF768F808216748F1F754F90F20F4F788
:1050B000D7FB654925200831FAF75CF808216148DB
:1050C000F1F748F90F20F4F7CBFB60490A20FAF713
:1050D00051F808215B48F1F73DF90F20F4F7C0FBC8
:1050E0005B492C20FAF746F808215648F1F732F9C7
:1050F0000F20F4F7B5FB52492D203C31FAF73AF86E
:1051000008215048F1F726F90F20F4F7A9FB4C4984
:105110002A204031FAF72EF808214A48F1F71AF907
:105120000F20F4F79DFB46492E204431FAF722F870
:1051300008214448F1F70EF90F20F4F791FB444998
:105140002F20091DFAF716F808213E48F1F702F959
:105150000F20F4F785FB3E493020091FFAF70AF8C3
:1051600008213848F1F7F6F80F20F4F779FB3849B1
:105170000B207439F9F7FEFF08213248F1F7EAF8FD
:105180000F20F4F76DFB2E4926205C31F9F7F2FF72
:1051900008212C48F1F7DEF80F20F4F761FB2849CD
:1051A00027206031F9F7E6FF08212648F1F7D2F809
:1051B0000F20F4F755FB224928205431F9F7DAFF84
:1051C00008212048F1F7C6F80F20F4F749FB1C49E5
:1051D00029205831F9F7CEFF08211A48F1F7BAF81B
:1051E0000F20F4F73DFB164931204831F9F7C2FF93
:1051F00008211448F1F7AEF80F20F4F731FB1049FD
:1052000032204C31F9F7B6FF08210E48F1F7A2F829
:105210000F20F4F725FB0A4933205031F9F7AAFF94
:1052200008210848F1F796F80F20F4F719FB044914
:1052300034206831F9F79EFF082102480AE0000097
:105240009C2E002090020020602F00206C00002087
:1052500008330020F1F77EF80F20F4F701FB5949DD
:105260003520F9F787FF08215748F1F773F80F2029
:10527000F4F7F6FA53493620091DF9F77BFF0821A8
:105280005148F1F767F80F20F4F7EAFA4D49372053
:105290000831F9F76FFF08214B48F1F75BF80F2051
:1052A000F4F7DEFA49493820F9F764FF0821464847
:1052B000F1F750F80F20F4F7D3FA44493920091DCB
:1052C000F9F758FF08214048F1F744F80F20F4F7A8
:1052D000C7FA3E493A200831F9F74CFF08213A480D
:1052E000F1F738F80F20F4F7BBFA38493B200C31BE
:1052F000F9F740FF08213448F1F72CF80F20F4F7B4
:10530000AFFA32493C201031F9F734FF08212E481A
:10531000F1F720F80F20F4F7A3FA2C493D201431BF
:10532000F9F728FF08212848F1F714F80F20F4F7BF
:1053300097FA26493E201831F9F71CFF0821224828
:10534000F1F708F80F20F4F78BFA20493F201C31C1
:10535000F9F710FF08211C48F0F7FCFF0F20F4F7C5
:105360007FFA184940201031F9F704FF0821164848
:10537000F0F7F0FF0F20F4F773FA124941200C31D7
:10538000F9F7F8FE08211048F0F7E4FF0F20F4F7D2
:1053900067FA0C4942201431F9F7ECFE08210A485B
:1053A000F0F7D8FF0F20F4F75BFA09494320F9F72B
:1053B000E1FE08210448F0F7CDFFBDE810400F20C2
:1053C000F4F74EBA082F002090020020E0310020B0
:1053D000642F002003B583B09B208DF80000B92016
:1053E0008DF807009DF80C008DF801009DF80D0068
:1053F0008DF802009DF810008DF803009DF8110053
:105400008DF8040008216846F0F7A4FF05B000BD40
:1054100010B560EEC00A9FED070AFCF751F9F7EEF0
:10542000000AF0EE001A30EE201A81EE810A30EE0A
:10543000600A10BD54F82D4001EE100A70EEC00A4B
:105440000120B8EEC11A8840401E21EE201A00EE5D
:10545000900AF8EEE01AC1EE210A30EE800A704799
:105460002DE9F0470C4691F80C149FEDA40A07298A
:105470007ED2DFE801F0AD4904C99ABCFC00018886
:10548000D4EDE90A4ABA817894EDEA0A0B01C178B1
:1054900043EA1118037901F00F0143EA012641792B
:1054A0000B018179C07943EA111501F00F0140EA3F
:1054B000012710211046FFF7BFFF84ED390AD4ED14
:1054C000EB0A94EDEC0A0C214046FFF7B5FF84EDA2
:1054D0004D0AD4EDEF0A94EDF00A0C213046FFF7A7
:1054E000ABFF84ED3D0AD4EDF10A94EDF20A0C21F4
:1054F0002846FFF7A1FF84ED3F0AD4EDED0A94EDB5
:10550000EE0A0C2138466CE0018890F802904ABA05
:1055100090F803A090F8048046798579C779D4ED96
:10552000E90A94EDEA0A10211046FFF785FF84EDA1
:10553000390AD4EDEB0A94EDEC0A08214846FFF74E
:105540007BFF04F58060082180ED040AD4EDEF0AAA
:1055500094EDF00A5046FFF76FFF84ED3D0AD4ED5D
:10556000F10A94EDF20A08214046FFF765FF00E0DA
:105570002EE084ED3F0AD4EDF30A94EDF40A0821FD
:105580003046FFF759FF84ED530AD4EDF50A94ED48
:10559000F60A08212846FFF74FFF84ED550AD4ED9F
:1055A000F70A94EDF80A082167E0C179AB2911D018
:1055B00084ED390A84ED4D0A84ED3F0A84ED530AE7
:1055C00084ED550A84ED540A84ED5A0A84ED420AAA
:1055D000BDE8F0870088D4EDED0A40BA94EDEE0AFC
:1055E0001021FFF729FF00BF84ED5A0AF0E7444974
:1055F0004968491ECA1701EB927222F00302891A08
:10560000C9B200EB4100E5E7C179AC293ED1018880
:10561000D4EDEB0A4ABA817894EDEC0A0B01C1781B
:1056200043EA1116037901F00F0143EA012541799C
:105630008079090141EA101710211046FFF7FCFE9E
:1056400084ED4D0AD4EDF30A94EDF40A0C213046B2
:10565000FFF7F2FE84ED530AD4EDF50A94EDF60A55
:105660000C212846FFF7E8FE84ED550A00E00AE029
:10567000D4EDF70A94EDF80A0C213846FFF7DCFE6A
:1056800084ED540AA4E7C179AD290CD084ED390A20
:1056900084ED4D0A84ED3F0A84ED530A84ED550AEA
:1056A00084ED540AA0E70188C3784ABA8178D4ED22
:1056B000EB0A090141EA131541798079090141EAB0
:1056C000101694EDEC0A10211046FFF7B5FE84ED9C
:1056D0004D0AD4EDF30A94EDF40A0C212846FFF7A5
:1056E000ABFE84EDFD0AD4EDF70A94EDF80A0C2127
:1056F0003046FFF7A1FE84EDFA0A69E700000000DA
:105700005C2F002030B49FED780A784880ED000AC5
:105710009FED770A80ED020ADFED760AC0ED100AF0
:10572000DFED740AC0ED120ADFED730AC0ED110A55
:10573000DFED710AC0ED130ADFED700AC0ED140A47
:10574000DFED6E0AC0ED150ADFED6C0AC0ED160A3A
:10575000DFED6B0AF3EE0E1AC0ED170AC0ED181A52
:10576000B1EE042A80ED192AF2EE0E0AC0ED1A0AF3
:10577000FAEE090AC0ED050AF2EE090AC0ED060AC2
:10578000FAEE040AC0ED080AF2EE040AC0ED090AB6
:1057900080ED0A0A9FED5B1A80ED0B1A80ED0C0A72
:1057A0009FED591A80ED0D1A80ED1C0ADFED572A86
:1057B000C0ED1D2ADFED562A00F58071C0ED0E2ADE
:1057C00080ED0F1A01224A6000F580730021996074
:1057D00000F580744FF47A73E3602346F1EE002AFB
:1057E000C3F82413C0ED202A0223F7EE082AC4F8D8
:1057F0003833C0ED1B2AC0ED251ADFED461A0E2303
:10580000C0ED261AC0ED270A80ED282A80ED290A6E
:105810009FED410AC4F8AC3380ED1F0AB7EE000AD1
:10582000234680ED210ADFED3D1AC3F8B023C0ED19
:10583000221AC0ED230A80ED241ADFED390AC0EDEB
:105840002A1AC0ED300AC0ED3A0ADFED360A9FEDA4
:10585000361AC0ED310A80ED361A9FED341ADFEDAD
:10586000341A80ED331AC0ED351ADFED321A0A1FF3
:10587000C0ED321AC0ED3D0AC0ED3E1ADFED2E0A32
:1058800080ED3F1AC0ED2B0ADFED1A0A00F5807596
:10589000C0ED2C0A80ED2D0AC3F88422C822C3F87B
:1058A00088224FF4FA73C4F88C3244F62064C5F8A9
:1058B00090422C46B0EE040AC4F8942241F2883497
:1058C000C5F898422C46C4F89C322346C3F8A0225F
:1058D00080ED2F0A9FED190A80ED2E0A1846C0F8B8
:1058E000A41230BCF9F772BC00409A445C2E002030
:1058F00000000000CDCCCC3DE71D273B6F12833A62
:105900009A99193F00007A4300004842CDCC4C3DA3
:10591000000048C20AD7A33B000010420000A0428A
:105920000000B4420000964200008C420000704229
:1059300000003442000020420000644100001C428C
:105940002DE9F0412D4C2E4D2E4F2DED028BF0EE1A
:10595000408A3CE02D489FED2C0ADFF8B48080EDB2
:10596000390A00202B4EC4F8D40088ED020AC6F88C
:10597000A40206F5297600BF00BF00BF00BF00BF2C
:105980009FED258A1D48B0EE480AF1F78BFB00BF5A
:1059900000BF00BF00BF00BFB0EE480A1F48F1F7CC
:1059A0009DFC00BF00BF00BF00BF00BF0022B0EEE3
:1059B000680A1A4911487368FDF7F6F8D4F8DC0054
:1059C000306094ED030A88ED020A84ED040A94ED38
:1059D000030AD4ED040A30EE600AD5ED070A20EE82
:1059E000200AB0EEC00A10EE100AB842B2DC0C4930
:1059F00001200870BDEC028BBDE8F081140E002080
:105A0000EC0C00206F12833A00000000EC0800202C
:105A10005C2E00205C2F002000409C4630100020AF
:105A2000A102002010B500290AD00878002807D06C
:105A300005487844EFF7C0FE002801D0002010BDD3
:105A40000248784410BD00008A1A0000821A000043
:105A500010B500290AD00878002807D005487844F6
:105A6000EFF7AAFE002801D0002010BD02487844BC
:105A700010BD00007A1A0000721A000081F0004187
:105A8000704780F00040704721F00041704720F0DF
:105A90000040704721F00042A2F16052B2F5801F31
:105AA00001F0004328BFD2F17F6C0BD95FEA001CE4
:105AB00043EAC20242EB507018BF704728BF20F083
:105AC00001007047B2F5801FBCBF184670474FEA0F
:105AD000410C1CF5001F02D2084600F0BFBE70B595
:105AE00000F00EFB00000089FFF7F6BF4FF000400A
:105AF000A0F580007047000010B591EA030F48BF81
:105B000083F0004300F1D884841A71EB030C05D2B2
:105B1000121943EB0C03001B61EB0C01DFF824E1CD
:105B20004FEA1154A4EB135C1EEA430F18BF9EEA20
:105B3000445F73D023EA0E03DCF1200E21EA045106
:105B400043F4801332D322FA0CFE10EB0E0023FA3A
:105B50000CFE41EB0E01CCF1200E03FA0EFE10EB11
:105B60000E0051F10001B1F5801FCCF1200E32D2B0
:105B700001EB045112FA0EF2BDE8104058BF704715
:105B8000401C38BF5FEA420218BF7047002814BFAC
:105B900020F0010041F100014FEA410313F5001F1D
:105BA00038BF7047A1F1C04100F0A0BB012A43EB10
:105BB0000302ACF1200CDCF11F0E32BF4FF0000EDF
:105BC00023FA0CF310EB030041EB0451B4EB115F2B
:105BD000D0D0A1EB045101F5801149085FEA3000F3
:105BE00001EB04510ED350F1000038BF12FA0EFE43
:105BF00008D1BDE81040C9E7401C38BF5FEA420247
:105C0000CAD1C3E7BDE810404FEA410313F5001FB6
:105C100038BF7047A1F1C04100F068BB9EEA445F05
:105C200008D011EA5E0FBDE8104004BF01F000414A
:105C300000207047BDE8104070B500F061FA00BF69
:105C400064FBBE3E0000E0FF2DE9C04130B4DFF848
:105C5000A0C23CEA111418BF3CEA131400F0EC8017
:105C600081EA03051CEA111444EAD57418BF1CEA42
:105C7000131500F0C780A4EB05044FF0004545EA7A
:105C8000C12145EAC32341EA505143EA525304F18A
:105C90007F74994204F500344FEAC0204FEAC222D3
:105CA00008BF904200F09C804FEA13650FF2401647
:105CB000765D4FEA134506FB05F7C7F1807706FBD3
:105CC00007F74FEAD737A7FB03687642C8F5803855
:105CD000A7FB06CE38BFA8F1010807FB08E64FF086
:105CE000000EA6FB028CE6FB03CEDCF1000CCEF12D
:105CF000004E38BFAEF1010EA6FB0C584FF0000766
:105D00004FF00005E6FB0E87A1FB08C6A0FB07CEFF
:105D100016EB0E0645F10005E1FB076515F1E04EB7
:105D20007EBFA4F580345FEA46066D4116F1800718
:105D300045F100054FEA17274FEA066647EA05676F
:105D4000A6F1DE46B6F1805F4FEA15251FD9384629
:105D500024F0010C05EBC471BCF1FE6F01EB0C11DA
:105D600002D8F0BCBDE8008124425CBF01F5801E72
:105D70009EEAC47F02D4F0BCBDE80081244238D43E
:105D8000F0BCA1F1C041BDE8004100F0AFBA4FEA5C
:105D9000D22242EA43524FEAD323A7FB02864FEABC
:105DA000D02040EA415007FB03661EEA0E0F4FEA7F
:105DB000D12105FB026658BFA6EB0056B6EB005694
:105DC0004FEA520E4EEAC37E18EB0E0E56EB530E00
:105DD000BDD518EB02085E417F1C55F10005B6E702
:105DE0004FF480154FF000074FF000064FF0000809
:105DF000ADE7F0BC4FF0000001F1C04101F00041FF
:105E0000BDE8008111EA0C1F0CEA131500D00CE06C
:105E100013EA0C1F00F025804FF00000F0BC81EA6F
:105E2000030101F00041BDE80081F0BCBDE8004184
:105E300081EA030100F05ABAF0BCBDE8004170B538
:105E400000F05EF9097EFC3E00F007B881EA03012C
:105E50004FF0000001F00041704781EA030100F0BB
:105E600045BAF0BCBDE800414FF000002149704741
:105E7000FFFDFBF9F7F5F4F2F0EEEDEBE9E8E6E40F
:105E8000E3E1E0DEDDDBDAD8D7D5D4D3D1D0CFCD96
:105E9000CCCBCAC8C7C6C5C4C2C1C0BFBEBDBCBBCF
:105EA000BAB9B8B7B6B5B4B3B2B1B0AFAEADACABCA
:105EB000AAA9A8A8A7A6A5A4A3A3A2A1A09F9F9EA4
:105EC0009D9C9C9B9A999998979796959594939356
:105ED000929191908F8F8E8E8D8C8C8B8B8A8989ED
:105EE0008888878786858584848383828281818070
:105EF0000000FF070000F87F4FEA41034FEA5353C9
:105F0000A3F58063D3F11E03C8BFD3F1210C0CDDD0
:105F10004FF0004242EAC12242EA505232FA03FCF8
:105F20008CEAE17CACEBE1707047102BC4BF002021
:105F3000704703F5787CBCF1FF3F04D06FF000425E
:105F400082EA2100704770B500F0DAF849922480A7
:105F500000207047F2E710F0004248BF4042B0FA1C
:105F600080F310FA03F10AD0C3F11D0303F5806337
:105F70004FEA415002EB035202EBD12170474FF040
:105F800000007047B0FA80F310FA03F10AD0C3F1B1
:105F90001D0303F580634FEA41504FEA035202EBC1
:105FA000D12170474FF0000070470000DFF848C172
:105FB00070B51CEA111E1EBF1CEA13159EEA0C0FD9
:105FC00095EA0C0F00F06F8081EA030423EA4C137A
:105FD0004EEAD47E21EA4C1141F4801143F480133F
:105FE000AE44A1FB024CA0FB0365AEF17F7E3619E7
:105FF00055EB0C05A1FB034C4CF10003A0FB021C6C
:1060000016EB0C06654153F10003094218BF46F038
:10601000010613F4007F0BD14FEA03314FEA05303C
:10602000340341EA155140EA16506FF003020AE0CA
:106030004FEAC3214FEAC520F40241EA555140EA34
:1060400056506FF0020202EB2E4201EB025585EA38
:10605000CE710AD05FEA440C18BF24F0004450F11E
:10606000000041F1000120EAD47040F2FE7C62455C
:1060700000D270BDA84214BF4FF080444FF040449E
:10608000002E08BF0024BEF1806FA8BFA1F1C0415F
:10609000BDE8704080F22A814FF0000001F1C0415C
:1060A00001F0004170479EEA0C0F0CEA131518BF6F
:1060B00095EA0C0F06D04FF0000081EA030E0EF0B7
:1060C000004170BD00F01CF88900013E00F007B8E7
:1060D00000F009B84FEA430C5FEA5C5C08D081EA43
:1060E000030100F003B94FEA410C5FEA5C5CF6D1B2
:1060F0004FF00000014970470000FF070000F87FE3
:106100000EF1020E2EF0030E5EF8046B364205D43B
:10611000012A43EB030515F5001F12D8012841EBB6
:10612000010C1CF5001F0CD80ED14FEAD17C15F5DF
:10613000001F0CEB4C0C0CF1020C08BF4CEBD37C99
:1061400004E04FF0080C01E04FEAD37C0CEB4C0567
:1061500026FA05F606F00706B6F1040C06D20EEB99
:10616000860CBDE870404CF0010C6047DFE80CF095
:10617000090B02024FF000414FF00000A1F5002191
:1061800070BD19461046012851EB010418BFD4F523
:10619000001484BF002001F0004170BDDFF844C14D
:1061A00070B53CEA111418BF3CEA131500F08F805B
:1061B00011F1004F1CEA13150CEA111468BF45F0E9
:1061C000050518BF11EA0C1F00F079802E4621EA60
:1061D0004C1123EA4C1341F4801143F48013A5F5CC
:1061E0008035AC423DDD801A9941A4F5803609D551
:1061F0004042C1F1000134BFB1F10101B1F1000130
:1062000085F0010511F4F01F08D011F4801FE8D1CA
:10621000400041EB0101A4F58034F6E721F0004194
:10622000B1FA81F6202E04BFB0FA80FE0EF12006EE
:10623000A6F10B06B6F1200EA4EB06440CD2C6F173
:10624000200E01FA06F120FA0EF641EA0601CEF11F
:10625000200600FA06F003E000FA0EF14FF000000D
:10626000BFE750EA410E23D04FEA244EBEEB254F44
:106270000FDB994208BF904204D00AD3520043EB8F
:106280000303B0E74FEA1646B6EB144F08BF85F09C
:106290000105B4F5803401EB041181EAC57100DB1E
:1062A00070BD01F1C0414FF0000001F0004170BD30
:1062B0004FEA45714FF0000001F0004170BD1CEA4B
:1062C000131F09D04FF0000001F0004170BDFFF72F
:1062D00017FF00BFEDFFFF3EBDE870404FF000002C
:1062E000014970470000FF070000F87F0808A0F58B
:1062F00000114FEA3101704791EA030F10B581F0A8
:1063000000413FF501AC83F0004300F0D5B8000038
:106310002DE9F04101F5801CBCF5001FC0F2A980F9
:106320004FEA115C21EA0C510CF1FD0C41F4801193
:106330005FEA5C0C0CF5C07C01D34000494130A4FD
:10634000890241EA905187028E0E0A0CA45D04FB7B
:1063500004F602FB06F6C6F14046A4FB0662F60D03
:1063600046EA422606FB06F4A4FB01235242C3F18F
:10637000404338BF5B1EA6FB02420024E6FB032419
:10638000D20B42EA4446A6FB0623A1FB02E2A3FB92
:1063900007E4E3FB61426442C2F1404E38BFAEF114
:1063A000010EA6FB04234FF00002E6FB0E32A2FB17
:1063B00003463400E2FB6264A1FB06E6A4FB07E8A7
:1063C000E4FB61687642C8F1405838BFA8F1010883
:1063D000A2FB06E4A3FB08E5E2FB6854A1FB05E68B
:1063E000A7FB04E8E1FB648618F1200556F10006DE
:1063F000A809A8F11B08B10908F03F08B8F10A0F75
:1064000040EA86601CD901EB0C51BDE8F08100BF69
:10641000FCF5EEE8E2DDD8D3CFCBC7C3C0BDB9B63B
:10642000B4B1AEACA9A7A5A3A19F9D9B9A98969540
:106430009392908F8D8C8B898887868584838281C7
:10644000A0FB006800FB01F208EB4208B8EB8728CC
:1064500007D5341858EB0104D5D5401C51F1000183
:10646000D1E7341A78EB0104CDD4401E71F100015C
:10647000C9E75FEA4C0C5FEA9C5C0DD105D34FF095
:10648000000001F00041BDE8F081BDE8F04170B5C9
:10649000FFF736FE6DDBFFBEBDE8F0414FF00000B8
:1064A000004970470000F87F10B591EA030F48BF1C
:1064B00083F000433FF528AB841A71EB030C07D23D
:1064C00012198CF0004C43EB0C03001B61EB0C0128
:1064D000DFF8A4E14FEA1154A4EB135C1EEA430F6A
:1064E00018BF9EEA445F00F0B08023EA6E03524278
:1064F00021EA0451C3EB6E0338BF5B1EDCF1200EB2
:1065000025D322FA0CFE10EB0E0043FA0CFE41EBF1
:106510000E01CCF1200E03FA0EFE10EB0E0051F12D
:106520000001CCF1200E29D412FA0EF201EB045135
:10653000BDE8104058BF7047401C1CBFB2F1004F6F
:10654000704700280CBF491C20F00100704712EB77
:10655000020E43EB030218BF4FF0010E4EEA420257
:10656000ACF1200CDCF11E0E54D943FA0CFE10EBFA
:106570000E0051F1FF31CCF11E0ED5D50EF1010EFA
:1065800012FA0EFE404141EB010101EB445C5FEA6F
:106590005C5C10D910EBDE7001EB045138BFBEF12A
:1065A000004FBDE8104018BF704700280CBF491CC1
:1065B00020F00100704730D24FEAD42C11F50011C1
:1065C00024F400641BD0B1FA81F20B3AA41AA41E81
:1065D000D2F12003914030FA03F31943904001EBCC
:1065E000CC71002C01EB0451BDE81040A8BF7047EE
:1065F00001F1C0414FF0000001F000417047B0FAD6
:1066000080F310FA03F100D110BDE41A173C4805DD
:10661000C90AE4E701EB045110BD491001EB045134
:10662000BDE810404FEA300002E04FF00001704733
:106630004A0008BF0042F8D0B2F5001F28BF7047DB
:1066400001F000414FF0000070479EEA445F07D020
:1066500011EA5E0FBDE8104004BF00210020704722
:10666000BDE8104070B5FFF74BFD00BF40DFF63EC0
:1066700083F00041104670470000E0FF43004FEAFE
:10668000D30C4FEA3C0C43401FBF40070CF1605154
:1066900013F0FE4F70471CF0006F03D100200CF088
:1066A000004170470CF0004343EA507010B540EAD7
:1066B000CC0000F00EF800BF000000924FEA00018D
:1066C000FFF714BE4FF000414FF00000A1F500218C
:1066D00070470EF1020E2EF0030E5EF8044B2442BA
:1066E00004D44FEA4102B2F17F4F11D84FEA400380
:1066F000B3F17F4F0CD80ED14FEAD07CB2F17F4F6F
:106700000CEB4C0C0CF1020C08BF4CEBD17C04E000
:106710004FF0080C01E04FEAD17C0CEB4C0324FA5B
:1067200003F404F00704B4F1040C06D20EEB840C5D
:10673000BDE810404CF0010C6047DFE80CF00708A2
:1067400002024FF00040A0F5800010BD0846420054
:1067500018BFD2F1807288BF00F0004010BD4FF02A
:106760004070E1EE100A70474FF07F4C3CEA410365
:1067700018BF3CEA400200F062804FF47F0C10F03A
:10678000004F0CEAD11318BF43F005031CEAD012E6
:1067900018BF13EA0C0F00F057804FF0004C4CEA82
:1067A00000204CEA0121A3F580339A4210DDB0F1BC
:1067B000004F23F0020306D3401A43F00203BCBF8C
:1067C000404283F001034FEA4000A2F58032ECE73B
:1067D0004FEA224CBCEB234F08DB884206D31CD087
:1067E000A0EB4100C0F1000083F0010340001DD286
:1067F00017D40DD0B0FA80FC0CF1010C00FA0CF0AB
:10680000A2EB0C42D2F1000C12DB4FEAC3707047CE
:106810004FEA437000F00040704713F0020FE5D0DC
:10682000DEE7B2F580324FEA4000EBDD002AE9DD19
:106830004FEAC21242EA502040EAC370704710B5D6
:10684000FFF747FFEDFFFF3E1CEAD11F02D000F02B
:1068500000407047004870470000C07FFF2141EAB8
:10686000D050C0057047EEF764BBEEF799BC00014D
:10687000020304050607080C10141820304000001D
:1068800000000000000001020304060708090000E0
:106890000004002A010000000000000000000000C9
:1068A00000000000000000000000000000000000E8
:1068B00001000000010000000000000000000000D6
:1068C00000000000000000000000000000000000C8
:1068D000000000000000B33FB2BE7D3A00002E4031
:1068E000DFCF513800007E40BF51FABA00E0A4402B
:1068F00019DAC3BA00E0C840C2ED8AB90040EB40E3
:10690000CD1F2CBA001006412AFFFABA00C015416B
:10691000DFCFD13700D024419A97703A00503341ED
:1069200089478E3600404141E75B9D3800B04E41BB
:10693000C00A98B900A05B41558F943A0030684175
:10694000DA92C0BA0040744162B3C63A0000803F98
:1069500000A0853F00908B3F00C0913F0030983FE2
:1069600000F09E3F00F0A53F0050AD3F0000B53F56
:106970000000BD3F0060C53F0020CE3F0040D73F34
:1069800000C0E03F00C0EA3F0020F53F00000000EB
:106990007D36AC397D3C3839EBDCF438320A7E394F
:1069A000124C26399B6AED39A4EE83397F661E3975
:1069B000F6398A392B426539A48211395B991F391E
:1069C000C3EECD39DDE7C637A5A22F390000803FE1
:1069D000C3AA853FC2958B3FD3C3913FF037983F01
:1069E00032F59E3FD7FEA53F3F58AD3FF304B53F7C
:1069F000A408BD3F2A67C53F8C24CE3FFD44D73F46
:106A0000DFCCE03FC7C0EA3F7D25F53F0000000036
:106A100000000000303132333435363738394142E6
:106A200043444546403058003031323334353637F0
:106A3000383961626364656640307800040000089C
:106A40000000000000000002000100001000000033
:106A500000004054FB21F93F3163621A61B4D03D1C
:106A60000000601A61B4D03D7370032E8A19A33BF5
:106A70000000002E8A19A33BC14920259A837B3947
:106A800000000000000000006E83F9A22915444EAA
:106A9000D15727FCC0DD34F5999562DB4190433C2A
:106AA000AB6351FE61C5BBDE3A6E24B7E0D24D4206
:106AB000EA2E49061C92D1091CEB1DFE3EA729B106
:106AC000F53582E88444BB2E26709CE9417E5FB494
:106AD00039D69139F43953838B5F849C3B28F9BDB7
:106AE000FF97F81F0F9805DE8B112FEF1F6D0A5AC5
:106AF000CF7E366DB709CB27663F464F2DEA5F9EA6
:106B0000C7BA27757BF1E5EBF739073DEA92528A60
:106B1000B15FFB6B085D8D1F000000006E83F9A262
:106B20002915444ED15727FCC0DD34F5999562DB19
:106B30004190433CAB6351FE7AFE10111111C13FED
:106B400037D60684F464963F280356C9226D6D3FFC
:106B50000165F2F2D844433FA69237A0887E143FE5
:106B6000735360DBCB75F3BEFE41B31BBAA1AB3FE1
:106B700093846EE9E326823F1583E0FEC8DB573F2E
:106B800068108D1AF726303FE9A7F0320FB8123F90
:106B9000D47ABF74702AFB3E303132333435363705
:106BA000383961626364656678700030313233343D
:106BB0003536373839414243444546585000000085
:106BC00002400000000000A000000000054000009E
:106BD000000000C8000000000C4000000000409CC5
:106BE00000000000194000000020BCBE00000000B2
:106BF00034400000BFC91B8E00000004B5400000F7
:106C0000504BCFD06607E2CF010000006C4100007E
:106C10003E8251AADFEEA73401000000D9420000F5
:106C2000DCB5A0E23A301F97FFFFFFFFB44500003C
:106C3000FD25A0C8E9A3C14FFFFFFFFFFF3F0000F4
:106C40000000008000000000FF3F00000000008006
:106C50000000000020535441525420524F544154DC
:106C6000494E4720414E442043414C4942524154F1
:106C700045212121212121212121212121212121E0
:106C800021212121212121212121212121212121F4
:106C900021200A0D0A0D000000000000920E493C60
:106CA000B10AC93C2BC3163D2EFB483D752B7B3DDD
:106CB00004A9963D80B6AF3D36BDC83D2FBCE13D31
:106CC00073B2FA3D87CF093E8340163EB5AB223EF4
:106CD000A2102F3ECF6E3B3EC2C5473E0115543E2B
:106CE000135C603E7F9A6C3ECCCF783EC07D823E86
:106CF000938E883E229A8E3E32A0943E86A09A3E83
:106D0000E59AA03E128FA63ED47CAC3EEF63B23E25
:106D10002A44B83E491DBE3E15EFC33E53B9C93E95
:106D2000CA7BCF3E4136D53E80E8DA3E4F92E03E08
:106D30007533E63EBBCBEB3EEA5AF13ECBE0F63E86
:106D4000275DFC3EE4E7003F3D9C033F824B063F4E
:106D50009BF5083F6B9A0B3FDA390E3FCDD3103FBE
:106D60002A68133FD9F6153FC07F183FC6021B3F64
:106D7000D17F1D3FCBF61F3F9967223F25D2243F8D
:106D80005636273F1594293F4AEB2B3FDE3B2E3FDB
:106D9000BB85303FC9C8323FF304353F233A373F04
:106DA0004268393F3B8F3B3FF9AE3D3F67C73F3FAE
:106DB00070D8413F01E2433F03E4453F65DE473F72
:106DC00012D1493FF8BB4B3F029F4D3F207A4F3FC6
:106DD0003D4D513F4918533F31DB543FE595563FF8
:106DE0005348583F6AF2593F1A945B3F532D5D3F19
:106DF00005BE5E3F2146603F97C5613F5A3C633FF9
:106E000059AA643F880F663FD86B673F3CBF683F15
:106E1000A7096A3F0C4B6B3F5E836C3F93B26D3F9B
:106E20009ED86E3F73F56F3F0809713F5213723F52
:106E30004714733FDD0B743F0BFA743FC6DE753F9A
:106E400007BA763FC58B773FF853783F9812793F62
:106E50009DC7793F02737A3FBE147B3FCDAC7B3F29
:106E6000283B7C3FC9BF7C3FAC3A7D3FCCAB7D3FEC
:106E700023137E3FB0707E3F6DC47E3F580E7F3F30
:106E80006D4E7F3FAB847F3F0FB17F3F97D37F3FF6
:106E900043EC7F3F11FB7F3F0000803F11FB7F3FB2
:106EA00043EC7F3F97D37F3F0FB17F3FAB847F3F62
:106EB0006D4E7F3F580E7F3F6DC47E3FB0707E3F6A
:106EC00023137E3FCCAB7D3FAC3A7D3FC9BF7C3FB7
:106ED000283B7C3FCDAC7B3FBE147B3F02737A3FA7
:106EE0009DC7793F9812793FF853783FC58B773F1C
:106EF00007BA763FC6DE753F0BFA743FDD0B743F71
:106F00004714733F5213723F0809713F73F56F3F87
:106F10009ED86E3F93B26D3F5E836C3F0C4B6B3FD0
:106F2000A7096A3F3CBF683FD86B673F880F663F41
:106F300059AA643F5A3C633F97C5613F2146603F71
:106F400005BE5E3F532D5D3F1A945B3F6AF2593F89
:106F50005348583FE595563F31DB543F4918533F5E
:106F60003D4D513F207A4F3F029F4D3FF8BB4B3F75
:106F700012D1493F65DE473F03E4453F01E2433F0D
:106F800070D8413F67C73F3FF9AE3D3F3B8F3B3F26
:106F90004268393F233A373FF304353FC9C8323F8F
:106FA000BB85303FDE3B2E3F4AEB2B3F1594293FFC
:106FB0005636273F25D2243F9967223FCBF61F3F05
:106FC000D17F1D3FC6021B3FC07F183FD9F6153F3A
:106FD0002A68133FCDD3103FDA390E3F6B9A0B3F2F
:106FE0009BF5083F824B063F3D9C033FE4E7003F93
:106FF000275DFC3ECBE0F63EEA5AF13EBBCBEB3ED2
:107000007533E63E4F92E03E80E8DA3E4136D53EAB
:10701000CA7BCF3E53B9C93E15EFC33E491DBE3EA4
:107020002A44B83EEF63B23ED47CAC3E128FA63EFB
:10703000E59AA03E86A09A3E32A0943E229A8E3EC9
:10704000938E883EC07D823ECCCF783E7F9A6C3E48
:10705000135C603E0115543EC2C5473ECF6E3B3EB9
:10706000A2102F3EB5AB223E8340163E87CF093E8D
:1070700073B2FA3D2FBCE13D36BDC83D80B6AF3D91
:1070800004A9963D752B7B3D2EFB483D2BC3163D39
:10709000B10AC93C920E493C00000000920E49BC66
:1070A000B10AC9BC2BC316BD2EFB48BD752B7BBDD9
:1070B00004A996BD80B6AFBD36BDC8BD2FBCE1BD2D
:1070C00073B2FABD87CF09BE834016BEB5AB22BEF0
:1070D000A2102FBECF6E3BBEC2C547BE011554BE27
:1070E000135C60BE7F9A6CBECCCF78BEC07D82BE82
:1070F000938E88BE229A8EBE32A094BE86A09ABE7F
:10710000E59AA0BE128FA6BED47CACBEEF63B2BE21
:107110002A44B8BE491DBEBE15EFC3BE53B9C9BE91
:10712000CA7BCFBE4136D5BE80E8DABE4F92E0BE04
:107130007533E6BEBBCBEBBEEA5AF1BECBE0F6BE82
:10714000275DFCBEE4E700BF3D9C03BF824B06BF4A
:107150009BF508BF6B9A0BBFDA390EBFCDD310BFBA
:107160002A6813BFD9F615BFC07F18BFC6021BBF60
:10717000D17F1DBFCBF61FBF996722BF25D224BF89
:10718000563627BF159429BF4AEB2BBFDE3B2EBFD7
:10719000BB8530BFC9C832BFF30435BF233A37BF00
:1071A000426839BF3B8F3BBFF9AE3DBF67C73FBFAA
:1071B00070D841BF01E243BF03E445BF65DE47BF6E
:1071C00012D149BFF8BB4BBF029F4DBF207A4FBFC2
:1071D0003D4D51BF491853BF31DB54BFE59556BFF4
:1071E000534858BF6AF259BF1A945BBF532D5DBF15
:1071F00005BE5EBF214660BF97C561BF5A3C63BFF5
:1072000059AA64BF880F66BFD86B67BF3CBF68BF11
:10721000A7096ABF0C4B6BBF5E836CBF93B26DBF97
:107220009ED86EBF73F56FBF080971BF521372BF4E
:10723000471473BFDD0B74BF0BFA74BFC6DE75BF96
:1072400007BA76BFC58B77BFF85378BF981279BF5E
:107250009DC779BF02737ABFBE147BBFCDAC7BBF25
:10726000283B7CBFC9BF7CBFAC3A7DBFCCAB7DBFE8
:1072700023137EBFB0707EBF6DC47EBF580E7FBF2C
:107280006D4E7FBFAB847FBF0FB17FBF97D37FBFF2
:1072900043EC7FBF11FB7FBF000080BF11FB7FBFAE
:1072A00043EC7FBF97D37FBF0FB17FBFAB847FBF5E
:1072B0006D4E7FBF580E7FBF6DC47EBFB0707EBF66
:1072C00023137EBFCCAB7DBFAC3A7DBFC9BF7CBFB3
:1072D000283B7CBFCDAC7BBFBE147BBF02737ABFA3
:1072E0009DC779BF981279BFF85378BFC58B77BF18
:1072F00007BA76BFC6DE75BF0BFA74BFDD0B74BF6D
:10730000471473BF521372BF080971BF73F56FBF83
:107310009ED86EBF93B26DBF5E836CBF0C4B6BBFCC
:10732000A7096ABF3CBF68BFD86B67BF880F66BF3D
:1073300059AA64BF5A3C63BF97C561BF214660BF6D
:1073400005BE5EBF532D5DBF1A945BBF6AF259BF85
:10735000534858BFE59556BF31DB54BF491853BF5A
:107360003D4D51BF207A4FBF029F4DBFF8BB4BBF71
:1073700012D149BF65DE47BF03E445BF01E243BF09
:1073800070D841BF67C73FBFF9AE3DBF3B8F3BBF22
:10739000426839BF233A37BFF30435BFC9C832BF8B
:1073A000BB8530BFDE3B2EBF4AEB2BBF159429BFF8
:1073B000563627BF25D224BF996722BFCBF61FBF01
:1073C000D17F1DBFC6021BBFC07F18BFD9F615BF36
:1073D0002A6813BFCDD310BFDA390EBF6B9A0BBF2B
:1073E0009BF508BF824B06BF3D9C03BFE4E700BF8F
:1073F000275DFCBECBE0F6BEEA5AF1BEBBCBEBBECE
:107400007533E6BE4F92E0BE80E8DABE4136D5BEA7
:10741000CA7BCFBE53B9C9BE15EFC3BE491DBEBEA0
:107420002A44B8BEEF63B2BED47CACBE128FA6BEF7
:10743000E59AA0BE86A09ABE32A094BE229A8EBEC5
:10744000938E88BEC07D82BECCCF78BE7F9A6CBE44
:10745000135C60BE011554BEC2C547BECF6E3BBEB5
:10746000A2102FBEB5AB22BE834016BE87CF09BE89
:1074700073B2FABD2FBCE1BD36BDC8BD80B6AFBD8D
:1074800004A996BD752B7BBD2EFB48BD2BC316BD35
:10749000B10AC9BC920E49BC00000080E875010821
:1074A00000000020FC02000014420008E4760108FD
:1074B000FC020020C4740100704200081C0000009F
:1074C00043000000F8FFFFFF0C0000000E0000006A
:1074D0000F0000002E00000010010000430000001B
:1074E000F8FFFFFF004040404040404040404141E5
:1074F0004141414040404040404040404040404089
:107500004040404040050202020202020202020222
:10751000020202020220202020202020202020021F
:1075200002020202020290909090909010101010AF
:10753000101010101010101010101010101010104B
:1075400002020202020288888888888808080808DF
:1075500008080808080808080808080808080808AB
:1075600002020202400000000000000000000000D3
:10757000000000000000000000000000000000000B
:1075800000000000000000000000000000000000FB
:1075900000000000000000000000000000000000EB
:1075A00000000000000000000000000000000000DB
:1075B00000000000000000000000000000000000CB
:1075C00000000000000000000000000000000000BB
:1075D00000000000000000000000000000000000AB
:1075E000000000000000000011A2023241325A03E4
:1075F0005472011202C5260226BF321009166B0909
:10760000101829A932045A083A32204A402A232461
:10761000F45A14388A013A1335FD140869FE1B0820
:1076200075041A95041AED041B45FC04190841174A
:1076300004030904120114020202164022AF40574B
:107640001D020102033F031A1A0313E9621B08E536
:10765000041AE104130D631B085104813B0A06A5BB
:107660002A40821C0902434F111CC03209B41B017D
:10767000020B13052416100105240110090104242E
:107680000202052406170107058203081C100904DD
:1076900085320A1D07050102432C070581070938B9
:1076A000442A40072A8107112B0907440A3B044456
:1076B00013A1FD1408EDFC4C084DFFEC1A41101A03
:1076C00065101AC304C11A89181A7D041A95041A80
:1076D00071040134080811010203040506073C0285
:0476E00051C800008D
:04000005080041D9D5
:00000001FF
