:020000040800F2
:10400000587901206D43000849ED00083DDE0008A5
:10401000B5EC0008E16100082F1301080000000062
:1040200000000000000000000000000081F5000812
:10403000B56F00080000000031F200088DF500089F
:104040008743000887430008874300088743000828
:104050008743000887430008874300088743000818
:104060008743000887430008874300082D6F000836
:10407000396F0008456F0008874300088743000830
:104080008743000887430008016100088743000850
:10409000B1120108874300088743000887430008DE
:1040A00087430008874300088743000887430008C8
:1040B000A1F60008ADF60008874300088743000812
:1040C00087430008874300088743000887430008A8
:1040D000874300088743000887430008CDFB00089A
:1040E0008743000887430008874300088743000888
:1040F0008743000887430008874300088743000878
:104100008743000887430008874300088743000867
:104110008743000887430008874300088743000857
:104120008743000887430008874300088743000847
:104130008743000887430008874300088743000837
:10414000874300088743000887430008BDD700085D
:104150008743000887430008874300088743000817
:104160008743000887430008874300088743000807
:1041700087430008874300088743000887430008F7
:1041800087430008874300088743000887430008E7
:104190008743000800000000A1740008874300085E
:1041A00087430008874300088743000887430008C7
:1041B00087430008874300088743000887430008B7
:1041C00087430008874300088743000887430008A7
:1041D000874300088743000800F002F800F0B6F8B3
:1041E0000AA090E8000C82448344AAF10107DA4552
:1041F00001D100F0ABF8AFF2090EBAE80F0013F0EE
:10420000010F18BFFB1A43F0010318475034010097
:10421000703401000A444FF0000C10F8013B13F019
:10422000070408BF10F8014B1D1108BF10F8015B0F
:10423000641E05D010F8016B641E01F8016BF9D102
:1042400013F0080F1EBF10F8014BAD1C0C1B09D159
:104250006D1E58BF01F801CBFAD505E014F8016BCB
:1042600001F8016B6D1EF9D59142D6D3704700005D
:104270000023002400250026103A28BF78C1FBD86F
:10428000520728BF30C148BF0B6070476E2900F04D
:104290009B82702900F0E583662912F0C2836529AC
:1042A00012F0BF83672912F0BC83612912F0BB832F
:1042B00003681B0A28BF41F08001692900F0488289
:1042C000642900F04582752900F042826F2900F0D0
:1042D0007283782900F0B183E92900F00D83E42985
:1042E00000F00A83F52900F00783EF2900F06F83BF
:1042F000F82900F0B0830368DB0928BF41F0800192
:10430000632901F0D580732901F0DA80E32901F0F7
:10431000E580F32901F0EA80002070471FB512F014
:10432000FCFA9DE8030000F06FF901F039F9040090
:104330000020002111F06AFC401C60600020002178
:1043400011F04EFCE0601FBD10B510BD01F0FAF891
:104350001146FFF7E3FF0EF04FFF01F0D7F903B46A
:10436000FFF7F2FF03BC01F007FA0000094880479D
:1043700009480047FEE7FEE7FEE7FEE7FEE7FEE747
:10438000FEE7FEE7FEE7FEE704480549054A064B5F
:104390007047000005F60008D9410008583A00208F
:1043A00058790120587A0020587A002070B50646C6
:1043B00000F00EF9056806F10B0020F00704B44286
:1043C0009CBF002070BD2B466A68BAB11068A0423D
:1043D00010D304F1080188423CBF5068586007D3ED
:1043E0005168101941601168091B01605860146020
:1043F000101D70BD13465268002AE7D12146284699
:1044000000F0EEF80028DED170BD70B50446051F3F
:1044100000F0DEF80068002C14BF446870BD002C6A
:1044200018BFAC423CBF20466468F8D301680A1844
:10443000AA4218BF456003D12A68054611440160AD
:1044400028684119A1421CBF6C6070BD6168696039
:1044500021680844286070BD7CB51D4616460C00D6
:10446000009001D02044401E074B7B442A466946F9
:104470000190304600F0C1F905461CB100206946A4
:1044800000F0CEF928467CBDBD030000032A40F2AF
:10449000308010F0030C00F0158011F8013BBCF1E6
:1044A000020F624498BF11F801CB00F8013B38BFFE
:1044B00011F8013BA2F1040298BF00F801CB38BF0C
:1044C00000F8013B11F0030300F02580083AC0F02A
:1044D000088051F8043B083A51F804CBA0E80810D2
:1044E000F5E7121D5CBF51F8043B40F8043BAFF305
:1044F0000080D20724BF11F8013B11F801CB48BF5F
:1045000011F8012B24BF00F8013B00F801CB48BF94
:1045100000F8012B704710B5203AC0F00B80B1E8CD
:104520001850203AA0E81850B1E81850A0E81850E8
:10453000BFF4F5AF5FEA027C24BFB1E81850A0E8F1
:10454000185044BF18C918C0BDE810405FEA827C0B
:1045500024BF51F8043B40F8043B08BF7047D20722
:1045600028BF31F8023B48BF11F8012B28BF20F8C3
:10457000023B48BF00F8012B70474FF0000200B526
:10458000134694469646203922BFA0E80C50A0E876
:104590000C50B1F12001BFF4F7AF090728BFA0E824
:1045A0000C5048BF0CC05DF804EB890028BF40F8F0
:1045B000042B08BF704748BF20F8022B11F0804F32
:1045C00018BF00F8012B7047704770477047000014
:1045D00000487047003A00207047704770477047A6
:1045E00038B504460A4600206946AFF3008000282B
:1045F00008BF38BD02460099204600F009FB0120A3
:1046000038BD012000F096BFF8B5AFF30080054635
:1046100000200C46102000BF0646A819A0420DD964
:10462000324669460020AFF30080070008BF00F063
:1046300081FF0098A04218BF0546C419FFF7C8FFC4
:1046400005600746F01D20F007004619284600F0D7
:104650000AF8B44208BFF8BDA21B31463868BDE86D
:10466000F84000F0D5BA00210160C0E901107047A0
:104670001020704710B500F0C7FA006810BD10B5E3
:10468000044600F0C1FA046010BD70B504468569A7
:104690000068C10601D5302600E02026C00707D0FB
:1046A00070BDD4E9012130469047206A401C206249
:1046B0006D1EF6D570BD70B5044685690078C007DB
:1046C00007D170BDD4E9012120209047206A401C09
:1046D00020626D1EF6D570BD09684A0501D540B24D
:1046E0007047C905FCD500B2704709684A0501D575
:1046F000C0B27047C905FCD580B2704770B50C4692
:104700000546012A05D02878800600D5EA690023ED
:1047100002E0012305E05B1C934202D2E05C00282A
:10472000F9D1A869E618C01AA861286A1844286255
:104730002846FFF7AAFF04E0D5E9012114F8010B90
:104740009047B442F8D32846FFF7B5FF70BD00008C
:104750002DE9F0410646002410687529314616A55A
:1047600010D0FFF7B9FF002802DA404213A507E096
:1047700031688A0701D512A502E0490704D511A5C1
:10478000012401E0FFF7B1FF00210A2206F124070E
:1047900009E0B0FBF2FCB0FBF2F302FB1C0030308E
:1047A00078541846491C0028F3D123462A4630463F
:1047B000BDE8F04100F08BBA000000002D000000C1
:1047C0002B0000002000000011680268006A5305F9
:1047D00001D508700AE0D30501D5088006E013066C
:1047E00003D5C217C1E9000200E00860012070474C
:1047F00001694A1C02610878704700B58FB0CDE9A5
:1048000001310021059105497944CDE90310114694
:10481000684600F031F90FB000BD0000E5FFFFFF72
:104820000A6802F8010B0A607047D1E900239A4236
:1048300002D2531C0B601070704700002DE9FF5F1F
:1048400015468A460446DFF8AC80F8440027D8E9CC
:1048500000103E46CDE9001010E03AF816106A4606
:1048600002A800F047FE411C07D02178890603D535
:10487000E269391891420DD80744761C20788006E9
:1048800002D5E069B84205DDAE42E6DB3AF8160033
:104890000028E2D1A069C01BA0612046FFF7F5FE09
:1048A000D8E90010CDE90010002017E03AF8181000
:1048B0006A4602A800F01EFEB0F1FF3F81460BD011
:1048C00000250DF1080B05E0D4E901211BF80500D6
:1048D00090476D1C4D45F7D308F10100B04280466A
:1048E000E4DB206A384420622046FFF7E4FEBDE89E
:1048F000FF9F00007A2301002DE9F0418046D21D80
:1049000022F007020025D2E90002F52915A614D0ED
:10491000011E72F1000106DA0023D0EB030063EB05
:10492000020211A608E0D8F800108B0701D50FA6E7
:1049300002E0490701D50EA601251146002408F121
:10494000240704E000F07EF930323A55641C50EA46
:104950000102F7D12B46324621464046BDE8F041E0
:1049600000F0B5B9000000002D0000002B00000091
:104970002000000030B4002100F1240408E002F01F
:104980000705D208303542EA4372DB086554491CFA
:1049900052EA0305F3D10468002310A2250707D5C6
:1049A000A40600D421B1C46901230DA2641EC46110
:1049B00030BC00F08CB910B5044621461068FFF7F2
:1049C00094FE02462046BDE810400023D2E7D21DE7
:1049D00022F00701D1E90023CCE70000000000002D
:1049E00030000000F0B40D460188090502D5214CC5
:1049F0007C4402E01F4C7C440E34002100F124066C
:104A000008E002F00F071209E75D42EA03721B0992
:104A10007754491C52EA0307F3D1027800231207A6
:104A200004D5702D06D009B1022311342246F0BC02
:104A300000F04DB901231034F8E770B504460D4677
:104A400021461068FFF751FE024629462046BDE880
:104A500070400023C6E7D21D22F00703D3E90023EC
:104A6000C0E70368126843F0200303600823C361B2
:104A70000023B7E7DC2101002DE9F05F89460446F9
:104A80004FF0000ADFF874B1FB44C0F820A02046C4
:104A9000E1688847002874D0252806D0D4E9012190
:104AA0009047206A401C2062F1E700265F462046BE
:104AB000E16888472028054607DB312D05D27819A3
:104AC00010F8200C08B10643F1E7B00701D526F035
:104AD0000406C4F81CA00027C4F818A02A2D09D089
:104AE00028460EF007F838B304EB8708303DC8F8C5
:104AF000185019E059F8041B204604EB8702916115
:104B0000E1688847012F054618D1E069002820DABE
:104B100026F020061DE0D8F8180000EB800005EB19
:104B200040003038C8F818002046E168884705463C
:104B30000DF0E0FF0028EED1012F0AD02E2D08D174
:104B40002046E16888477F1C0546022F46F0200674
:104B5000C4DBA069002803DA404246F00106A061E8
:104B6000F00701D026F010066C2D0BD0682D09D06F
:104B70004C2D39D06A2D35D0742D35D07A2D33D0C7
:104B800016E038E0E1682F4620468847B8420546DF
:104B900009D16C2F26D04FF48060E168064320468F
:104BA0008847054604E06C2F1AD04FF48070064306
:104BB0000DB3A5F14100192802D8203546F400664E
:104BC0004A462946204626604E46FFF75FFB80B1E5
:104BD00001280BD0F61D26F0070000F1080956E762
:104BE0004020E4E78020D8E70020D6E706F104095A
:104BF0004DE7284652E7206ABDE8F09F6C2101008E
:104C000000487047F839002000487047F839002004
:104C1000034640688C46002818BF88423CBF0346C4
:104C20004068F8D318681844884207D00CF1030094
:104C300020F00700001D411A521A0146081D0A60A3
:104C4000FFF7E3BB30B5B0F10A024FEA900E71F105
:104C500000034EEA817EB0EB0E0061EB91014FEA5A
:104C6000101E4EEA017E10EB0E0041EB11114FEACF
:104C7000102E4EEA016E10EB0E0041EB11214FEAAF
:104C8000104E4EEA014E10EB0E0041EB1141401860
:104C900041F100014FEAD00040EA41704FEAD101F2
:104CA00010EB80054FEA810444EA907444EB010460
:104CB0006D1944EB0404521BA3414FF0000348BF9D
:104CC0000A3200D530BD401C41F1000130BD2DE954
:104CD000F0470D4699469246044600F124080168C3
:104CE000880604D5E06921F01001216000E0012070
:104CF000A84201DD471B00E00027A1697A1902EBF9
:104D00000900081AA0612078C00602D42046FFF7E7
:104D1000BCFC002608E0D4E901211AF806009047FF
:104D2000206A401C761C20624E45F4DB2078C006C9
:104D30000AD52046FFF7A9FC06E0D4E9012130207E
:104D40009047206A401C2062381EA7F10107F4DC5E
:104D500007E0D4E9012118F805009047206A401CBB
:104D60002062281EA5F10105F3DC2046FFF7A3FC15
:104D70002078000602D50220BDE8F0870120FBE77D
:104D800070472DE9FF4F0C461E464FF0FF378BB0A2
:104D9000D2E90001DDF860800A908A46C1F30A5525
:104DA00005B93D46002108464FF00000BAF1000F5A
:104DB00000F4400005DA00EB80004FF4400101EA06
:104DC00050004FEA9059B9F1010F00DDB9460A9839
:104DD00050EA4A000ED044F61050A5F2FF35454384
:104DE0002F14B8F1000F1ED07542291E1EDDC9F127
:104DF00000021CE0B8F1010F4FF0000001D030219B
:104E000003E0F24305E02154401CB042FBDB304696
:104E10000022002121540B99C1F80880C1E900202B
:104E20000FB0BDE8F08FBD1B6D1CDEE74A4600DA0F
:104E3000694206A800F0F8FB06AB93E8070003AB55
:104E400083E8070050460A9900F092FD8DE80700BC
:104E5000A0F500501F3800900398002D0ADD42F2A3
:104E60001F014A460844002303A90390684600F046
:104E7000FBFF09E0A0F500504A461F38002303A9B4
:104E80000390684601F005F88DE807000004000C67
:104E900003D04FF0FF30410800E01046B8F1000F9A
:104EA00003D00022009215461EE0751E05D4FFF7C0
:104EB000C9FE303262556D1EF9D5B3460122084352
:104EC00002D000227F1C04E02078302801D100228B
:104ED0007F1E002A099784D01DE0112D07DAFFF705
:104EE000B1FE303262556D1C50EA0102F5D1084323
:104EF00002D00098C8B10EE00021681E05E0235CD6
:104F0000625C63542254401E491C8142F7DBAB466D
:104F1000A81B401E0990002004F80B000B98099A6A
:104F2000C0F80880C0E9002B7AE711264FF000088E
:104F300057E72DE9F04F88460446D21D22F00701BD
:104F400091B0D1E90001CDE90A010CF0E9FA02467D
:104F50000B98C00F01D02D2007E02068810701D5F4
:104F60002B2002E0202101EAC000032A099001D091
:104F7000072A05DB03464146204600F015FB0BE1FE
:104F80002078800601D5E06900E00620B8F1650FC1
:104F9000814606D0B8F1660F18D0B8F1670F70D10E
:104FA00031E00020B9F1110F009001DB112301E085
:104FB00009F101030AAA01A90CA8FFF7E2FEDDE945
:104FC0000C70002609F10105834647E001204B469D
:104FD00000904FF000470AAA01A90CA8FFF7D1FEE4
:104FE000DDE90DB00C995D46002610B909F101000C
:104FF0000D18B9EB050003D4C0F1FF3609F1010526
:10500000A5EB09002BE0B9F1010F01DA4FF001091E
:105010000020B9F1110F0090484601DD112300E096
:1050200003460AAA01A90CA8FFF7ABFEDDE90C7044
:105030004D4600268346207800070AD4AB4500DAA7
:105040005D4601A8012D04DD411911F8011C30292C
:1050500007D04F4502DA17F1040F04DA0120824627
:105060000FE06D1EEEE7002F02DCED1B3E4403E077
:10507000781CA84200DD7D1CB81B00F1010A4FF02E
:1050800000472078000703D4AA4501DB4FF0FF3A20
:105090000021B7F1004F0DF143088DF8431024D0E3
:1050A00002202B23002F01DA7F422D230A21021E2A
:1050B000A0F1010000DC5FB197FBF1FC97FBF1F27E
:1050C00001FB1C7C17460CF1300C08F801CDEEE713
:1050D000A8F1010003702188090501D5452100E0F0
:1050E0006521A0F1010800F8011C09980FA9A1EBA6
:1050F0000807FF1D00B10120411901EBEA70A16909
:105100003844081A401EA0612078C00602D4204608
:10511000FFF7BBFA099828B1D4E901219047206A2A
:10512000401C20622078C00622D52046FFF7ADFA49
:105130001EE0002E04DBB34502DD01A8805D00E027
:105140003020D4E901219047206A401C2062761C5F
:10515000AAF101005FEA000A0AD100F021FAC06852
:105160000168405CD4E901219047206A401C20621C
:10517000281EA5F10105DCDC07E0D4E9012118F8BF
:10518000010B9047206A401C2062381EA7F10107DE
:10519000F3DC2046FFF78FFA032011B041E6000050
:1051A0002DE9F04F04460D46D21D22F0070089B0CC
:1051B000D0E90097484639460CF0B2F90246F80F9C
:1051C00001D02D2307E02068810701D52B2302E0C1
:1051D000202101EAC0038DF820300BB1012000E04E
:1051E0000020032A824601D0072A04DB29462046F4
:1051F00000F0DAF93FE12078800601D40D2500E0C7
:10520000E569C7F30A560D2D49DA00214FEA175B0D
:1052100008464FF00000002F00F4400007DA00EBD2
:1052200080004FF4400100EBD07001EA600081156E
:10523000012901DD4FF0FF3100224FEA850CBCF15E
:10524000180F06D31346ACF118004FF08052C2403D
:1052500003E04FF4801323FA0CF30CF10C0CBCF1B7
:10526000200F04D3ACF1200C09FA0CF001E007FA8E
:105270000CF000294FF0004801DD18B90FE00ED105
:1052800040450CD319EB02095F4121B9404502D1D9
:105290009F4329EA0209BBEB175F00D0761C2088E8
:1052A000000502D57B48784402E07A4878441938F2
:1052B00008AA302302F80A30037C0AF10101002E0B
:1052C0000AF1020A53546A4602DC4FF0300101E051
:1052D0004FF031014FF001088DF8001002D0A6F216
:1052E000FF3603E059EA470100D06B4E002D02DC87
:1052F0002178090704D54FF002082E218DF80110FE
:10530000C44600210BE0C7F303433F01C35C491CC3
:105310006D1E02F80830052908F1010801DA002D98
:10532000F1DC00210CE000EB1973491C1B786D1EA9
:10533000082902F808304FEA091908F1010801DAD2
:10534000002DF0DC21688B0602D516E0A8F10108DB
:10535000E04505DD02EB080313F8013C302BF5D0E6
:10536000B8F1000F09DD02EB080313F8013C2E2B06
:1053700003D1090701D4A8F10108002D05DD3E2164
:1053800002F808106D1E08F10108407C002E02F89A
:10539000080008F1010804DA2D20764202F808001E
:1053A00002E02B2002F808000A214FF47A708642AE
:1053B00008F101080BDB96FBF0F3303302F80830FC
:1053C00096FBF0F308F1010800FB136601E0642E80
:1053D0000CDB642096FBF0F3303302F8083096FBC8
:1053E000F0F308F1010800FB136601E00A2E06DB6A
:1053F00096FBF1F0303002F8080008F1010896FB46
:10540000F1F001FB1060303002F80800A16908F1EA
:10541000010808EB050202EB0A00081AA0612078D7
:10542000C00602D42046FFF730F9216A08AE01EB2E
:105430000A00206204E0D4E9012116F8010B90472C
:10544000BAF1010AF7D22078C00602D52046FFF74C
:105450001CF96E4609E016F8010B3E280FD0D4E97E
:1054600001219047206A401C2062B8F10108F2D265
:105470002046FFF720F909B00320BDE8F08F206A2D
:105480002844206203E0D4E90121302090476D1EBA
:10549000EBD3F8E7C11A010002FCFFFF10B5436926
:1054A00013B1AFF3008001E0FFF728F9012010BD30
:1054B000127800F124010A7000224A700122EDE7FF
:1054C00011684FF0FF32E9E710B5436913B1AFF34C
:1054D000008001E0FFF7B2F9012010BD128800F151
:1054E000240182840022C2840122EDE711684FF07A
:1054F000FF32E9E770B516460C46054600F048F85D
:10550000036893F80101012806D0FF2C0FD8185D1D
:1055100068B101202C7070BDD3F8070132462146D6
:1055200003F2071303442846BDE8704018474FF0C4
:10553000FF3070BD10B500F0F7F8BDE8104000F086
:10554000EEB870477546FFF75BFBAE46050069464F
:10555000534620F00700854618B020B5FEF714FF2B
:10556000BDE820404FF000064FF000074FF0000864
:105570004FF0000B21F00701AC46ACE8C009ACE8E5
:10558000C009ACE8C009ACE8C0098D46704700000E
:1055900010B500F005F8001D10BD00BF7106010038
:1055A00000487047183A00202DE9F0411F46044694
:1055B00003260168072A01F4006004DB08B116A580
:1055C00005E016A503E008B115A500E015A521F03A
:1055D00010002060A069C01EA0610FB1401EA06134
:1055E0002046FFF752F84FB1D4E9012138469047E1
:1055F000206A401C2062C01C206206E0206AFAE794
:10560000D4E9012115F8010B9047761EF8D2204607
:10561000FFF751F8BDE8F0814E414E006E616E001B
:10562000494E4600696E66002DE9F04781461646F0
:105630008AB0354878440DC88DE80D00324878446A
:10564000801C03AC0DC884E80D0041F69B30084473
:10565000372190FBF1F290FBF1F5A5F1800501FBFC
:1056600012041B3C02D56442012000E00020DFF858
:1056700098A080460027FA44AAF1BE0A0EE0E0078F
:105680000AD03246684607EB470101230AEB810145
:1056900000F0FFFB8DE8070064107F1C002CEED1AA
:1056A000194F7F44AE3F19E0E80715D007EB04100F
:1056B0000DF1180A90E80E008AE80E00C068F0426A
:1056C00001D1981908903246012306A903A800F0D9
:1056D000E0FB03AB83E807006D10641C002DE3D1F1
:1056E0004FF0010332466946B8F1000F03A802D01B
:1056F00000F0BAFB01E000F0CCFBC9E90001C9F8F9
:1057000008200AB0BDE8F087C417010010B50446B0
:10571000AFF300802046BDE81040FEF720BE002811
:1057200001D000F029B8704710B5012805D000213C
:1057300003A000F027F8012010BD09A1F8E7000040
:1057400053494752544D454D3A204F7574206F666A
:105750002068656170206D656D6F727900000000D2
:105760003A2048656170206D656D6F727920636FB6
:10577000727275707465640001491820ABBEFEE753
:105780002600020070B505460C460A2000E06D1C9C
:1057900000F052F835B128780028F8D102E0641CF6
:1057A00000F04AF814B120780028F8D1BDE8704024
:1057B0000A2000F041B800004FF0013C50F8042BE3
:1057C00051F8043B9A4221D1A2EB0C03934313EA14
:1057D000CC1317D150F8042B51F8043B9A4215D141
:1057E000A2EB0C03934313EACC130BD150F8042B18
:1057F00051F8043B9A4209D1A2EB0C03934313EAFC
:10580000CC13DBD04FF00000704700BFD01A01BAB4
:10581000B1FA81F101F0180122FA01F0CB40C1F197
:105820002001DBB2C0B2C01A2CFA01F3D11A9143A5
:1058300011EAC311E6D1704708B569468DF800003A
:105840000320ABBE08BD00009FED221A9FED222A67
:1058500020EE010AB5EE001A30EE010ABDEEC01AC4
:1058600011EE100AB5EE400AF1EE10FAB8BF013899
:1058700001EE100AB8EEC11A30EE410A20EE020A1B
:10588000BDEEC01A9FED152A11EE100A002130EE70
:10589000021AB1EB502F46F658611CBF0020B0EE43
:1058A000410AC0F6010101EE100A01EB8001B8EED9
:1058B000411A30EE410A91ED001A91ED012AB7EE3E
:1058C000003A33EE403A23EE011A20EE020A31EE9E
:1058D000000A704783F9223E00000044000000C423
:1058E0009FED201A9FED202A20EE010ABDEEC01A7E
:1058F00011EE100AB5EE400AF1EE10FAB8BF013809
:1059000001EE100AB8EEC11A30EE410A20EE020A8A
:10591000BDEEC01A9FED152A11EE100A002130EEDF
:10592000021AB1EB502F46F658611CBF0020B0EEB2
:10593000410AC0F6010101EE100A01EB8001B8EE48
:10594000411A30EE410A91ED001A91ED012AB7EEAD
:10595000003A33EE403A23EE011A20EE020A31EE0D
:10596000000A704783F9223E00000044000000C492
:105970005FEA400C08BF91F0000F4FEA8C234FEA1A
:10598000C12243EA51514FEA1C5018BF00F5F040C4
:105990004FEA300018BF41F000415FEA6C5C00F054
:1059A0002980BCF1FF3F08BF40F080407047130CD6
:1059B00006BF12044FF0100C4FF0000C130E04BF82
:1059C00012020CF1080C130F04BF12010CF1040CAD
:1059D000930F04BF92000CF1020CD30F04BF5200CE
:1059E0000CF1010C11464FF00002A0F11F00A0EBDA
:1059F0000C00704711F0004F08BF704731F00041B4
:105A00003FF4D5AF0B0C06BF09044FF0100C4FF05C
:105A1000000C0B0E04BF09020CF1080C0B0F04BFA5
:105A200009010CF1040C8B0F04BF89000CF1020C6E
:105A3000CB0F04BF49000CF1010CCCF12003A0EB0B
:105A40000C0022FA03F302FA0CF241EA030100F11E
:105A50000100704720F07F4C80EA030023F07F476D
:105A6000ACEB070303F57C5300F0004003F1FF03A8
:105A70002DE980494FEA154B09B44FEA144325EA52
:105A80000B4E24EA03480FF2042606EB13274908BD
:105A90003E785FEA320203FB0667C7F5000707FBA3
:105AA00006F64FEA54374FEAD64606F1020607FBE0
:105AB000066CCCF1005C4FEA1C472CEA074C07FB54
:105AC00006F40CFB06F504EB15464FEA961634BFB8
:105AD00000204FF000404FEAD13706FB07FC4FEAA9
:105AE0001C4C0CFB0BF7D21B03FB0CF761EB070103
:105AF0000CFB0EF7B0EB074072EB17420CFB08F7FC
:105B000034BFA2EB0742B2EB074261EB17414FEA09
:105B10000C444FEA910706FB07FC4FEA1C4C0CFBB8
:105B20000BF7B0EBC74072EB573203FB0CF734BFF7
:105B3000A2EBC742B2EBC74261EB57310CFB0EF749
:105B4000B0EBC70072EB57720CFB08F734BFA2EB47
:105B5000C702B2EBC70261EB5771039F4FEA816145
:105B600041EA921104EBCC044FEAD1374FEA82624A
:105B700006FB07FC42EA90124FEA80604FEA1C4C99
:105B80000CFB0BF7D21B03FB0CF761EB07010CFBC3
:105B90000EF7B0EB074072EB17420CFB08F734BF6F
:105BA000A2EB0742B2EB074261EB17414FEA8C557B
:105BB0004FEA910704EB9C2406FB07FC4FEA1C4CC0
:105BC0000CFB0BF7B0EBC74072EB573203FB0CF743
:105BD00034BFA2EBC742B2EBC74261EB57310CFBBB
:105BE0000EF7B0EBC70072EB57720CFB08F734BF2F
:105BF000A2EBC702B2EBC70261EB577115EB4C2564
:105C00004FEA816141EA92114FEA82624FEAD1374D
:105C100042EA901206FB07FC44F100044FEA806060
:105C20004FEA1C4C0CFB0BF7D21B03FB0CF761EB90
:105C300007010CFB0EF7B0EB074072EB17420CFBB1
:105C400008F734BFA2EB0742B2EB074261EB174102
:105C500015EB1C154FEA813141EA92414FEA82323D
:105C600042EA90424FEA80304FEA0C7644F1000459
:105C700048EA03434EEA0B484FF0000EB2EB080C23
:105C800071EB030724BF624639464EEB0E0E4FF010
:105C9000000B0018524149414BEB0B0BB2EB080CC7
:105CA00071EB03077BF1000B24BF624639464EEBD4
:105CB0000E0E4FF0000B0018524149414BEB0B0BFD
:105CC000B2EB080C71EB03077BF1000B24BF6246BB
:105CD00039464EEB0E0E51EA020718BF46F0010698
:105CE00016EB0E7655F1000254F1000103D5BDE824
:105CF0008901BDE80088BDE88901BDE80048B61902
:105D0000524141EB0101A3F10103704780807F7E86
:105D10007D7C7B7A79787776767574737271717021
:105D20006F6E6E6D6C6C6B6A6A69686867666665D3
:105D30006464636362616160605F5F5E5E5D5D5C61
:105D40005C5B5B5A5A5959585857575656555555D2
:105D50005454535352525251515050504F4F4F4E32
:105D60004E4D4D4D4C4C4C4B4B4B4A4A4A49494980
:105D700048484847474747464646454545444444C2
:105D8000444343434342424242414141002B9C46EB
:105D900030D477002BD01CB54FEA370703B44FF04F
:105DA00010004FF01001BAF1000F06D0BCF1000F47
:105DB000DCBF40F0080040F008014FF000000FBCCD
:105DC000BDE810400BF1010BBBF1010F08BF5FEA0A
:105DD000170722BF12F1010211F101014FF000413A
:105DE00043F1000300F0004043EA00007047F9D39C
:105DF0005708D0E746EA064613F1400F4FEA164629
:105E00001FDD13F1200FDFBF16430A4600212033A8
:105E10005B42BED0C3F1200746EA064602FA07F706
:105E20004FEA164646EA0706C3F1200722FA03F2B4
:105E300001FA07F721FA03F14FF0000342EA0702E3
:105E4000A7E746EA020646EA06464FEA164646EA4B
:105E50000106BCBF46EA0646360C4FF000034FF081
:105E600000024FF0000194E72DE9804C9A469346DA
:105E700070B491E8380007C831EA400C48BF34EAF2
:105E8000430C03D5FFF7E6FDFFF780FFF0BCBDE84C
:105E9000008C2DE9804C9A46934670B491E8380006
:105EA00007C810F0804F08BF13F0804F03D100F0F7
:105EB00005F8FFF76BFFF0BCBDE8008C20F07F47D2
:105EC00080EA030023F07F4C07EB0C03A3F57C531F
:105ED00000F00040A3F1FE0392F0000F00F0B38049
:105EE00095F0000F00F077802DE901494FEA11404D
:105EF0004FEA144621EA004800FB06FC24EA064764
:105F000008FB06F607FB08F800FB07F718EB064846
:105F10004CEB164C4FEA124B18EB07484FEA15466C
:105F20004CEB174022EA0B4E0BFB06FC25EA06471A
:105F30000EFB06F607FB0EFE0BFB07F71EEB064EED
:105F40004CEB164C4FF000061EEB074E4CEB174B7C
:105F500018EB0B0840F1000018EB0E0B58EB000893
:105F600040F100008F1A4FF000013CBFC943661B8F
:105F700014BFB5EB040C00213CBFC943F61B4FEA2C
:105F800017444EEA8E0E27EA04454FEA1C4704FBED
:105F900007622CEA074C05FB07F70CFB05F604FB30
:105FA0000CFC16EB074642EB174216EB0C4642EB95
:105FB0001C421BEB060658EB0202414146EA9E06D4
:105FC00001D5BDE80189B619524141EB0101A3F1A8
:105FD0000103BDE801894FEA14454FEA114724EA5D
:105FE000054621EA074C05FB07F406FB07F70CFB07
:105FF00006F105FB0CFC11EB074144EB17444FEA9B
:10600000124711EB0C4144EB1C4422EA074C05FB00
:1060100007F206FB07F70CFB06F605FB0CFC16EB7C
:10602000074642EB174216EB0C4642EB1C456A183A
:1060300054F1000148BF7047B619524141EB0101CC
:10604000A3F10103704795F0000F37D04FEA1142DA
:106050004FEA144721EA024624EA074C02FB07F103
:1060600006FB07F70CFB06F402FB0CFC14EB0744E1
:1060700041EB17414FEA154714EB0C4441EB1C412F
:1060800025EA074C02FB07F506FB07F70CFB06F6B3
:1060900002FB0CFC16EB074645EB174516EB0C46CE
:1060A00045EB1C42121951F1000148BF7047B61967
:1060B000524141EB0101A3F1010370474FEA14453E
:1060C0004FEA114724EA054621EA074C05FB07F190
:1060D00006FB07F70CFB06F24FF0000605FB0CFC75
:1060E00012EB074241EB174112EB0C4251EB1C4102
:1060F00048BF7047921841EB0101A3F101037047BB
:1061000010B5044802F04EFDBDE81040024802F010
:1061100049BD0000FC02002068030020F8B50446D9
:10612000002000902068816811F0010F4AD1816839
:10613000254A114237D18168D5432940491C8160E5
:106140002068B0F1A04F02D02049884201D12048F8
:1061500000E02048806800F0E07000020DD51E4885
:106160001E490068B0FBF1F0401C00EB40008000CD
:1061700000E0401E00900028FBD104F09FFA064684
:106180001BE0816811F0010F03D181682940491C8F
:10619000816004F093FA801B02280ED92068006801
:1061A000C043C00709D0E06D40F01000E065206EEC
:1061B00040F0010020660120F8BD20680168C94355
:1061C000C907DED10020F8BD3F000080000100506B
:1061D0000003005000070050CC000020400D0300D9
:1061E000FEE770B58AB006464FF080400024039366
:1061F0000092CDE901048012CDE904404000CDE9D0
:1062000006040D46304603F0DBFB0028FAD02A4690
:106210006946304603F0B8FA0AB070BD70B58AB06E
:106220000024CDE9002406464FF48010CDE9044057
:10623000CDE902434000CDE906040D46304603F0A7
:10624000BFFB0028FAD02A466946304603F09CFA84
:106250000AB070BD70B51A4D04462888401C80B243
:106260000521B0FBF1F2288001FB120018B90021D2
:10627000204608F0DFFF94ED4E1AD4ED411A95ED5B
:10628000010A71EE610AF4EEC00AF1EE10FA02DDC5
:1062900031EE400A08E0B1EE402AF4EEC20AF1EE17
:1062A00010FA04D231EE000A84ED4E0A01E0C4ED8A
:1062B0004E1A2046BDE8704000210BF09BB800004C
:1062C00098020020002070470020704710B500227F
:1062D0000449054809F013FE0449034809F006FE85
:1062E000002010BD10270020401A0020101F0020A1
:1062F00070B50C460C4905460868401C08602946E4
:106300000A482268FEF7C2F82068082803D1002155
:1063100006480DF07BFF2946054809F0E7FD0448D3
:1063200009F0ACFD002070BD50010020F8380020BD
:10633000401A002000207047094A10B5D2F8BC224C
:10634000D2F814220AB1012010BD0A4601460448C1
:1063500009F0D5FDBDE81040014809F03ABE000043
:10636000401A00202DE9F05F05462DED0C8BADF5B0
:10637000564D0E464FF428644FF0280AFE4890ED23
:10638000EB0AB8EEC00A9FEDFDAA20EE0A0ADFED87
:10639000FC0A4DF24C204FF48071C0EE20BA6844E4
:1063A000FEF7EBF84DF24C304FF400716844FEF705
:1063B000E4F8DFEDF48AF448F3EE080AF34F90EDC9
:1063C0002F0A0DF57050F6EE00AA20EE200AD6ED49
:1063D000030A80EE20CAB0EE680A80EDC70AC0ED5D
:1063E000C3AA87ED000AFFF77BFA3846B0EE409A61
:1063F00090ED000AFFF728FA0DF540534DF24C21BD
:1064000005F1F000B0EE408A4FF480726944C3F8A1
:10641000440FFEF780F843F61C726A4402F108014B
:10642000081FF0EE681AB0EE4C1AF0EE490AB0EE12
:10643000480A0CF0AFFC0DF5705343F60C726A4439
:1064400002F1080196ED030A081FD3EDC71A93ED78
:10645000C91AD3EDC80A07F043FE96F8A8009FEDCD
:10646000CC8A00280DF5705090EDC40A20EE081A71
:1064700006D090EDC50A60EE080A90EDC30A05E06B
:1064800090EDC30A60EE080A90EDC50A20EE080AF6
:1064900007F04AF9BFA00DF0A7FE4FF4FA6003F031
:1064A000F1F8DFEDCACA2846B0EE6C0A00F00CFE27
:1064B000C7480DF099FEC7A00DF096FE4FF00009F9
:1064C000F2EE049ADFF8C482002700BF98ED000ABC
:1064D00030EE2B0A88ED000AFFF702FAB0EE409A80
:1064E00098ED000AFFF7B0F943F61C726A4402F116
:1064F0000801081FF0EE681AB0EE4C1AF0EE490AD7
:106500000CF048FC0DF5705343F60C726A4402F12E
:10651000080196ED030A081FD3EDC71A93EDC91AB7
:10652000D3EDC80A07F0DCFD96F8A80000280DF5A9
:10653000705090EDC40A20EE081A06D090EDC50AFE
:1065400060EE080A90EDC30A05E090EDC30A60EE24
:10655000080A90EDC50A20EE080A07F0E5F8642065
:106560000CF0F2FB7F1C5745B0DBB0EE6C0A2846FE
:1065700000F0AAFDDFF800B295ED030AD5ED040A9C
:106580009BEDEBDA814830EE209AF8EECD0AD0EDA3
:1065900000DA02A901EB89008DEEA00A42F608227A
:1065A0006A4430EE490A80ED000AB5F8D01022F8AE
:1065B000191019EE100A10F03FF9F8EECD0A07464F
:1065C00088468DEEA00A10EE100A10F035F941EC65
:1065D000100BCDE9007853EC102B8AA00DF004FECF
:1065E0009BEDEB0A6948CD23F8EEC00A90ED001A46
:1065F000001D81EE200A037005234370082320EE5E
:10660000290ABDEEC00A10EE101A29EE290A81707F
:10661000090AC170BDEEC00A10EE102A0271110AFB
:106620004171DC21C171DBF804200146794802F593
:10663000E0620CF09BFA09F10109A145FFF642AFB7
:106640004FF00009DFF84481002700BF98ED000AF1
:1066500030EE6B0A88ED000AFFF742F9B0EE409A7F
:1066600098ED000AFFF7F0F843F61C726A4402F155
:106670000801081FF0EE681AB0EE4C1AF0EE490A55
:106680000CF088FB0DF5705343F60C726A4402F16E
:10669000080196ED030A081FD3EDC71A93EDC91A36
:1066A000D3EDC80A07F01CFD96F8A80000280DF5E8
:1066B000705090EDC40A20EE081A06D090EDC50A7D
:1066C00060EE080A90EDC30A05E090EDC30A60EEA3
:1066D000080A90EDC50A20EE080A07F025F86420A4
:1066E0000CF032FB7F1C5745B0DBB0EE6C0A28463D
:1066F00000F0EAFC95ED030AD5ED040A9BEDEBDA18
:10670000224830EE209AF8EECD0AD0ED00DA43F6BA
:106710004C7169448DEEA00A01EB89004BF64C5296
:106720006A4430EE490A80ED000AB5F8D01022F82C
:10673000191019EE100A10F07FF8F8EECD0A07468E
:1067400088468DEEA00A10EE100A10F075F841ECA4
:10675000100BCDE9007853EC102B2AA00DF044FD6E
:106760009BEDEB0A0948F8EEC00A90ED001A81EEA5
:10677000200A20EE290A4FE0F8300020DB0FC94044
:106780000000D24700000000F82F0020C4020020C3
:106790009A99193F202D2D2D2D2D2D2D2D2D2D2D5F
:1067A0002D2D2D2D2D2D2D2D2D2D53544152542D6C
:1067B0002D2D2D2D2D2D2D2D2D2D2D2D2D2D2D2D09
:1067C0002D2D2D2D200A0D0A0D00000017B7513870
:1067D000146E01082043757272656E7420416E67F5
:1067E0006C65203A20526F746F7220416E676C6541
:1067F000203A2052617720456E636F646572200AEB
:106800000D0A0D00732C252E34662C252E34662C93
:106810006500000084050020BDEEC00A001DCD23E8
:1068200010EE101A29EE290A037005234370BDEEFD
:10683000C00A8170090A10EE102AC1700271110A93
:106840004171DC21C171DBF804200146082399481D
:1068500002F5E0620CF08AF909F10109A145FFF6A1
:10686000F1AEB6EE001AF6EE000AB6EE000A06F039
:106870005BFF43F64C77B0EE688A0020F0EE000A2A
:1068800002A96F4401EB8002884692ED000A221AA9
:1068900007EB8202401C12ED011AA04230EE011AF1
:1068A00000EE104AB8EEC00A60EE201A81EE210A0E
:1068B00030EE088AE6DBDFF800A29AEDEB0AB8EECC
:1068C000C00A20EE080A10EE100A0FF0B5FF41ECE6
:1068D000100B9FED7A1B0AF05FFE51EC100B0FF0CE
:1068E000B7F900EE100AB5EEC00AF1EE10FA01D2C7
:1068F00030EE0A0A734846F64C1185ED020A80ED27
:10690000010A00204246694402EB800393ED000A2D
:10691000231A07EB830353ED010A01EB8003401CAC
:1069200030EE200AA04220EE2A0A83ED000AEBDBBB
:1069300000279FED658A49F24C398B46E9440021D6
:10694000621E5B4609EB8708C819403801D5204410
:1069500002E0904200DD001B03EB800098ED000A8E
:10696000D0ED000A491C802900EE880A88ED000A53
:10697000EADB802F18DA03EB8700D8ED000A90EDF0
:10698000000A70EE600A9AEDEB0AB8EEC00A20EE3B
:10699000800A0BF00DFA4DF24C3120EE0B0A6944DF
:1069A00001EB870080ED000A00EE104AD8ED000AE6
:1069B0007F1CB8EEC01AA74280EE810A70EE288ACA
:1069C000BDDB0DF50050B0F9081A4BF64C50684489
:1069D00000EB440030F9020C084400EBD070471083
:1069E0003AA00DF001FC45A00DF0FEFB4DF24C2845
:1069F000CB460024E844D14604EBE7127F2A00DDB1
:106A0000803AD9F8AC1361430BEB8100214690ED3D
:106A1000000A70EE680A95ED350AB8EEC00A20EE5D
:106A2000800AC0EE0A0ABDEEE00A10EE100A03B2B8
:106A300028F812303EA00DF0D7FB641C802CDBDB65
:106A40000DF540504FF480752A4644464146D0F833
:106A5000440FFDF760FD18482A4621461430FDF723
:106A60005AFD96F8A810C9F8001008F093FB1420FE
:106A700002F008FE32A00DF0B7FB142002F002FE77
:106A80000DF520509DED020AD0ED810A2E4930EE21
:106A9000600AB0EEC00A10EE100A884206DD03203C
:106AA0000DF5564DBDEC0C8BBDE8F09F02200DF5A9
:106AB000564DF7E784050020F83000200000006004
:106AC000FB211940F82F00200000003C0A0D204552
:106AD0006E636F646572206E6F6E2D6C696E65619A
:106AE0007269747920636F6D70656E736174696F1C
:106AF0006E207461626C650A0D0000002053616DA8
:106B0000706C65204E756D626572203A204C6F6F17
:106B10006B757020496E646578203A204C6F6F6BFE
:106B200075702056616C75650A0D0A0D0000000035
:106B3000256420202025642020202564200A0D00C3
:106B4000732C732C652C65000000C0402DE9F04FBC
:106B50000C462DED088B89B0074606F00FFE9FED21
:106B6000C58AC548F3EE080AC44D90ED2F0AB0EE71
:106B7000489A20EE200AD4ED030A8DED028A80EEB9
:106B800020AAB6EE000A8DED050A85ED008AB0EE6A
:106B9000480AFEF7A5FEF0EE408A95ED000AFEF7E2
:106BA00053FE02AA04A903A8F0EE491AB0EE4A1A4D
:106BB000F0EE680A0CF0EEF894ED030A05AA07A9B6
:106BC00006A8DDED021A9DED041ADDED030A07F0BB
:106BD00087FA9DED060ADFEDAA8A20EE281A9DEDC0
:106BE000070A60EE280A9DED050A20EE280A06F045
:106BF0009BFD4FF4FA6002F045FD9FEDA2BA3846C6
:106C0000B0EE4B0A00F060FA012002F03BFDDFED30
:106C10009EAA9E4E95ED000A37E000BFFEF760FE8B
:106C2000F0EE409A95ED000AFEF70EFE02AA04A9C6
:106C300003A8F0EE491AB0EE4A1AF0EE690A0CF019
:106C4000A9F894ED030A05AA07A906A8DDED021A22
:106C50009DED041ADDED030A07F042FA012002F06F
:106C600011FD9DED060A20EE281A9DED070A60EE43
:106C7000280A9DED050A20EE280A06F055FD95ED3F
:106C8000000A30EE2A0A85ED000A10EE100AB04222
:106C9000C4DBDFF8E8A185ED008ADFF8F4910AF1A2
:106CA000040A4FF0DC0BA846A0E000BFFEF718FE78
:106CB000F0EE409A98ED000AFEF7C6FD02AA04A97C
:106CC00003A8F0EE491AB0EE4A1AF0EE690A0CF089
:106CD00061F894ED030A05AA07A906A8DDED021ADA
:106CE0009DED041ADDED030A07F0FAF9012002F028
:106CF000C9FC9DED060A20EE281A9DED070A60EEFC
:106D0000280A9DED050A20EE280A06F00DFDB0EEDA
:106D10004B0A384600F0D8F997ED030AD7ED040A7C
:106D200070EE209A19EE900A0FF086FD99EDEB0AAD
:106D300098ED001A0546F8EEC00A0E4681EE200ACC
:106D400010EE100A0FF078FD41EC100BCDE9005663
:106D500053EC102B4FA00DF047FA99EDEB0A98ED8C
:106D6000001ACD23F8EEC00A8AF8003001238AF811
:106D7000013081EE200AF2EE040A40490823091D81
:106D800020EE200ABDEEC00A10EE102A29EEA00A5D
:106D90008AF80220120A8AF80320BDEEC00A10EE1B
:106DA000100A8AF80400000A8AF805008AF807B079
:106DB000D9F804203B4802F5E0620BF0D7FE98EDCD
:106DC000000AB5EEC00AF1EE10FA02DDF0EE400A5C
:106DD00001E0F1EE400A10EE900A3349884201DAF0
:106DE000B0EE698A30EE2A0A88ED000A98ED000AB2
:106DF000264A10EE101A9142FFF658AFB5EE001A6F
:106E0000F5EE000AB5EE000A06F08EFC97ED030AD7
:106E1000D7ED040A30EE200A30EE480AB5EEC00A7B
:106E2000F1EE10FA01DD012600E00026142002F048
:106E300029FC1EA00DF0D8F9CD218AF80010FD2103
:106E40008AF801108AF807B00C49D9F804204D4699
:106E50000823091D134802F5E0620BF087FE142099
:106E600002F010FC84F8A8602E6009B0BDEC088B1D
:106E7000BDE8F08F00000000F82F0020C4020020C1
:106E80009A99193F17B751380AD7233CDB0F49416C
:106E9000F8300020732C252E34662C252E34662CD9
:106EA0006300000084050020ACC52737732C732CC9
:106EB000632C63001C4991ED060A80ED000A91EDF8
:106EC000050A80ED010A91ED090A80ED020A91EDB3
:106ED000080A80ED030A91ED0B0A80ED060A91ED98
:106EE0000A0A80ED070A91ED0D0A80ED080A91ED7E
:106EF0000C0A80ED090A91ED0F0A80ED040A91ED6C
:106F00000E0A80ED050A91ED0B0A80ED0A0A91ED5B
:106F10000A0A80ED0B0A91ED1D0A80ED0E0A91ED33
:106F20000A0A80ED0F0A7047F82F0020014802F08E
:106F3000D6BA0000AC040020014802F0D0BA00002C
:106F4000D8080020014802F0CABA00000C05002051
:106F50000D4902688A4201D20C4901E00B492031F7
:106F6000D2B21423083AB2FBF3F2436C02F01F02D0
:106F700023F003031944816404498031C164012171
:106F8000914001657047000008040240000802407B
:106F90000179074A02EB81024265054A4432491EE3
:106FA000826501F01F0201219140C1657047000018
:106FB000FC080240704700002DE9F04116462DED17
:106FC000028BB0EE408A0F460446002506F094FB83
:106FD000C4F8D470C4F8E86084ED028A4FF6FF70FC
:106FE000C4F8D850C4F8EC0084ED048A9FED2D8AD3
:106FF000002084ED058A84ED068A84ED078AC4F8B2
:10700000D05000BF04EB8001401C81ED088A282885
:10701000F8DB2548DFED250A90EDA70A04F5FE70A0
:10702000B8EEC00A84ED7C0A0CF01CF89FED200A33
:10703000F0EE008A84ED890AB1EE040A84ED8A0A32
:107040009FED1C0A84ED8B0A9FED1B0B0AF078FF65
:107050009FED1B1B53EC102B51EC110B0EF02AFE75
:107060000EF0F6FD00EE100A0AF0A7FF94ED891A63
:10707000C1EE000A94ED8A0A20EE280A20EE200ACA
:1070800084ED8C0A20EEA00AD4ED8B0A20EE200AB3
:1070900084ED8D0A84ED908A84ED8F8ABDEC028B9D
:1070A000BDE8F08100000000F830002000409C4660
:1070B0007C59C44517B75138000000000054A44063
:1070C000000000000080494010B504462DED028B01
:1070D000B0EE408A002107F0A9F85248D0F8B0037A
:1070E00020B9D4E93410401AC4F8D0004E480278D0
:1070F0009FED4E1AD4F8D0108AB100EE101A00227B
:10710000B8EEC00A60EE010A94ED350AF8EEC01A36
:1071100080EEA10A84ED050A84ED060A027000EEF5
:10712000101AD4ED050A424BB8EEC00AC4ED060AA7
:10713000D4F8D40060EE011A00EE100AB8EEC02AAE
:1071400081EE820A84ED050A70EE600A10EE902A44
:107150009A4203DDD4F8D820521E07E010EE902AA0
:1071600012F17F5FD4F8D82002D9521CC4F8D8207D
:10717000424301EE902AB8EEE12A01EE901AF8EEB1
:10718000E11A72EE211A21EE812A01EE900AF8EE40
:10719000E12AC2EE221AC4ED001AC4ED031A01EE70
:1071A000900AD4F8E820F8EEE11A4A4392FBF0F195
:1071B00081EE212A00FB112001EE900AF8EEE12A6F
:1071C000D4ED021A42EE221AF5EEC01AF1EE10FAD0
:1071D00002D271EE811A06E011EE900A154988423A
:1071E00001DD71EEC11A10EE900A1349C4ED011AC7
:1071F000884202D970EE810A06E010EE900A0F492B
:10720000884201DD70EEC10A04F5097060EE880A5B
:10721000C4ED310A07F04CFF84ED300ABDEC028B5F
:1072200010BD0000F8300020D8000020DB0FC9405E
:1072300000004040DB0FC940DB0FC9BFDB0FC93F77
:107240002DE9F04116462DED028BB0EE408A0F4637
:107250000446002506F05CFAC4F8D470C4F8E8606F
:1072600084ED028A4FF6FF70C4F8D850C4F8EC00E1
:107270009FED120A84ED048A84ED050A84ED060A66
:1072800084ED070A0020C4F8D05000BF04EB800151
:10729000401C81ED080A2828F8DB0948DFED090ABF
:1072A00090EDA70A04F5FE70B8EEC00A84ED7C0AE2
:1072B000BDEC028BBDE8F0410BF0D4BE0000000035
:1072C000F830002000409C4610B504462DED028B9E
:1072D000B0EE408A012106F0A9FFD4E93410564AE5
:1072E000411AC4F8D010D2F8B02312B9411AC4F828
:1072F000D010524A5378DFED521A8BB100EE101ABB
:107300000023B8EEC00A60EE210A00EE100AB8EEC3
:10731000C01A80EE810A84ED050A84ED060A5370D6
:1073200000EE101AD4ED050A464BB8EEC00AC4EDC3
:10733000060A20EE211A00EE100AB8EEC02A81EEED
:10734000020A84ED050A70EE600A10EE902A9A4255
:1073500003DDD4F8D820521E07E010EE902A12F177
:107360007F5FD4F8D82002D9521CC4F8D8204243F9
:1073700000EE102AB8EEC01A00EE101AB8EEC00ADD
:1073800031EE000A20EE211A00EE100AB8EEC02AF3
:1073900081EE020A84ED000A84ED030A00EE100A71
:1073A000D4F8E82094ED021AB8EEC00A4A4392FBE2
:1073B000F0F181EE802A00FB112000EE100AB8EEF9
:1073C000C00A02EE001AB5EEC01AF1EE10FA02D2AF
:1073D00031EE211A06E011EE100A1B49884201DD48
:1073E00031EE611A10EE900A184984ED011A8842B4
:1073F00002D930EEA10A06E010EE900A1449884244
:1074000004DD30EEE10A20EE080A01E020EE880AF1
:10741000D4ED7C0AF5EEC00AF1EE10FA01DD01218F
:1074200000E0002104F5FE700CF05CFD84ED300AF4
:10743000BDEC028B10BD0000F8300020D800002009
:10744000DB0FC94000004040DB0FC940DB0FC9BF64
:10745000DB0FC93FC0F8E820C0F8D410002380ED4E
:10746000020A4FF6FF71C0F8D830C0F8EC1080ED7A
:10747000040A9FED090A194680ED050A80ED060A07
:1074800080ED070AC0F8D03000EB8102491C82ED84
:10749000080A2829F8DB70470000000072B6FEE7F2
:1074A000014802F094BA000084050020F0B5D1E94B
:1074B00001650C692C430D68C6B145F080452C432D
:1074C000D1E90665354391F820704E69406D46EA72
:1074D000076635438E8903EBC30300EBC30045EA1F
:1074E0000645E0E8024500230B4D0FE044EA8544E1
:1074F000E6E7D418D65CE77846EA0766A7786478AA
:107500003F0447EA0424264340C01B1DCC682C5D81
:107510009C42EED8F0BD00002A6A0108144A117F8F
:107520001448012901D003290FD1036823F4007303
:107530000360036843F400630360036823F400639B
:107540000360036843F400730360022901D0032938
:107550000BD1016841F480510160016821F4805130
:107560000160016841F4806101600020107770477C
:1075700090000020002002400C490A6A520210D5F7
:10758000C20703D04A6942F004024A61800703D56A
:10759000486940F400404861486940F480304861DF
:1075A0007047486948F204021043F4E700200240A3
:1075B0000E4A136A5B0201D5C90703D0516921F451
:1075C000006102E0516941F4006151615169C0B24A
:1075D00021F47E7141EAC0005061506940F0020020
:1075E0005061506940F48030506170470020024083
:1075F000054910B54C6944F001044C610260BFF3C9
:107600006F8F436010BD000000200240094A10B592
:107610005469402344F480245461EFF3108272B61D
:1076200010C95B1E10C013F0FF03F9D182F310885C
:1076300010BD00000020024070B5064603F03EF881
:107640000546134C07E000BF03F038F8401BB0427A
:1076500001D9032070BD2069C003F5D420694CF224
:10766000FA3108400CD00B494A6802434A60010FC6
:1076700001D0A169A161010100D02061012070BD8C
:107680002069C00701D001202061002070BD0000EA
:10769000002002409000002070B5B3EE080A2DEDE6
:1076A000028B044680ED030A9FED710A80ED250AE6
:1076B00080ED240A6F48D0ED100AC4ED340AD0EDF5
:1076C000120AC4ED350AD0ED170AC4ED380AD0ED20
:1076D000110AC4ED360AD0ED130AC4ED370A84ED61
:1076E000330A84ED320AD0ED140AC4ED390AD0ED24
:1076F000250AC4ED540AD0ED260AC4ED550AD0ED92
:10770000180AC4ED530AD0ED150AC4ED580AD0ED9D
:10771000270AC4ED3E0AD0ED280AC4ED400AD0ED98
:10772000160AC4ED420AF2EE0E0AC4ED480AF1EE62
:10773000040AC4ED4A0ADFED500AC4ED490ADFED40
:107740004F0A0021C4ED4C0A84F83411D0ED190A17
:1077500004F58065C4ED2B0AD0ED1A0AC5ED060AC2
:10776000D0ED1B0AC4ED1B0A84ED1C0A84ED1A0A35
:1077700084ED190A90ED220A85ED0E0A90ED230A98
:1077800085ED0D0A90ED240A85ED0F0A90ED2A0A89
:1077900085ED100A90ED300A85ED110A90ED2D0A65
:1077A0009FED378A20EE080ABCEEC00A10EE101AD0
:1077B000C4F8501490ED2B0A85ED120A90ED2C0AB6
:1077C00085ED130A90ED3A0A85ED150A90ED310A20
:1077D00085ED160A90ED360A85ED170A90ED330A0D
:1077E00085ED180A90ED350A85ED190A90ED320AFB
:1077F000244885ED1A0A90EDA60AB8EEC00A85ED78
:107800001B0AD0EDA80AF8EEE00AC5ED370AD0ED64
:10781000A70A04F58E60F8EEE00AC5ED380AF0EE2E
:10782000480A0BF01FFC95ED1B0AF0EE480A04F223
:1078300094400BF017FC95ED1B0AF0EE480A04F596
:1078400097600BF00FFC95ED370AF0EE480A04F252
:10785000E4400BF007FC95ED380AF0EE480ABDEC69
:10786000028B04F5A160BDE870400BF0FBBB00008B
:1078700000000000F82F00206F12833ACDCCCC3DE1
:1078800000409C46F83000202DE9F04104462DEDE3
:10789000028B90F8A8309FEDEA0AD0F8B010D0F82B
:1078A000BC00D4F8C020091AD4F8B40000EE901A35
:1078B000801A01EE100AF8EEE00AB8EEC11A60EE86
:1078C000800A21EE000AC4ED000A43B1F1EE600A1D
:1078D00084ED020A30EEC00A84ED010A07E084ED6F
:1078E000010AB1EE400A30EE600A84ED020A94ED1E
:1078F000060AFDF7F5FFB0EE408A94ED060AFDF7A3
:10790000A3FFD04AF0EE408A136804F13001081F4B
:107910000026CD4D9FEDCD5A062B48D01268F0EED3
:10792000480A94EC031A072AB0EE680A63D00BF0F9
:10793000E9F8C749D5ED010A5FF0010091ED040AAD
:1079400030EEC00A85ED010AC0F1040201EB8202AB
:10795000D2ED000AC0F1050201EB8202401CC2ED2B
:10796000000A0528F0DBD4ED0C0AB1EE041AC1EDD3
:10797000000A30EE800A85ED010AC0EE011AC4ED5E
:10798000171A94ED320A94ED0B1A30EE412A84ED69
:10799000282A94ED330A94ED1B1A70EE601AF4EE67
:1079A000C11AF1EE10FA29D2F0EE612A28E094EC27
:1079B000031AF0EE480AB0EE680A0BF0A3F884ED63
:1079C0001A5AB5F9020000EE100AB8EEC00ADFED4F
:1079D000A10A20EE200AFDF783FFF7EE080A20EE49
:1079E000200A84ED190A6888401C00B268802828A3
:1079F00000DB6E80B2E00BF085F8AFE0F0EE412ADC
:107A0000B1EE410AF4EEC02AF1EE10FA07DDF4EE11
:107A1000C11AF1EE10FA04D2B0EE611A01E0B0EE34
:107A2000401A84ED291AB5EEC01AF1EE10FA01DC05
:107A3000B1EE411A94ED390AB4EEC01AF1EE10FA23
:107A400001D284ED295AB5EEC02AF1EE10FA01DC1C
:107A5000B1EE422AB4EEC02AF1EE10FA01D284ED62
:107A6000285AD4ED241AD4ED360A94ED280A40EEB3
:107A7000801AC4ED241A94ED252AD4ED370AD4EDEA
:107A8000293A00EEA32A84ED252A94ED383AD4ED64
:107A9000032A23EE221AB4EEE11AF1EE10FA02DD07
:107AA000F0EE610A01E0F0EE410A23EE624AF4EEE4
:107AB000C40AF1EE10FA07DDB4EEE11AF1EE10FAA5
:107AC00004DCF0EE411A01E063EE621AB4EEC21A71
:107AD000F1EE10FAC4ED241A02DDF0EE420A01E0E4
:107AE000F0EE410A23EE624AF4EEC40AF1EE10FA17
:107AF00007DDB4EEC21AF1EE10FA04DDB0EE421A60
:107B000001E023EE621A84ED251AD4ED340A20EE4A
:107B1000800A84ED270AD4ED350A20EEA32A70EE00
:107B2000210A84ED262AC4ED190A32EE010A60EE1C
:107B3000A00A84ED1A0A40EE000AB0EE600A0AF0CC
:107B40003CFA84ED1D0A94ED030ADFED430A04F1CB
:107B50006801081F20EE200A0BF022FB04F18C02C2
:107B6000111FD4ED1A1A94ED191A081FF0EE480AE5
:107B7000B0EE680A0BF00EF904F18400021FD0EC9D
:107B8000030A111F94ED030A0C3806F0A9FA3348D2
:107B9000334D94ED1E1A00684FF00108022710B310
:107BA000D4ED1F0A94ED200A05F0BEFDD4ED1E0AA7
:107BB00094ED1F0AF4EEC00AF1EE10FA06DB94ED24
:107BC000201AF4EEC10AF1EE10FA22DAB4EEE00A5D
:107BD000F1EE10FA2BDBD4ED200AB4EEE00AF1EE60
:107BE00010FA26DA23E0D4ED200A94ED1F0A05F0FE
:107BF0009BFDD4ED1E0A94ED1F0AF4EEC00AF1EECF
:107C000010FA08DB94ED201AF4EEC10AF1EE10FA36
:107C100001DB2F700FE0B4EEE00AF1EE10FA08DBA2
:107C2000D4ED200AB4EEE00AF1EE10FA01DB2E707A
:107C300001E085F800802F70BDEC028BBDE8F0817B
:107C4000FFFF24BD70020020D000002000000000D3
:107C5000380900207CD9203E36CD133FF830002073
:107C600070000020704700002DE9F84F4FF0000928
:107C70000446CDF800900D4694F85820DFF8EC83C8
:107C800061694F464846012A0AD00126F84A84F81D
:107C9000586041B1296A012905D0A36EEBB129E0F2
:107CA0000220BDE8F88F6868092838D1A96A4FF426
:107CB000785041B12B6801F07C0100EA5340084341
:107CC000E96A084302E0296800EA51402368D96C58
:107CD00011400143D964606621E0C4E91971A96AC1
:107CE000286A31B101F07C01401E0843E96A08436B
:107CF00000E0401E29682B79C1F3846103F01F0363
:107D000099400143A06E401EA066636E43EA0103E2
:107D1000636604D12168C86C10401843C8642068A9
:107D200006F04AF958B995F8250098B12068C1685D
:107D300095F8262021F4401141EA4251C1602068A3
:107D400006F042F98246206806F036F95AEA000049
:107D50000DD0FCE095F8260095F82410400540EA87
:107D600001512068C26822F440121143E6E7A86A74
:107D700030B1E86A20B195F8250001285ED003E013
:107D800095F82500012804D02068C16821F0007111
:107D900003E02068C16841F00071C16095F83000CF
:107DA000012852D02068016921F002010161AA680E
:107DB00029682068B2F1004F38D006F020F9206819
:107DC000416921F00041416120686969C268C2F3DC
:107DD000C102520091402A69042A45D000EB82007A
:107DE0002B68026EDFF88CC203F0F84302EA0C0243
:107DF0000B431A4342F00041016620682A69A969D1
:107E000000EB8200026E22F080720A430266297F34
:107E100022682869012924D05FF0000102EB80006C
:107E2000026E22F000720A43026690E0002206F021
:107E3000E6F82068416941F00041C4E7E06D40F098
:107E40002000E0654FF00109A8E7D5E90D010843DE
:107E500021680A6922F4FF7242F0020210430861AD
:107E6000A5E74FF00071D9E7002106F09BF8400329
:107E700020684FF0000172D006F094F890FAA0F05C
:107E8000B0FA80F1286842036ED090FAA0F0B0FA00
:107E900080F0814204D100221146206806F0C6F825
:107EA0000121206806F07EF8400320684FF00101B0
:107EB0005DD006F077F890FAA0F0B0FA80F128686B
:107EC000420359D090FAA0F0B0FA80F0814204D178
:107ED00000220121206806F0A9F80221206806F09E
:107EE00061F8400320684FF0020148D006F05AF8CC
:107EF00090FAA0F0B0FA80F12868420344D090FADA
:107F0000A0F0B0FA80F0814204D100220221206862
:107F100006F08CF80321206806F044F8400320683E
:107F20004FF0030133D006F03DF890FAA0F0B0FA1C
:107F300080F1286842032FD090FAA0F0B0FA80F0C8
:107F4000814204D100220321206806F06FF82068E6
:107F5000816811F0010F22D0B5E000E004E006F0E6
:107F600021F8C0F384618DE7C0F3846091E706F0E7
:107F700019F8C0F38461A2E7C0F38460A6E706F0B5
:107F800011F8C0F38461B7E7C0F38460BBE706F083
:107F900009F8C0F38461CCE7C0F38460D0E72A7BA2
:107FA000296850F8B03FC1F3120C23EA0C0302F029
:107FB000180C314A22FA0CF20A4013430360E968B4
:107FC00041457DD1286841031BD090FAA0F1B1FA58
:107FD00081F1491C01F01F0109294FEA403131D8D4
:107FE000002911D090FAA0F1B1FA81F101F101015B
:107FF00001F01F0106FA01F609D100BFC0F3846148
:1080000009E0C0F38461E4E7C0F38461EEE790FA2D
:10801000A0F1B1FA81F101F1010101F01F0146EA7D
:10802000816102D1C0F3846003E090FAA0F0B0FA5D
:1080300080F000F1010000F01F0000EB400041EA79
:1080400000513AE000290ED090FAA0F1B1FA81F186
:1080500001F1010101F01F0106FA01F60ED100BF86
:10806000C0F384610EE0C0F38461F1E700007F405B
:108070000040100400F0FF03FFFF070090FAA0F19A
:10808000B1FA81F101F1010101F01F0146EA8161BC
:1080900002D1C0F3846003E090FAA0F0B0FA80F05F
:1080A00000F1010000F01F003A4A00EB400002EB33
:1080B000005041EA000141F00071AA68206800E028
:1080C00001E005F09CFF34482B6803425ED0226833
:1080D0004FF0A04C3148324E324D624501D0AA4299
:1080E00001D1014600E031468968DFF8BC8001F02B
:1080F000E071434503D0DFF8B480434520D15FEA07
:1081000001281DD4624505D0294B9A423ED1AA428E
:1081100000D0304641F40001826822F0E0720A4348
:108120008260244824490068B0FBF1F0801C00EB19
:108130004000800000E0401E00900028FBD125E0B8
:10814000DFF8788043450FD15FEAC1180CD4AA420A
:1081500002D11B4B9A4219D0624502D0AA4200D0EC
:10816000304641F080710CE0DFF8588043450DD176
:108170004B020BD4AA4209D0624500D0304641F4EC
:108180008001826822F0E0720A43826084F85870AD
:10819000484686E5000020FE0000088000030050ED
:1081A0000007005000010050000021C31000C090E3
:1081B00000060050CC000020400D0300000052C714
:1081C00000050050000084CB10B50921074800F0DD
:1081D00015F8074C0921C4F8B4000648B03400F083
:1081E0000DF8054920600220487010BDFC020020F7
:1081F0004C09002068030020000000200068A1F561
:1082000080710F390ED0B1F5837F08D0B1F5037FAF
:1082100002D0D0F880007047D0F88C007047D0F8BA
:1082200088007047D0F88400704700002DE9F047BF
:10823000044600684FF0A049DFF804A10F46484506
:1082400001D0504501D13F4800E03F48806800F030
:108250001F06A069082805D05FF0200502F02EFA5D
:10826000804618E04025F9E7781C14D002F026FA81
:10827000A0EB0800B84200D86FB920680068284217
:1082800009D1E06D40F00400E065002084F858005A
:108290000320BDE8F087206800682842E4D0216808
:1082A000C86C10F4C07F0CD00023C86810F4406F75
:1082B00009D00022DFF894C02548514505D1C846B1
:1082C00008E00123F1E70122F4E7614501D180468E
:1082D00000E08846884508D03EB1062E05D0072E1E
:1082E00003D0514503D1484604E0C86803E0614526
:1082F00000D00846C068E66D46F40056E66523B92E
:10830000830112D48AB182040FD40A6852060CD5B4
:1083100082020AD4E26D22F48052E265E26DD20557
:1083200003D4E26D42F00102E265402D01D020202D
:1083300002E0400401D4602008600020A9E70000AA
:1083400000010050000300500007005000050050DD
:1083500000040050704700002DE9F0410446006819
:108360004FF0A0453E4FA84201D0B84201D13D494F
:1083700000E03D49896801F01F0605F01DFE08BBBD
:108380002168C868C96C00F0004011F4C07F00D1BA
:1083900090B194F85800012814D0012084F85800B6
:1083A0002046FDF7BBFE01004FF000020CD084F820
:1083B00058200846BDE8F081E06D40F02000E065FF
:1083C0000120F7E70220F5E7E06DC00504D5206E37
:1083D00020F00800206600E02266E06D42F2010312
:1083E000984340F48050E0652068204BDFF880C05F
:1083F000B84201D1AE4604E0984201D1E64600E021
:108400008646864500D02EB9D4F85CE02EF4801E56
:10841000C4F85CE04FF0600EC0F800E084F858202B
:108420002068B84204D0984201D1654600E0054674
:10843000854209D046B1062E06D0072E04D0E06D45
:1084400040F48010E065B4E7C26812F0007FB0D15C
:108450008268084B1A4042F008028260A9E70000D7
:1084600000010050000300500007005000050050BC
:1084700000040050C0FFFF7F2DE9F0410446006872
:108480004FF0A0454C4FA84201D0B84201D14B4912
:1084900000E04B49896801F01F0605F08DFD08BB1F
:1084A0002168C868C96C00F0004011F4C07F00D199
:1084B00090B194F85800012814D0012084F8580095
:1084C0002046FDF72BFE01004FF000020CD084F88F
:1084D00058200846BDE8F081E06D40F02000E065DE
:1084E0000120F7E70220F5E7E06DC00504D5206E16
:1084F00020F00800206600E02266E06D42F20103F1
:10850000984340F48050E06520682E4BDFF8B8C0F7
:10851000B84201D1AE4604E0984201D1E64600E0FF
:108520008646864500D02EB9D4F85CE02EF4801E35
:10853000C4F85CE04FF0600EC0F800E084F858200A
:108540002068C268920203D5426842F480624260A9
:10855000A06908282068426807D022F040024260E3
:108560002068426842F0200206E022F020024260C9
:108570002068426842F0400242602068B84204D05D
:10858000984201D1654600E00546854209D046B1D2
:10859000062E06D0072E04D0E06D40F48010E06572
:1085A00097E7C26812F0007F93D18268074B1A40A8
:1085B00042F0080282608CE7000100500003005086
:1085C000000700500005005000040050C0FFFF7F6E
:1085D000704770472DE9F04F044690F858009BB063
:1085E0000F464FF0000B012812D0012084F85800EC
:1085F00000261796189620684FF0A048DFF81C91C7
:10860000DFF81CA1474D404506D12846009508E0FB
:1086100002201BB0BDE8F08F48450AD15046CDF886
:1086200000A005F0D1FC0090206805F0CDFC40B121
:1086300009E0E06D40F02000E06584F8586001201A
:10864000E7E7009850B1E06D40F02000E0654FF0A2
:10865000010B00BF84F858605846DAE720684146AD
:10866000884201D0A84201D12F4800E02F48D7F816
:1086700000C02F4B40F61F72BCF1000F2DD0D0F878
:1086800008C094F838802CF4604C4CEA483CD7F889
:1086900004804CEA080CC0F808C0D4F800C08C452F
:1086A00001D0AC4504D18968AB6801F0010109E053
:1086B000D9F80810DAF8085001F0010105F00105B9
:1086C0009B68294303F001031943C3D1BB68396890
:1086D00019438368934319431DE0876827F4604773
:1086E000876027688F4201D0AF4204D18968AB68A8
:1086F00001F0010109E0D9F80810DAF8085001F09A
:10870000010105F001059B68294303F001031943AA
:10871000A0D18168914381609CE700000004005073
:1087200000050050000100500003005000070050F9
:10873000000600502DE9F84F00270446009790F8F6
:108740005800DFF81C840D46B946012811D00126D7
:1087500084F85860206805F033FC60B1E06D40F0AB
:108760002000E0655FF0010784F858903846BDE8C6
:10877000F88F0220FBE7D5E900210C23206803EAEB
:1087800091131844036B01F01F014FF01F0C0CFAFA
:1087900001FCC2F3846223EA0C038A40134303639F
:1087A000206805F00DFC8246206805F001FC5AEABD
:1087B00000003CD1AA6829682068B2F1004F37D088
:1087C00005F00EFC2068416921F0004141612068FC
:1087D0006969C268C2F3C102520091402A69042A41
:1087E00031D000EB82002B68026EDFF878C303F013
:1087F000F84302EA0C020B431A4342F000410166BF
:1088000022682869A96902EB8000026E22F080725A
:108810000A430266297F22682869012910D00021B5
:1088200002EB8000026E22F000720A4302667DE0D5
:10883000002205F0D5FB2068416941F00041C5E701
:108840004FF00071ECE7002105F0A6FB4003206823
:108850004FF0000172D005F09FFB90FAA0F0B0FA43
:1088600080F1286842036ED090FAA0F0B0FA80F050
:10887000814204D100221146206805F0CFFB01217E
:10888000206805F089FB400320684FF001015DD0AE
:1088900005F082FB90FAA0F0B0FA80F1286842035C
:1088A00059D090FAA0F0B0FA80F0814204D10022B1
:1088B0000121206805F0B2FB0221206805F06CFB65
:1088C000400320684FF0020148D005F065FB90FAA4
:1088D000A0F0B0FA80F12868420344D090FAA0F0EA
:1088E000B0FA80F0814204D100220221206805F014
:1088F00095FB0321206805F04FFB400320684FF0F3
:10890000030133D005F048FB90FAA0F0B0FA80F1F3
:10891000286842032FD090FAA0F0B0FA80F081428C
:1089200004D100220321206805F078FB20688168CB
:1089300011F0010F22D0ACE000E004E005F02CFBC8
:10894000C0F384618DE7C0F3846091E705F024FBF8
:10895000C0F38461A2E7C0F38460A6E705F01CFBC6
:10896000C0F38461B7E7C0F38460BBE705F014FB94
:10897000C0F38461CCE7C0F38460D0E72A7B296828
:1089800050F8B03FC1F3120C23EA0C0302F0180CAC
:10899000754A22FA0CF20A4013430360E968414524
:1089A00077D1286841031CD090FAA0F1B1FA81F187
:1089B000491C01F01F0109294FEA403132D8002932
:1089C00012D000BF90FAA0F1B1FA81F101F10101DA
:1089D00001F01F0106FA01F609D100BFC0F384615E
:1089E00009E0C0F38461E3E7C0F38461EEE790FA45
:1089F000A0F1B1FA81F101F1010101F01F0146EA94
:108A0000816102D1C0F3846003E090FAA0F0B0FA73
:108A100080F000F1010000F01F0000EB400041EA8F
:108A2000005132E000290ED090FAA0F1B1FA81F1A4
:108A300001F1010101F01F0106FA01F606D100BFA4
:108A4000C0F3846106E0C0F38461F1E790FAA0F11D
:108A5000B1FA81F101F1010101F01F0146EA8161E2
:108A600002D1C0F3846003E090FAA0F0B0FA80F085
:108A700000F1010000F01F003C4A00EB400002EB57
:108A8000005041EA000141F00071AA68206805F039
:108A9000A7FA37482B6803423FF466AE21684FF0CF
:108AA000A04C3448344E354D614501D0A94201D126
:108AB000024600E032469268DFF8C48002F0E072BD
:108AC000434503D0DFF8BC80434521D15FEA02284B
:108AD0001ED4614506D02C4B99427FF445AEA94285
:108AE00000D0304642F40001826822F0E0720A436E
:108AF0008260264826490068B0FBF1F0401C00EB7C
:108B00004000800000E0401E00900028FBD12BE6D2
:108B1000DFF8808043450FD15FEAC2180CD4A94228
:108B200002D11D4B9942F2D0614502D0A94200D03A
:108B3000304642F080710CE0DFF860804345E6D1BA
:108B40005302E4D4A942E2D0614500D0304642F459
:108B50008001826822F0E0720A43826004E600002D
:108B600000007F4000F0FF03FFFF0700000020FE31
:108B70000000088000030050000700500001005072
:108B8000000021C31000C09000060050CC0000205F
:108B9000400D0300000052C700050050000084CBC8
:108BA000704770472DE9F84F04460068066845682D
:108BB0004FF0A048DFF89092404501D0484501D1E0
:108BC000A24800E0A248806800F01F07B0070ED559
:108BD000A8070CD5E06DC00603D4E06D40F400603A
:108BE000E0652046FFF73EF8216802200860DFF8C4
:108BF00064B2DFF864A2700701D5680703D43007B8
:108C00003FD528073DD5E06DC00603D4E06D40F4A4
:108C10000070E065206805F0DBF960B32068484526
:108C200001D1424604E0584501D1524600E00246D7
:108C3000824208D03FB1052F05D0092F03D0484507
:108C400003D1414606E0C16805E0584501D15146CF
:108C500000E00146C96889040DD4016809070AD5F6
:108C600005F0AEF958B3E06D40F01000E065206EFD
:108C700040F0010020662046FFF792FF21680C209B
:108C80000860B00601D5A80603D470065FD5680653
:108C90005DD5E06DC00603D4E06D40F40050E065A2
:108CA0002068C16C11F4C07F1AD00021009105F03A
:108CB0008FF902462068484514D1434617E02068E2
:108CC000416821F00C014160E06D20F48070E065A6
:108CD000E06DC004CFD4E06D40F00100E065CAE76C
:108CE0000121E3E7584501D1534600E003468342A2
:108CF00008D03FB1062F05D0072F03D0484503D138
:108D0000414606E0C16805E0584501D1514600E002
:108D10000146C968009BA3B18B0102D58AB18A04C0
:108D20000FD4026852060CD589020AD405F040F926
:108D3000F0B3E06D40F01000E065206E40F00100FF
:108D400020662046FFF740FA216860200860300660
:108D50000BD5280609D5E06D40F48030E06520464B
:108D600000F094F9216880200860F0050CD5E80532
:108D70000AD5E06D40F40030E0652046FFF728FC9E
:108D800021684FF480700860B0050CD5A8050AD59D
:108D9000E06D40F48020E0652046FFF71AFC216872
:108DA0004FF400700860F00631D5E8062FD500E0DA
:108DB00009E0E06BE8B12068EFB3404501D04845D9
:108DC00012D1224811E02068416821F06001416021
:108DD000E06D20F48050E065E06DC005B1D4E06D39
:108DE00040F00100E065ACE71948806800F460409D
:108DF00050B1E06D40F48060E065206E40F002000C
:108E000020662046FFF7CDFE21681020086070051F
:108E100017D5680515D5E06D40F48040E065206EFB
:108E200040F00800206621684FF48060086020460A
:108E3000BDE8F84F00E001E0FFF78CBAC068C0075A
:108E4000D6E7BDE8F88F0000000100500003005095
:108E5000000700500005005000040050F8B54FF026
:108E6000000504002E46009502D0E06D10B107E029
:108E70000120F8BD204600F00BF9266684F8586002
:108E800020688168C1F3407119B18168734A11404B
:108E9000816020688168C1F3007189B98168704A76
:108EA000114041F0805181606E486F490068B0FB0D
:108EB000F1F04000801C00E0401E00900028FBD133
:108EC00020688168C1F3007141B9E16D41F0100182
:108ED000E165216E41F001012166012505F070F880
:108EE000E16DC90600D430B1E06D40F01000E065DE
:108EF00001252846F8BDE06D20F4807040F00200A6
:108F0000E0652068816811F0010F27D14FF0A04380
:108F1000564A984201D0904204D19968966801F06F
:108F200001010AE052498968524E01F00101B66818
:108F300006F001063143504EB66806F00106314393
:108F40000CD1984201D0904201D14C4800E04C48ED
:108F50006168826822F47C120A438260E168E06BF7
:108F6000627F0843A16841EA4231084394F8241023
:108F700040EA0140012904D1218D424A02EB4141DE
:108F80000843E16A29B101F47871226B014342EA96
:108F900001002268D1683C4B19400143D160206830
:108FA0000169626B21F0406111430161206804F0A6
:108FB000FFFF70BB207F94F838102268800340EADE
:108FC0004100D16844F2020399430143D160206912
:108FD0000028206801690AD041F4803101612068CD
:108FE00050F8C01F22696FF30D01114307E021F40F
:108FF00080310161206850F8C01F6FF30D010160DE
:1090000094F8400001280CD02068016921F001018A
:109010000161606901282068016B21F00F0111D006
:1090200013E0D4E911010843D4E9131211430843B2
:1090300021680A6940F2FC739A43104340F0010032
:109040000861E6E7226A521E11430163E06D20F0D9
:10905000020040F00100E0654BE70000C0FFFF5F49
:10906000C0FFFF7FCC000020400D03000001005036
:10907000000400500005005000060050000300509E
:10908000000700500000FEFF0740F0FF704700009F
:109090002DE9F04F9BB00646142115A8FBF76DFA99
:1090A00054216846FBF769FA4FF400413068002507
:1090B0008A037A4FDFF8E8A17A4C4FF001094FF0AC
:1090C0000308B0F1A04F10D0774B984265D16846A5
:1090D0001192009102F022FF08B1FEF7DFF9386823
:1090E000401C3860012835D03CE068461192009160
:1090F00002F014FF08B1FEF7D1F93868401C38605F
:10910000012807D1E06C40F40050E064E06C00F40A
:1091100000501A90E06C40F00400E064E06C00F055
:1091200004001A90E06C40F00100E064E06C15A9C6
:1091300000F001001A900420444681E831005046B6
:1091400001F092F915A94FF09040CDF85490CDE977
:10915000164515E0E06C40F40050E064E06C00F46B
:1091600000501A90E06C40F00400E064E06CCDF830
:10917000549000F00400CDE916851A9015A95046C8
:1091800001F072F900220121122002F0E7F812200A
:1091900002F0D7F81BB0BDE8F08F444B4FF08009C8
:1091A0009901CA034FF4807A4FF4806B984235D10D
:1091B00068461292009102F0B1FE08B1FEF76EF916
:1091C0007868401C7860012807D1E06C40F480404A
:1091D000E064E06C00F480401A90E06C40F0020023
:1091E000E064E06CCDF8548000F00200CDE9168513
:1091F0001A9015A92E4801F037F92F4C2D48206000
:109200002520C4E9010504F10C0080E8200EE56189
:10921000204625623AE07465A662BBE7274B984278
:10922000B8D168461292009102F078FE08B1FEF7BC
:1092300035F97868401C7860012807D1E06C40F46B
:109240008040E064E06C00F480401A90E06C40F0F4
:109250000200E064E06C179500F002001A904FF4F1
:109260005040CDE9150815A9114801F0FDF8124C40
:109270001048603C283820602620C4E9010504F12C
:109280000C0080E8200EE5612046256200F084F99C
:109290000028C0D0FEF702F9BDE7000078000020EA
:1092A0000008004800100240000100500004005077
:1092B00000040048300002400C050020000500506A
:1092C0002DE9F041044600684FF0A045444FA84204
:1092D00001D0B84201D1434900E04349896801F017
:1092E0001F0604F06DFE18B102210846BDE8F081AA
:1092F00094F8580001280CD0012084F8580020462A
:10930000FCF70CFF01004FF0000204D084F8582055
:10931000EBE70220EAE7E06D40F60163984340F492
:109320008070E0652068314BDFF8C4C0B84201D1DD
:10933000AE4604E0984201D1E64600E08646864506
:1093400000D02EB9D4F85CE02EF4801EC4F85CE0A6
:10935000D4F85CE05FEACE4E06D5D4F860E02EF09B
:10936000060EC4F860E000E022664FF01C0EC0F864
:1093700000E084F858202068B84201D12A4604E071
:10938000984201D1624600E0024682420ED06EB1A0
:10939000052E0BD0092E09D0E26D42F48012E26551
:1093A000B84213D0984210D165460FE0C2689201CE
:1093B00005D5E26D22F4005242F48052E2658268E3
:1093C0000C4B1A40121D82608FE70546E868800149
:1093D0008BD5E06D20F4005040F48050E06584E7C8
:1093E000000100500003005000070050000500502D
:1093F00000040050C0FFFF7F10B590F82530002119
:109400000122022B03D00421C163012122E0036861
:109410001C6824F00E041C60836C1C6824F48074A7
:109420001C6003681C6824F001041C6090F8443040
:10943000046C03F01F0302FA03F36360D0E91334F2
:109440005C60436D33B11C6824F480741C60D0E907
:1094500016345C6080F82520002280F8242008461D
:1094600010BD70B590F82520002401212346022A62
:1094700007D00422C26380F8251080F8243001242C
:1094800029E00268156825F00E0515600268156868
:1094900025F001051560826C156825F4807515604E
:1094A00090F84420056C02F01F0201FA02F26A6093
:1094B000D0E913255560426D32B1156825F48075E9
:1094C0001560D0E91625556080F8251080F8243005
:1094D000816B01B18847204670BDC06B7047F0B406
:1094E000016C0C6801680D6890F8442002F01F06BA
:1094F000042202FA06F3234211D06B070FD50B6842
:109500009B0603D40B6823F004030B6090F844100F
:1095100001F01F018A40016C4A60016B1DE00223CB
:1095200003FA06F727424FF0000C4FF0010218D063
:10953000AF0716D50C68A40605D40C6824F00A04FD
:109540000C6080F8252090F8441001F01F018B403A
:10955000016C4B6080F824C0C16A00291AD0F0BCAD
:1095600008470823B340234214D02B0712D50B68B9
:1095700023F00E030B6090F84410036C01F01F0100
:1095800002FA01F15960C26380F8252080F824C0F6
:10959000416BE2E7F0BC704770B504000CD02B4A79
:1095A00021681420914209D2294A0A44B2FBF0F002
:1095B0008000606427480AE0012070BD234A5242BF
:1095C0000A44B2FBF0F08000606420480838206450
:1095D000022084F825000A6847F6F0708243D4E937
:1095E00002031843D4E904352B431843A3691843F5
:1095F000E3691843236A1843104308602046FDF7C7
:10960000A7FCA0680025B0F5804F00D16560A16C73
:1096100020790860D4E9130141606068401E032886
:1096200008D82046FDF7B4FC606D0560D4E916014A
:10963000416002E06565A565E565E563012084F8A4
:10964000250084F82450002070BD0000080402406A
:10965000F8FFFDBF00000240094810B54FF0FF3190
:109660008163002282630164026481628262C1625A
:10967000C2620163026301F039FE002010BD0000E8
:109680000010024070B5044601F018F80546601C51
:1096900002D004484068044401F010F8401BA04286
:1096A000FAD370BD8400002030B590F85C30012BF7
:1096B00007D0022B05D0016E41F0020101660120A6
:1096C00030BD0468A36D4D0701D0DD071DD011F03A
:1096D000380F01D09D0718D511F4E07F01D05D0748
:1096E00013D511F4F05F01D01D070ED511F4604FB2
:1096F00001D0DD0609D511F4403F01D09D0604D507
:1097000011F47C0F05D05D0603D4E56D45F001052D
:10971000E5654C0701D0DC071DD111F0380F01D0F1
:109720009C0718D411F4E07F01D05C0713D411F426
:10973000F05F01D01C070ED411F4604F01D0DC069D
:1097400009D411F4403F01D09C0604D411F47C0FDD
:1097500006D05B0604D50368DC6D44F00204DC65CA
:109760000B0604D5036853F8DC4F14431C60CB058B
:1097700004D5036853F8E04F14431C600068426D41
:109780000A434265002030BD70B5044690F85C0085
:10979000022803D0206E40F0080007E02068D0F8CF
:1097A000C4309B0205D5206E40F400702066012075
:1097B00070BDD0F8C400C0F301452B462046FDF72C
:1097C00075FE21680120A840C1F8CC00A0650020EA
:1097D00070BD10B590F85C20012A07D0022A05D090
:1097E000016E41F002010166012010BD0A687AB1E4
:1097F0000B7B0A690C7A42EA43734A69406C4968F8
:1098000042EA847200EBC100C0E90032002010BDC2
:109810000B7A4A690C8A42EA83720B7B006CDB0686
:10982000496843EA04431A4340F82120EEE730B583
:1098300090F85C50039C012D05D0016E41F00401AD
:109840000166012030BD0901006841EA820141EA58
:10985000430150F8802F214322F03F021143016061
:10986000002030BD90F85C30012B05D0016E41F036
:109870000401016601207047006842EA0121816409
:109880000020704790F85C10012905D0016E41F06E
:1098900004010166012070470068C16841F40001BD
:1098A000C16000207047704770470000F0B590F825
:1098B0005C400025022C03D0016E41F0080160E0FD
:1098C0000468402946D0D4F89860360756D0D4F8BA
:1098D0009860F60104D5D4F88060F60500D501251E
:1098E000D4F89840C4F301246619C46C06EBC6058D
:1098F00004EBC504256815F080455560256843D004
:1099000025F06045156025682C4F05F000559560E1
:1099100020CC05F00045156134F8045BADB2D5618B
:1099200054F8045CC5F30345D56054F8045C05F4B1
:109930008015556154F8045C05F40015956154F8E0
:10994000045CC5F30665156254F8045CED0F5562BE
:10995000002522E0D4F8906036070FD0D4F890604C
:10996000F60104D5D4F88060B60500D50125D4F8F9
:109970009040C4F301246619846CB7E7016E41F48A
:10998000807101660120F0BDC5F38A45BAE700BFCA
:1099900014F805C003F805C06D1CD2F80CC017F808
:1099A0000CC0AC45F4D80068402903D0C0F89C60D6
:1099B0000020F0BDC0F89460FAE700002A6A0108B0
:1099C0000068D0F8C40000F00700704770472DE928
:1099D000F05F04460068016D426D01F4E05102EA57
:1099E0000108016D426D01F0070102EA0109016DF4
:1099F000426D01F0380102EA010A016D476D01F480
:109A000071010F40016D426D01F46021456D02EA64
:109A1000010B016DCE43710607D4E943490604D416
:109A2000402101652046FFF7D1FFF0050ED4E84341
:109A3000C0050BD42068D0F8D820D0F8E010114031
:109A40004FF480720265204600F080FBB8F1000000
:109A500005D0216808654146204600F079FBB9F140
:109A6000000005D0216808654946204600F0B6F997
:109A7000BAF1000005D0216808655146204600F083
:109A800013FBB00509D4E843800506D421684FF4E0
:109A900000700865204600F05CFB30060DD4E843FA
:109AA00000060AD42068D0F8D420D0F8DC10114089
:109AB00080220265204600F04AFBB00409D4E84346
:109AC000800406D421684FF400500865204600F059
:109AD0003CFB300409D4E843000406D421684FF469
:109AE00000400865204600F02FFB70040AD4E843CC
:109AF000400407D421684FF480400865206E40F090
:109B000080002066BBF1000005D021680865594639
:109B10002046FFF7C9FE27B120680765206E38434D
:109B20002066206E002802D02046FFF7BCFEBDE86C
:109B3000F09F00002DE9F041040006D0DFF8F48129
:109B400094F85C00002518B107E00120BDE8F08121
:109B500084F85D50204600F0F9F82068816921F012
:109B60001001816100F0AAFD0646032705E000BF51
:109B700000F0A4FD801B0A2811D820688069000726
:109B8000F6D42068816941F00101816100F096FD01
:109B900006460BE000F092FD801B0A2806D9206ED5
:109BA00040F00100206684F85C70CEE72068806990
:109BB000C007EFD02068816941F00201816121680E
:109BC000414502D15C4960680860207C012820681A
:109BD000816937D041F040018161607C01282068B3
:109BE000816932D021F480418161A07C0128206804
:109BF00081692DD041F48051816120688169A2681A
:109C000021F44071114381612068816921F0A40130
:109C100081612068016921F010010161E06801287B
:109C200019D010B302281BD02068816941F080014F
:109C300081612068016941F010010161E068032839
:109C40000ED012E021F04001C6E741F48041CBE79D
:109C500021F48051D0E72068816941F0040103E0DC
:109C60002068816941F020018161207EE26940061F
:109C70006FF0FF0101EB0222A0F100701043226A95
:109C8000A38A521E10430A0202EB034318432368BF
:109C9000D861A068B0F5407F10D1D4E90A0301EB88
:109CA0000321401E0843216B131303EB01110843EA
:109CB000A18C02EB014108432168C860206850F87C
:109CC000C01FE26B114301601D4A21681B4891428D
:109CD00000D11C481C4A914201D100F5D460206497
:109CE00051F8802FA38E22F4F81242EA03420A6050
:109CF00000F170016164216851F8802F94F83830C8
:109D000022F0706242EA03620A6000F1B001A164CD
:109D1000D831E164D831216518316165D83100E06E
:109D200020C08842FCD3A5652566012084F85C002C
:109D300000200BE7006400400065004000A40040E4
:109D40000068004050A70040006C004010B59CB077
:109D50000446142115A8FAF710FC54216846FAF7B6
:109D60000CFC1B492068884230D1801400904003CD
:109D70000E90684602F0D2F808B1FDF78FFB154847
:109D8000816D41F000718165816D01F000711A9162
:109D9000C16C41F00201C164C06C15A900F0020061
:109DA0001A90602015900220169000201790032032
:109DB000189009201990084800F056FB0022012154
:109DC000562001F0CBFA562001F0BBFA1CB010BDB2
:109DD0000068004000100240000400482DE9F047F0
:109DE000C9076FD0A24B402103F18002FFF75EFD4F
:109DF00018B1BDE8F047FDF751BB9E4800249C49CF
:109E000004609D489D4D803104700B686A689C4FCA
:109E1000DFF870929648B7EE000A934202D1CE68FE
:109E2000082E1ED0DFF8488240F2FF7A012608F1A2
:109E30004008534504D1D1F80CC0BCF1040F56D0F2
:109E4000934204D1D1F80CC0BCF1020F7DD002F5D1
:109E5000C06C634570D1BDE8F047012184480AF029
:109E6000D5B90178FF292DD14178FF292AD18178F0
:109E7000FF2927D1C178FF2924D10179FF2921D1D8
:109E80004179FF291ED18179FF291BD1C079FC2896
:109E90000AD0FD2817D0FE2814D1D9ED2E0A30EEB5
:109EA000C00A0BF02BFE05E0B868022802D0764805
:109EB00008F09EFF6E487449403009F06DFF08239A
:109EC0006A683EE093E0704808F0E6FF68486E4933
:109ED000403009F061FF6649082340316B486A68E9
:109EE00008F044FEBDE8F0476748FDF7D5BB417870
:109EF00091427CD18178002979D1C078032876D12C
:109F0000D9ED2E0A30EEC00A0BF0F8FD88F80040BB
:109F1000297988F801105C4988F802605C4A91ED63
:109F2000040AB0EEC00A10EE101A914205DC0321BB
:109F300088F8031003E008E01CE088F803400423DD
:109F400052464B49514840314EE00178E0295FD1FB
:109F5000407801285CD1A02188F8001088F80160C1
:109F600088F8024088F8034088F8044088F80540E3
:109F70000623E6E702F5E062AA46934255D101784E
:109F8000AB2945D14178012934D002293BD0DFF8F3
:109F90000491414D414F03293CD0042938D1C07967
:109FA000BA2835D1384808F077FF89F80040CD212C
:109FB00088F80010042188F80110298888F8021018
:109FC000090A88F80310398888F80410090A88F803
:109FD0000510DC2188F807102549DAF80420082349
:109FE0002A48403102F5E062BDE8F04700E00FE0AA
:109FF00008F0BCBDC079BA280AD1BC60224808F07C
:10A000004BFF274803E0C079BA2801D125480670E4
:10A01000BDE8F087C079BA28FAD11B4808F0E8FEFD
:10A0200089F800602C803C80F2E7C8680F28EFD1E7
:10A03000486858B1B0F1804FEAD17A68BDE8F0477E
:10A040000B490F2340391148FCF7CBB80E4908489B
:10A050000BF06EFB06480C49403009F0E7FE3A88E9
:10A06000BDE8F0470249082340310848FCF7D6B85C
:10A07000502F00201C00002002000020F83000209B
:10A0800068020020F82F00204C09002084050020E1
:10A090000AD7233CA402002006000020080000206C
:10A0A000A2020020A3020020704790F85C10012952
:10A0B00005D0016E41F004010166012070470221C4
:10A0C00080F85C1001688A6922F001028A6100212F
:10A0D00001660846704710B590F85C200021022AFE
:10A0E00004D0016E41F0080101660FE00268936937
:10A0F00043F001039361032302680AE00A2907D9A8
:10A10000016E41F00101016680F85C30012010BD54
:10A11000491C9469E407F1D09469002124F01004EB
:10A120009461026802E00A29EAD8491C946924076C
:10A13000F9D4916941F00201916100218165012109
:10A1400080F85C10002010BD704770477047704762
:10A15000704770472DE9F05F05463348894601781E
:10A1600001290CD00126804606704FF47A7B5846B0
:10A17000FDF762FA07004FF0000A03D04FE002201B
:10A18000BDE8F09F51464046C8F804A0274C22681D
:10A1900092050AD52168490505D5216821F4806119
:10A1A0002160032109E0067708E02268520504D502
:10A1B000216821F48061216002210177286801284B
:10A1C00007D04FF0FF31C9F8001040F2FA3BAE68FB
:10A1D0001EE06868FDF7D0F95846FDF72DFA0746EE
:10A1E000606948F204018843606116E0304669689E
:10A1F000FDF7DEF94FF47A70FDF71EFA070060698B
:10A2000020EA0B00606102D0C9F8006005E0761C0E
:10A21000D5E902010844B042E8D8FDF77FF988F893
:10A2200000A03846ACE7000090000020002002406B
:10A23000054901204A6942F000424A614969002902
:10A2400000DA002070470000002002402DE9FF5F87
:10A25000254C0646904620789A4601280BD00120CE
:10A2600020704FF47A7B5846FDF7E6F907004FF06F
:10A27000000904D02AE0022004B0BDE8F09F48465F
:10A28000C4F80490194D2968490504D5286820F4BC
:10A29000806028600220207726B1012E09D0022E8E
:10A2A00007D00CE0424653460198FDF7A1F901267C
:10A2B00012E041460198FDF7A9F9022E0AD058464E
:10A2C000FDF7BAF94FEA0007FDF728F984F8009086
:10A2D0003846D1E74FF480265846FDF7ADF90746DA
:10A2E0006869B0436861EFE79000002000200240F9
:10A2F000064900204A69002A07DA054A8A60054AA9
:10A300008A604969002900DA012070470020024074
:10A3100023016745AB89EFCD2DE9F84F00230126D6
:10A32000DFF828C10F278AE006FA03F414EA0102D5
:10A330007ED023F003056544AA46D5F808909D0712
:10A340004FEA157E07FA0EF505EA090B0095B0F104
:10A35000904F05D03E4DA84205D14FF001081CE0BA
:10A360004FF0000819E03B4DA84202D14FF002081F
:10A3700013E0394DA84202D14FF003080DE0374DEC
:10A38000A84202D14FF0040807E0354DA84202D19F
:10A390004FF0050801E04FF0060808FA0EF8D8451E
:10A3A00026D1DFF8C080D8F8009029EA0209C8F861
:10A3B000009008F10408D8F8009029EA0209C8F8CA
:10A3C0000090DFF8A08008F10C08D8F8009029EA86
:10A3D0000209C8F80090A8F10408D8F80050954385
:10A3E000C8F80050009ADAF808509543CAF80850A7
:10A3F000D0F800804FEA4309032202FA09F248EA42
:10A400000208C0F80080DD0800EB8505AA46D5F8F3
:10A4100020804FEA43794FEAD96907FA09F528EA1B
:10A420000508CAF82080C5689543C560456800E006
:10A4300004E0A54345608468944384605B1C31FA62
:10A4400003F27FF471AFBDE8F88F00000000014017
:10A450000004004800080048000C004800100048B4
:10A4600000140048000401402DE9F04FDFF820926D
:10A47000002301260324A9F1040B85B00F2709F15D
:10A48000040AABF1040EFAE006FA03F52A407CD088
:10A4900091F804C00CF0030CBCF1010F02D0BCF128
:10A4A000020F26D1D0F808C0CDF800C04FEA430C07
:10A4B00004FA0CF8CDF810C0DDF800C02CEA080C46
:10A4C000CDF800C0D1F80C80DDF810C008FA0CF807
:10A4D000DDF800C048EA0C08C0F80880D0F804C0D5
:10A4E0002CEA050C0D79C5F300159D4045EA0C05D5
:10A4F00045600D79ED43AD070ED0C5684FEA4308BE
:10A5000004FA08FC25EA0C05D1F808C00CFA08FC8E
:10A510004CEA050CC0F80CC00D7905F00305022DBE
:10A5200016D1DD0800EB850CCDF808C0DCF82080E2
:10A530005D074FEAD56C07FA0CF528EA05080D69A6
:10A5400005FA0CF5DDF808C045EA0805CCF82050FE
:10A5500005684FEA430CCDF808C004FA0CFC25EA64
:10A560000C0591F804C00CF00308DDF808C008FAE7
:10A570000CF848EA0508C0F800804D6815F4403F23
:10A580007CD0444DD5F860C000E077E04CF0010C81
:10A59000C5F860C02D6E23F0030C05F00105009591
:10A5A0003D4D65440295AD684FEA837C4FEA1C78C7
:10A5B00007FA08FC25EA0C05B0F1904F06D0DFF849
:10A5C000DCC0604505D14FF0010C20E04FF0000CDD
:10A5D0001DE0DFF8CCC0604502D14FF0020C16E060
:10A5E000DFF8C0C0604502D14FF0030C0FE0DFF888
:10A5F000B8C0604502D14FF0040C08E0DFF8ACC0F1
:10A60000604502D14FF0050C01E04FF0060C0CFA4A
:10A6100008FC4CEA050C029DC5F808C0D9F80050AA
:10A62000CC46D1F8048095435FEAC82800D515438D
:10A63000CCF80050DAF80050D446D1F804809543A5
:10A640005FEA882800D51543CCF80050DBF80050AD
:10A65000DC46D1F8048095435FEA883800D515437D
:10A66000CCF80050DEF80050F446D1F80480954351
:10A670005FEAC83800D51543CCF800505B1C0A6867
:10A6800032FA03F57FF400AF05B0BDE8F08F0000AB
:10A69000080401400010024000000140000400488E
:10A6A00000080048000C0048001000480014004852
:10A6B0000AB181617047816270470000014880687B
:10A6C000704700008400002070477047704700000A
:10A6D0002DE9F04F4FF0A0402DED028B83B04FF4E9
:10A6E0000071C1644FF44061C0F84C11E448FDF7BB
:10A6F000C3FE0322E349E44806F01AFE9FEDE38A15
:10A70000E348B0EE480AFCF7DFFCE248007810B9F5
:10A71000E148007820B1B0EE480AE048FCF7D4FDEB
:10A72000DB48DF4FDF4DD0ED310A97ED080AA7F582
:10A73000806660EE800AC6ED080AD0ED300A60EE51
:10A74000800AC6ED070AD0ED010AC6ED060AD0ED73
:10A75000030A90ED041A70EEC10A20EE800A86ED1D
:10A76000040A2868C74CDFF840A35C3CDFF83C9340
:10A770004FF0010B022812D028684FF000089FED1F
:10A78000CC8A09282CD028680A2829D028684FF4B8
:10A790007A7106287DD0286807287BD053E1DAF843
:10A7A0009002616B884202D802F07EFF04E002F062
:10A7B0006FFF606B401C6063BE4809F0BFFB050083
:10A7C00004D0BC4808F068FB89F80050B94803F091
:10A7D00053FBB848FDF758F8E069401CE06132E1EE
:10A7E0002968B5489FEDB50AD4ED090A0088B44F31
:10A7F000B8EE601A00EE900A0929F8EE601AC1EE70
:10A80000210A20EE800A09D0FBF76AF8B5EEC00AEB
:10A81000F1EE10FA0CDDF7EE000A0BE0FBF760F842
:10A82000388800EE900AF8EE600A20EE200A08E070
:10A83000FFEE000A388800EE100AB8EE400A20EE5B
:10A84000800A9C4886ED330A86ED328AFDF71CF8B3
:10A850009C48616A96ED330A006800EB810080ED48
:10A86000000A9948616A96ED0C0A006800EB8100C5
:10A8700080ED000A606A401C6062B0F5F97F0CD977
:10A880008C4808F009FBC5F80080904981F80080E9
:10A8900001E003E082E084F803B0D4E096ED0B0A17
:10A8A000DFED8B0A20EE200AD6ED180A9FED891AFB
:10A8B00041F2883200EE810A86ED180A606A904201
:10A8C00035D9A0F59852893A43F697239A422FD268
:10A8D000D4ED160AB4EEE00AF1EE10FA01DD84EDD3
:10A8E000160AD4ED0B0AB4EEE00AF1EE10FA01D22A
:10A8F00084ED0B0AB0FBF1F201FB1200002816D127
:10A9000094ED150AD4ED160A30EE200A84ED150AEE
:10A9100094ED0A0AD4ED0B0A30EE200A84ED0A0AFF
:10A9200084ED168A84ED0B8A206B401C206384E042
:10A9300044F62061884230D394ED150AD4ED0A0A1A
:10A94000B2EE0C1A30EE600AF6EE000A20EE200A93
:10A95000C0EE010A97ED0A1ADFED5F1AB7EE080A9A
:10A9600008F01EF987ED0B0A524808F095FAC5F871
:10A9700000805A4981F80080F86A0BF05DFF0546B7
:10A980000E46B86A0BF058FF41EC100BCDE90056AB
:10A9900053EC102B52A009F027FC4EE0606AB7EE92
:10A9A000000A88420FD286ED190A86ED1A8AB0F5A0
:10A9B000487F42D996ED0B0AD4ED150A30EE200AF5
:10A9C00084ED150A39E0A0F2E93140F2E732914214
:10A9D00011D2B0EE000A86ED190A86ED1A8AB0F59A
:10A9E000E16F2AD996ED0B0AD4ED0A0A30EE200A5F
:10A9F00084ED0A0A21E0B0F5FA6F1AD9D4ED0A0AFB
:10AA000094ED151A062070EEC10A80EE201A9FED13
:10AA1000380A21EE000A87ED0A0A84ED158A84EDD2
:10AA20000A8AC4F8248084ED168A84ED0B8A286093
:10AA300003E086ED198A86ED1A8A606A401C60621E
:10AA40001C48FCF721FFD4E90701884212DD9AF87F
:10AA5000840200060ED5A07801280BD099F80000DA
:10AA60004D46002806D184F802B0124808F014FAC6
:10AA70001020287003B0BDEC028BBDE8F08F000001
:10AA8000FC0200205C0000204004002000409C46A6
:10AA9000780E0020A4020020A3020020BC10002099
:10AAA0004C0D002070020020F830002074020020BD
:10AAB000000000004C090020AA020020DB0FC94062
:10AAC000AC020020B0020020B4020020A902002045
:10AAD0009CC4A03EB29D2F3F79594445A802002056
:10AAE0004C2C252E36662C252E36662C5200000066
:10AAF000000047437047704770477047704710B574
:10AB000090F8DC20012A21D0012280F8DC200223E9
:10AB100080F8DD304B1C1BD00368D3F8CC4344F0E5
:10AB20000204C3F8CC430368D3F8CC4324F00C04EC
:10AB30000C43C3F8CC430168D1F8CC3343F0010394
:10AB4000C1F8CC3380F8DD20002010BD022010BDFC
:10AB50000168D1F8CC3323F00203C1F8CC33EAE723
:10AB600070B590F8DD30022B3CD090F8DC30012B32
:10AB700038D0012500F8DC5F0223437013889488E5
:10AB800003F4E053C4F308041C4313896FF07E46BA
:10AB900003F400732343148A04F480441C43938910
:10ABA00003F400432343948A06EA04441C43936954
:10ABB00003F000732343146AD26904F080441C43F9
:10ABC00002F00042224350F8DC3CB82404EBC114EC
:10ABD0001959054E3140114319514570002101703A
:10ABE000084670BD022070BD0020003C70477047D1
:10ABF00070477047704770477047FF2903D0062998
:10AC000003D002F099BF02F013BE02F0AEBE000006
:10AC100038B5040056D0022084F8DD000025C4F8C1
:10AC2000E050C4F8E450C4F8E850C4F8EC50C4F85C
:10AC3000F050C4F8F450C4F8F850207AC0071BD084
:10AC400021492068884208D12048016E41F0806186
:10AC50000166006E00F0806000902168086820F4B2
:10AC60004042208A00F44040104320F44052A08A21
:10AC700000F4405010430860204600F029F8207A84
:10AC8000800708D52168086820F44072A08900F484
:10AC9000407010430860012084F8DD0084F8DC5027
:10ACA0005FF00001C1EBC10004EB8000491C85612D
:10ACB000C561056245628562C9B205630629F1D99D
:10ACC000002038BD012038BD00680140001002405E
:10ACD00008B500680B49884212D10B48016E41F05B
:10ACE00080610166006E002200F08060009001210A
:10ACF000432000F033FBBDE80840432000F021BBB7
:10AD000008BD000000680140001002402DE9F0413C
:10AD100086B0044614216846F9F72FFC1E492068C6
:10AD2000884235D11D48C16C41F00401C164C16C39
:10AD300001F004010591C16C41F00101C164C06CD6
:10AD4000022500F001000590C02000900024CDE90C
:10AD500001540D26DFF84880CDE903466946404698
:10AD6000FFF782FB4FF440770097CDE901540320B1
:10AD7000CDE9034069464046FFF776FB0097CDE9F1
:10AD80000154CDE9034669464FF09040FFF76CFB54
:10AD900006B0BDE8F08100000068014000100240EC
:10ADA00000080048704770477047704770B50D46FF
:10ADB0000446FFF783FC064607E0681C05D0FFF752
:10ADC0007DFC801BA8420DD865B12068D0F88803AF
:10ADD000C043C003F1D4012084F8DD00002084F8D2
:10ADE000DC0070BD072084F8DD00032070BD7047D3
:10ADF000704770B590F8DD30022B1DD090F8DC3034
:10AE0000012B19D0012380F8DC30022480F8DD40CA
:10AE1000EC25046805EBC1156159CE0605D54FF642
:10AE2000C076B14332400A43625180F8DD300021E0
:10AE300080F8DC10084670BD022070BD7047704776
:10AE400070B590F8DD30022B23D0022380F8DD307E
:10AE5000062920D08023046803EBC115635923F031
:10AE600007069368334323F01806D36833436351CE
:10AE70009425046805EBC115136863519824036891
:10AE800004EBC11152685A50012180F8DD100020F6
:10AE900070BD022070BD0368196821F00704916835
:10AEA000214321F01804D168214319600368116817
:10AEB0005961516802689161E6E72DE9F04F90F819
:10AEC000DD40022C25D090F8DC40012C21D04FF041
:10AED000010980F8DC90022480F8DD4000274FF063
:10AEE000070C062918D09C2404EBC116012A39D07E
:10AEF0008024A8254FF4005A4FF4405B05EBC115A0
:10AF000004EBC114022A2FD0042A45D0082A0BD101
:10AF100044E00220BDE8F08F012A0AD0022A0CD0BA
:10AF2000042A0ED0082A10D080F8DDC080F8DC702A
:10AF30000EE002681968D1610AE00268196851627E
:10AF400006E002681968916202E002681968D1623D
:10AF500090F8DD10072948D080F8DD9080F8DC708B
:10AF60000020D7E7196835E04FF0A408D0F800C0FA
:10AF700008EBC1111A684CF80120596800290168D2
:10AF80000A5922F440522ED00A5101680A59D3F8C6
:10AF900004C042EA0C0218E0196821E04FF0AC0846
:10AFA000D0F800C008EBC1111A684CF801205968AC
:10AFB000002901680A5922F4404214D00A5101685C
:10AFC0000A59D3F804C042EA8C020A515968514523
:10AFD00003D1996802689151BAE75945B8D1996887
:10AFE00002685151B4E70A51B2E7012092E710B567
:10AFF00090F8DC20012A0ED0012200F8DC2F022379
:10B00000437050F8DC3C1C680C431C60427000210B
:10B010000170084610BD022010BD0000F0B590F888
:10B02000DC20012A38D0012480F8DC40022280F89C
:10B03000DD200268D2F8903345682B43C2F8903384
:10B04000CA0305D50268D368D0F8C8502B43D36033
:10B050000022DFF848C08C255CF822300B420CD06F
:10B06000066805EBC213F758C2EBC20E00EB8E0E5A
:10B07000DEF820E047EA0E07F750521CD2B2062A4B
:10B08000EAD3026813680B43136080F8DD400021A7
:10B0900080F8DC100846F0BD0220F0BDB0000020B2
:10B0A00010B590F8DC20012A0ED0012200F8DC2F28
:10B0B0000223437050F8DC3C1C688C431C604270D7
:10B0C00000210170084610BD022010BD70B5044675
:10B0D00090F8DD00022811D094F8DC0001280ED091
:10B0E000012584F8DC50022084F8DD00204602F0BF
:10B0F000B4FC84F8DD50002084F8DC0070BD022030
:10B1000070BD10B590F8DC20012A10D0012200F8A3
:10B11000DC2F0223437050F8DC3CD3F894430C43FB
:10B12000C3F89443427000210170084610BD02200C
:10B1300010BD10B590F8DC20012A10D0012200F8D3
:10B14000DC2F0223437050F8DC3CD3F898430C43C7
:10B15000C3F89843427000210170084610BD0220D8
:10B1600010BD2DE9F041044690F8DD0015460E466D
:10B17000022826D094F8DC00012821D0012784F889
:10B18000DC70022084F8DD00062E1CD0204602F080
:10B1900087FDC6EBC60004EB800029680162696880
:10B1A0004162A9688162E968C16229690163314627
:10B1B000204602F009FB062E15D0E86A40B112E0E5
:10B1C0000220BDE8F0811146204602F085FBE0E751
:10B1D0008021206801EBC6114258EB6D22F4007209
:10B1E00042EA4322425084F8DD70002084F8DC00FB
:10B1F000E7E72DE9F041044690F8DD00022824D06D
:10B2000094F8DC0001281FD0012584F8DC500220CE
:10B2100084F8DD00EC20266800EBC113F0581768B5
:10B2200020F0100040EA071020F4801750683843DF
:10B2300020F48037D068384320F4003790683843D2
:10B240009769012F03D00CE00220BDE8F08120F0C7
:10B2500004071069384320F002075069384340F072
:10B260000100F050204602F0AFFA84F8DD500020D3
:10B2700084F8DC00E9E70000024881684268114474
:10B28000816070478400002010B50024032000F086
:10B2900085F80F2000F008F808B1012401E000F063
:10B2A00027F8204610BD000070B50E4E054600245C
:10B2B000706898B14FF47A71B1FBF0F00A490968EF
:10B2C000B1FBF0F001F0F5FC40B9102D06D20022E0
:10B2D0002946501E00F042F8356000E00124204667
:10B2E00070BD000084000020CC00002070470000EA
:10B2F0000A4882B0016E41F001010166016E01F061
:10B3000001010091816D41F080518165806D00F0F7
:10B310008050009002B000F0F9BD00000010024023
:10B3200000280DDB00F01F02012191404009800040
:10B3300000F1E020C0F88011BFF34F8FBFF36F8F93
:10B340007047002809DB00F01F02012191404009ED
:10B35000800000F1E020C0F800117047F0B40E4BFF
:10B360001B680C46C3F30223C3F10705042D00D963
:10B370000425191D072901D2002300E0DB1E012648
:10B3800006FA05F1491E214099409E40761E16405E
:10B390003143F0BC06F0EFB80CED00E0064900F0D8
:10B3A000070208684FF6FF03184040EA0220034AEC
:10B3B00010430860704700000CED00E00000FA0543
:10B3C00001220168C0F8D022002280F8C82231F89A
:10B3D000540F40F001000880088840F00200088007
:10B3E0001046704770B50F4D044669B101290AD166
:10B3F000D4F8D80205F0E6F8607A002803D028686F
:10B4000040F00600286070BD607A28B104F0C0F8F2
:10B41000286820F006002860D4F8D802BDE8704003
:10B4200005F05FB810ED00E010B50C0607D501F08F
:10B43000070101EB810100EBC100103005E001EBD9
:10B44000810100EBC10000F5A87099B232B1012270
:10B4500002730181190C4181002010BD002202738A
:10B46000C180F9E701EB810200EBC202D0F8D802FB
:10B47000526A04F00CBF01EB810200EBC202D0F86B
:10B48000D802D2F8642104F056BF10B5040006D0EB
:10B49000032084F89102206805F02DFF08B10120F7
:10B4A00010BD204600F00CFC002084F8910210BD75
:10B4B00070B504460B0601F0070000EB800104EBB9
:10B4C000C1014FF001024FF0000502D54A7410315E
:10B4D00003E081F8515101F5A871087094F89002C9
:10B4E000012808D084F89022206805F02AFC84F80E
:10B4F0009052002070BD022070BD70B5044601F06E
:10B500000F002279904201D9012070BD0B0601F095
:10B51000070000EB800104EBC1014FF001024FF086
:10B52000000502D54A74103103E081F8515101F54C
:10B53000A8718D70087094F89002012808D084F8E2
:10B540009022206805F0A3FC84F89052002070BD82
:10B55000022070BD2DE9F04704685FEA42480B788D
:10B560008D69B4F850804FF0000C4BF68F7748F29D
:10B57000800648F68F7948F2C00A444428D540F244
:10B58000024808EBC30834F80840C4F30904A54294
:10B5900003D32D1B8D6102D00BE0C1F818C0D0F889
:10B5A00000C03CF823503D4085F4005535432CF84D
:10B5B0002350520609D50B78056835F8232002EA96
:10B5C000090242EA0A0225F8232074B30A8927E017
:10B5D00040F2064808EBC30834F80840C4F30904F5
:10B5E000A54203D32D1B8D6102D00BE0C1F818C01A
:10B5F000D0F800C03CF823503D4085F40055354359
:10B600002CF82350520609D40D78036833F825200E
:10B6100002EA090242EA0A0223F825202CB14A89EB
:10B6200049690068234605F04CFE2046BDE8F087D6
:10B630002DE9F05F054600680C465FEA4268164651
:10B64000D1F818C02278B0F8508048F6BF7A48F296
:10B65000800B48F68F774CF280094FF6FF734FF45A
:10B66000004E4FF0000140447DD540F2024808EB07
:10B67000C20830F80800C0F30900844514D9BCEBB7
:10B68000000CC4F818C010D0760408D5D5F800C056
:10B690003CF822603E4046EA09062CF8226094F805
:10B6A0002420012A60D076E1A161607810B10128E0
:10B6B00013D01AE02868B0F85030184400EBC200EC
:10B6C000B0F80224C2F30902A0F80224B0F8022460
:10B6D00042F40042A0F8022407E02868B0F8503095
:10B6E000184400EBC200A0F802146278286812B176
:10B6F000012A11D018E0B0F850100844217800EB6E
:10B70000C100B0F80614C1F30901A0F80614B0F89E
:10B71000061441F4004105E0B0F8502010442278AE
:10B7200000EBC200A0F80614E07802280BD12278C2
:10B73000296831F8220000EA0A0080F0200040EA7F
:10B740000B0021F8220021782846FFF78BFE7004B9
:10B7500008D521782A6832F82100384040EA0900EB
:10B7600022F82100C3E04DE0626902446261E269AF
:10B770000244E2612669226AB24202D33046111ABB
:10B7800003E084F824100AB110462162617811B1F7
:10B7900001292BD033E02968B1F8502011442278D8
:10B7A00001EBC201B1F80224C2F30902A1F802249C
:10B7B00001F2024158B13E280ED84208C60700D017
:10B7C000521C0E8803EA822216430E8017E00A8874
:10B7D00042F400420A8012E04209C30600D1521E20
:10B7E0000B884EEA822213430B8008E02968B1F8E7
:10B7F00050201144227801EBC201A1F8020483B267
:10B800002289C4E040F2064808EBC20830F808007C
:10B81000C0F30900844514D3BCEB000CC4F818C075
:10B8200010D0760408D4D5F800C03CF822603E4021
:10B8300046EA09062CF8226094F82420012A59D0FF
:10B84000A9E0A161607810B1012813D01AE028683E
:10B85000B0F85030184400EBC200B0F80224C2F334
:10B860000902A0F80224B0F8022442F40042A0F831
:10B87000022407E02868B0F85030184400EBC200FA
:10B88000A0F802146278286812B1012A11D018E0D9
:10B89000B0F850100844217800EBC100B0F806144D
:10B8A000C1F30901A0F80614B0F8061441F40041F0
:10B8B00005E0B0F850201044227800EBC200A0F858
:10B8C0000614E07802280BD121782A6832F821008A
:10B8D00000EA0A0080F0200040EA0B0022F8210074
:10B8E00021782846FFF7BEFD70047FF532AF0020B7
:10B8F000BDE8F09F626902446261E2690244E2616C
:10B900002669226AB24203D33046111A216204E04A
:10B910000AB11046216284F824106278296812B1B5
:10B92000012A2AD031E0B1F850201144227801EBED
:10B93000C201B1F80624C2F30902A1F8062401F2FB
:10B94000064158B13E280ED84208C60700D0521C06
:10B950000E8803EA822216430E8016E00A8842F41B
:10B9600000420A8011E04209C30600D1521E0B8832
:10B970004EEA822213430B8007E0B1F850201144B5
:10B98000227801EBC201A1F80604628983B26169E1
:10B99000286805F0B9FC2278296831F8220000EA0D
:10B9A0000A0080F0300040EA0B0021F822009EE7F8
:10B9B00001F0070101EB810100EBC100D0F86C013F
:10B9C00070472DE9F04104460F0601F0070000EB37
:10B9D000800104EBC1014FF001064FF0000502D5D4
:10B9E0004E74103103E081F8515101F5A871022B1A
:10B9F0000870C2F30A000861CB7000D10D7194F891
:10BA00009002012809D084F89062206804F0E4FFD5
:10BA1000284684F89052BDE8F0810220FBE710B57B
:10BA200001F0070404EB840100EBC101C1E95923D3
:10BA30000022C1F86C2181F8512181F85041006841
:10BA400001F5A87105F074FA002010BD70B5044628
:10BA500001F007002279904201D9012070BD0B0648
:10BA60004FF000054FF0010206D500EB800104EB1A
:10BA7000C1014A74103107E001EB810104EBC101FF
:10BA800081F8515101F5A8718A70087094F89002FC
:10BA9000012808D084F89022206805F030FA84F854
:10BAA0009052002070BD022070BD10B501F0070457
:10BAB00004EB840100EBC101C1E90923012281F8F3
:10BAC00034200B630023CB624A7401F8104F0068E6
:10BAD00005F02EFA002010BD10B50446006805F0F0
:10BAE000EDFB010404D52046BDE8104003F03EB94B
:10BAF00041050ED5206830F8441F21F48061018093
:10BB0000204600F023F92046BDE81040002100F057
:10BB100049B9410405D5206830F8441F21F480411B
:10BB20007DE0810405D5206830F8441F21F40051E0
:10BB300075E0C1041FD5206830F8401F21F00401D2
:10BB40000180206830F8401F21F00801018094F83E
:10BB5000C802012806D1002084F8C8020146204608
:10BB6000FFF740FC204600F005F9206830F8441F3C
:10BB700021F4805153E0010512D5206830F8401FB0
:10BB800041F008010180206830F8441F21F4006171
:10BB90000180206830F8401F41F0040101800AE074
:10BBA000010629D5206830F8441F21F0800101806A
:10BBB00094F8C80218B1204600F038F910BD20688A
:10BBC00030F8401F41F004010180206830F8401F28
:10BBD00041F008010180012084F8C8022068B0F813
:10BBE00054003C2101EA9000C4F8CC022046BDE894
:10BBF00010400121FFF7F6BB810509D5206830F818
:10BC0000441F21F400710180204600F0C7F810BDE8
:10BC1000C005FCD5206830F8441F21F480710180F4
:10BC200010BD000070B5040004D094F89102002506
:10BC300010B106E0012070BD84F89052204600F05B
:10BC400051F8032084F89102206805F018F90020CB
:10BC500001260BE000EB800104EBC1014E74087477
:10BC6000CD740D624D62401CC0B28D62217981425B
:10BC7000F0D8002012E000BF00EB800104EBC1010E
:10BC800081F8515181F8500181F85351C1F8605148
:10BC9000C1F86451401CC0B2C1F868512179814299
:10BCA000EAD894E8070005F0E1F8257384F891627A
:10BCB000A07A012802D12046FFF782FB002070BD48
:10BCC00000680649884207D10548816D21F40001CA
:10BCD00081651420FFF724BB70470000005C004022
:10BCE0000010024010B596B0044654216846F8F79B
:10BCF00044FC14492068884222D14014009000205E
:10BD00000F90684600F00AF908B1FBF7C7FB0E4830
:10BD1000816D41F400018165806D002200F4000016
:10BD2000159001211320FFF719FB1320FFF709FBE2
:10BD3000002201211420FFF711FB1420FFF701FB63
:10BD400016B010BD005C00400010024070B5044603
:10BD500040790125022801D0FBF7A0FB2946D4F841
:10BD6000D80204F0D8FBD4F8D802BDE8704004F043
:10BD70008BBB000010B50446407A30B1064801681C
:10BD800021F00601016003F003FCD4F8D802BDE8FD
:10BD9000104004F0A6BB000010ED00E0D0F8D8027F
:10BDA00004F0A9BB10B5044690F8900201280AD00F
:10BDB000012084F890022173206805F096FA002093
:10BDC00084F8900210BD022010BDD0F8D82200F5F2
:10BDD0002671104604F0ABBB10B5044690F89002F3
:10BDE00001280CD0012084F89002206805F057FA51
:10BDF000206805F02DF8002084F8900210BD022084
:10BE000010BD10B5044690F8900201280CD0012016
:10BE100084F89002206805F032F8206805F01FF8D9
:10BE2000002084F8900210BD022010BD10B5044619
:10BE3000D0F8D80204F0C6FB607A002804D003488A
:10BE4000016841F00601016010BD000010ED00E046
:10BE50002B492C4B0A6832214A432B4940B1B0F59B
:10BE6000007F086829D020F4C06040F480602CE096
:10BE70000868C0F34120022804D051F8800F20F454
:10BE8000807022E0D1F8800020F48070C1F880003A
:10BE9000086820F4C06040F400700860B2FBF3F062
:10BEA000401C00E0401E4A69520501D50028F9D126
:10BEB000486940050AD503207047C0F34120022895
:10BEC00006D051F8800F40F4807008600020704761
:10BED000D1F8800040F48070C1F88000086820F438
:10BEE000C06040F400700860B2FBF3F0401C00E05A
:10BEF000401E4A695205DBD50028F9D1D8E7000079
:10BF0000CC00002040420F000070004002488168D1
:10BF100041F4804181607047007000402DE9F84392
:10BF2000044600680026BB4D00035ED5A86D0027BF
:10BF3000C00008D4A86D40F08050A865A86D012706
:10BF400000F080500090DFF8D092D9F8001041F452
:10BF50008071C9F80010FEF7B1FB804606E000BF13
:10BF6000FEF7ACFBA0EB080002282BD8D9F80000A4
:10BF7000C005F5D5D5F8900010F4407014D0216DAF
:10BF8000814211D0D5F89000D5F8901020F440707F
:10BF900041F48031C5F89010D5F8901021F480312B
:10BFA000C5F89010C5F89000C00711D0FEF786FBC9
:10BFB000804641F2883907E0FEF780FBA0EB0801DC
:10BFC000494501D903260BE0D5F890008007F3D549
:10BFD000D5F89000216D20F440700843C5F890001A
:10BFE0001FB1A86D20F08050A8652078C00707D049
:10BFF000D5F88800616820F003000843C5F8880080
:10C000002078800707D5D5F88800A16820F00C00BB
:10C010000843C5F888002078400707D5D5F8880080
:10C02000E16820F030000843C5F888002078000758
:10C0300007D5D5F88800216920F0C0000843C5F86D
:10C0400088002078C00607D5D5F88800616920F4FB
:10C0500040700843C5F888002078800607D5D5F8D9
:10C060008800A16920F440600843C5F88800207862
:10C07000400607D5D5F88800E16920F44050084310
:10C08000C5F888002078000607D5D5F88800216A11
:10C0900020F440400843C5F888002088C00507D533
:10C0A000D5F88800616A20F440300843C5F888005C
:10C0B0002068800307D5D5F89C00A16A20F0030012
:10C0C0000843C5F89C002088800507D5D5F888006E
:10C0D000E16A20F440200843C5F888002088400524
:10C0E0000FD5D5F88800216B20F440100843C5F81F
:10C0F0008800206BB0F5801F03D1E86840F4801001
:10C10000E860208800050FD5D5F88800616B20F421
:10C1100040000843C5F88800606BB0F5800F03D17C
:10C12000E86840F48010E8602088C0040FD5D5F896
:10C130008800A16B20F040700843C5F88800A06B10
:10C14000B0F1807F03D1E86840F48010E860208877
:10C150004FF0006180040ED5D5F88800E26B20F026
:10C1600040601043C5F88800E06B884203D1E8685E
:10C1700040F48010E860208840040ED5D5F888008F
:10C18000226C20F040601043C5F88800206C884283
:10C1900003D1E86840F48010E860208800040FD5DF
:10C1A000D5F88800616C20F040500843C5F888003D
:10C1B000606CB0F1805F03D1E86840F48030E860E3
:10C1C0002068C0030FD5D5F88800A16C20F040404E
:10C1D0000843C5F88800A06CB0F1804F03D1E8682F
:10C1E00040F48030E860206840030FD5D5F89C000B
:10C1F000E16C20F440100843C5F89C00E06CB0F5F9
:10C20000001F03D1E86840F48010E8603046BDE8C4
:10C21000F883000000100240007000402DE9F04754
:10C220000E4605004FF0000725D0DFF8AC81D8F8A6
:10C23000000000F00F00B0420CD2D8F8001021F03E
:10C240000F013143C8F80010D8F8000000F00F00CB
:10C25000B04210D12968614CC80741F2883A5AD0DF
:10C260006868DFF87C91032808D0022820682DD068
:10C27000400500282CDB0120BDE8F0872068800104
:10C28000F9D5E06800F00302E068C0F30310401C39
:10C29000032A19D0534A00BFB2FBF0F0E268C2F3A0
:10C2A00006225043E268C2F34162521C5200B0FBC6
:10C2B000F2F0484517D9A06810F0F00F0CD08807AD
:10C2C00011D5A86840B10EE0474AE5E78003D0E702
:10C2D00000F092F8484506D9A06820F0F00040F040
:10C2E0008000A0608027A068696820F003000843F0
:10C2F000A060FEF7E3F9814606E000BFFEF7DEF935
:10C30000A0EB090151453AD8A068696800F00C001B
:10C31000B0EB810FF2D12868810714D5400703D50F
:10C32000A06840F4E060A0602878000705D5A06808
:10C3300020F4605040F4E060A060A068A96820F09C
:10C34000F000084304E0802F03D1A06820F0F00043
:10C35000A060D8F80010404601F00F01B14216D994
:10C36000016821F00F0131430160FEF7A7F907468C
:10C3700007E000BFFEF7A2F9C11B514501D9032018
:10C380007AE7D8F8000000F00F00B042F2D1287828
:10C39000400705D5A068E96820F4E0600843A06084
:10C3A0002878000706D5A068296920F4605040EA83
:10C3B000C100A06000F020F8A1680C4AC1F303118D
:10C3C000515C01F01F01C840094908600948006834
:10C3D000BDE8F047FEF768BF0020024000100240B1
:10C3E00000B4C4040024F40040787D013A6A0108D6
:10C3F000CC00002084000020184910B58868C0F3E4
:10C4000081021748012A0BD08A68164BC2F38102B9
:10C41000022A06D08A68C2F38102032A03D00020D0
:10C4200010BD184610BDCA6802F00304CA68C2F302
:10C430000312521C032C02D0B0FBF2F001E0B3FB5C
:10C44000F2F0CA68C968C2F306225043C1F34161E1
:10C45000491C4900B0FBF1F010BD00000010024083
:10C460000024F40040787D012DE9F84304007AD0DF
:10C470002078F84DC00747D0A868E96800F00C00A4
:10C4800001F003010C2802D0082817D001E003298D
:10C4900014D06068B0F5803F17D0B0F5A02F2868A1
:10C4A00017D020F480302860286820F4802028608D
:10C4B0006068E0B1FEF702F9064614E028688003E0
:10C4C00022D560680028D2D01EE0286840F4803071
:10C4D000EDE740F480202860F7E700BFFEF7EEF8B4
:10C4E000801B642870D828688003F7D50CE0FEF71D
:10C4F000E5F8064605E000BFFEF7E0F8801B64287B
:10C50000F0D828688003F7D4207880074CD5A86835
:10C51000E96800F00C0001F003010C2802D00428A7
:10C520000DD001E002290AD0E068002828682BD04D
:10C5300040F480702860FEF7C1F8064619E02868CC
:10C54000400502D5E068002891D06868217C20F081
:10C55000FE4040EA01606860BF480068FEF7A4FE44
:10C56000002800D120E072E1FEF7A8F8801B022825
:10C57000B8D828684005F7D56868217C20F0FE40CF
:10C5800040EA016068600FE020F480702860FEF7E8
:10C5900095F8064605E000BFFEF790F8801B0228DC
:10C5A000A0D828684005F7D42078000729D560690D
:10C5B0000028D5F8940013D040F00100C5F894008D
:10C5C000FEF77CF8064606E090E000BFFEF776F83E
:10C5D000801B022886D8D5F894008007F6D510E095
:10C5E00020F00100C5F89400FEF768F8064604E064
:10C5F000FEF764F8801B022878D8D5F894008007ED
:10C60000F6D42078400761D5A86D0026C00008D474
:10C61000A86D40F08050A865A86D012600F08050FC
:10C6200000908E480168C90511D40168804641F424
:10C6300080710160FEF742F8074604E0FEF73EF81D
:10C64000C01B022852D8D8F80000C005F6D5A06853
:10C65000012815D00528D5F8900016D020F001004B
:10C66000C5F89000D5F8900020F00400C5F89000BF
:10C67000A06841F28838B8B1FEF720F807460EE00E
:10C68000D5F8900040F00100F0E740F00400C5F854
:10C690009000F5E7FEF712F8C11B414526D8D5F802
:10C6A00090008007F6D50CE0FEF708F8074604E096
:10C6B000FEF704F8C11B414518D8D5F89000800753
:10C6C000F6D41EB1A86D20F08050A86520788006B1
:10C6D00029D5A0690028D5F8980013D040F00100B2
:10C6E000C5F89800FDF7EAFF064606E075E000BFD2
:10C6F000FDF7E4FF801B02286FD8D5F8980080076B
:10C70000F6D510E020F00100C5F89800FDF7D6FF3F
:10C71000064604E0FDF7D2FF801B02285DD8D5F85D
:10C7200098008007F6D4E069F0B3A968C1F38101ED
:10C7300003295DD00228286820F08070286003D08B
:10C74000FDF7BCFF04464BE0FDF7B8FF064604E0EA
:10C75000FDF7B4FF801B02283FD828688001F7D47A
:10C76000F4E908016FF00F0202EB01110843218A7E
:10C770005204490802EB4151A26841EA02210843F0
:10C78000217D4FF07E42490802EB41610843217B45
:10C7900040EAC160E968324A11400843E86028680D
:10C7A00040F08070286000E05EE0E86840F0807053
:10C7B000E860FDF783FF044605E000BFFDF77EFF5C
:10C7C000001B022809D828688001F7D54CE000BF7B
:10C7D000FDF774FF001B022802D90320BDE8F8838F
:10C7E00028688001F4D4E8681E490840E8603BE00E
:10C7F0000128F3D0E868226A00F00301914226D1B3
:10C80000616A00F0F0020901103991421FD1A26A59
:10C8100000F4FE41B1EB022F19D194F82C2000F066
:10C820007841B1EBC26F12D1218E00F4C0024908E9
:10C830004905A1F50011914209D194F8341000F096
:10C84000C06049084906A1F1007181420CD0012065
:10C85000C4E7000000100240840000200070004087
:10C860000C809F01FCFFEEFE0020B7E770B50400CE
:10C8700009D0606A002540B125616561A56294F820
:10C880005D0040B10CE0012070BD6068B0F5827FB2
:10C89000F4D0E561F2E784F85C50204600F07EF8C1
:10C8A000022084F85D002068016821F040010160E9
:10C8B000E1684FF4E062914201D9002001E04FF4B9
:10C8C0008050B1F5706F02D0914200D0A562A1886E
:10C8D000228901F4827102F404421143227C02F0A5
:10C8E00002021143227D02F001021143228B02F465
:10C8F00000721143227F02F03802114394F8202085
:10C9000002F080021143228D02F40052114322688A
:10C910001160A169042202EA114194F8242000F474
:10C92000805002F01002114394F8342002F0080203
:10C930001143A28902F470621143014320684160EF
:10C940002068C16921F40061C1612566012084F875
:10C950005D00002070BD00000C4A01680C48914247
:10C9600007D1016E21F480510166E0214FF0904023
:10C9700009E0084A914208D1816D21F400418165A6
:10C980004FF4E0510448FDF7C7BC70470030014048
:10C9900000100240003C00400008004810B586B07E
:10C9A000044614216846F7F7E8FD2368204C00216F
:10C9B00020480222A3421AD1036E43F48053036637
:10C9C000036E03F480530593C36C43F00103C36407
:10C9D000C06C00F001000590E0200090CDE901213D
:10C9E0000520CDE9031069464FF090401CE0124C41
:10C9F000A3421BD1836D43F400438365836D03F42D
:10CA000000430593C36C43F00403C364C06C00F09F
:10CA1000040005904FF4E0500090CDE9012106207C
:10CA2000CDE9031069460548FDF71EFD06B010BDAF
:10CA30000030014000100240003C00400008004867
:10CA40002DE9FF5F1D46934604464FF001090E9EF7
:10CA5000FDF734FE074694F85D006168012806D0B2
:10CA6000B1F5827F39D1A168B1BB042835D10198D5
:10CA700000287CD0BBF1000FFBD0002DF9D094F83A
:10CA80005C00012829D04FF0010A84F85CA094F8DA
:10CA90005D00042802D0052084F85D004FF00008F6
:10CAA000C4F86080C4F840B0A4F84650A4F84450DC
:10CAB0000199A163E587A587C4F84C80C4F850802C
:10CAC000E0684FF4E061884201D8012D09D920685F
:10CAD000426822F4805208E0FFE7022004B0BDE87B
:10CAE000F09F2068426842F48052426020680268E9
:10CAF000520603D4026842F040020260E0688842B5
:10CB0000606846D908B1012D3BD1A06B018820682F
:10CB1000C160A06B801CA063E08F401EE08730E006
:10CB20002068816889070FD5E18F69B1B9F1010FDC
:10CB30000AD1A16B0988C160A06B801CA063E08F43
:10CB4000401EE0874FF0000920688168C90711D0B6
:10CB5000B4F8461071B1C068216C0880206C801C4C
:10CB60002064B4F84600401EA4F8460000E09EE0B1
:10CB70004FF00109FDF7A2FDC01BB04201D3701CAC
:10CB800074D1E08F0028CBD1B4F846000028C7D17B
:10CB900075E008B1012D6BD1E08F0128A06B08D999
:10CBA00021680088C860A06B801CA063E08F801E95
:10CBB00007E0216800780873A06B401CA063E08F39
:10CBC000401EE08754E02068816889071AD5E18F0C
:10CBD000C1B1B9F1010F15D1E18F0129A16B07D9BD
:10CBE0000988C160A06B801CA063E08F801E06E0F6
:10CBF00009780173A06B401CA063E08F401EE087A2
:10CC00004FF0000920688168C90728D0B4F84610A1
:10CC100029B3B4F84610012914D9C068216C0880E2
:10CC2000206C801C2064B4F84600801EA4F84600E6
:10CC3000B4F84600012810D82068416841F48051BA
:10CC400041600AE0007B216C0870206C401C20646D
:10CC5000B4F84600401EA4F846004FF00109FDF765
:10CC60002DFDC01BB04202D3701C01D012E08EB16A
:10CC7000E08F0028A7D1B4F846000028A3D13A4697
:10CC80003146204602F08CFB50B12020206684F80B
:10CC90005C800CE084F85DA084F85C8003201DE7D4
:10CCA00084F85DA084F85C80206E0028F7D0012015
:10CCB00014E710B5401EB0F1807F01D3012010BDF4
:10CCC0004FF0E02460610F21601704F054FC002055
:10CCD000A06107202061002010BD70477047704799
:10CCE0007047704770470000F0B590F83C20012A6B
:10CCF00043D0012580F83C50022280F83D20036893
:10CD00005A689C681E4E1F4FDFF87CC0B34203D0A8
:10CD1000BB4201D0634504D122F4700E4A6842EA56
:10CD20000E02DFF868E002EA0E02D1F800E04EEAF7
:10CD3000020EC3F804E00268B24212D0B2F1804F92
:10CD40000FD0134B9A420CD0124B9A4209D0124B7F
:10CD50009A4206D0BA4204D0104B9A4201D06245A2
:10CD600004D1896824F080031943916080F83D5014
:10CD7000002180F83C100846F0BD0220F0BD000004
:10CD8000002C014000340140005001408FFFFFFDA6
:10CD90000004004000080040000C0040004001403A
:10CDA000704770472DE9F04104460068C668056980
:10CDB0004FF00007A90713D5B10711D5F91E01617E
:10CDC00001202077206880698007204602D0FFF785
:10CDD000E8FF04E000F0F6F8204600F0E7F92777D6
:10CDE000680716D5700714D521686FF00400086134
:10CDF000022020772068806910F4407F204602D00E
:10CE0000FFF7CFFF04E000F0DDF8204600F0CEF998
:10CE10002777280715D5300713D521686FF008004C
:10CE20000861042020772068C0698007204602D06E
:10CE3000FFF7B7FF04E000F0C5F8204600F0B6F9B0
:10CE40002777E80616D5F00614D521686FF0100094
:10CE50000861082020772068C06910F4407F2046D0
:10CE600002D0FFF79EFF04E000F0ACF8204600F08F
:10CE70009DF92777E80708D0F00706D021686FF002
:10CE800001000861204600F01DFA280601D4A8041C
:10CE900008D5300606D521686FF402500861204697
:10CEA000FFF71CFFE80508D5300606D521686FF4AA
:10CEB000807008612046FFF710FF680608D57006ED
:10CEC00006D521686FF040000861204600F0FBF9AC
:10CED000A80608D5B00606D521686FF020000861C5
:10CEE0002046FFF7FCFEE80208D5F00206D52168CF
:10CEF0006FF4801008612046FFF7F3FEA80208D502
:10CF0000B00206D521686FF4001008612046FFF7D3
:10CF1000E7FE680208D5700206D521686FF480002C
:10CF200008612046FFF7DEFE28020AD5300208D548
:10CF300021686FF4000008612046BDE8F041FFF76A
:10CF40002FBFBDE8F081000010B586B00446142163
:10CF50006846F7F712FB2368002217480221B3F155
:10CF6000804F15D0154CA34210D1C36C43F002037F
:10CF7000C364C06C00F00200059010208DE807002B
:10CF8000CDE9032169460E48FDF76EFA06B010BDE3
:10CF9000C36C43F00103C364C06C00F00100059052
:10CFA0004FF400408DE807000120CDE903206946D9
:10CFB0004FF09040E8E700000010024000040040FD
:10CFC00000040048704770B5044690F83C00002605
:10CFD0000D4601280BD0012084F83C000C2A4AD0D1
:10CFE00007DC82B1042A20D0082A06D131E00220D1
:10CFF00070BD102A53D0142A63D00126002084F873
:10D000003C00304670BD206802F0D6FB2068816984
:10D0100041F0080181612068816921F0040181618A
:10D02000206881692A69114311E0206802F01AFC26
:10D030002068816941F4006181612068816921F47F
:10D0400080618161206881692A6941EA02218161E8
:10D05000D4E7206802F056FC2068C16941F008015D
:10D06000C1612068C16921F00401C1612068C16902
:10D070002A69114311E0206802F094FC2068C1691C
:10D0800041F40061C1612068C16921F48061C1611E
:10D090002068C1692A6941EA0221C161AEE72068BE
:10D0A00002F0D0FC2068016D41F0080101652068A4
:10D0B000016D21F0040101652068016D2A691143A9
:10D0C00011E0206802F0FAFC2068016D41F4006173
:10D0D00001652068016D21F4806101652068016DA2
:10D0E0002A6941EA0221016588E710B5040003D0EE
:10D0F00094F83D0010B107E0012010BD002084F835
:10D100003C00204600F022F8022084F83D00211D5A
:10D11000206802F0D1FA012084F8480084F83E002B
:10D1200084F83F0084F8400084F8410084F842000D
:10D1300084F8430084F8440084F8450084F84600ED
:10D1400084F8470084F83D00002010BD08B5016850
:10D150001448B1F1804F14D0134A914220D1816D0F
:10D1600041F002018165806D002200F00200009014
:10D1700011461D20FEF7F2F81D20BDE80840FEF71D
:10D18000E0B8816D41F001018165806D002200F001
:10D190000100009011461C20FEF7E0F81C20ECE78F
:10D1A00008BD00000010024000040040704700006D
:10D1B00070B50446022269B1042912D0082917D09B
:10D1C0000C291CD0102921D094F84300012824D028
:10D1D000012070BD94F83E000128F9D184F83E206A
:10D1E0001DE094F83F000128F2D184F83F2016E0BA
:10D1F00094F840000128EBD184F840200FE094F827
:10D2000041000128E4D184F8412008E094F842006C
:10D210000128DDD184F8422001E084F84320012276
:10D22000206802F0BBFA1D4920681D4A1D4B1E4DA7
:10D2300088420BD0904209D0984207D01B4EB04292
:10D2400004D01B4EB04201D0A84203D1466C46F434
:10D25000004646642068884211D0B0F1804F0ED05D
:10D26000144988420BD01449884208D01349884297
:10D2700005D0904203D0984201D0A84207D18168DE
:10D280000F4A1140062906D0B1F5803F03D001684E
:10D2900041F001010160002070BD0000002C014040
:10D2A0000034014000400140005001400044014072
:10D2B000004801400004004000080040000C00400D
:10D2C000070001007047704770477047704770470C
:10D2D00070B50446D0F88800D4F88C60216889685D
:10D2E0004FF01005090618D5212816D120680830FE
:10D2F00050E8001F21F0800140E80012002AF5D11B
:10D30000E06F38B1FCF778F820B1E06FFCF7E5F892
:10D31000202823D0204602F041FC20688068400687
:10D320001AD5222E18D12068083050E8001F21F0AD
:10D33000400140E80012002AF5D1D4F8800040B145
:10D34000FCF75AF828B1D4F88000FCF7C6F820287A
:10D3500004D0204602F0F8FB002070BDC4F89050C5
:10D36000032070BD704700002DE9F04103680446BA
:10D37000D86919689A6840F60F0528424FF00005F1
:10D380004FF002060AD187067ED501F0200702F091
:10D39000805C57EA0C0777D0616F42E1B64FDFF847
:10D3A000DCC2174001EA0C0C57EA0C0C6CD05FEAA7
:10D3B000C07C0CD05FEAC15C09D54FF0010CC3F80A
:10D3C00020C0D4F8903043F00103C4F890308307B4
:10D3D00009D5D30707D023681E62D4F8903043F0F4
:10D3E0000403C4F8903043070AD5D30708D0266851
:10D3F00004233362D4F8903043F00203C4F8903031
:10D4000003070CD501F020033B4308D0266808230E
:10D410003362D4F8903043F00803C4F89030030529
:10D420000BD54B0109D526684FF400633362D4F85D
:10D43000903043F02003C4F89030D4F89030002BA3
:10D440003DD0800609D501F0200002F0805108434C
:10D4500003D0616F09B120468847D4F89000216855
:10D460008968490602D410F0280F2AD0204602F01D
:10D470006BFB2068806840061ED52068083050E8A5
:10D48000001F21F0400100E021E040E80012002AE6
:10D49000F3D1D4F8800078B179498163D4F8800061
:10D4A000FBF7DFFF00280AD0D4F88000816B00E092
:10D4B0002046BDE8F04108472046FFF753FFBDE88E
:10D4C000F0812046FFF74EFFC4F89050F7E7D4F8FC
:10D4D0006CC02027BCF1010F7ED15FEAC06C7BD508
:10D4E0005FEAC16C78D51020186220688068400619
:10D4F00051D5D4F880100A6850680004000C3ED062
:10D50000B4F85C3083423AD9A4F85E000868006839
:10D5100080062CD4216851E8000F20F4807041E887
:10D520000002002AF6D12068083050E8001F21F0E0
:10D53000010140E80012002AF5D12068083050E8C7
:10D54000001F21F0400140E80012002AF5D1C4F884
:10D550008C70E566216851E8000F20F0100041E86A
:10D560000002002AF6D1D4F88000FBF745FF2667B9
:10D57000B4F85C00B4F85E10401A81B207E0B4F869
:10D580005C1081429BD11068800698D526672046A2
:10D59000FFF79AFE93E7B4F85C00B4F85E10401A07
:10D5A00081B2B4F85E00002889D0002987D02268B3
:10D5B00052E8000F20F4907042E80003002BF6D1EF
:10D5C0002D4BDB432068083050E8002F1A4040E81C
:10D5D000002CBCF1000F00E00EE0F3D1C4F88C7019
:10D5E000E5666567206850E8002F22F0100240E8E9
:10D5F0000023002BF6D1C9E7C60209D5560207D58C
:10D600004FF4801018622046BDE8F041FFF75FBE7E
:10D6100003060AD501F0800302F40002134304D08C
:10D62000A16F00297FF444AF49E7420611D54A06AD
:10D630000FD52046016851E8002F22F0400241E852
:10D640000023002BF6D1C0F88870856700F01AF827
:10D6500035E7020206D54A0004D52046BDE8F04170
:10D66000FFF734BEC00195D5002993DA2046BDE806
:10D67000F041FFF72ABE0000010000102001000465
:10D6800039FB000870474FF4FA7001074863704790
:10D6900004484FF08041D0F88C02C0F5FA7048631E
:10D6A00070470000F830002004484FF08041D0F867
:10D6B0009402C0F5FA70486370470000F83000200B
:10D6C00008B54FF6FF73009313460A460146024819
:10D6D000FFF7B6F908BD00004807002008B54FF66F
:10D6E000FF73009313460A4601460248FFF7A8F964
:10D6F00008BD0000480700200149082088617047E4
:10D70000000400480149082088627047000400486E
:10D710000149042088617047000C00480149042039
:10D7200088627047000C0048F7EE001A124831EE8C
:10D73000C02A9FED100A026822EE002ABCEEC22A1F
:10D7400012EE101AC2F89C1071EEE00A006860EE4A
:10D75000800AFCEEE00A10EE901AC0F89C1271EEFE
:10D76000C10A20EE800ABCEEC00A10EE101AC0F802
:10D770001C13704700D08446E805002010B54FF414
:10D78000C4010548FDF733FCBDE8104040F60371C5
:10D790000148FDF7B6BC0000E805002010B54FF4C5
:10D7A000C4010548FDF77CFCBDE8104040F603715C
:10D7B0000148FDF7BEBC0000E80500200621014835
:10D7C000FDF71BBAE8050020072930D2DFE801F099
:10D7D0000A10161C222804000068D0F8841341F0B7
:10D7E000010122E00068D0F8841341F002011CE03E
:10D7F0000068D0F8841341F0040116E00068D0F806
:10D80000841341F0080110E00068D0F8841341F05F
:10D8100010010AE00068D0F8841341F0200104E010
:10D820000068D0F8841341F04001C0F884137047B9
:10D8300070B506460068D0F88853D0F89043E907E1
:10D8400007D0E10705D00121C0F88C133046FDF761
:10D85000CEF9A80708D5A00706D531680220C1F87F
:10D860008C033046FDF7C4F9680708D5600706D574
:10D8700031680420C1F88C033046FDF7BAF9280757
:10D8800008D5200706D531680820C1F88C0330463A
:10D89000FDF7B0F9E80608D5E00606D53168102096
:10D8A000C1F88C033046FDF7A6F9680608D5600676
:10D8B00006D531684020C1F88C033046FDF79CF94D
:10D8C000A80608D5A00606D531682020C1F88C032B
:10D8D0003046FDF7B4FA70BD70B503681A68D3F826
:10D8E000A0534C6922F020022646144324F0C002C3
:10D8F000202E2BD08C69022C28D0032C2BD0042C6A
:10D900002ED022F0E00200BF22F40064CA69224354
:10D9100022F480640A6A224322F0C0644A6A2243E5
:10D9200022F000648A6A2243CC6A22F0404242EA32
:10D93000840222F000544A6B096B224325F48034A0
:10D9400021431A600068C0F8A01370BD22F0C00225
:10D9500042F02002D8E722F0800242F04002D3E7F2
:10D9600022F0400242F08002CEE72DE9F047044663
:10D970000068D0F88883D0F890734668C5685FEA7D
:10D98000C8314FF001090DD5F9030BD54FF48031A3
:10D99000C0F88C1384F8DD90002084F8DC00204669
:10D9A000FDF7ACF85FEA883009D5B80307D52168E0
:10D9B0004FF40030C1F88C032046FCF785FEF007D9
:10D9C00008D0E80706D02168C1F808900621204653
:10D9D000FCF77EFEB00708D5A80706D5216802200F
:10D9E000886006212046FDF785F8700708D568078E
:10D9F00006D521680420886006212046FDF77BF8C3
:10DA0000300708D5280706D5216808208860062138
:10DA10002046FDF771F8F00608D5E80606D521681E
:10DA20001020886006212046FDF7E2F9B00607D5F0
:10DA3000A80605D52168202088602046FDF7FEF95C
:10DA4000700608D5680606D5216840208860062142
:10DA50002046FDF7CCF9BDE8F087F0B50024E426B8
:10DA6000056806EBC11755F807C0B82606EBC116C6
:10DA7000AE59402A20D00EDC082A2CD006DC012A20
:10DA80001AD0022A27D0042A31D115E0102A13D047
:10DA9000202A2CD11FE0B2F5007F1CD005DC802AA3
:10DAA00019D0B2F5807F22D106E0B2F5806F03D0A5
:10DAB000B2F5006F1BD10EE04FF0BC0E0EEBC11E95
:10DAC0005A6845F80E204FF0C00E05680EEBC111E4
:10DAD0009A686A500BE0C42404EBC1145A682A51B6
:10DAE000C825046805EBC1119A6862501024FE2114
:10DAF000A1401A682CEA010CA240D96842EA0C0243
:10DB0000A14011431A69D3F814C01546A2400A4334
:10DB10000CFA04FC99694CEA020CA14041EA0C01A0
:10DB2000082D06D1B20504D4B20102D4DA69A240AC
:10DB300011430068C151F0BD2DE9F0410746884608
:10DB40000068842202EBC81146588C2202EBC811EF
:10DB500045584FF08802F30702EBC81407D0E907D5
:10DB600005D00121015141463846FCF7B1FDB0070F
:10DB700008D5A80706D5396802200851414638461D
:10DB8000FCF7B8FF700708D5680706D53968042088
:10DB9000085141463846FCF7AEFF300708D5280744
:10DBA00006D539680820085141463846FCF7A4FFDD
:10DBB000F00608D5E80606D5396810200851414618
:10DBC0003846FDF715F9700608D5680606D5396898
:10DBD0004020085141463846FDF709F9300608D57E
:10DBE000280606D539688020085141463846FCF79A
:10DBF0006CFDF00509D5E80507D539684FF480704C
:10DC0000085141463846FCF761FDB00509D5A80525
:10DC100007D539684FF40070085141463846FDF782
:10DC2000C2F8700509D5680507D539684FF48060DA
:10DC3000085141463846FDF7B5F8300509D52805A5
:10DC400007D539684FF40060085141463846FDF762
:10DC5000ACF8F00409D5E80407D539684FF48050D2
:10DC6000085141463846FDF79FF8B00409D5A8048D
:10DC700007D539684FF40050085141463846FCF743
:10DC80003CFF700409D5680407D539684FF480401B
:10DC9000085141463846FCF7A9FFBDE8F081000075
:10DCA0002DE9F04F8024036804EBC117DC5924F000
:10DCB0007044DC510568EC59E82303EBC1139E4620
:10DCC00055F803C0E42303EBC1139B4655F803A0AA
:10DCD000D5F8A033566924F020043443202E24D0F4
:10DCE0009669022E21D0032E24D0042E27D024F4AE
:10DCF000D07400BF24F40066D469344324F48066F1
:10DD0000146A344324F0C066546A344324F0006635
:10DD1000946A344324F07046D46A3443566B24F436
:10DD20000034B6F1005F0FD010E024F4C07444F06A
:10DD30002004DFE724F4807444F08004DAE724F060
:10DD4000800444F48074D5E744F4003424F040089F
:10DD5000946B2CF03F0C264644EA080424F48028F7
:10DD6000946D44EA0804DFF8D08004EA0804D2F88D
:10DD7000508048EA040992F83C40D2F8408004F010
:10DD80003F0444EA0C0424F0004448EA0408546CBC
:10DD90002AF4807C44EA0C04D2F848C0BCF5606FD9
:10DDA00002D0BCF5F05F01D1402E03D124F4F05431
:10DDB0004CEA040424F48046D46C3443566D06299E
:10DDC00027D2DFE801F003090F151B21126B23F4A2
:10DDD000003343EA42031CE0126B23F4802343EA3E
:10DDE000820316E0126B23F4002343EAC20310E01F
:10DDF000126B23F4801343EA02130AE0126B23F43C
:10DE0000001343EA421304E0126B23F4800343EA55
:10DE1000821345F80790056845F80E80056845F8B7
:10DE20000B40D424026804EBC11156500068C0F8BE
:10DE3000A033BDE8F08F0000FFFF06FEFEE7000004
:10DE4000F0B500230A24302537261F4611E000BF15
:10DE5000B4EB107F02D905EB107C01E006EB107CDF
:10DE600001F813C001EB430C00015B1C8CF801703E
:10DE7000DBB29342ECD3F0BD70B5444E04462DEDB9
:10DE8000028B3078411C3170717888423ED994F809
:10DE900010049FED3F8A04F58065072872D2DFE801
:10DEA00000F0716204520A386600204600F0C6F89D
:10DEB00094ED410A1FE0D4ED5B0A95ED060AF4EEFD
:10DEC000C00AF1EE10FA02D2F0EE601A01E0F0EEB4
:10DED000401AB1EE401AF4EEC11AF1EE10FA07DD65
:10DEE000F4EEC00AF1EE10FA2AD2B0EE600A27E092
:10DEF000B0EE410A24E0D5ED070A20EE200A84EDB9
:10DF0000330A00BF84ED328A00203070BDEC028BF2
:10DF100070BDD4ED5B0A95ED060AF4EEC00AF1EE91
:10DF200010FA02D2B0EE601A01E0B0EE401AF1EE43
:10DF3000401AB4EEE11AF1EE10FAD1DCB0EE610A4B
:10DF400084ED5B0AD7E7134894ED4E0AB2EE041A4B
:10DF5000D0ED200A01F05EFB84ED4F0A002120463F
:10DF600003F048FA0AE02046F8F774F906E0B0EE4C
:10DF7000000A84EDFA0A204601F0B2F994ED570A3E
:10DF8000B9E7FFE784ED338ABCE70000D00000204A
:10DF900000000000F82F002000EB8100006E00F070
:10DFA000F840704700EB8100006E00F0F8407047C9
:10DFB0008068C0F3C00070478068C0F3C00070473D
:10DFC0008068C0F3800070478068C0F380007047AD
:10DFD000C06810F4406F01D00020704701207047E6
:10DFE000042303EAD15310B518444369C1F3045123
:10DFF00007248C40A3438A401343436110BD04238C
:10E0000003EAD15310B518444369C1F304510724FE
:10E010008C40A3438A401343436110BD00EB810051
:10E02000016E21F0004111430166704700EB810051
:10E03000016E21F0004111430166704790ED4E0AD8
:10E04000D0ED080A30EE600AB5EEC00AF1EE10FA23
:10E0500002DDF0EE400A01E0F1EE400A90ED581AC0
:10E06000F4EEC10AF1EE10FA01D29FED1C0AD0EDD8
:10E070003A0A90ED041A00F5806170EEC10A90ED45
:10E080003E1A60EE810A90ED401A41EE000A90EDD2
:10E090005B0A30EE800A80ED410AD1ED060AB4EE4B
:10E0A000E00AF1EE10FA02D2B0EE401A01E0B0EE52
:10E0B000601AF1EE601AB4EEE11AF1EE10FA07DD23
:10E0C000B4EEE00AF1EE10FA04D3B0EE600A01E01B
:10E0D000B0EE610A80ED410A7047000000000000C8
:10E0E000F4EEC10A30B5F1EE10FA07D2F4EEE10A0F
:10E0F000F1EE10FA0AD2B0EE602A09E0B4EEE11AAD
:10E10000F1EE10FA02D2B0EE412A01E0B0EE612A3F
:10E11000F4EEC10AF1EE10FA07DDF4EEE10AF1EED9
:10E1200010FA0ADDF0EE602A09E0B4EEE11AF1EE31
:10E1300010FA02DDF0EE412A01E0F0EE612A2C4BEC
:10E1400072EE222AB6EE002A2A4CDFED2B3A62EE5E
:10E15000822A30EEE23AC3EE000A9FED283A70EED2
:10E16000820A10EE905A9D4203DD10EE905AA542AD
:10E1700006DA10EE905A9D4204DCF0EE430A01E00C
:10E18000F0EE630A31EE621AC0ED000AC1EE000A39
:10E1900070EE820A10EE900A984203DD10EE900AAB
:10E1A000A04206DA10EE900A984204DCF0EE430A30
:10E1B00001E0F0EE630A31EEE21AC1ED000AC1EEB1
:10E1C000000A30EE820A10EE100A984203DD10EECB
:10E1D000100AA04206DA10EE100A984204DCB0EEF3
:10E1E000430A01E0B0EE630A82ED000A30BD000090
:10E1F0000AD7233CA4707D3FA4707D3F0AD7233CFF
:10E200001CB50020009060218DF8001011218DF8C0
:10E21000011001908DF80200FFF774FA032201A9A2
:10E220006846FFF75BFAFFF767FA1CBD1CB50446AA
:10E230000020009001901548A02202700322427035
:10E24000C9B1FFF76BFA062269461048FFF738FAA2
:10E25000FFF75EFA9DF802009DF80310C00140EA46
:10E2600051004008C4F8D0009DF8040000F00700F9
:10E2700084F820021CBDFFF745FA062269460348D0
:10E28000FFF72CFAFFF738FAE4E70000E40000207B
:10E290002DE9F0419AB000241794189420210FA87A
:10E2A0001994F6F76AF93C216846F6F766F92B48A7
:10E2B0004FF0A041042501604FF44031C0E9011442
:10E2C000C4600461C0E9054504774477012606620D
:10E2D00080F82440C462046380F83840C46380F846
:10E2E0004040FAF7BBFD08B1F9F7D8F8CDE917645B
:10E2F00017A91A481994FAF76DF908B1F9F7CEF889
:10E30000174F10A906204FF07F080F9781E81101E1
:10E31000CDE913540FA91148FAF70CFA08B1F9F72F
:10E32000BDF801A90920009781E81101CDE9045445
:10E330008DF824408DF8254008968DF826400A94E3
:10E340000B948DF8304069460448F9F78DFC00289D
:10E3500001D0F9F7A3F81AB0BDE8F081FC02002063
:10E36000020030042DE9F04198B020210FA8F6F703
:10E3700004F93C216846F6F700F9284826490024AC
:10E3800001604FF44031C0E90114C4600425046108
:10E39000C0E90545047744774FF00108C0F82080B4
:10E3A00080F8244080F83840C46380F84040C4625C
:10E3B0000463FAF753FD08B1F9F770F8184E10A985
:10E3C00006207F270F9681E89100CDE913540FA90D
:10E3D0001248FAF7AFF908B1F9F760F801A9092076
:10E3E000009681E89100CDE904548DF824408DF821
:10E3F0002540CDF820808DF826408DF830400A94D5
:10E40000694606480B94F9F72FFC002801D0F9F76C
:10E4100045F818B0BDE8F081000100506803002005
:10E420004000201930B58BB00024089409942021B5
:10E4300068460A94F6F7A1F82348224904250160AA
:10E440004FF44031C0E9011485610121C460C0E985
:10E450000441047741770321016280F82440C462BB
:10E46000046380F83840C46380F84040FAF7F6FC53
:10E4700008B1F9F713F808A913480894FAF7AAF8AD
:10E4800008B1F9F70BF8114800900620CDE9010416
:10E490007F200594CDE9030569460B48FAF74AF950
:10E4A00008B1F8F7FBFF0A4800900C20019069467C
:10E4B0000548FAF73FF9002801D0F8F7EFFF0BB055
:10E4C00030BD000000040050D403002002003004DE
:10E4D0002000F01430B589B020216846F6F74DF8D9
:10E4E00025482449002401604FF44031C0E901145B
:10E4F000042585610121C460C0E9044104774177A6
:10E500000321016280F82440C462046380F838402B
:10E51000C46380F84040FAF7A1FC08B1F8F7BEFFE9
:10E52000164800900620CDE901047F200594CDE92E
:10E53000030569461048FAF7FDF808B1F8F7AEFF91
:10E540000F4800900C20019069460B48FAF7F2F84A
:10E5500008B1F8F7A3FF0B4800901220019069461C
:10E560000548FAF7E7F8002801D0F8F797FF09B057
:10E5700030BD000000050050400400200800900C51
:10E580001000C0102000F014154808B5816C41F04F
:10E5900004018164816C01F004010091816C41F0FF
:10E5A00001018164806C002200F00100009011469E
:10E5B0000B20FCF7D3FE0B20FCF7C3FE0022114614
:10E5C0000C20FCF7CBFE0C20FCF7BBFE0022114612
:10E5D0000D20FCF7C3FEBDE808400D20FCF7B1BEDE
:10E5E0000010024070B5264C24480025C4E90005FF
:10E5F0004FF44070C4E90205012626746574A574C1
:10E600000A20C4E905060D20E0610320C4E90806DC
:10E610001820C4E90A600920C4E90C05A563204656
:10E62000E563FBF787FA08B1F8F738FF14480221D1
:10E630001838C6600560C0E9015140F2FF71C0E9B9
:10E64000045101461830FBF7C4F808B1F8F726FF6B
:10E65000E56A606A45430A48FBF714F90022294637
:10E660000748FBF7FFF80648FBF71FFDBDE87040C1
:10E67000002201210248FBF717B8000000680040A3
:10E68000840500202DE9F04387B014216846F5F792
:10E6900074FF4948C16C41F02001C164C16C01F0B4
:10E6A00020010591C16C41F00401C164C16C01F00D
:10E6B00004010591C16C41F00101C164C16C01F01C
:10E6C00001010591C16C41F00201C164C16C01F00E
:10E6D00002010591C16C41F00801C164C06C4FF0AA
:10E6E000904900F008000590002210214846FBF7F1
:10E6F000DFFF324F002208213846FBF7D9FFDFF851
:10E70000C080002204214046FBF7D2FF1020009079
:10E7100001250024CDE90154694648460394FBF7DE
:10E72000A3FE08260096CDE90154694638460394B5
:10E73000FBF79AFE04200090CDE90154694640465B
:10E740000394FBF791FE4FF4406000900220CDE966
:10E7500001040720CDE9034069463846FBF784FEF3
:10E7600018200090CDE90154694648460394FBF710
:10E770007BFE0096CDE90154694648460394FBF7B9
:10E7800073FEA8020090CDE90154694648460394FF
:10E79000FBF76AFE2C03694648460094FBF764FECB
:10E7A000002221464846FBF783FFC820FAF76AFF9C
:10E7B00007B0BDE8F08300000010024000040048EC
:10E7C000000C0048F0B5B7B0002429942A942B948B
:10E7D000602168462C94F5F7D0FE349435941C21C2
:10E7E0002DA83694F5F7C9FE242120A8F5F7C5FE1B
:10E7F000202118A8F5F7C1FEA748A649C0E90014D2
:10E800008460FCF705FA08B1F8F748FE0C21A2482D
:10E81000FCF775F908B1F8F741FE0A219E48FCF7AC
:10E82000C5FA08B1F8F73AFE48F2D040CDE929041C
:10E8300003200825CDE92B0529AA06219648FCF7D7
:10E84000FFFA08B1F8F72AFE4120CDE900040126BD
:10E850000294CDE90346059406940794C0060894F3
:10E86000CDE909408000CDE90C400B946A460621B1
:10E8700089481794FCF775FC08B1F8F70FFE44F2CD
:10E88000682734AB0122062183483497FCF715FB37
:10E8900008B1F8F703FE29AA00217F482997FCF761
:10E8A000CFFA08B1F8F7FAFD30942DAA00217A4882
:10E8B0002D963394FCF79DFC08B1F8F7EFFD00228C
:10E8C00011467548FCF795FA08B1F8F7E7FD019491
:10E8D0004FF48076CDE9104600940F941020CDE9D6
:10E8E0001440800316900E9412946A4600216A48E0
:10E8F000FCF737FC08B1F8F7D1FD6A4604216648F9
:10E900001294FCF72EFC08B1F8F7C8FD6A46052101
:10E9100061481294FCF725FC08B1F8F7BFFD42F2FC
:10E920003410349034AB012200215B48FCF7C5FA67
:10E9300008B1F8F7B3FD4FF4406020904FF49670A3
:10E94000CDE92104CDE9244023942694279420AADC
:10E95000002151482894FCF703F908B1F8F79EFD0F
:10E9600020AA04214C48FCF7FBF808B1F8F796FD03
:10E9700020AA05214848FCF7F3F808B1F8F78EFD06
:10E98000CDE918451A941B941C941D941E9418AB41
:10E990000122002140481F94FCF798FB08B1F8F7CA
:10E9A0007DFD18AB324604213B48FCF78FFB08B1D4
:10E9B000F8F774FD18AB4FF4806205213648FCF778
:10E9C00085FB08B1F8F76AFD18AB02220021324836
:10E9D000CDE91945FCF77AFB08B1F8F75FFD18ABF4
:10E9E0004FF4007204212C48FCF770FB08B1F8F7D3
:10E9F00055FD18AB4FF4006205212748FCF766FB74
:10EA000008B1F8F74BFD29AA04212348FCF718FAAE
:10EA100008B1F8F743FD2DAA04211F48FCF7E9FBD4
:10EA200008B1F8F73BFD002204211B48FCF7E1F98F
:10EA300008B1F8F733FD34AB012204211648FCF786
:10EA40003CFA08B1F8F72AFD29AA05211248FCF77B
:10EA5000F7F908B1F8F722FD2DAA05210E48FCF7B9
:10EA6000C8FB08B1F8F71AFD002205210A48FCF797
:10EA7000C0F908B1F8F712FD34AB012205210648B0
:10EA8000FCF71BFA08B1F8F709FD0348FCF73EF95B
:10EA900037B0F0BD00680140E8050020114810B50E
:10EAA0000F4901604FF48271416000214FF4E06230
:10EAB000C0E9021202220261012242615202826115
:10EAC0001822C0E90721416281620A21C162FDF773
:10EAD000CDFE002803D0BDE81040F8F7DFBC10BD24
:10EAE000003C00404807002010B58AB0002407947D
:10EAF00008941C2168460994F5F73FFD16484FF02D
:10EB0000804101601021C0E9011440F2F311C0E915
:10EB1000031480218161FEF7E8FA08B1F8F7BEFC22
:10EB2000079407A90C480994FEF7DEF808B1F8F736
:10EB3000B5FC6020CDE90004029400226946064835
:10EB40000494FEF740FA08B1F8F7A8FC0248FEF773
:10EB5000FBF90AB010BD0000AC07002010B58AB068
:10EB60000024079408941C2168460994F5F705FDD4
:10EB7000154814490160A921C0E90114C721C0E961
:10EB800003148461FEF7B1FA08B1F8F787FC079423
:10EB900007A90D480994FEF7A7F808B1F8F77EFC1D
:10EBA0006020CDE9000402940022694606480494DE
:10EBB000FEF709FA08B1F8F771FC0348FEF7C4F94B
:10EBC0000AB010BD00040040F807002030B5224C08
:10EBD00087B0A06B40F40000A063A06B20F400009D
:10EBE000A0631E4801F0E5FE08B1F8F757FC1B488A
:10EBF00001F05FFA08B1F8F751FCE06C40F0010059
:10EC0000E064E06C4FF4805400F001004FF0904558
:10EC10000590002221462846FBF74AFD142168464C
:10EC2000F5F7ABFC0021012000940391CDE901012F
:10EC300069462846FBF718FC002221462846FBF7C8
:10EC400037FD6420FAF71EFD012221462846FBF716
:10EC50002FFD07B030BD000000100240401A002018
:10EC600010B500220F49104801F0ECFA08B1F8F78E
:10EC700015FC0E490C4801F0CDFC08B1F8F70EFC6C
:10EC80000B49094801F00EF908B1F8F707FC0648EE
:10EC900001F03AFD002803D0BDE81040F8F7FEBBB4
:10ECA00010BD0000E8000020401A002030020020C3
:10ECB0003C010020FEE7000000EE100ADFED190A1B
:10ECC0009FED1B1AB8EE400A174800B520EE200A47
:10ECD000DFED160A80ED010A70EEC00A20EE011A7F
:10ECE000C0ED030A81EE200ADFED120A80ED000A72
:10ECF00020EE200A04F0F0F8DFED0F0A9FED0F1A66
:10ED000060EE200A9FED0E0A00EE810AB7EE001AAF
:10ED1000C1EE000A9FED0B0A30EEC00A80ED020A38
:10ED200000BD0000A306533AEC02002033335340E9
:10ED300000007A4417B7D1381572313F16A58439CF
:10ED4000C8CE5B3B33938843FEE7000000EE100A19
:10ED50009FED041AF8EE400A9FED030A10EE810AB7
:10ED6000704700009D11A53D000048422DE9F84F75
:10ED7000044640F68F7A40F2064B48F60F784FF083
:10ED800000098BE1B0F8441011F00F053AD030F8CB
:10ED9000256031047DD530F8251001EA0A0141F0E3
:10EDA000800120F8251005EB850004EBC00797F8DB
:10EDB0005C0107F5A87700286CD0F87802286AD0A3
:10EDC0003978226832F8210048F68F73184048F2EB
:10EDD000C003184322F821003878D4F800C03CF86A
:10EDE00020104904BCF8501001EB0C027ED540F213
:10EDF000024101EBC000105A8005800D009076D0D2
:10EE00003A89A7E0C9062AD4018801EA080141F439
:10EE100000410180206804F11005B0F85010227CF8
:10EE2000014440F2024000EBC200085AC0F309005E
:10EE3000E062616A0844606200212046FCF712FB30
:10EE4000207B00289DD0A86900289AD1207B40F023
:10EE500080012068A0F84C1084F80C901EE1018815
:10EE600004F5A8750A051ED5B0F850100A182978BF
:10EE70000BEBC100105A04F52671C0F30903EB61D6
:10EE8000EA88206802F01DFA2168088800EA0A0072
:10EE900002E07BE03FE04EE040F08000088020464A
:10EEA000FCF793FFFAE00904D8D5018801EA0A01CA
:10EEB00041F0800101802068B0F850102A780844A1
:10EEC0000BEBC201405A83059B0DEB610DD06969C4
:10EED00059B1EA88206802F0F4F9E96968690844E0
:10EEE000686100212046FCF7C6FA01E02AE028E02C
:10EEF000206801880A050DD4C1F30131032909D026
:10EF000001884BF68F72114081F4405148F2800223
:10EF100011430180C2E02068B0F850103B780A1815
:10EF20000BEBC301515A8905890D009117D0FA885E
:10EF30007969009B11E0324639462046FCF70AFB0E
:10EF400000900CE00BEBC000105A8005800D009083
:10EF500005D07A8903466046796902F0B2F9F96909
:10EF600000980844F8617869009908447861B869A4
:10EF700018B139690098814204D939782046FCF7E4
:10EF80007AFA03E03946206801F0D2FF30062DD529
:10EF900005EB850004EBC001206830F8252002EA6B
:10EFA000080242F4004220F82520C87C10310128D4
:10EFB0001DD0F0056ED42068B0F8502013180A78E0
:10EFC00040F2024000EBC200185A8A69C0F30900FF
:10EFD000824258D9121A8A6157D04A6902444A615A
:10EFE000CA691044C861206801F0A2FF56E0C1F868
:10EFF00018900A7B48461AB3720622D54A7812B195
:10F00000012A14D041E02068B0F8502010440A785A
:10F0100000EBC200B0F80224C2F30902A0F80224F7
:10F02000B0F8022442F40042A0F802242DE0226845
:10F03000B2F850301A440B7802EBC302A2F8020473
:10F0400023E04B78226813B1012B13D01DE0B2F8F6
:10F05000500010440A7800EBC200B0F80624C2F356
:10F060000902A0F80624B0F8062442F40042A0F8F1
:10F0700006240AE0B2F850301A440B7802EBC302BF
:10F08000A2F8060401E0C1F8189009782046FCF7C0
:10F09000E9F903E032462046FCF7CAFA2068B0F8E6
:10F0A000441009043FF56EAE0020BDE8F88F000063
:10F0B00090ED071A1D4ADFED1E1A70EE410A10EEA0
:10F0C000901A914202DD70EEE10A06E010EE901A0D
:10F0D000184A914201D370EEA10A90ED060A90ED14
:10F0E000042A154A02EE200A80ED060AD0ED032A12
:10F0F000B0EE402A02EEA02A80ED052AD0ED020AE9
:10F1000002EE201A11EE101A80ED071A914202DB6E
:10F1100071EE610A06E0B5EEC01AF1EE10FA03D204
:10F1200071EE210AC0ED070A70470000DB0F49406D
:10F13000DB0FC940DB0F49C0DB0FC940054A67231D
:10F1400013707623D37150700868C2F8020010461D
:10F15000704700009002002010B50B480B4A0021B8
:10F1600002EB810350F8044B491C1C604029F7DB7B
:10F17000074A002102EB810350F8044B491C1C6034
:10F18000FF29F7DD10BD000000F00108F82F002076
:10F19000F83000202DE9FF47214C72B6FBF7A8F8A4
:10F1A000002001211F228DE807001E4E0391706090
:10F1B0001C496846091DFAF7CDFF7068401CF7D15D
:10F1C000DFF864900025B04609EB8500D0E90067C0
:10F1D00032463B4621460020FBF738F888F800000D
:10F1E0000028F5D10834AD1C402DEDDBDFF83C8064
:10F1F000002500BF08EB8500D0E9006732463B469A
:10F2000021460020FBF722F80028F7D10834AD1C76
:10F21000FF2DEFDDFBF70CF862B6BDE8FF870000BD
:10F2200000F0010880020020F82F0020F8300020B4
:10F230007047000090ED040A11B1D0ED3B0A01E0E7
:10F24000D0ED3A0A30EEC00A80ED3C0AB0EE401A2A
:10F25000B5EEC01AF1EE10FA02DDB0EE410A01E09F
:10F26000B1EE410AD0ED420AB4EEE00AF1EE10FA36
:10F2700001DC9FED1A1A00F5806180ED3C1A90EDDB
:10F280003E0AD0ED400AD0ED071A20EE010A00EE4A
:10F29000E10A80ED410AD1ED050AB4EEE00AF1EE93
:10F2A00010FA02D2B0EE402A01E0B0EE602AF1EE90
:10F2B000601AB4EEE12AF1EE10FA07DDB4EEE00ACE
:10F2C000F1EE10FA04D3B0EE600A01E0B0EE610A8C
:10F2D00080ED410A80ED3D1A7047000000000000FB
:10F2E00070B590ED4E0AD0ED070A00F580652B4E03
:10F2F00030EE600A044685ED000A96F90000D5ED6F
:10F30000010A00280BD005DDB5EEC00AF1EE10FAB7
:10F3100005D308E0B5EEC00AF1EE10FA03DD70EE99
:10F32000800AC5ED010AD4EDFB0A95ED011A00EE45
:10F33000810A84EDFF0AD4EDFC0A06F0D1F9D4ED80
:10F34000FD0A95ED001A20EE200AD4EDFB0A00EE2E
:10F35000810AD4EDFE0A94EDFF1A00EE810AD4ED85
:10F36000FA0A20EE200A84ED570AD5ED060AB4EE1B
:10F37000E00AF1EE10FA03DBC4ED570A01200BE0BE
:10F38000F1EE600AB4EEE00AF1EE10FA03D8C4ED33
:10F39000570AFF2000E00020307070BDE802002016
:10F3A000F8B515460E460B460092044600224FF46F
:10F3B000C05100F019F888B9334600228021204658
:10F3C000009500F081F848B9334600224FF4C0613F
:10F3D0002046009500F008F8002804D0206E40F088
:10F3E000200020660320F8BD2DE9FE4F4FF0000AF3
:10F3F000984617460E4604460C9D8DF804A0FBF770
:10F400005DF9411BA8EB0105FBF758F9814620681F
:10F410004FF4C06B0C3002902A480068C0EBC0006B
:10F4200000EB8000000D6843009043E05E4506D18C
:10F430002FB9029800788DF804009DF80400B8F107
:10F44000FF3F37D0FBF73AF9A0EB0900A84203D2FF
:10F4500015B1009858B32BE02068416821F0E00115
:10F4600041606068B0F5827F0BD1A068B0F5004FB5
:10F4700002D0B0F5806F04D12068016821F040010E
:10F480000160A06AB0F5005F09D12068016821F42D
:10F49000005101602068016841F4005101600120C1
:10F4A00084F85D0084F85CA00320BDE8FE8F002591
:10F4B000401E0090206880683040B842B6D10020DD
:10F4C000F3E70000CC0000202DE9F8431E469146EA
:10F4D00088460446089DFBF7F1F8401B351AFBF7F8
:10F4E000EDF8074625480068C0F3CB30684338E0A4
:10F4F000701C37D0FBF7E2F8C01BA84203D215B14D
:10F50000009860B32CE02068416821F0E001416080
:10F510006068B0F5827F0BD1A068B0F5004F02D0D3
:10F52000B0F5806F04D12068016821F040010160CE
:10F53000A06AB0F5005F09D12068016821F400518C
:10F5400001602068016841F400510160012084F8E5
:10F550005D00002084F85C000320BDE8F8830025EE
:10F56000401E00902068816838EA010004D0002124
:10F570004945BDD10020F0E70121F9E7CC0000208A
:10F5800070470178407841EA00207047FBF774BE6D
:10F5900000B593B038216846F4F7EFFF14210EA8A8
:10F5A000F4F7EBFF0020FCF753FC222000904FF40F
:10F5B00080700390402004900120069002200421D6
:10F5C000CDE908015521CDE90A1007900621CDE9C2
:10F5D0000C106846FCF748FF08B172B6FEE70F2032
:10F5E0000E9003200F900020109011901290042193
:10F5F0000EA8FCF713FE002801D072B6FEE713B088
:10F6000000BD00000248016841F4700101607047CC
:10F6100088ED00E0214800B5B0EE605AF0EE400AF7
:10F6200090ED000ADFED1B5AD0ED014AF0EE401AD2
:10F630009FED192A45EEA41AC0ED001AF0EE411A0A
:10F64000B0EE601AF0EE640A03F054FC45EE804A16
:10F65000C0ED014AF5EEC04AF1EE10FA02DDB0EE5F
:10F66000640A01E0B1EE640AB4EEC50AF1EE10FAE4
:10F670000DDDF5EEC04AF1EE10FA02DDB7EE000A3C
:10F6800001E0BFEE000A20EE050A80ED010A90EDD0
:10F69000000A00BD17B751386F12833AD00200201C
:10F6A0000148FDF77FBB0000AC0700200148FDF7D3
:10F6B00079BB0000F80700202DE9F04F02682E4BBF
:10F6C0002E4E2F4FDFF8BCC02F4C304D4FF0804BEB
:10F6D00098420BD0584509D0B04207D0B84205D067
:10F6E000604503D0A04201D0A84204D122F07008A6
:10F6F0004A6842EA0802DFF89880DFF89890DFF85D
:10F7000098A0984211D058450FD0B0420DD0B842C1
:10F710000BD0604509D0A04207D0404505D04845F0
:10F7200003D0504501D0A84203D122F44076CA68E4
:10F7300032434E6922F08002324302608A68C2621C
:10F740000A688262984209D0A04207D0404505D09D
:10F75000484503D0504501D0A84201D10969016351
:10F76000012141610169C90703D0016921F001014B
:10F770000161BDE8F08F0000002C01400004004052
:10F7800000080040000C00400034014000500140DF
:10F7900000400140004401400048014010B501F024
:10F7A0001F030121046A99408C430462016A9A4054
:10F7B0001143016210BD00002DE9F047056A026A9D
:10F7C00022F001020262436882691F4C25F00205A3
:10F7D00022400C6822F0030214438A681C4E2A431C
:10F7E0001A4D1C4FDFF870C0DFF87090DFF870A082
:10F7F000A84209D0B04207D0B84205D0604503D036
:10F80000484501D0504506D122F00808CA6842EAAE
:10F81000080222F00402A84209D0B04207D0B84240
:10F8200005D0604503D0484501D0504505D14D690C
:10F8300023F440731D438B692B4343608461496803
:10F8400041630262BDE8F0878FFFFEFF002C01409C
:10F8500000340140004001400044014000480140A4
:10F8600000500140F0B5056A026A22F010020262FF
:10F87000426883691C4C1E4E23400C6823F440737D
:10F8800043EA042425F020038D681A4F43EA051348
:10F89000164DA84203D0B04201D0B84207D1D1F8EA
:10F8A0000CC023F0800343EA0C1323F04003A8426A
:10F8B0000CD0B0420AD0104DA84207D00F4DA8423C
:10F8C00004D00F4DA84201D0B84207D14D6922F4AF
:10F8D000406242EA85028D6942EA850242608461A3
:10F8E000496881630362F0BDFF8FFFFE002C014079
:10F8F00000340140005001400040014000440140FC
:10F9000000480140F0B5056A026A22F48072026282
:10F910004368C2691C4C1E4E22400C6822F0030250
:10F92000144325F400728D681A4F42EA0522174DE0
:10F93000A84203D0B04201D0B84207D1D1F80CC0E0
:10F9400022F4006242EA0C2222F48062A8420CD027
:10F95000B0420AD0104DA84207D0104DA84204D0A2
:10F960000F4DA84201D0B84207D14D6923F440534E
:10F9700043EA05138D6943EA05134360C46149688E
:10F98000C1630262F0BD00008FFFFEFF002C01404A
:10F99000003401400050014000400140004401405B
:10F9A00000480140F0B5056A026A22F48052026202
:10F9B0004268C3691C4C1E4E23400C6823F44073FC
:10F9C00043EA042425F400538D681A4F43EA0533B3
:10F9D000164DA84203D0B04201D0B84207D1D1F8A9
:10F9E0000CC023F4004343EA0C3323F48043A842C1
:10F9F0000CD0B0420AD0104DA84207D00F4DA842FB
:10FA000004D00F4DA84201D0B84207D14D6922F46D
:10FA1000404242EA85128D6942EA85124260C46121
:10FA2000496801640362F0BDFF8FFFFE002C0140B6
:10FA300000340140005001400040014000440140BA
:10FA40000048014030B5056A026A22F48032026241
:10FA50004268036D124C23400C681C4325F40033AC
:10FA60000D8943EA05430F4DA8420ED00E4DA84222
:10FA70000BD00E4DA84208D00D4DA84205D00D4D1B
:10FA8000A84202D00C4DA84204D14D6922F4803224
:10FA900042EA05224260046549688164036230BD20
:10FAA0008FFFFEFF002C0140003401400040014068
:10FAB00000440140004801400050014030B5046A54
:10FAC000026A22F4801202624268036D134D24F42C
:10FAD00000142B400D6843EA05230D8944EA0554C0
:10FAE0000F4DA8420ED00F4DA8420BD00E4DA8428C
:10FAF00008D00E4DA84205D00D4DA84202D00D4DA4
:10FB0000A84204D14D6922F4802242EA8522426053
:10FB100003654968C164046230BD0000FF8FFFFEC9
:10FB2000002C0140003401400040014000440140ED
:10FB3000004801400050014010B5806A0021A0F843
:10FB40005E10FDF70FFC10BD10B5026852E8001FF3
:10FB500021F4907142E80013002BF6D10E4B02689D
:10FB6000083252E8001F194042E80014002CF6D178
:10FB7000C16E012908D1016851E8002F22F010025E
:10FB800041E80023002BF6D12021C0F88C10002181
:10FB9000C166416710BD0000FEFFFFEF026852E83A
:10FBA000001F21F0C00142E80013002BF6D10168CC
:10FBB000083151E8002F22F4000241E80023002B15
:10FBC000F5D12021C0F88810704700000D4810B50D
:10FBD0000068C169C1F3001179B1102101620948BF
:10FBE000FDF7C2FB0748FDF773FB06489430006839
:10FBF000406805490020088010BDBDE8104001485C
:10FC0000FDF7B2BB440800208000002010B50A4672
:10FC1000024903A000F0E6FA004810BD101D0020C4
:10FC200043444320436F6E66696700002DE9F0414D
:10FC30000C46D0F8C422D0F8BC12E9B104EB84061B
:10FC400000EB86050027AB693BB102EBC602126AE6
:10FC5000B3FBF2F602FB163282B1C1F81472D0F88F
:10FC6000C00203692BB1D1F80802224601F50471E4
:10FC700098470020BDE8F0810320FBE700231A46E7
:10FC80002146AF6100F0A7FCF3E770B5D0F8BC42A5
:10FC900005466CB100F08EFBC4F80C02D5F8C0121A
:10FCA000D4F80402CA6804F503719047002070BDBF
:10FCB000032070BD70B50446812100F0DFFA0025F5
:10FCC00025870121204600F0D9FAA4F87851822135
:10FCD000204600F0D3FAA4F84C50A4F84E50D4F8C3
:10FCE000BC0248B1D4F8C00204F52F7440688047C4
:10FCF000206800F06BFE2560002070BD1220088097
:10FD0000004870470C01002010B5D0F8BC4284B107
:10FD1000D0F8C01259B194F80002FF2807D08B68C0
:10FD200094F8012221469847FF2084F80002002021
:10FD300010BD032010BD00000A210180004870475B
:10FD4000580100204321018000487047A80100208D
:10FD50004321018000487047640100204321018055
:10FD600000487047EC0100202DE9F04704464FF4AD
:10FD7000077000F02DFE05004FF0000735D0C4F8E5
:10FD8000BC52207C4FF010084FF40079012680B35C
:10FD9000402302228121204600F061FB2687402378
:10FDA00002220121204600F05AFBA4F87861A4F851
:10FDB0004E80082303228221204600F050FBA4F845
:10FDC0004C60D4F8C00200688047C5F81472C5F8CA
:10FDD0001872207CD5F80422A8B1402301212046C6
:10FDE00000F049FB0020BDE8F0870220C4F8BC7297
:10FDF000F9E7FFE74B4602228121204600F02FFB66
:10FE000026874B46CCE74B46E8E7000010B50A468C
:10FE1000024903A000F0E6F9004810BD101D0020C3
:10FE200043444320496E7465726661636500000057
:10FE300004200880004870470801002010B50A46D9
:10FE4000024903A000F0CEF9004810BD101D0020AB
:10FE500048657263756C65730000000010B50A4652
:10FE6000024903A000F0BEF9004810BD101D00209B
:10FE700048657263756C65730000000010B5D0F8BA
:10FE8000BC1251B1027C002AD1F8042207D04023D1
:10FE9000012100F0F0FA002010BD032010BD4FF446
:10FEA0000073F5E719B1C0F8C012002070470320B5
:10FEB0007047000010B51A2008800A480168001D2C
:10FEC0000468001D0068081809D008220649FDF7DB
:10FED000B7FF0549042210312046FDF7B1FF024863
:10FEE000801E10BD9075FF1F22010020D0F8BC02BB
:10FEF00018B1C0F804120020704703207047D0F8F2
:10FF0000BC0228B1C0F81022C0F8081200207047C7
:10FF1000032070472DE9FC410646D0F8BC72002052
:10FF20000C468DF80000ADF80400054637B1207886
:10FF300010F0600128D0202944D102E00320BDE860
:10FF4000FC81E288C2B1000660780AD5D6F8C012FA
:10FF50008B6839469847E288072A00D90722394634
:10FF600028E087F80002A07987F80102E288394684
:10FF7000304600F06CF82AE0D6F8C0126078002213
:10FF80008B682146984722E0607830B101281ED066
:10FF90000A2809D00B2815D110E096F89C020328F6
:10FFA00010D1022201A905E096F89C02032809D18C
:10FFB00001226946304600F064F808E096F89C0299
:10FFC000032804D02146304600F036F803252846A1
:10FFD000B5E710B5D0F8BC12012219B1D1F814322E
:10FFE00013B10FE0032010BD0122C1F81422D1F893
:10FFF0001022C262D1F81032D1F80822812100F01B
:020000040801F1
:10000000EAFA0022104610BD10B5D0F8B8220AB1A5
:1000100052689047002010BD134610B50A460021D3
:1000200000F029FA002010BD134610B50A46002141
:1000300000F0D1FA002010BD10B50446802100F078
:10004000A6FA2046BDE81040002100F0A0BA10B585
:100050000323C0F89432C0F858211346C0F85C213D
:100060000A46002100F007FA002010BD10B5052156
:10007000C0F8941200231A46194600F0FCF900203B
:1000800010BD10B50223C0F8943282611346C261DC
:100090000A46002100F09FFA002010BD10B504218F
:1000A000C0F8941200231A46194600F094FA002072
:1000B00010BD70B5044600F07CFA012084F89C0263
:1000C000D4F8B802002538B142682179204690471B
:1000D000C4F8B852C4F8C052C4F8B4522046C4F8A8
:1000E000CC52BDE8704000F05CB9F8B50446002081
:1000F000ADF8000048880D46010A062947D006DC05
:1001000001290FD0022912D0032962D11DE007294D
:1001100046D00F295DD1D4F8B402C26920E0694607
:1001200090473BE0D4F8B412207C0A68F7E7207CC3
:1001300002260028D4F8B80205D0C16A684688476C
:100140000146467036E0816AF8E7C0B2062840D220
:10015000DFE800F003090D111519D4F8B402426864
:10016000B2B3207CDBE7D4F8B4028268F8E7D4F8B5
:10017000B402C268F4E7D4F8B4020269F0E7D4F834
:10018000B4024269ECE7D4F8B4028269E8E7207C63
:10019000F0B9D4F8B802416B68468847014609E0D7
:1001A000207CA8B9D4F8B802016B6846884701469C
:1001B00007204870EA888AB1BDF8000040B1824249
:1001C00000D90246ADF800202046FFF75AFFF8BDDF
:1001D000FFE729462046FFF72FFFF8E72046FFF705
:1001E0005DFFF4E770B5002300281ED0002504460B
:1001F00002E06D1CEDB2641C2678002EF9D10224B9
:1002000004EB450414801278CA545B1C0322CA54C0
:1002100000245B1C06E0CA545B1CDAB28C54521CEE
:10022000D3B2401C0278002AF5D170BD01004FF016
:10023000000004D0012901D0022901D00320704719
:100240000120704778B10023C0F8B832C0F8C0323E
:10025000C0F8CC3209B1C0F8B412012180F89C1268
:10026000027000F0ABB80320704710B5D0F8C4029C
:10027000FBF743F9BDE81040FFF7D8BF10B5D0F841
:10028000C402FBF715F9BDE81040FFF7CFBF70B50A
:100290001646044621B194F89C02032841D048E058
:1002A000D4F8941204F114000025022932D1D0E9C7
:1002B00002318B4206D95A1A826031462046FFF736
:1002C000B3FE0FE0994214D14068884211D3D4F8AC
:1002D000981288420DD2002211462046FFF7A4FE54
:1002E000C4F8985200231A461946204600F0C3F875
:1002F00010E094F89C02032805D1D4F8B802C16834
:1003000009B1204688478021204600F040F9204668
:10031000FFF7ACFE94F8A00201280AD184F8A0529D
:1003200007E0D4F8B80242691AB120469047002885
:1003300000D1002070BD10B51346044621B194F8D9
:100340009C02032823D02AE0D4F8941204F5AA7062
:10035000032924D1D0E9021291420AD98A1A826073
:10036000C068824200D3024619462046FFF754FE79
:1003700015E094F89C02032805D1D4F8B80201696D
:1003800009B1204688472046FFF788FE07E0D4F8E9
:10039000B80282691AB120469047002800D1002097
:1003A00010BD10B5D0F8C402FBF76FF8BDE81040DF
:1003B000FFF73CBFD0F8C402FBF7FABA10B51E49EC
:1003C0000446C1F8D802C0F8C4121C4808600820CE
:1003D000087102204871C871002008724872887242
:1003E000C8720846FBF71EFC08B1F7F757F8002261
:1003F000D4F8C4021823114604F53174FBF714F83D
:100400005823002280212068FBF70EF8C023002229
:1004100081212068FBF708F84FF48873002201213E
:100420002068FBF701F84FF48073002282212068D6
:10043000FAF7FAFF002010BD64170020005C0040AE
:100440000A0601F07F01D0F8C40201EB810100EB44
:10045000C10001D5807C704790F85201704710B5FB
:100460001C461346D0F8C4022246FBF7AAFABDE8A0
:100470001040FFF7DBBE10B5D0F8C402FBF7CFFA8F
:10048000BDE81040FFF7D2BE70B50125044680F8E4
:100490009C520020C4F894026060C4F8A402D4F80E
:1004A000B802E0B1D4F8BC1221B1426812B1002107
:1004B000204690470022402311462046FFF7CFFFF9
:1004C0004026A4F864513346002280212046C4F817
:1004D0006061FFF7C4FFA5840020266270BD032081
:1004E00070BD90F89C12042903D190F89D1280F8F9
:1004F0009C120020704710B5D0F8B81221B190F8C6
:100500009C22032A02D004E0032010BDC96901B176
:100510008847002010BD01740020704710B5D0F846
:10052000C402FBF73FFCBDE81040FFF77FBE70B58B
:10053000044600F2AA20054600F056F80120C4F84F
:100540009402B4F8B002C4F8980294F8AA0210F029
:100550001F010AD001290ED0022912D000F080011B
:100560002046BDE8704000F012B829462046BDE89C
:10057000704000F0CBB829462046BDE8704000F03E
:10058000EFB929462046BDE8704000F049B910B5E2
:10059000D0F8C402FBF75AFABDE81040FFF746BE98
:1005A00010B5D0F8C402FBF717FCBDE81040FFF708
:1005B0003DBE10B5D0F8C402FBF723FCBDE81040E7
:1005C000FFF734BE90F89C1280F89D12042180F849
:1005D0009C120020704710B5D0F8C402FBF765FAF2
:1005E000BDE81040FFF722BE70B5054611F8010BBB
:1005F0002870087868704C1C2046FEF7C2FF68809F
:10060000A41C2046FEF7BDFFA880A01CFEF7B9FF82
:10061000E88070BD38B504460020ADF8000049B14F
:10062000C4F8B812C96A19B168468847C4F8CC0240
:10063000002038BD032038BD02460320D2F8B8326E
:10064000002B02D01B681046184770472DE9F04177
:100650000F462C4E8978002504463170012906D9B1
:1006600039462046FFF7E8FC0320BDE8F08194F806
:100670009C0202280CD003281DD039462046FFF7E3
:10068000DBFC31782046FFF7BFFC03252846ECE76A
:1006900099B320466160FFF7CFFF050004D03946CB
:1006A0002046FFF7C9FCF1E72046FFF7F7FC0320DF
:1006B00084F89C02EAE74FF00208C1B16068884202
:1006C0001BD0C1B22046FFF79FFC31782046616005
:1006D000FFF7B2FF050010D039462046FFF7ACFC0B
:1006E00021792046FFF790FC84F89C82CEE784F8BD
:1006F0009C8220466160FFF787FC2046FFF7CEFC16
:10070000C4E7000054010020FFF74ABF2DE9F04183
:100710000A78002512F0600208D0202A01D0402A71
:1007200071D1D0F8B8229268904731E04B7800221E
:1007300001260A2B67D2DFE803F0415E665866089F
:1007400005662D29FFF7D1FC5FE004468888D8B9FB
:10075000C888C8B94888802816D200F07F0794F866
:100760009C02032810D084F89E7239462046FFF779
:10077000D5FE2046FFF792FC1FB1022084F89C02B0
:1007800043E084F89C6240E020463CE0FFF75EFFD7
:1007900005463AE0CB88012B35D190F89C32012BED
:1007A00004D0022B02D0032B2DD104E08260012261
:1007B00000F1080116E00122011D13E090F89C22CF
:1007C000012A03D0022A01D0032A1CD1CA88022A96
:1007D00019D1C660D0F8A41209B10321C160022268
:1007E00000F10C01FFF74DFC0FE0498801290CD105
:1007F000C0F8A46211E090F89C32012B08D0022BC3
:1008000006D0032B04D0FFF717FC2846BDE8F08183
:1008100049880129F9D1C0F8A422FFF73FFCF4E789
:100820002DE9F0410D46044628780026097910F09C
:1008300060000BD0202801D040286DD1D4F8B80238
:100840002946826820469047064686E06878A8B325
:10085000012822D003287CD194F89C02022802D0DF
:10086000032876D10BE0002973D0802971D020466F
:10087000FFF78DFE80212046FFF789FE6DE0688836
:1008800038B931B1802904D0E88810B92046FFF783
:100890007EFE2046FFF702FC5FE094F89C020228EF
:1008A000E1D0032855D16888A8BB480602D020466D
:1008B000FFF7DBFC2046FFF7F1FBBFE7FFE794F80B
:1008C0009C020027022802D0032842D111E009B17E
:1008D00080293ED1080601F07F0000EB800004EB88
:1008E000800101D5143101E001F5AA7102220F60E7
:1008F0002BE0080601F00F0000EB800004EB800005
:100900000BD5808C40B101F07F0000EB800004EB40
:10091000800514350CE020E01BE0B0F86401C0B1A4
:1009200001F07F0000EB800004EB800505F5AA755F
:1009300041B1802906D02046FFF782FD10B1012089
:10094000286000E02F60022229462046FFF799FB2D
:1009500003E029462046FFF76FFB3046BDE8F081F3
:1009600070B50646087800240D4610F0600003D0EC
:10097000202801D0402817D196F89C02012803D0E6
:10098000022801D003280FD1287901280CD8D6F8E5
:10099000B8028268304690470446E888204306D172
:1009A0003046FFF77BFB02E03046FFF745FB204671
:1009B00070BD10B50446FFF7FCFDD4F8B80218B1BD
:1009C0004268217920469047002010BD7047000002
:1009D00000487047441500202DE9F04F0C780025A1
:1009E00030F8243048F68F121340CA78002A7DD0A0
:1009F000012A7CD0022A02D0032A79D0012548F2AC
:100A00008002134320F824300E7830F8263048F660
:100A10008F7423403343134320F826300B7B48F276
:100A2000C00A48F6BF774CF280094BF68F764FF636
:100A3000FF7B4FF4004EE3B3CB7891F800C0022B5C
:100A400030F82C307ED048F68F6803EA0803134351
:100A500020F82C30B0F8503091F800C0034403EB7C
:100A6000CC03B1F808C02CF0010CA3F800C4B0F816
:100A7000503091F800C0034403EBCC03B1F80AC036
:100A80002CF0010CA3F804C44B7891F800C0002BA3
:100A900030F82C304FEA43437ED0002B06DA30F892
:100AA0002C30234043EA090320F82C3091F800C091
:100AB00000E02EE030F82C305B0606D530F82C3004
:100AC000234043EA0A0320F82C30CB780C78012B22
:100AD00030F8243003EA070301D083F020031343E6
:100AE00020F824300B7830F8231002E008E00DE005
:100AF00009E03140114320F823102846BDE8F08F6B
:100B000043F400737BE743F4C06378E743F4806306
:100B100075E74B78002BB0F85030034424D00E78A2
:100B200003EBC603CE8826F00106A3F800640B7819
:100B300030F82360760608D530F82360264046EA70
:100B40000A0600E061E020F82360CB78012B06D094
:100B50000B7830F82310394081F02001CAE70B7878
:100B600030F823103940C5E70F7803EBC703CF886F
:100B700027F00107A3F80474B0F850300F7803444D
:100B800003EBC703B3F80674C7F30907A3F80674A9
:100B900003F206430F6900E03DE05FB13E2F0DD840
:100BA0004FEA570CFF0701D00CF1010C1F880BEA2C
:100BB0008C2C0CE01F8847F400470AE04FEA571CD2
:100BC000FF0601D1ACF1010C1F884EEA8C2C47EADC
:100BD0000C071F800F7830F827305B0406D530F8FB
:100BE0002730234043EA090320F827300B782BB144
:100BF00030F82310314081F400517BE70188314007
:100C000081F440511143018077E7234048F2801876
:100C100043EA08031CE7002B06DA30F82C302340A7
:100C200043EA090320F82C3091F800C030F82C304A
:100C30005B0606D530F82C30234043EA0A0320F83F
:100C40002C304B7813B1012B2DD035E0B0F850305B
:100C50000C78034403EBC403B3F80244C4F309045F
:100C6000A3F802440C6903F202435CB13E2C0ED897
:100C70004FEA540CE40701D00CF1010C1C880BEA7C
:100C80008C2C0DE01C8844F400441C8014E04FEAD6
:100C9000541CE40601D1ACF1010C1C884EEA8C2CEA
:100CA00044EA0C04F1E7B0F850300C78034403EB4D
:100CB000C4030C8AA3F802444B7813B1012B2DD046
:100CC00035E0B0F850300C78034403EBC403B3F8BC
:100CD0000644C4F30904A3F806440C6903F206436E
:100CE0005CB13E2C0ED84FEA540CE40701D00CF155
:100CF000010C1C880BEA8C2C0DE01C8844F4004489
:100D00001C8014E04FEA541CE40601D1ACF1010C44
:100D10001C884EEA8C2C44EA0C04F1E7B0F85040F1
:100D200023180C7803EBC4030C8AA3F806440C7850
:100D300030F82430334083F44053134320F82430F8
:100D40000DE72DE9F04391F80C804F780A7848F6CA
:100D5000BF7C4BF68F7948F2800348F2C0054CF215
:100D6000800648F68F74B8F1000F28D0002F30F8B5
:100D700022704FEA474748D0002F05DA30F822703A
:100D80002740374320F822700A7830F822707F0617
:100D900005D530F8227027402F4320F822700D78B7
:100DA00030F825202240324320F825200C7830F8F6
:100DB000242002EA0C021A4320F824201AE07FB112
:100DC00030F82260760605D530F8226026402E43A2
:100DD00020F822600A7830F8221001EA0C010EE0B7
:100DE00030F822506D0405D530F8225025403543A7
:100DF00020F822500A7830F8221001EA090119433C
:100E000020F822100020BDE8F083002F05DA30F82A
:100E100022702740374320F822700A7830F8226089
:100E2000760605D530F8226026402E4320F8226051
:100E30000E7830F8262022402A4320F826200C780D
:100E400030F8242002EA09021A4320F82420C1E7DE
:100E500030F8581F41F4004101800020704730F8FD
:100E6000581FC1F30E01018000207047012120F8B6
:100E7000401F00210180818001820846704730F8C0
:100E8000401F4BF68072914301800020704730B5BF
:100E90004B780A78002B48F68F7530F8223048F2EC
:100EA000800415D05B0607D530F822302B4048F27D
:100EB000C0052B4320F82230CA78012A1DD00A78B9
:100EC00030F8221048F6BF73194081F0200111E07C
:100ED0005B0407D530F822302B404CF280052B43C1
:100EE00020F822300A7830F822104BF68F73194020
:100EF00081F44051214320F82210002030BD10B56C
:100F00004A780978002A48F2800330F8212005D079
:100F100048F6BF74224082F0100204E04BF68F7452
:100F2000224082F480521A4320F82120002010BD74
:100F30002DE9F04706460C464878097B4FF000083B
:100F400048F68F7248F2801748F68F6348F2800A9D
:100F5000012809D0002971D0E07802286FD001283B
:100F60006ED00120BDE8F087A5692069854200D9CF
:100F7000054691B1E17802291ED0206A401B20620B
:100F8000207836F820104906B6F85010314401EBAD
:100F9000C00075D5A0F8065418E1ABB2E28830461F
:100FA000616900F0B1F9B6F850002178304400EBE7
:100FB000C100A0F802540FE1216A81427AD9217858
:100FC00036F821001040384326F82100206A401BE3
:100FD0002062207836F820104FF6FF7749066178B6
:100FE0004FF4004967D511B101292AD030E0B6F895
:100FF0005010314401EBC000B0F80614C1F30901F0
:10100000A0F8061400F206404DB13E2D0CD8690838
:10101000EA0700D0491C028807EA81210BE0018819
:1010200041F40041018013E06909EA0600D1491E3C
:10103000028849EA81210A43028009E0EFE008E1E1
:101040001DE1B6F85020911901EBC000A0F806543C
:101050006289ABB23046616900F056F96069284494
:1010600060612169206A884202D9401B206202E047
:101070000546C4F82080607818B101282BD032E0F2
:101080002FE0B6F850002178304400EBC100B0F8F2
:101090000214C1F30901A0F8021400F202405DB18C
:1010A0003E2D0ED86908EA0700D0491C028807EADD
:1010B00081210DE0A0E018E0018841F400410180A9
:1010C00011E06909EA0600D1491E028849EA812136
:1010D0000A43028007E0B6F850002178304400EB64
:1010E000C100A0F80254228971E011B1012927D072
:1010F0002DE0B6F85010314401EBC000B0F80214F6
:10110000C1F30901A0F8021400F202404DB13E2DD6
:101110000CD86908EA0700D0491C028807EA812137
:101120000BE0018841F40041018010E06909EA0602
:1011300000D1491E028849EA81210A43028006E063
:10114000B6F85010314401EBC000A0F802542289D7
:10115000ABB23046616900F0D7F86069284460613D
:101160002169206A884202D9401B206202E00546BC
:10117000C4F82080607810B1012836D026E0B6F897
:1011800050002178304400EBC100B0F80614C1F3E0
:101190000901A0F8061400F206404DB13E2D0CD80E
:1011A0006908EA0700D0491C028807EA81210BE0A0
:1011B000018841F40041018008E06909EA0600D194
:1011C000491E028849EA81210A4302806289ABB242
:1011D0003046616900F098F8217836F8210048F629
:1011E000BF72104080F0300053E0B6F850108819FC
:1011F000217800EBC100CDE6227836F822001840B5
:1012000040EA0A0026F82200B6F85000227830445E
:1012100000EBC2008BB2A0F802342289D8E7A069A3
:1012200008B9E07878B1217836F82100184040EA12
:101230000A0000BF26F82100A169206981421ED959
:10124000081AA0611DE0217836F8210010403843CB
:10125000F0E7E069A8B1217836F82100430401D510
:10126000430603D444F2400318420AD136F8210061
:10127000104048F2C002104326F8210001E0C4F8F3
:101280001880217836F821004BF68F72104080F4D8
:10129000405040EA0A0026F82100002062E60021C2
:1012A000A0F844104BF68071A0F840100020704761
:1012B0000148FAF711BC000064170020B0F84400A0
:1012C000704710B510445C0800F5806008D030F815
:1012D000022B01F8012B120A01F8012B641EF6D132
:1012E000DA0701D00088087010BD11B98021A0F87C
:1012F0004C1000207047012120F8401F0021818000
:10130000032101800020704710B55B1C10445B086E
:1013100000F580600AD000BF11F8012B11F8014BD5
:1013200042EA042220F8022B5B1EF5D110BDFEE735
:10133000416D09680B6823F001030B60416D09687A
:101340004A60416D09680A6842F001020A6001685A
:101350008868024A1040001D88607047C0FFFF7F08
:1013600070B50568AB68224C23405B1CAB60C36D55
:1013700040F60165AB4343F48073C365C36D23F44A
:101380008013C365036E23F00603036605681C2300
:101390002B600368DD6845F00105DD60436D1B6867
:1013A0001D6825F001051D60436D1D6DDB6C5D60E2
:1013B000436D93F844501B6C05F01F060125B540A2
:1013C0005D60436D1B685A60436D02681B68403264
:1013D0009A60426D1268D160416D09680A6842F0F6
:1013E00001020A60016888682040001D886070BDA5
:1013F000C0FFFF7F90F8342142B111B190ED4F0A48
:1014000001E090ED4E0AD0ED090A07E011B190ED30
:101410004F0A01E090ED4E0AD0ED070A30EE600A67
:1014200080ED500AB5EEC00AF1EE10FA01DCB1EE23
:10143000400AD0ED580AB4EEE00AF1EE10FA03D2F9
:101440009FED350A80ED500AD0ED501A90ED510A0B
:101450003249F6EE000A31EE800A91F90020002AA6
:1014600060EE200A90ED520A0BD005DDF5EEC00AC1
:10147000F1EE10FA05D30AE0F5EEC00AF1EE10FA2B
:1014800005DD90ED551A01EE200A80ED520AF0EECE
:10149000400A90ED530AF4EEC00AF1EE10FA02D2BF
:1014A000B0EE601A01E0B0EE401AB1EE402AB4EEA0
:1014B000C21AF1EE10FA07DDF4EEC00AF1EE10FAEE
:1014C00004D2B0EE600A01E0B0EE420A80ED520AAA
:1014D000D0ED540A00F5806201EEA00A80ED570AB3
:1014E000D2ED060AB4EEE00AF1EE10FA01DD0122B7
:1014F00007E0F1EE600AB4EEE00AF1EE10FA04D271
:10150000FF220A70C0ED570A01E000220A70C0ED08
:10151000511A90ED570A704700000000B8020020F1
:1015200003B401984100009850EAC12018BF04207C
:101530004A0D18BF40F0010040F2FF72B2EB515F5C
:1015400008BF40F00200012808BF052002B0704724
:101550004100080218BF04200A0E18BF40F0010025
:101560004FF07F4232EA010108BF40F0020001283B
:1015700008BF052070470907090E002804DB00F1A9
:10158000E02080F80014704700F00F0000F1E02028
:1015900080F8141D7047000010B52DED040B86B0C7
:1015A0009DED060B10EE100A10EE901A8DED000B5B
:1015B000002818BF0120084320F00040C0F17F60E0
:1015C00000F1E040C00F21D19DED080B10EE101A84
:1015D00010EE900A8DED000B002918BF0121084381
:1015E00020F00040C0F17F6000F1E040C00F0DD15D
:1015F00029490798B1EB400F04BF0698002842D054
:101600000998400004BF089800283CD09DED080BC5
:1016100053EC102B9DED060B51EC100B04F09CFECF
:10162000CDE902019DED020B40F2FF7110EE900A30
:101630008DED000B31EA105021D00798039900F08E
:10164000004001F00041884219D09DED080B8DED5E
:10165000040B9DED020B8DED000B10EE900A059929
:1016600061F31E0005909DED041B9DED020B51ECF6
:10167000110B53EC102B04F01DFFCDE902019DED81
:10168000020B0AB010BD0120F2F7F9FF0AB0BDE865
:10169000104001F03DB900000000E0FF10B52DED55
:1016A000028BF0EE408A18EE900AB0EE608A20F0CD
:1016B0000040C0F1FF40C00F07D118EE100A20F023
:1016C0000040C0F1FF40C00F2BD018EE101A18EEEA
:1016D000900A05F027F900EE100A10EE100A6FEAE2
:1016E000D05010F0FF0F04BFBDEC028B10BD18EE00
:1016F000900A00F0004110EE100A00F00040814214
:1017000004BFBDEC028B10BD18EE101A10EE100ACB
:10171000BDEC028B61F31E0000EE900A30EE600A11
:1017200010BD18EE900A4FF07F41B1EB400F1CBF87
:1017300018EE100A5FEA4000C7D10120F2F79FFFC0
:10174000BDEC028BBDE8104001F012B910B510EEEF
:10175000100A2DED068BB7EE001A10EE901AB0EEBF
:10176000418A0022A0F5000CDFEDFE9A4FF00073D5
:10177000BCF1FE4F4FF07F4403EB410C80F0B4818D
:10178000BCF1804FC0F02082F74901449FEDF73A49
:10179000B1F5005F40F2D48200F58021CB0C03F05C
:1017A0000F0101EE901AC3F307137F3BA0EBC35068
:1017B000B8EEE12A00EE100A1A44DFEDED2AF0EE51
:1017C000411A42EE221AF0EE613A70EE232A30EE10
:1017D000632A12EE900A00F500606FF30B0001EE31
:1017E000900A73EEE13A33EE804AC1EE223A22EEDD
:1017F000230A10EE100A00F500606FF30B0000EEF4
:10180000100A00EE612A00EE442A62EE232A70EEEE
:10181000221A21EEA12ADFEDD73A02EE233A23EE77
:10182000023A20EE012A22EE811A03EE211A32EE4C
:10183000010A10EE100A00F500606FF30B0000EED5
:10184000100A72EE401A31EE812A9FEDCB1A60EE3B
:10185000011A9FEDCA1A20EE011A9FEDC90A02EE85
:10186000001A31EE810A10EE100A00F500606FF3E5
:101870000B0000EE100AC34871EEC01A31EE812A47
:10188000784400EBC10090ED003AD0ED011A100150
:1018900001EE100AF8EEC12A32EE211A31EE001ADA
:1018A00031EE031A31EE221A11EE100A00F5006033
:1018B0006FF30B0009EE100A39EE621A31EE431A8B
:1018C00031EE400A30EE610A32EE40AA10EE900A84
:1018D000002100F500606FF30B0008EE900A084647
:1018E00070EEE8AA4FF0000029EE280A00F00C0183
:1018F000F0EEC00A10EE900AB0F18B4F0DDD10EE45
:10190000900AB4EB400F08D310EE100A4FF08B4250
:1019100062F31E0008EE900A13E069EE2A0A38EE20
:10192000AA1A4AEE010A30EE201A11EE100A00F54A
:1019300000606FF30B0008EE900A30EE680A70EE5C
:10194000209A0C204FF0000038EEA90AB5EEC00A2C
:10195000F1EE10FA34BFFEEE000AF6EE000A30EEA9
:10196000800ABDEEC00A10EE100A011100EE101A36
:10197000F8EEC00A00EE100AB8EEC00A38EEC00A4F
:1019800030EE290ADFED801A9FED801A00EE211A51
:10199000DFED7F1A7F4900F00F0040EE011A21EEC3
:1019A000800A794401EB800191ED001A7A4979446B
:1019B00001EB8001D1ED001A784901EE801A7944DB
:1019C00001EB8000764990ED000A31EE001AB0EE8E
:1019D000E00A10EE100A884215DA10EE100AB4EB95
:1019E000400F10D39FED6F0A30EE800ADFED6E0AD4
:1019F00020EE200A68EE010ABDEC068BBCEEC00AA0
:101A000020EE200A10BD10EE100A6849884243DA21
:101A100010EE100AB4EB400F3ED3BDEEE00A68EEC4
:101A2000010A10EE100A00EBD0725110C90501F145
:101A30007E5100EE101AA0EB6200C00560EE200A95
:101A400000F17E5000EE100A60EE808A18EE900AD7
:101A5000B4EB400F0FD10220F2F711FE00F090FF1F
:101A600010EE101A18EE100ABDEC068B61F31E0082
:101A700000EE100A10BD18EE900A400011D018EECA
:101A8000900AFFF765FD042808BF00F081FFB0EE63
:101A9000680ABDEC068B10BDF5EEC00AF1EE10FA37
:101AA0000FD20220F2F7EBFD00F072FF10EE101AD9
:101AB00018EE100ABDEC068B61F31E0000EE100A52
:101AC00010BD0220F2F7DBFD00F05AFF10EE101AF5
:101AD000B0EE480A10EE100ABDEC068B61F31E0052
:101AE00000EE100A10BD00BFBCF1804F6CD300BFE8
:101AF00000F1FF43B3F1FE4F24D200BFB0EEC00AA5
:101B000010EE100AC1F3C7537F2B0DDB972BBFF6E6
:101B10003BAEC3F196034FF0010C0CFA03F3A3F1B3
:101B2000010C1CEA010F08D00120F2F7A8FDBDEC62
:101B3000068BBDE8104000F01BBF0B4218BFBFEE84
:101B4000008A21E643001CBF4FF08073B3EB400FC7
:101B500034D96FF01A02DFED161A20EE210A10EECA
:101B6000100A27E000000000001080C0ABAAAA3EC7
:101B70000000803D7EE24C3E00B03842D49AB8BBB3
:101B80003BAA384204520000FC596337C9FF753A3A
:101B90001872313DA2510000D6510000465100009C
:101BA0000000FC420000FE420000004B00004043E9
:101BB0000000004D10F0004FA0D1E5E5A0F50003B6
:101BC000B3F1FE4F21D2DFE503EB4103B3F1007F18
:101BD00011D3F5EEC00AF1EE10FA05D1430018BF9B
:101BE000B4EB400F76D883E701F0004141F0FC519F
:101BF00000EE901A7CE7B3F1807F06D210EE903AA7
:101C0000A3F5000300EE903A72E720F000426FF077
:101C1000FF4C604C02EB0C03A34210D321F00043B5
:101C20009C44A4450BD3B0F17E5F18BF5FEA410C22
:101C300050D0B2F1FF4F98BFB3F1FF4F05D9BDECC3
:101C4000068BBDE8104000F090BEB0F1FF4F0FD002
:101C5000C1F3C7527F2A09DB972A11DAC2F1960233
:101C6000012303FA02F2531E0B4205D0002208E0C2
:101C700011F0004F55D128E00A4218BF012200D1CF
:101C8000022210F5000F13D028B3B0F1004F26D078
:101C900010F1814F4FD04FF0FE42B2EB400F94BF96
:101CA00001200020012202EBE171884239D10CE0D1
:101CB00011F0004F02D0012A38D032E0012A02BFD1
:101CC0009FED350ABDEC068B10BD9FED340ABDECCF
:101CD000068B10BD2FE011F0004F0CD121E0B1F1C7
:101CE000FF4F1ED011F5000F05D011F0004F15D099
:101CF0000AB1012A08D00220F2F7C1FCBDEC068B24
:101D0000BDE8104000F024BE0220F2F7B8FC00F05D
:101D10001FFEBDEC068BB1EE400A10BD0AB1012AD0
:101D200004D0B0EE690ABDEC068B10BDBDEC068B8D
:101D30009FED1B0A10BDBDEC068BB7EE000A10BD6F
:101D400030EE410AB5EE001A9FED172A00EE413A37
:101D5000B6EE001A60EE001A00EE431A61EEC11AE8
:101D60009FED101A20EE011A20EE020A9FED0F2AB5
:101D700001EE820A71EE001A11EE900A00F5006081
:101D80006FF30B0009EE100A31EE491A31EE00AA8A
:101D90009CE50000FFFF3F00000080FF0000807F07
:101DA0000000008000B0B841D49A38BB3BAAB841CB
:101DB00000B510EE101A2DED028B81B0524A684624
:101DC000B2EB410F2ED94FF0E640B0EB410F94BF7C
:101DD00000204FF0FF3000900098B0EE408A0028BD
:101DE0006ADB10F0010F4BD068EE080A9FED471A2E
:101DF0009FED470A00EE810A9FED461A10F0020F90
:101E000000EE801AB7EE000A00EE810A02BF01B0B0
:101E1000BDEC028B00BD00BF01B0B1EE400ABDECCD
:101E2000028B00BD3C4B21F00042934241D911F09E
:101E3000004FDFED3A0A20EE201ADFED390A19BF14
:101E400031EE601A71EE200A31EE201A71EE600A4E
:101E5000BDEEE01A11EE100A9FED321A00F00300F9
:101E600000EEC10A9FED301A009000EEC10A9FED0E
:101E70002F1A00EEC10A9FED2E1A00EEC10AABE741
:101E800028EE080A9FED2B1ADFED2B0A10F0020F47
:101E900040EE410A9FED291A00EE201A61EE000A79
:101EA000B0EE480A08EE200AB6D101B0BDEC028BB4
:101EB00000BD00F075FD8FE718EE100A4000B0F18C
:101EC0007F4F0DD218EE100AFFF742FB042808BF1F
:101ED00000F05EFDB0EE480A01B0BDEC028B00BD23
:101EE00009D10120F2F7CBFB01B0BDEC028B5DF80C
:101EF00004EB00F03DBD01B0B0EE480ABDEC028B32
:101F00005DF804EB00F02EBDB61F927EB93AB2BA6E
:101F1000CA9F2A3DDDFFFFBE490E494683F9223F95
:101F20000000004B0000C93F00A0FD390020A23393
:101F30001A61342C336D4C39DA82083CA0AA2ABECF
:101F400000B52DED048BB0EE409AF0EE609A83B0B0
:101F500051EC190B04F0BAFA41EC180B18EE100A08
:101F600018EE901A8DED008B002818BF0120084351
:101F700020F00040C0F17F6000F1E040C00F14D0BD
:101F800019EE101A19EE900A8DED009B002918BF6A
:101F90000121084320F00040C0F17F6000F1E040E3
:101FA000C00F04BF0120F2F76AFBB0EE480A03B08D
:101FB000F0EE680ABDEC048B00BD10B52DED028B70
:101FC000B1EEC08A18EE100A20F00040C0F1FF40C8
:101FD000C00F0AD010EE100A20F00040C0F1FF4000
:101FE000C00F04BF0120F2F74AFBB0EE480ABDEC77
:101FF000028B10BD0000000010B51D499FED1A1B9B
:102000002DED020B84B0059820F000408842DCBF23
:1020100001209DED040B21DD1649884209D1049869
:1020200040B94FF00100F2F72AFB00F071FC06B056
:1020300010BD05DB9DED040B00F05EFC06B010BD8D
:1020400068469DED040B00F017F800F00100012137
:10205000A1EB40009DED021B9DED000B00F0A4FAEA
:1020600006B010BD000000000000000000000000ED
:10207000FB21E93F0000F07F2DE9F14F04462DEDF3
:10208000020B2DED088B8AB09FEDE70B80ED020B64
:10209000139EE74826F0004585420ADC9DED120BB1
:1020A000002084ED000B0AB0BDEC088B03B0BDE846
:1020B000F08FE0489FEDE0AB9FEDE1BBA84247DD2C
:1020C000E14F9FEDE39B9FEDE48B9DED120B53ECF5
:1020D0001A2B51EC100B002E1CDD04F0C3FA41EC5E
:1020E000100BBD4208D053EC1B2B51EC100B04F02D
:1020F000B9FAC4E900010BE053EC192B51EC100BB9
:1021000004F0B0FA53EC182B04F0ACFAC4E9000167
:102110000120C8E703F0CEFD41EC100BBD4208D012
:1021200053EC1B2B51EC100B03F0C4FDC4E9000170
:102130000BE053EC192B51EC100B03F0BBFD53ECEF
:10214000182B03F0B7FDC4E900014FF0FF30AAE7F8
:10215000C348A84279DB9DED120B51EC100B00F047
:10216000AFFE41EC180B9FEDC00B53EC102B03F0AE
:10217000FBFF9FEDBF1B53EC112B03F09BFD03F006
:1021800099FF074603F0C5FF41EC190B53EC1A2BDE
:1021900003F0EAFF53EC182B04F08CF941EC180B18
:1021A00053EC1B2B51EC190B03F0DEFFDFF8C8A238
:1021B00041EC100B4FEA15580125FA4453EC102B53
:1021C00051EC180B04F04EFA032DC4E900013DD088
:1021D000C1F30A5005EB4511A8EB0000113981420B
:1021E00034DA0AEB051BB0EE48AA9BED000BF0EECB
:1021F00068AA53EC102B51EC190B03F0B5FF41EC1E
:102200001B0B51EC1A0B53EC1B2B04F02BFA41EC7B
:10221000180B51EC1A0B53EC182B04F023FA53EC67
:102220001B2B04F01FFA9BED020B41EC1A0B53EC35
:10223000102B51EC190B03F097FF53EC1A2B04F001
:1022400011FA41EC100B6D1CB8E70EE0002EA8BF90
:102250003846BFF628AF94ED000B51EC100B03F09D
:10226000EBFCC4E9000178421DE7C6F3130040F41B
:10227000801EC6F30A50A0F2F530471100F01F058A
:10228000C5F12000DDF848B00890002006900790C6
:102290000520EC467949002D07EB0002794408BF80
:1022A00051F8221009D051F8223001EB8201AB40E5
:1022B0004A68089922FA01F11943A1FB0E26A1FBF5
:1022C0000B131A449A4234BF0123002303EB060880
:1022D0000CEB8003D3E901A60E448E4234BF0121EA
:1022E000002192448A4411B1924502D903E09245FB
:1022F00001D2012100E00021C3E901A641444CF8CC
:102300002010011EA0F10100C4DC029800F1005071
:10231000850F0298DDE903678000DDF8148003F083
:10232000F8FE41EC1A0B304603F00AFF9FED541BF8
:1023300053EC112B03F018FF41EC1B0B384603F054
:10234000FFFE9FED511B53EC112B03F00DFF41ECF1
:10235000180B404603F0F4FE9FED4D1B53EC112B80
:1023600003F002FF41EC190B51EC180B53EC192B45
:1023700003F0A0FC53EC1B2B03F09CFC53EC1A2B3A
:1023800003F098FCCDE90801002008909DED080BB2
:1023900053EC1A2B51EC100B04F064F953EC1B2B8B
:1023A00004F060F953EC182B04F05CF953EC192B92
:1023B00004F080F89FED381B53EC112B03F0D4FE92
:1023C0009FED370B41EC180B53EC102B9DED080BD8
:1023D00051EC100B03F0C8FE53EC182B03F06AFC11
:1023E0009FED310B41EC180B53EC102B9DED080BBE
:1023F00051EC100B03F0B8FE53EC182B03F05AFC11
:1024000041EC100B139810F0004F06D06D4251ECC8
:10241000100B03F011FC41EC100B284684ED000B6F
:1024200041E6000000000000000000000000000085
:10243000FB21E93F7CD9024000004054FB21F93FD9
:102440003163621A61B4D03DFB21F93F0000000006
:102450000000601A61B4D03D7370032E8A19A33B4B
:10246000FB2139410000000083C8C96D305FE43FA3
:10247000000000000000E03F524A0000A0490000B8
:10248000000000000000103E000000000000103CB2
:10249000000000000000103A182D4454FB21F93DC3
:1024A0003326A611460B113C00000054FB21F93DD8
:1024B00070B504462DED028B4D1E00EBC500B0EE4D
:1024C000408AF0EE608A90ED000B35F0060017D0E0
:1024D00053EC182B51EC100B03F046FE41EC100BA3
:1024E0006D1E04EBC50090ED001B51EC100B53EC7E
:1024F000112B03F0DFFB41EC100B35F00600E7D1A8
:10250000022D36D0042D1CD0062D1CBFBDEC028B35
:1025100070BD53EC182B51EC100B03F025FE94ED1D
:102520000A1B53EC112B03F0C5FB53EC182B03F0E3
:102530001BFE94ED081B53EC112B03F0BBFB41EC8D
:10254000100B53EC182B51EC100B03F00DFE94ED17
:10255000061B53EC112B03F0ADFB53EC182B03F0CF
:1025600003FE94ED040B53EC102B03F0A3FB41ECA2
:10257000100B53EC182B51EC100B03F0F5FD94ED00
:10258000021B53EC112B03F095FB53EC182B03F0BB
:10259000EBFD94ED001B53EC112B03F08BFBBDEC1A
:1025A000028B41EC100B70BDF1B506462DED040B0E
:1025B000BD482DED0C8B8AB0B0EE418AF0EE618AF9
:1025C000179D25F000449FEDBABB9FEDBBCB844225
:1025D00008DA9DED160B51EC100B03F06BFD002893
:1025E00000F0E980B64FA74231DC002D0DDA9DEDF9
:1025F000160B51EC100B03F01FFBCDE9160151EC4B
:10260000180B03F019FB41EC180B9FEDAF0B53ECCB
:10261000102B9DED160B51EC100B03F04BFF53EC00
:10262000182B9FEDAB0BCDE9040151EC100B04F01E
:1026300019F841EC100B53EC102B9DED040B51ECF1
:10264000100B03F037FB9FEDA48BCDE916019DED38
:10265000160B53EC102B51EC100B03F085FDCDE95C
:1026600004019DED040B53EC102B51EC100B03F007
:102670007BFD41EC190B9A480621B0EE490AF0EEB9
:10268000690A7844FFF714FF9648B0EE40DAF0EE9E
:1026900060DAB0EE490AF0EE690A06217844FFF7E5
:1026A00007FF9DED041B51EC100B53EC112B03F0B5
:1026B0005BFD9DED040B41EC1A0B53EC102B9DEDD3
:1026C000160B51EC100B03F04FFD41EC190B53ECC2
:1026D0001A2B51EC1D0B03F0EDFA53EC192B03F000
:1026E00043FD53EC182B03F0E5FA9DED041B53EC6E
:1026F000112B03F039FD53EC182B03F0DBFA41ECFE
:10270000180B9FED790B51EC190B53EC102B03F0C8
:102710002BFD53EC182B03F0CDFA41EC190B9DED7A
:10272000160B53EC192B51EC100B03F0C3FA41ECD0
:10273000180BA74269DC304603F0EBFC41EC1A0BA6
:1027400051EC180B53EC1A2B03F0B4FA41EC1B0BB1
:1027500053EC182B51EC180B03F006FD53EC1B2B1C
:1027600003F050FB53EC192B03F07CFF9DED161B7F
:1027700053EC112B03F09EFE9FED5D1B53EC112BD0
:1027800003F0F2FC53EC1A2B03F094FE41EC180B0F
:10279000022000EAA570C0F1010003F0BAFC53EC7E
:1027A000182B03F0E1FC00BF41EC100B0AB0BDECAC
:1027B0000C8B05B0F0BD711C1698214308430CD05A
:1027C0009DED160B012E1CBF53EC102B51EC1C0B76
:1027D00010D000BF03F016FBE6E79DED160B51ECA1
:1027E000100B00F06DFB41EC100B51EC1B0B53EC8C
:1027F000102BEFE751EC100BFEF792FE042808BFF8
:1028000000F096F89DED160BD0E7012E04BFB0EE58
:10281000480AF0EE680AC9D08DED048B00240494B8
:102820009DED040B53EC102B9DED160B51EC100B92
:1028300003F040FE53EC192B03F03CFE41EC190B66
:1028400053EC182B51EC1C0B03F0DCFA41EC180B89
:102850008DED008B00949DED040B53EC102B9DED42
:10286000000B51EC100B03F07FFC53EC1B2B03F01F
:1028700021FA9DED000B41EC1A0B53EC192B51EC96
:10288000100B03F071FC53EC1A2B03F013FA53EC0A
:10289000182B03F069FC9DED001B53EC112B03F08A
:1028A00009FA81E7000000000000303E000000004F
:1028B000000000000000F03F000000000000F0BF3A
:1028C0002894E53F00000000182D4454FB21E93F07
:1028D000075C143326A6813C0000000000000000C5
:1028E0007246000088460000635555555555D53F42
:1028F000000000000000004010B553EC102B51EC1C
:10290000100B03F0D7F941EC100B10BD00000000D4
:102910009FED050B10B553EC102B51EC100B03F091
:1029200071FA41EC100B10BD000000000000000027
:102930009FED050B10B553EC102B51EC100B03F071
:1029400013FC41EC100B10BD000000000000001053
:10295000DFED030AB7EE001A81EE200A704700008F
:102960000000000030EE000A704730EE200A704789
:10297000DFED020A80EEA00A7047000000000000B0
:102980009FED020A20EE000A704700000000007070
:102990009FED020A20EE000A7047000000000010C0
:1029A0002DE9F0014FF07F42B2EB410F9FBF4FF096
:1029B000FF310160BDE8F00170474FF0004242EA8C
:1029C0000123C1F3C752783A551112F01F0C434C42
:1029D000CCF120067C44C1F3C752A2F178024FEA41
:1029E000621204EB820254F8254008BFD2E9015676
:1029F00012D0556804FA0CF425FA06F73C439768A0
:102A000005FA0CF527FA06F8D26807FA0CFCF24032
:102A100045EA08054CEA0206A4FB034CA5FB035259
:102A2000A6FB03631D449D4234BF012600261319F3
:102A3000334416B1934202D903E0934201D20122FA
:102A400000E00022624402F1200C9206DC0C42EA13
:102A5000443200EE102A5B03DFED210AF8EEC01AC3
:102A600000EE103A4FEA9C1C11F0004FB8EE400AFD
:102A7000C0F800C020EE201A00EE105ADFED190A4F
:102A8000B8EE400A20EE200A71EE810A70EE800A4C
:102A900010EE902A02F500626FF30B0200EE902A0E
:102AA00070EEE11A31EEC11ADFED101A30EE411A64
:102AB0009FED0D0A20EE800A01EE210A9FED0C1A0F
:102AC00000EE810A04BFBDE8F0017047CCF18051EF
:102AD0000160BDE8F001B1EE400A7047004300001C
:102AE000000000360000802C22AAFD29DB0FC92F30
:102AF0000000C92F30380A2801D201207047002079
:102B0000704700009FED163AF6EE002A60EE833A19
:102B100040EE623A63EEA14ADFED123A20EEA34A9C
:102B200060EE233A40EE014A20EEC11A00EE624AFE
:102B300040EEE23A20EE030A00EEE20A03EEE11A6A
:102B400044EE024A9FED084A00EE421A64EE844ABF
:102B5000C0ED004A21EE040A81ED000A7047000032
:102B6000D7B35D3FD7B35DBFABAA2A3F70B58AB07C
:102B70000024CDE90024CDE902430D460646049425
:102B80000594069407943046F6F71AFF0028FAD009
:102B90002A4669463046F6F7F7FD0AB070BD0000D8
:102BA00010B511EE900A2DED068BB0EE418AF0EED5
:102BB000608AB0EE40AA03F03FFE6AEE0A0A28EEF1
:102BC000A81A41EC190B80EE810ADFED150A08EE18
:102BD000480A20EE200A10EE100A03F02DFE41EC08
:102BE000100BFFF7ADF99FED0F1B51EC100B53ECE1
:102BF000112B03F0B9FA9FED0D1B53EC112B03F0D1
:102C0000B3FA53EC192B03F0FDF803F021F800EEB2
:102C1000100ADFED080ABDEC068B20EE200A10BD7D
:102C20000000C8429A9999999999B93F000000000B
:102C300080842E416F12833A30B54FF6FF75B1F89C
:102C4000D010D0F8D040A5EB810105EA840489B208
:102C5000611A00EE901ADFED3A2AB8EEE01AB5EEEE
:102C6000C01AF1EE10FA01D231EE221AF7EE000A84
:102C7000DFED341A30EE202AC1EE820AFDEEC11AD1
:102C8000F8EEE11A81EEA03AFDEEC31A11EE901AA9
:102C900001EE904AF8EE611A81EEA23A01EE901A26
:102CA000F8EEE11A63EE202A41EEA02A72EEC11A74
:102CB00081EEA01A01EE903AF8EEE11AC1EEA02AD8
:102CC00071EE620A10EE903AB3F17C5F01DD491EAD
:102CD00005E010EE903AB3F13F4F00D9491CF7EEF2
:102CE000000A002930EE200ABDEEC00A02DA10EE1A
:102CF000103A194410EE103ABCEEC20A91FBF3F4FC
:102D000003FB141410EE101AC1F34E03A11A9942DA
:102D100006DD00EE101AB8EEC00A30EE420A08E0F6
:102D20005A42914209DA00EE101AB8EEC00A32EEA9
:102D3000000ABDEEC00A10EE101AC0E9371430BD0B
:102D400000FF7F47000080472DE9F0414FF0E0256C
:102D50000446AF69F7F7B2FC0646AA204443BC42DA
:102D60000CD900BFF7F7AAFCB042FBD00849381BCA
:102D70000844A9698142FCD8BDE8F0813C1BA869E0
:102D8000A042F9D9F7F79AFCB042F8D0F4E7000076
:102D90001098020020EE012ADFED132A00EEE12A4E
:102DA00020EEA23A80ED002AB6EE002A00EE423A6A
:102DB00063EE013A9FED0D3A20EE034A20EE833A8E
:102DC00000EEC24A00EE423A20EE220A00EEC20AAB
:102DD00023EE011A44EE613A00EE611AC1ED003AA9
:102DE00082ED001A70470000D7B35D3FD7B35DBFD7
:102DF000254910B50978002945D100F580619FED7E
:102E0000230AB6EE001A80ED250A80ED240A80ED33
:102E1000500A80ED510A80ED520A80ED570A80ED8C
:102E20004E0A80ED3C0A80ED3D0A80ED410AD0ED6E
:102E3000040AC0ED3A0A81ED010AF6EE000AC0ED7F
:102E40001E0AC0ED1F0AC0ED200A80ED210A80EDA8
:102E5000220A80ED230A80ED190A80ED1A0A80ED1E
:102E6000470A80ED450A80ED4B0AF6EE000AB6EE01
:102E7000000AFAF759FCFAF781FC054900200860BE
:102E800004490220086010BD740200200000000008
:102E90003400002070020020074810B5027800219D
:102EA000802A00D8017005480160FAF777FCBDE878
:102EB0001040FAF7E8BB0000740200207002002006
:102EC00082B0CDE9000121F0004001909DED000BA2
:102ED00002B051EC100B7047F8EE400A9FED031A58
:102EE0009FED030A10EE810A7047000000000034D5
:102EF000F6E8FD4230EE413A30EE410A61EE822AB8
:102F0000B2EE004A02EE203A12EE600A62EE823A17
:102F100021EE844AB5EEC03AF1EE10FA02DDB0EED1
:102F2000431A01E0B0EE401AB5EEC03A24EE014A71
:102F300002EEA24AB1EEC41AF1EE10FA01DDB0EED3
:102F4000430AB4EEE30AF1EE10FA04D883EE020A63
:102F500070EE200A11E031EE620AB6EE001AB5EE0C
:102F6000C03A20EE010AF1EE10FA02DDB7EE001AC7
:102F700001E0BFEE001A40EE010AF5EEC00AF1EEE4
:102F800010FA02DDB0EE600A01E0B1EE600AB4EEC4
:102F9000E20AF1EE10FA04D861EEE00A80EEA20A2D
:102FA0007047F5EEC00AF1EE10FA02DDB7EE000A46
:102FB00001E0BFEE000AB1EE400A70470121B4EE15
:102FC000C10A01FA00F0F1EE10FA01DD401E70476F
:102FD000B4EEE00AF1EE10FA01D20020704731EEB3
:102FE000601A70EE600A401E00EE100AB8EEC00AC9
:102FF00020EE800AC0EE010ABDEEE00A10EE100AD3
:103000007047000070B50546006813490840B0F1EC
:10301000005F1FD1FBF7DAFD104CA06D20F080504F
:10302000A065F6F719FB0021A165E1652166A164A1
:10303000E1642165A06D20F08050A065012080F33F
:103040001088686806498860296881F30888BDE8A7
:103050007040004770BD00000000FE2F00100240CD
:103060008002002010B504462DED088B9FED451A17
:1030700020EE011A81EE200A10EE100A03F0DCFBAC
:1030800041EC100BFEF7B8FF51EC100B02F0E0FD25
:1030900008EE900A28EEA88A18EE100A03F0CCFB7E
:1030A0009FED390A41EC190B68EE808A18EE900A00
:1030B00003F0C2FB9FED35AB53EC1A2B02F0FAFD87
:1030C00053EC192B02F0F6FD41EC100B51EC1A0BEE
:1030D00053EC102B02F096FE02F0BAFD09EE100A36
:1030E000F0EE000A19EE100A28EE090A60EE200A36
:1030F00084EC020A84ED020A03F09EFB41EC1B0BF8
:1031000018EE100A03F098FB53EC1A2B03F0AAFAFE
:103110009FED201B53EC112B03F026F853EC1B2BD7
:1031200003F022F802F094FDE06019EE100A03F0BB
:1031300083FB41EC190B18EE100A03F07DFB41EC08
:103140001B0B18EE900A03F077FB53EC1A2B03F0DD
:10315000B1F953EC1B2B02F0ADFD53EC192B03F02E
:1031600003F802F075FD9FED0D0A206184ED060A5B
:1031700084ED050A84ED080A84ED070ABDEC088B8E
:1031800010BD0000DB0F4940F304B53F0000000014
:103190000000F03F000000000000004000000000C0
:1031A00070B50C462DED028BB0EE408A90ED000A12
:1031B000054660EE000A91ED000A40EE000AB0EE0E
:1031C000600AFEF7FAFEB4EEC80AF1EE10FA0FDD5F
:1031D000D5ED000A60EE880A80EE801A85ED001AAF
:1031E000D4ED000A60EE880A80EE801A84ED001AA1
:1031F000BDEC028B70BD00002DED0C8B82B0002069
:1032000080F31088F8F740F8FCF7C2F9FBF73AFAB8
:10321000FBF7BAF9FBF73CF8FBF7A4F8FBF702F968
:10322000FBF758F9FBF7DEF9FBF7CCFAFBF736FCB6
:10323000FBF75AFCFBF792FCFBF712FD0021FE485E
:10324000F9F7B6FFFAF71FFAFC48807808B172B6B2
:10325000FEE7FB484FF000080068F948001D0068D1
:10326000F74808300068FBF777FF0322F549F64876
:10327000FEF776F8F3490322891FF448FEF770F849
:10328000F34DD5F83803072802D30120C5F83803D9
:10329000F04EF14C95F8380386F81004606820F081
:1032A0000040C0F1FF409FEDED8A002801D584ED7C
:1032B000018AA06820F00040C0F1FF40002801D53D
:1032C00084ED028AD4F8B800F7EE008A20F00040BE
:1032D000C0F1FF40002801D5C4ED2E8AD94F94EDEE
:1032E0002E0A623FDE4887ED0E0A006A411C00D0BC
:1032F00008B902F0E3FAE868D74C00EB80008100DF
:10330000396294ED200AAA46B9469FEDD69AD6486E
:103310004FF48045C0EE090AB0EE480A2946C0EDD8
:10332000000ACB48D0F8AC23D048F3F745FEC84894
:103330009FEDCA0A2946D0F8AC23CD48F3F780FFA9
:10334000C3489FEDC60A2946D0F8AC23C948F4F714
:1033500081F8B0EE490AC548F3F7B6FE00BF00BFDA
:1033600000BF00BF00BFB0EE490AC148F3F7ACFF91
:10337000B848F4F791F9C048F3F79CFDBF48BB4D3E
:10338000B349C0F80080B24847464FF480720078D5
:1033900086F8A80094ED010A05F1F00085ED020A17
:1033A00094ED020A143185ED040A6035F1F7B3F8A3
:1033B00094ED210AB048C8EE800A5830C0ED070AE3
:1033C00094ED1F0AC8EE800AC0ED080A4FF47A7027
:1033D000F6F758F9FAF714FFA948F5F771FFB6EEBA
:1033E000001AF6EE000AB6EE000AFAF79DF9FAF7AF
:1033F000C5F9984800F048FC95484168A14800F09C
:10340000ABFCA048F6F751FE002201219D48F6F7DB
:103410004BF99D48006800EE100AB8EE400ADFED57
:103420009B0A9FED9B1A984900EE201A1431BCEEBE
:10343000C10A10EE100A0860FAF7B0F9B6EE001AE9
:10344000F6EE000AB6EE000AFAF76EF98148FFF7C9
:1034500023FDB0EE490A8548F3F736FE00BF00BFF2
:1034600000BF00BF00BFB0EE490A8148F3F72CFF50
:10347000774894ED2E0A7E49D0F8A832D0F8A422DD
:1034800030EE680A7948FFF7D7FBE86FA8674FF47A
:1034900080318048F7F7C2FD7F480770DFED7FDAA3
:1034A0009FED7FBB9FED80CBB0EE00DAB6EE00AAB9
:1034B000DFED7FAAB3460120F6F7E4F89BED030A9F
:1034C0005E4620EE2D0A10EE100A03F0B5F95D4DB0
:1034D00041EC190BAD1F688802F032FE53EC1B2B38
:1034E00002F042FE53EC1C2B02F03EFE53EC192B73
:1034F00002F0E0FB02F0ACFBF060D9F840004C4673
:10350000401CC9F84000A888FBF720FCD4ED110A44
:1035100030EE200A84ED110A2888FBF7CDFBF0EE8F
:10352000400A94ED120A30EE800A84ED120A206CF3
:10353000B0F5FA7F16D300EE900AD4ED111AB8EE6A
:10354000601AC1EE810AC6ED5E0A00EE900AF8EE3E
:10355000600A80EE201A86ED5F1A276484ED118AD6
:1035600084ED128A5348007878B15349CAF824137D
:10357000FBF710FE4348F6F798FD5048F9F7ECF9D1
:103580004FF00060FFF73EFDFEE7DFF8348198F86A
:10359000000040B14B4807602E48FFF77DFC88F8DB
:1035A000007001F0ABFDDFF8208198F80000D0B189
:1035B000444807602748FFF76FFC36480068C16839
:1035C00021F00101C1602F48F6F785FDFBF7E2FD10
:1035D00030480168C86840F00100C8602948F6F723
:1035E00064FD88F8007039480078002870D02548BC
:1035F0000774F6F79FFA08B172B6FEE7E06B20B9E0
:103600000120E0631348FFF7F3FB022086F8100463
:1036100086ED3A8AC6ED4E8A86ED3E8AB1EE040A00
:10362000284986ED400A86ED5B8A0860DFF8408015
:10363000D8E93401081A4CE0AC0700208C020020C5
:10364000107AFF1F62000020D403002040040020F5
:10365000F83000204C090020F82F00200000000066
:1036600000F0010800409C469C020020780E0020DB
:10367000BC10002000130020F40C00207C0200206D
:1036800068030020840500202C2C0140A4707D3F9D
:1036900000004843E8050020A20200203333333FF6
:1036A0009FBA6882F136A03F000000403333D33F19
:1036B00000008046A7020020CDAB3412E4060020B3
:1036C000A002002070020020A1020020A30200201E
:1036D0000EE1FC4BD3F8D02000EE102AFA4AB8EEE7
:1036E000C01AD2ED2E0A30EEE80A21EE000A80EE72
:1036F000201A00EE100AB8EEC00A31EE400ABDEE04
:10370000C00A10EE100A10F5FA7F00DA0844814270
:1037100000DA401ABDEEE00A194610EE102A51F800
:10372000D83F93FBF2FC02FB1C3200EE102A0A6029
:10373000B8EEC01A11ED010AF8EEC01A21EE211AF6
:10374000C1EE201A00EE900AF8EEE00A71EEE00AEF
:1037500004E000BFB8EEC01A71EE200AF5EEC00A10
:10376000F1EE10FAF6D3E16CBDEEE09A491CE1648B
:1037700094ED140A19EE101A00B230EE200A09B2C4
:10378000804684ED140A01F08DFFD049CD20082336
:1037900008700220487081F802804FEA1820C87033
:1037A00019EE100A4FF0DC08087119EE100A000A31
:1037B00048718F7181F80780DAF80420C44802F557
:1037C000E062FFF7D3F9E06C42F2107188427DDBD2
:1037D000C0490F7000EE100AD4ED140AB8EEC01AFA
:1037E00080EE810A84ED140AB5EEC00AF1EE10FAFB
:1037F00008D2B448D0ED350AF8EEE00A30EE800A7F
:1038000084ED140AAF4890ED350AAF48B8EEC00A0F
:1038100090ED2E1AC0EE010A94ED140AFDF73EFF5A
:10382000AD4884ED140AA849D0F8D40000EE900AFF
:1038300091ED2E1AF8EEE01A61EE0D0A81EEA02A43
:10384000B4EEC02AF1EE10FA08D200EE900AF8EEBB
:10385000E00AC0EE811A30EE610A13E0414201EE47
:10386000901AF8EEE11A81EEA02AB4EEC02AF1EE29
:1038700010FA09DD00EE900AF8EEE00AC0EE811AB7
:1038800031EE800A84ED140A944807609448FFF7EB
:1038900003FB94ED140A0120BDEEC00A8AEDAA0ACA
:1038A000CAF818008F48E76484ED148A0068C1687C
:1038B00021F00101C160FBF76DFC8A480068C16816
:1038C00041F00101C160CD21804800E00EE00170AF
:1038D000FE214170877180F80780DAF804200146E4
:1038E00008237B4802F5E062FFF740F9FAF77AFE19
:1038F0007D480078F0B376480774F6F71BF908B1F5
:1039000072B6FEE770480AF52972734990ED2E0AE7
:103910000CCA30EE680A6B48FFF78EF9DFF8A48115
:10392000694898ED370AF8EEC00A90ED2E0A40EE8D
:103930000A0A60EEAA0A80EE801ABDEEC10A10EEF5
:10394000100A01B2B8F8D00000B201F0ABFED8F80E
:10395000DC20D8F8F801824202D0E088401CE080E8
:10396000D8F8F431D8F8D8104046994204D02389C9
:103970005B1C00E02CE02381C0E97D125349CD237C
:1039800000EE102A0B7003234B70B8F8D00088703B
:10399000000AC8704C48F8EEC00A082390ED2E0AC1
:1039A00040EE0A0A20EEAA1AC1EE000ABDEEE00AB5
:1039B00010EE100A0871000A4871DC20C871DAF8AC
:1039C0000420434802F5E062FFF7D0F8FAF70AFE58
:1039D000DFF8188198F80000002871D03F4800688F
:1039E00000286DD13A480774F6F7A4F808B172B60A
:1039F000FEE7012001F05EFBB6EE001AF6EE000ACB
:103A0000B6EE000AF9F790FEF9F7B8FEF9F740FEB6
:103A10003220F5F737FEF9F747FE32480068C168F3
:103A200021F00101C1602A48F6F73FFBB0EE480AD9
:103A30004FF480412348DAF8AC23F3F7BDFA284964
:103A40002048F3F783F826491E48F2F78BFC0090D4
:103A50009AF8000086F8A8001B48CD21082390EDB5
:103A6000010A184880ED020A18480170FF214170D0
:103A7000DC21C171DAF804200146154802F5E06244
:103A8000FFF774F817480068C16841F00101C16090
:103A90000F48F6F70AFB88F80070104807601048D6
:103AA000FFF7FAF9F9F7EFFD009801F003FB084979
:103AB000012008740846F6F73DF8C8B172B6FEE773
:103AC00018E00000780E0020F82F00206800002089
:103AD00084050020A3020020BC10002070020020FA
:103AE0004C090020E8050020A4020020A2020020CA
:103AF000FAF778FD5A48007840B15A4E306828B934
:103B0000306850B13068072800D03068564E3078A1
:103B100038B35448016859B129E084ED158A84ED21
:103B20000A8A52486762FFF763F907203060EDE7C1
:103B300080460068A8B94FF4FA60F0F737FC4C49AA
:103B400008604FF4FA60F0F731FC4A4908604748D2
:103B50006762FFF74DF93078012803D030780228EA
:103B600002D004E0092100E00A21C8F80010E07842
:103B7000A14650B3DFF8F88000243E48006850F8B2
:103B8000240002F059FE0546D8F800000E4650F811
:103B9000240002F051FE41EC100BCDE9005653EC2D
:103BA000102B35A000F020FB1420F5F76BFD641CF2
:103BB000B4F5FA7FE1DBD8F80000F0F726FC2D48D9
:103BC0000068F0F722FC89F80370D9F8181048460D
:103BD000491CC9F8181099F802207AB302783AB152
:103BE000037983B1426991427FF765AC077122E0A6
:103BF000DAF804200A2392FBF3F403FB1422027088
:103C000001220271EEE7C368994204DA4FF0904551
:103C10004FF00804AC6107DD04691C448C4203DDED
:103C20004FF090450824AC62046923448B42BFF6F0
:103C300042AC521E0270C9F818703CE4FFE7094814
:103C4000016839B100680228F7D14FF0904108208F
:103C5000886130E44FF09041082088622BE4000036
:103C6000A802002070020020A90200204C090020B8
:103C7000B4020020B0020020492C252E35662C25E8
:103C80002E35662C510000002DE9F0474FF000085A
:103C900090B081464746464666243C2229496846FC
:103CA000F0F739FCB6EE001AF6EE000AB6EE000A9E
:103CB000F9F73AFD00254FF6FF7A2348F4F74CFB5D
:103CC0000120F5F7DFFC51461F48F4F7AFFA092150
:103CD0001D48F4F793FA074409211C48F4F78EFABB
:103CE0006D1C8044A542E8DB1948009069461648DF
:103CF000F3F7BAFF00251448F4F72EFB0120F5F77F
:103D0000C1FC51461048F4F791FA09210E48F4F726
:103D100075FA6D1C0644A542EDDB0E48009069461D
:103D20000948F3F7A1FF98FBF4F1C9F8BC1097FB21
:103D3000F4F1C9F8C01096FBF4F1C9F8C41010B042
:103D4000BDE8F0874C6A0108FC02002068030020EF
:103D5000020030044000201910B588B00024012072
:103D6000CDE902400490C1F30A000590019440F2AD
:103D7000FF70069001A90748F5F72BFD08B1F3F78E
:103D80008DFB00231A46194602480094F5F74FFDB3
:103D900008B010BD840500202DE9F04105460C4611
:103DA00091EDEA1AD1EDEB0A91ED040A1020FFF72C
:103DB00005F9064694EDEC1AD4EDED0A94ED070AE8
:103DC0000C20FFF7FBF80746154894ED170A94ED11
:103DD000EE1AD0ED210A0C2020EE200AD4EDEF0AD5
:103DE000FFF7ECF80F4A002192680AB194F810141A
:103DF0002970310A6970AE703909E970390101EB37
:103E000020212971687108480078A87194ED5E0A34
:103E1000BCEEC00A10EE100AE871BDE8F0810000A7
:103E2000F82F002068020020740200202DE9F047DE
:103E3000264D04460E4695ED061AD5ED050A91ED80
:103E4000040A1020FFF7BAF8074695ED091AD5EDD8
:103E5000080A96ED070A0C20FFF7B0F896ED170A4E
:103E6000D5ED210A804695ED0F1A20EE200AD5EDFA
:103E70000E0A0C20FFF7A2F8054696ED5F0A08200F
:103E80009FED131ADFED130AFFF798F8814696EDC0
:103E9000030A08209FED101ADFED100AFFF78EF8D5
:103EA000380A207067704FEA1810A0704FEA0811A6
:103EB00041EA1520E0700A48257184F805900088D1
:103EC000010AA171E071BDE8F0870000F82F002021
:103ED00000005743000020C200007F4300000000A4
:103EE00078020020F0EE400A21B390ED010AD0EDF7
:103EF000051A90ED001A90ED062A20EE210AD0ED69
:103F0000082A01EE200A90ED021A01EE020A90ED55
:103F1000032A90ED071A02EE410A90ED042AC0ED43
:103F2000061AC0ED050A80ED081A02EE620A80ED5D
:103F3000070A7047B0EE600A70470000F0B590EDD8
:103F4000170A00F58062A649D2ED120AB0EEC00A47
:103F50000023B4EEE00A0C88F1EE10FA1E4610DBE6
:103F600090ED070AD2ED130AB0EEC00AB4EEE00AF3
:103F7000F1EE10FA05D84D6844F480746D1C4D6064
:103F800002E024F480744E600C80964C90ED030A9D
:103F9000D4F88442E50614D5D2ED0D0AB4EEE00A59
:103FA000F1EE10FA01D202230FE0D2ED0E0AB4EEC8
:103FB000E00AF1EE10FA04DD0D88012345F0020558
:103FC00002E00D8825F002050D80D2ED170A844D20
:103FD000B4EEE00A6D88F1EE10FA09DDD2ED0E0ABA
:103FE000B4EEE00AF1EE10FA02D245F0020508E064
:103FF000D2ED180AB4EEE00AF1EE10FA02D225F082
:1040000002054D80650725D590ED000AF0EEC00A47
:1040100092ED0F0AF4EEC00AF1EE10FA01DD06236C
:1040200009E0D0ED010AF0EEE00AF4EEC00AF1EE8C
:1040300010FA04DD07230D8845F004050DE0D0EDEE
:10404000020AF0EEE00AF4EEC00AF1EE10FA01DD29
:104050000823F0E70D8825F004050D8090ED000A97
:10406000D2ED191AB0EEC01AB4EEE11AF1EE10FA60
:104070000ADD92ED0F0AB4EEC01AF1EE10FA03D287
:104080004D8845F0080533E090ED010AF0EEC00AD6
:10409000F4EEE10AF1EE10FA06DD92ED0F0AF4EE0D
:1040A000C00AF1EE10FAEBD390ED020AB0EEC00AAE
:1040B000B4EEE10AF1EE10FA06DDD2ED0F1AB4EE1D
:1040C000E10AF1EE10FADBD3D2ED1A1AB4EEE11ADE
:1040D000F1EE10FA0DD2F4EEE10AF1EE10FA08D288
:1040E000B4EEE10AF1EE10FA03D24D8825F008058E
:1040F0004D8090ED5E0A250707D5D2ED100AB4EE8B
:10410000E00AF1EE10FA00DD0923D2ED150AB4EE53
:10411000E00AF1EE10FA0ADDD2ED100AB4EEE00A80
:10412000F1EE10FA03D24D8845F0200509E0D2EDFA
:10413000160AB4EEE00AF1EE10FA03D24D8825F02B
:1041400020054D80E50710D090ED040AD0EDEA0A75
:10415000B4EEE00AF1EE10FA06DCD0EDEB0AB4EEB4
:10416000E00AF1EE10FA00D20D23A50714D590ED68
:10417000070AD0EDEC0AB4EEE00AF1EE10FA06DC24
:10418000D0EDED0AB4EEE00AF1EE10FA04D20D889B
:104190000E2345F0100502E00D8825F010050D8076
:1041A000A50607D5D0F850544F68BD4202D20F2360
:1041B0004E6013E0E4050DD590ED5F0AD2ED110AD3
:1041C000B4EEE00AF1EE10FA04DD0888122340F0A4
:1041D000080002E0088820F0080008801846F0BDBA
:1041E00078020020F83000200FB440F2014110B5F1
:1041F00003AB0548029AF0F72FF901460248F2F79F
:104200009BF810BC5DF814FBF83400202DE9F05F3A
:104210000C46017890F801C08379672948D1C179AB
:10422000762945D1F84DDFF8E4B3F94A4FF001099A
:1042300005F5806605F56A77B7EE000ADFEDF50A49
:104240009FEDF51AF5494FF4FA7E01F1800ABCF1B1
:10425000450F2DD2DFE80CF02E26F230234BF12C47
:104260002C2CF0EFEEEDECEBEAE9E8E7E6E5E4E331
:10427000E2E1E0DFDEDDDCDBDAD9D8D7D6D5D4D396
:10428000D2D1D0CFCECDCCCB2CCAC9C8C7C6C5C41D
:10429000C3C2C1C0BFBEBDBCBBBAB9B8B7004846F7
:1042A000DF4922E0002C03D1DE4900BF81F80090F5
:1042B000BDE8F09FDC49F9E7817879B1012910D098
:1042C0000229F5D1002CF3D1D8490B70D849B0F8A8
:1042D00003200A80D74940790880E9E74846D64953
:1042E00003E0002CE4D1D54948460870E0E7012CF2
:1042F000DED081780023D24DD24CFF294DD0E9B3D6
:10430000D14DD24E01294CD0FE294BD01A294AD08A
:104310001B29CDD184F80090C178012944D002290D
:1043200043D0032942D0042941D0052940D0062991
:104330003FD007293ED008293DD009293CD00A2981
:104340003BD00B293AD00C2939D00D2938D00E2971
:1043500037D00F2936D0102971D0112970D01229E9
:104360006FD013296ED014296DD015296CD0162961
:104370006BD017296AD0182969D000E068E01929A4
:1043800072D01A2971D01B2992D190F90400C2F879
:104390008002BDE8F05FFAF7FDBE2B7084F8009054
:1043A00086E759E05CE061E01AE11DE120E123E1EC
:1043B00026E14DE150E153E156E159E15CE160E174
:1043C00064E168E16CE1F8E3F8E3F8E3F8E3F8E3CB
:1043D000F8E3F8E3F8E3F8E3F8E3F8E3F8E3F8E305
:1043E000F8E3F8E3F8E3F8E3F8E3F8E3F8E3F8E3F5
:1043F000F8E37FE36AE39FE3F5E3F5E3CDE3BCE3B2
:10440000ABE352E33FE32DE31BE309E3F7E2E5E22D
:10441000D3E2C1E2AFE29DE28BE279E267E251E2F0
:1044200040E224E211E2FEE1EBE1D8E1C5E1B2E1D4
:104430009FE18CE17AE1E8E371E1FCE36CE134E1D6
:1044400038E13CE140E144E148E14CE150E154E134
:1044500085F8009023702BE785F80090337027E7EC
:104460002B7086F8009023E74CE150E184F800902F
:10447000C178012938D002293AD003293CD0042937
:104480003ED0052940D0062942D0072944D008292A
:1044900046D0092948D00A294AD00B294CD00C29EA
:1044A0004FD00D2952D00E2955D00F2958D01029A0
:1044B0005BD011295ED0122961D0132964D0142950
:1044C00067D015296AD016296DD0172974D01829FC
:1044D00077D019297AD01A297DD01B29BBD190F920
:1044E0000400C2F8A40354E70079C2F83C03DFE6F5
:1044F0000079C2F84003DBE60079C2F84403D7E64E
:104500000079C2F84803D3E60079C2F84C03CFE63D
:104510000079C2F85003CBE60079C2F85403C7E62D
:104520000079C2F85803C3E60079C2F85C03BFE61D
:104530000079C2F86003BBE690F90400C2F8640396
:10454000B6E690F90400C2F86803B1E690F90400F9
:10455000C2F86C03ACE690F90400C2F87003A7E659
:1045600090F90400C2F87403A2E690F90400C2F8BE
:1045700078039DE690F90400C2F87C0398E690F970
:104580000400C2F8800393E690F90400C2F88403A3
:104590008EE690F90400C2F8880389E690F90400D9
:1045A000C2F88C0384E690F90400C2F890037FE619
:1045B00002E006E00AE00EE090F90400C2F894037D
:1045C00076E690F90400C2F8980371E690F90400C9
:1045D000C2F89C036CE690F90400C2F8A00367E6F9
:1045E0000079C2F8180263E60079C2F81C025FE69F
:1045F0000079C2F820025BE60079C2F8240257E68F
:104600000079C2F8280253E64C090020780E0020F9
:10461000F830002000409C4600000000F82F0020E9
:10462000A7020020A0020020A1020020A902002071
:10463000AA020020AC020020A2020020A802002052
:10464000A3020020A5020020A4020020A602002050
:104650000079C2F82C022BE60079C2F8300227E676
:104660000079C2F8340223E60079C2F838021FE666
:104670000079C2F83C021BE690F90400C2F840023F
:1046800016E690F90400C2F8440211E690F904001D
:10469000C2F848020CE690F90400C2F84C0207E6A2
:1046A00090F90400C2F8500202E690F90400C2F842
:1046B0005402FDE590F90400C2F85802F8E590F9BB
:1046C0000400C2F85C02F3E590F90400C2F860024D
:1046D000EEE590F90400C2F86402E9E590F90400FF
:1046E000C2F86802E4E590F90400C2F86C02DFE564
:1046F00090F90400C2F87002DAE590F90400C2F8FB
:104700007402D5E590F90400C2F87802D0E590F97A
:104710000400C2F87C02CBE501F0D0F8C2E5012C20
:1047200099D1042B97D1FD490A2015E2FC4A012CAE
:1047300001D1042B08D0D0F80200086491ED100AD2
:10474000012C85ED340A86D111460C2004E2F44A8E
:10475000121D012C01D1042B08D0D0F802004864AE
:1047600091ED110A012C85ED360A84D111460D20F8
:10477000F2E1EB4A0832012C01D1042B08D0D0F829
:104780000200886491ED120A012C85ED350A86D16C
:1047900011460E20E0E1E24A0C32012C01D1042B3B
:1047A00008D0D0F80200C86491ED130A012C85ED01
:1047B000370A88D111460F20CEE1D94A1032012C98
:1047C00001D1042B08D0D0F80200086591ED140A3D
:1047D000012C85ED390A85D111461020BCE1D04A63
:1047E0001432012C01D1042B08D0D0F80200486506
:1047F00091ED150A012C85ED580A87D1114611203B
:10480000AAE1C74A1832012C01D1042B08D0D0F8F4
:104810000200886591ED160A012C85ED420A92D1BD
:104820001146122098E1BE4A1C32012C01D1042B02
:1048300008D0D0F80200C86591ED170A012C85ED6B
:10484000380A92D11146132086E1B54A2032012C54
:1048500001D1042B08D0D0F80200086691ED180AA7
:10486000012C85ED530A92D111461420F4E3AC4A91
:104870002832012C01D1042B11D0D0F80200886617
:1048800091ED1A0AB5EEC00AF1EE10FA03D2B1EEBC
:10489000400A81ED1A0A86ED060A012C89D11146DB
:1048A0001520D9E3012C01D1042B08D0D0F8020047
:1048B000486091ED010A012C8BED020A8BD1162084
:1048C000091DC9E3964A383A012C01D1042B0BD0BB
:1048D000D0F80200886091ED020A92488BED040A3C
:1048E000012C80ED040A88D111461720B4E38C4DC9
:1048F0002C3D012C01D1042B07D0D0F802004861D7
:104900003846F2F7D7FA012C89D129461820A3E3BB
:10491000834D283D012C01D1042B07D0D0F8020093
:1049200088613846F2F7C6FA012C8AD12946192047
:1049300092E37B4D203D012C01D1042B07D0D0F810
:10494000020008623846F2F7B5FA012C8BD12946ED
:104950001A2081E3724D1C3D012C01D1042B07D09C
:10496000D0F8020048623846F2F7A4FA012C95D13B
:1049700029461B2070E36A4D183D012C01D1042B00
:1049800007D0D0F8020088623846F2F793FA012C7B
:1049900084D129461C205FE3614D143D012C01D1D7
:1049A000042B07D0D0F80200C8623846F2F782FA2A
:1049B000012C98D129461D204EE3594D103D012C64
:1049C00001D1042B07D0D0F8020008633846F2F773
:1049D00071FA012C87D129461E203DE3504D0C3D34
:1049E000012C01D1042B07D0D0F8020048633846CF
:1049F000F2F760FA012C87D129461F202CE3484D9D
:104A00003035012C01D1042B07D0D0F80200086703
:104A10003846F2F74FFA012C87D1294620201BE3B4
:104A20003F4D3435012C01D1042B07D0D0F80200C2
:104A300048673846F2F73EFA012C87D129462120F3
:104A40000AE3374D083D012C01D1042B07D0D0F8E3
:104A5000020088633846F2F72DFA012C87D12946E7
:104A60002220F9E22E4D2D1F012C01D1042B07D05D
:104A7000D0F80200C8633846F2F71CFA012C87D13F
:104A800029462320E8E2012C01D1042B0BD0D0F8D9
:104A90000210154651602448FFF75EF9012C88D1B9
:104AA000291D2420D8E2111DFBE72049012C01D14A
:104AB000042B09D0D0F80200D06000EB80001C4A23
:104AC0008000012C106085D12520C5E21949012CF8
:104AD00001D1042B0CD0154AD0F802000C3A012C5D
:104AE000C2F8AC030F4ACBF8E800C2F8E80093D153
:104AF0002C20B1E20A4A3C32012C01D1042B0AD00D
:104B0000D0F80200C867D1ED1F0A012C80EE201AF0
:104B100086ED081A91D111462D209DE274000020E7
:104B200038300020BC100020840500200431002013
:104B300020000020A4340020FE4A012C01D1042BC7
:104B400008D0D0F80200C86691ED1B0A012C85ED53
:104B50001B0A94D111462B207EE2F6493031012CFC
:104B600001D1042B07D0F34AD0F802006C3A012C93
:104B7000C2F89C0093D126206EE2EE493431012C1C
:104B800001D1042B07D0EB4AD0F802006C3A012C7B
:104B9000C2F8A00097D127205EE2E6492831012C17
:104BA00001D1042B07D0E34AD0F802006C3A012C63
:104BB000C2F8940087D128204EE246E238E222E291
:104BC00002E2DFE1CAE1A1E186E16CE157E13DE10A
:104BD0002DE11DE101E1EBE0D5E0BFE0A9E093E0CC
:104BE0007DE05FE047E027E0FFE7D2492C31012C70
:104BF00001D1042B07D0CF4AD0F802006C3A012C27
:104C0000C2F8980086D1292026E2CB49012C01D197
:104C1000042B0ED0C94BD0F80200C3F83803072884
:104C200001D3C2F8389392F8380385F81004012CA8
:104C30008FD10B2010E244E0012C01D1042B17D0BE
:104C4000BC4AD0F802006C3AC2F8800091ED200A0C
:104C5000B5EEC00AF1EE10FA03D2B1EE400A81EDD2
:104C6000200A80EE201AB648012C80ED001A91D15E
:104C700051462A20F0E1AF4A1832012C01D1042B11
:104C80000DD0AC4BD0F802006C3B012CC3F8840073
:104C9000D1ED210A80EE201A86ED071A8AD111463D
:104CA0002E20D9E1A4497831012C01D1042B06D062
:104CB000A24AD0F80200012CC2F8B003A2D12F20E2
:104CC000CAE18078FE283FF412ACFF289AD1D1EDDA
:104CD0002E0ABDE8F05F30EEC00A00F00FBF954A23
:104CE0001C32012C01D1042B0BD0924BD0F80200C6
:104CF0006C3B012CC3F8880091ED220A86ED0E0A68
:104D000096D111463120A7E18A4A2032012C01D1E7
:104D1000042B0BD0874BD0F802006C3B012CC3F85E
:104D20008C0091ED230A86ED0D0AA0D111463220A8
:104D300092E1804A2432012C01D1042B0BD07D4B0F
:104D4000D0F802006C3B012CC3F8900091ED240ACE
:104D500086ED0F0A8BD1114633207DE1754A3C3236
:104D6000012C01D1042B0BD0724BD0F802006C3B0C
:104D7000012CC3F8A80091ED2A0A86ED100A8DD106
:104D80001146342068E16B4A4032012C01D1042BDA
:104D90000BD0684BD0F802006C3B012CC3F8AC0080
:104DA00091ED2B0A86ED120A88D11146352053E188
:104DB000604A4432012C01D1042B0BD05D4BD0F85A
:104DC00002006C3B012CC3F8B00091ED2C0A86ED7B
:104DD000130A95D1114636203EE1564A4832012C3D
:104DE00001D1042B11D0534BD0F802006C3B012CA5
:104DF000C3F8B40091ED2D0A20EE200ABCEEC00AE3
:104E000010EE100AC5F850048FD11146372023E167
:104E10004949B439012C01D1042B06D0474AD0F8B6
:104E20000200012CC2F8840294D1382014E14249D6
:104E3000B039012C01D1042B06D0404AD0F8020031
:104E4000012CC2F8880285D1392005E13A49AC39F4
:104E5000012C01D1042B10D0384BD0F80200C3F83C
:104E60008C02704500DD7046C2F88C02002800DA22
:104E70000020C2F88C02012C96D13A20ECE02E4999
:104E8000A839012C01D1042B0BD02C4BD0F80200F7
:104E9000C3F89002002800DA0020C2F89002012C2A
:104EA00097D13B20D8E02449A439012C01D1042B0F
:104EB00010D0224BD0F80200C3F89402704500DDF8
:104EC0007046C2F89402002800DA0020C2F894026A
:104ED000012C99D13C20BFE01749A039012C01D108
:104EE000042B11D0154BD0F80200C3F8980200280B
:104EF00000DA002000EE100AC2F89802012CB8EE89
:104F0000C00A86ED1B0A8FD13D20A5E00A4D9C3DCD
:104F1000012C01D1042B1ED00849D0F80200C1F8A1
:104F20009C02002800DA002000EE100AB8EEC00A49
:104F300008E000006430002030340020F830002009
:104F40009C020020C2F89C028BED7C0A4448FEF7CC
:104F500089F8012C90D129463E207DE04149012C61
:104F600001D1042B0CD0D0F802003F4A00EE100A09
:104F7000012CC2F8A002B8EEC00A86ED370A8FD124
:104F80003F2069E0394A012C01D1042B19D0374B5D
:104F9000D0F80200BC3BC3F8BC0091ED2F0AB5EE7F
:104FA000C00AF1EE10FA01D281ED2F1A304BD1F880
:104FB000BC00984203DDB1EE040A81ED2F0A012CFA
:104FC00087D11146402047E0284A121F012C01D109
:104FD000042B15D0254BD0F80200BC3BC3F8B80019
:104FE00091ED2E0AB5EEC00AF1EE10FA01D281ED74
:104FF0002E1A204891ED2E0A012C80ED000AA9D12D
:105000001146412028E0194A121D012C01D1042B20
:105010000BD0164BD0F80200BC3B012CC3F8C000EB
:1050200091ED300A86ED110A94D11146422013E029
:105030000D490831012C01D1042B04D0D0F8020015
:105040009060012C86D1432006E0012C97D1042BDF
:1050500095D1054918314420BDE8F05F00F00CB847
:105060007410002098330020F8300020B430002065
:105070000000A040380000201CB500230B4A00931C
:10508000019352688DF800208DF801000868CDF872
:1050900002008DF80630FF208DF8070008236946CE
:1050A000034802F5C062FDF761FD1CBDF830002029
:1050B000840500201CB500210E4A00910191526820
:1050C0008DF8002003238DF801308DF802008DF853
:1050D00004108DF805108DF80610FF208DF80310D0
:1050E0008DF8070008236946034802F5C062FDF702
:1050F0003DFD1CBDF83000208405002010B5FE49A0
:105100000C20FAF71BF80821FC48F1F715F90F20DD
:10511000F4F7B8FAF8490D20091DFAF70FF808213D
:10512000F648F1F709F90F20F4F7ACFAF2490E202E
:105130000831FAF703F80821F048F1F7FDF80F20DD
:10514000F4F7A0FAEC490F200C31F9F7F7FF08212A
:10515000EA48F1F7F1F80F20F4F794FAE6492B202A
:105160002C31F9F7EBFF0821E448F1F7E5F80F20BF
:10517000F4F788FAE04910201031F9F7DFFF082131
:10518000DE48F1F7D9F80F20F4F77CFADA4911205C
:105190001431F9F7D3FF0821D848F1F7CDF80F20E3
:1051A000F4F770FAD44912201831F9F7C7FF082133
:1051B000D248F1F7C1F80F20F4F764FACE49132072
:1051C0001C31F9F7BBFF0821CC48F1F7B5F80F20E7
:1051D000F4F758FAC84914202031F9F7AFFF082135
:1051E000C648F1F7A9F80F20F4F74CFAC249152088
:1051F0002831F9F7A3FF0821C048F1F79DF80F20E7
:10520000F4F740FABC4916203C39F9F797FF08211A
:10521000BA48F1F791F80F20F4F734FAB64917209D
:105220003839F9F78BFF0821B448F1F785F80F20DA
:10523000F4F728FAB04918202C39F9F77FFF082134
:10524000AE48F1F779F80F20F4F71CFAAA491920B3
:105250002839F9F773FF0821A848F1F76DF80F20F6
:10526000F4F710FAA4491A202039F9F767FF08214A
:10527000A248F1F761F80F20F4F704FA9E491B20C9
:105280001C39F9F75BFF08219C48F1F755F80F200E
:10529000F4F7F8F998491C201839F9F74FFF08215D
:1052A0009648F1F749F80F20F4F7ECF992491D20E0
:1052B0001439F9F743FF08219048F1F73DF80F2022
:1052C000F4F7E0F98C491E201039F9F737FF08216F
:1052D0008A48F1F731F80F20F4F7D4F986491F20F6
:1052E0000C39F9F72BFF08218448F1F725F80F2036
:1052F000F4F7C8F9804920203031F9F71FFF082161
:105300007E48F1F719F80F20F4F7BCF97A4921200B
:105310003431F9F713FF08217848F1F70DF80F2021
:10532000F4F7B0F9744922200839F9F707FF08218A
:105330007248F1F701F80F20F4F7A4F96E49232021
:10534000091FF9F7FBFE08216C48F0F7F5FF0F2065
:10535000F4F798F96A492420F9F7F0FE0821674824
:10536000F0F7EAFF0F20F4F78DF9654925200831A1
:10537000F9F7E4FE08216148F0F7DEFF0F20F4F7AB
:1053800081F960490A20F9F7D9FE08215B48F0F756
:10539000D3FF0F20F4F776F95B492C20F9F7CEFE06
:1053A00008215648F0F7C8FF0F20F4F76BF952496F
:1053B0002D203C31F9F7C2FE08215048F0F7BCFF20
:1053C0000F20F4F75FF94C492A204031F9F7B6FE77
:1053D00008214A48F0F7B0FF0F20F4F753F9464987
:1053E0002E204431F9F7AAFE08214448F0F7A4FF23
:1053F0000F20F4F747F944492F20091DF9F79EFEC5
:1054000008213E48F0F798FF0F20F4F73BF93E499A
:105410003020091FF9F792FE08213848F0F78CFF79
:105420000F20F4F72FF938490B207439F9F786FE6D
:1054300008213248F0F780FF0F20F4F723F92E49B6
:1054400026205C31F9F77AFE08212C48F0F774FF2A
:105450000F20F4F717F9284927206031F9F76EFE7D
:1054600008212648F0F768FF0F20F4F70BF92249CE
:1054700028205431F9F762FE08212048F0F75CFF3C
:105480000F20F4F7FFF81C4929205831F9F756FE90
:1054900008211A48F0F750FF0F20F4F7F3F81649E7
:1054A00031204831F9F74AFE08211448F0F744FF4B
:1054B0000F20F4F7E7F8104932204C31F9F73EFE9F
:1054C00008210E48F0F738FF0F20F4F7DBF80A49FF
:1054D00033205031F9F732FE08210848F0F72CFF4D
:1054E0000F20F4F7CFF8044934206831F9F726FE8D
:1054F000082102480AE00000383000209002002015
:10550000FC30002074000020A4340020F0F714FFC9
:105510000F20F4F7B7F85F493520F9F70FFE08219F
:105520005D48F0F709FF0F20F4F7ACF85949362031
:10553000091DF9F703FE08215748F0F7FDFE0F207B
:10554000F4F7A0F8534937200831F9F7F7FD08219F
:105550005148F0F7F1FE0F20F4F794F84F49382046
:10556000F9F7ECFD08214C48F0F7E6FE0F20F4F7C0
:1055700089F84A493920091DF9F7E0FD0821464814
:10558000F0F7DAFE0F20F4F77DF844493A200831AD
:10559000F9F7D4FD08214048F0F7CEFE0F20F4F7CC
:1055A00071F83E493B200C31F9F7C8FD08213A4813
:1055B000F0F7C2FE0F20F4F765F838493C201031AF
:1055C000F9F7BCFD08213448F0F7B6FE0F20F4F7D8
:1055D00059F832493D201431F9F7B0FD08212E4821
:1055E000F0F7AAFE0F20F4F74DF82C493E201831B1
:1055F000F9F7A4FD08212848F0F79EFE0F20F4F7E4
:1056000041F826493F201C31F9F798FD082122482E
:10561000F0F792FE0F20F4F735F81E4940201031C4
:10562000F9F78CFD08211C48F0F786FE0F20F4F7EF
:1056300029F8184941200C31F9F780FD0821164856
:10564000F0F77AFE0F20F4F71DF8124942201431CA
:10565000F9F774FD08211048F0F76EFE0F20F4F7FB
:1056600011F80F494320F9F769FD08210A48F0F7BE
:1056700063FE0F20F4F706F8094944201031F9F7CA
:105680005DFD08210448F0F757FEBDE810400F20EB
:10569000F3F7F8BFA4300020900200207C330020F4
:1056A0000031002003B583B09B208DF80000B920A5
:1056B0008DF807009DF80C008DF801009DF80D0095
:1056C0008DF802009DF810008DF803009DF8110080
:1056D0008DF8040008216846F0F72EFE05B000BDE5
:1056E00010B560EEC00A9FED070AFCF72FF8F7EE41
:1056F000000AF0EE001A30EE201A81EE810A30EE38
:10570000600A10BD54F82D4001EE100A70EEC00A78
:105710000120B8EEC11A8840401E21EE201A00EE8A
:10572000900AF8EEE01AC1EE210A30EE800A7047C6
:105730002DE9F0470C46064640215A48EEF71DFF7A
:105740005948DFF868815A4D8088A8F80000C000E9
:105750000838C1B253484FF00209403000681028A1
:105760000DD0202847D040287DD0602805D10320C7
:1057700084F810043068C4F83801BDE8F087701868
:105780004C4FC0794FF0904AFC2810D00021FD28E2
:105790001AD0FE2825D0FB28EFD130780028ECD194
:1057A00070780028E9D1444801703980E5E7204647
:1057B000FDF71EFBC8F80890388840F001003880DB
:1057C0000820CAF81800D8E7C8F808102046FDF7E6
:1057D00063FB388820F0010038800820CAF82800D0
:1057E000CBE795ED2E0ABDE8F047F7EE000A30EE64
:1057F000600A00F083B984F810947018D5ED060A99
:10580000018886784ABAC17895ED050A0B0943EA02
:105810000619037901F00F0143EA012881794679DD
:105820000B09C07901F00F0140EA012743EA06168F
:1058300010211046FFF768FF84ED3A0AD5ED090AFA
:1058400095ED080A0C214846FFF75EFF84ED4E0AED
:10585000D5ED0B0A95ED0A0A0C214046FFF754FFDF
:1058600084ED3E0A00E014E0D5ED0D0A95ED0C0A3A
:105870000C213046FFF748FF84ED400AD5ED0F0AB2
:1058800095ED0E0A0C213846FFF73EFF84ED5B0ACA
:1058900073E7012084F81004306844F8E80F70685A
:1058A00020656AE7902F0020F83000206802002071
:1058B000F82F0020780200207402002030B49FED01
:1058C000790A794880ED000A9FED780A80ED020A96
:1058D000DFED770AC0ED100ADFED750AC0ED120AA0
:1058E000DFED740AC0ED110ADFED720AC0ED130A94
:1058F000DFED710AC0ED140ADFED6F0AC0ED150A85
:10590000DFED6D0AC0ED160ADFED6C0AF3EE0E1A3C
:10591000C0ED170AC0ED181AB1EE042A80ED192A5D
:10592000F2EE0E0AC0ED1A0AFAEE090AC0ED050AF7
:10593000F2EE090AC0ED060AFAEE040AC0ED080A02
:10594000F2EE040AC0ED090A80ED0A0A9FED5C1A26
:1059500080ED0B1A80ED0C0A9FED5A1A80ED0D1A9E
:1059600080ED1C0ADFED582AC0ED1D2ADFED572A15
:1059700000F58071C0ED0E2A80ED0F1A01224A60F9
:1059800000F580730021996000F580744FF47A73FC
:10599000E3602346F1EE002AC3F82413C0ED202A69
:1059A0000223F7EE082AC4F83833C0ED1B2AC0EDF5
:1059B000251ADFED471A0E23C0ED261AC0ED270A7F
:1059C00080ED282A80ED290A9FED420AC4F8AC3305
:1059D00080ED1F0AB7EE000A234680ED210ADFEDB5
:1059E0003E1AC3F8B023C0ED221AC0ED230A80EDA1
:1059F000241ADFED3A0AC0ED2A1AC0ED300AC0EDD4
:105A00003A0ADFED370A9FED371AC0ED310A80ED13
:105A1000361A9FED351ADFED351A80ED331AC0EDD9
:105A2000351ADFED331A0A1FC0ED321AC0ED3D0AF8
:105A3000C0ED3E1ADFED2F0A80ED3F1AC0ED2B0AB4
:105A4000DFED1B0A00F58075C0ED2C0A80ED2D0AF4
:105A5000C3F88422C822C3F888224FF4FA73C4F82A
:105A60008C3244F62064C5F890422C46B0EE040A0D
:105A7000C4F8942241F28834C5F898422C46C4F800
:105A80009C322346C3F8A02280ED2F0A9FED1A0A0C
:105A900080ED2E0A1846C0F8A412816130BCF9F7D7
:105AA00079BB000000409A44F82F0020000000005D
:105AB000CDCCCC3DE71D273B6F12833A9A99193F15
:105AC00000007A4300004842CDCC4C3D000048C263
:105AD0000AD7A33B000010420000A0420000B442DD
:105AE0000000964200008C420000704200003442E8
:105AF000000020420000644100001C422DE9F041FA
:105B00002D4C2E4D2E4F2DED028BF0EE408A3CE0B9
:105B10002D489FED2C0ADFF8B48080ED3A0A002072
:105B20002B4EC4F8D80088ED020AC6F8A40206F588
:105B3000297600BF00BF00BF00BF00BF9FED258AD0
:105B40001D48B0EE480AF1F7BFFA00BF00BF00BF22
:105B500000BF00BFB0EE480A1F48F1F7B5FB00BF19
:105B600000BF00BF00BF00BF0022B0EE680A1A49A4
:105B700011487368FDF760F8D4F8E000306094EDE8
:105B8000030A88ED020A84ED040A94ED030AD4EDB9
:105B9000040A30EE600AD5ED080A20EE200AB0EEC5
:105BA000C00A10EE100AB842B2DC0C49012008709D
:105BB000BDEC028BBDE8F081780E00204C0D00207A
:105BC0006F12833A000000004C090020F82F0020DB
:105BD000F830002000409C46BC100020A1020020AC
:105BE00010B500290AD00878002807D00548784465
:105BF000EFF7E2FD002801D0002010BD02487844F4
:105C000010BD00008E1A0000861A000010B5002991
:105C10000AD00878002807D005487844EFF7CCFD73
:105C2000002801D0002010BD0248784410BD0000BB
:105C30007E1A0000761A000081F00041704780F063
:105C40000040704721F00041704720F0004070474D
:105C500021F00042A2F16052B2F5801F01F0004332
:105C600028BFD2F17F6C0BD95FEA001C43EAC20265
:105C700042EB507018BF704728BF20F001007047FA
:105C8000B2F5801FBCBF184670474FEA410C1CF5A7
:105C9000001F02D2084600F0BFBE70B500F00EFB38
:105CA00000000089FFF7F6BF4FF00040A0F580002C
:105CB0007047000010B591EA030F48BF83F000431E
:105CC00000F1D884841A71EB030C05D2121943EB4E
:105CD0000C03001B61EB0C01DFF824E14FEA1154C7
:105CE000A4EB135C1EEA430F18BF9EEA445F73D017
:105CF00023EA0E03DCF1200E21EA045143F4801361
:105D000032D322FA0CFE10EB0E0023FA0CFE41EB0C
:105D10000E01CCF1200E03FA0EFE10EB0E0051F135
:105D20000001B1F5801FCCF1200E32D201EB0451FD
:105D300012FA0EF2BDE8104058BF7047401C38BF41
:105D40005FEA420218BF7047002814BF20F001002C
:105D500041F100014FEA410313F5001F38BF7047BE
:105D6000A1F1C04100F0A0BB012A43EB0302ACF15A
:105D7000200CDCF11F0E32BF4FF0000E23FA0CF3A3
:105D800010EB030041EB0451B4EB115FD0D0A1EB59
:105D9000045101F5801149085FEA300001EB04511C
:105DA0000ED350F1000038BF12FA0EFE08D1BDE844
:105DB0001040C9E7401C38BF5FEA4202CAD1C3E7BE
:105DC000BDE810404FEA410313F5001F38BF70478C
:105DD000A1F1C04100F068BB9EEA445F08D011EA1F
:105DE0005E0FBDE8104004BF01F000410020704785
:105DF000BDE8104070B500F061FA00BF64FBBE3E24
:105E00000000E0FF2DE9C04130B4DFF8A0C23CEA59
:105E1000111418BF3CEA131400F0EC8081EA03056A
:105E20001CEA111444EAD57418BF1CEA131500F0DB
:105E3000C780A4EB05044FF0004545EAC12145EABF
:105E4000C32341EA505143EA525304F17F7499420B
:105E500004F500344FEAC0204FEAC22208BF904246
:105E600000F09C804FEA13650FF24016765D4FEA12
:105E7000134506FB05F7C7F1807706FB07F74FEAE6
:105E8000D737A7FB03687642C8F58038A7FB06CE54
:105E900038BFA8F1010807FB08E64FF0000EA6FB8B
:105EA000028CE6FB03CEDCF1000CCEF1004E38BFD5
:105EB000AEF1010EA6FB0C584FF000074FF00005A5
:105EC000E6FB0E87A1FB08C6A0FB07CE16EB0E066D
:105ED00045F10005E1FB076515F1E04E7EBFA4F535
:105EE00080345FEA46066D4116F1800745F10005F2
:105EF0004FEA17274FEA066647EA0567A6F1DE462E
:105F0000B6F1805F4FEA15251FD9384624F0010C01
:105F100005EBC471BCF1FE6F01EB0C1102D8F0BCB3
:105F2000BDE8008124425CBF01F5801E9EEAC47F6B
:105F300002D4F0BCBDE80081244238D4F0BCA1F109
:105F4000C041BDE8004100F0AFBA4FEAD22242EAB8
:105F500043524FEAD323A7FB02864FEAD02040EA00
:105F6000415007FB03661EEA0E0F4FEAD12105FBE5
:105F7000026658BFA6EB0056B6EB00564FEA520E2B
:105F80004EEAC37E18EB0E0E56EB530EBDD518EB42
:105F900002085E417F1C55F10005B6E74FF48015FD
:105FA0004FF000074FF000064FF00008ADE7F0BCDF
:105FB0004FF0000001F1C04101F00041BDE8008157
:105FC00011EA0C1F0CEA131500D00CE013EA0C1FA9
:105FD00000F025804FF00000F0BC81EA030101F0E1
:105FE0000041BDE80081F0BCBDE8004181EA030149
:105FF00000F05ABAF0BCBDE8004170B500F05EF99F
:10600000097EFC3E00F007B881EA03014FF0000072
:1060100001F00041704781EA030100F045BAF0BC8D
:10602000BDE800414FF0000021497047FFFDFBF93A
:10603000F7F5F4F2F0EEEDEBE9E8E6E4E3E1E0DEBB
:10604000DDDBDAD8D7D5D4D3D1D0CFCDCCCBCAC82D
:10605000C7C6C5C4C2C1C0BFBEBDBCBBBAB9B8B754
:10606000B6B5B4B3B2B1B0AFAEADACABAAA9A8A847
:10607000A7A6A5A4A3A3A2A1A09F9F9E9D9C9C9B15
:106080009A999998979796959594939392919190C0
:106090008F8F8E8E8D8C8C8B8B8A89898888878751
:1060A0008685858484838382828181800000FF07C6
:1060B0000000F87F4FEA41034FEA5353A3F5806392
:1060C000D3F11E03C8BFD3F1210C0CDD4FF0004209
:1060D00042EAC12242EA505232FA03FC8CEAE17CE5
:1060E000ACEBE1707047102BC4BF0020704703F584
:1060F000787CBCF1FF3F04D06FF0004282EA2100BF
:10610000704770B500F0DAF849922480002070479B
:10611000F2E710F0004248BF4042B0FA80F310FAB4
:1061200003F10AD0C3F11D0303F580634FEA415028
:1061300002EB035202EBD12170474FF00000704791
:10614000B0FA80F310FA03F10AD0C3F11D0303F58E
:1061500080634FEA41504FEA035202EBD12170476E
:106160004FF0000070470000DFF848C170B51CEA2E
:10617000111E1EBF1CEA13159EEA0C0F95EA0C0FA8
:1061800000F06F8081EA030423EA4C134EEAD47EC8
:1061900021EA4C1141F4801143F48013AE44A1FB79
:1061A000024CA0FB0365AEF17F7E361955EB0C0562
:1061B000A1FB034C4CF10003A0FB021C16EB0C06E8
:1061C000654153F10003094218BF46F0010613F47C
:1061D000007F0BD14FEA03314FEA0530340341EA27
:1061E000155140EA16506FF003020AE04FEAC3214E
:1061F0004FEAC520F40241EA555140EA56506FF08B
:10620000020202EB2E4201EB025585EACE710AD062
:106210005FEA440C18BF24F0004450F1000041F143
:10622000000120EAD47040F2FE7C624500D270BDCD
:10623000A84214BF4FF080444FF04044002E08BFE6
:106240000024BEF1806FA8BFA1F1C041BDE870403D
:1062500080F22A814FF0000001F1C04101F00041BD
:1062600070479EEA0C0F0CEA131518BF95EA0C0F45
:1062700006D04FF0000081EA030E0EF0004170BD21
:1062800000F01CF88900013E00F007B800F009B8E2
:106290004FEA430C5FEA5C5C08D081EA030100F03E
:1062A00003B94FEA410C5FEA5C5CF6D14FF00000A5
:1062B000014970470000FF070000F87F0EF1020E51
:1062C0002EF0030E5EF8046B364205D4012A43EB30
:1062D000030515F5001F12D8012841EB010C1CF530
:1062E000001F0CD80ED14FEAD17C15F5001F0CEB26
:1062F0004C0C0CF1020C08BF4CEBD37C04E04FF0CB
:10630000080C01E04FEAD37C0CEB4C0526FA05F6AD
:1063100006F00706B6F1040C06D20EEB860CBDE8BB
:1063200070404CF0010C6047DFE80CF0090B0202F2
:106330004FF000414FF00000A1F5002170BD19465B
:106340001046012851EB010418BFD4F5001484BF96
:10635000002001F0004170BDDFF844C170B53CEA97
:10636000111418BF3CEA131500F08F8011F1004F93
:106370001CEA13150CEA111468BF45F0050518BF97
:1063800011EA0C1F00F079802E4621EA4C1123EA15
:106390004C1341F4801143F48013A5F58035AC42D1
:1063A0003DDD801A9941A4F5803609D54042C1F1FE
:1063B000000134BFB1F10101B1F1000185F0010527
:1063C00011F4F01F08D011F4801FE8D1400041EB18
:1063D0000101A4F58034F6E721F00041B1FA81F61D
:1063E000202E04BFB0FA80FE0EF12006A6F10B06A7
:1063F000B6F1200EA4EB06440CD2C6F1200E01FA31
:1064000006F120FA0EF641EA0601CEF1200600FA66
:1064100006F003E000FA0EF14FF00000BFE750EA8B
:10642000410E23D04FEA244EBEEB254F0FDB99429D
:1064300008BF904204D00AD3520043EB0303B0E7F5
:106440004FEA1646B6EB144F08BF85F00105B4F5C8
:10645000803401EB041181EAC57100DB70BD01F1EC
:10646000C0414FF0000001F0004170BD4FEA45719E
:106470004FF0000001F0004170BD1CEA131F09D06D
:106480004FF0000001F0004170BDFFF717FF00BFA3
:10649000EDFFFF3EBDE870404FF00000014970473E
:1064A0000000FF070000F87F0808A0F500114FEA80
:1064B0003101704791EA030F10B581F000413FF5BB
:1064C00001AC83F0004300F0D5B800002DE9F041A5
:1064D00001F5801CBCF5001FC0F2A9804FEA115CD9
:1064E00021EA0C510CF1FD0C41F480115FEA5C0CC7
:1064F0000CF5C07C01D34000494130A4890241EA37
:10650000905187028E0E0A0CA45D04FB04F602FB78
:1065100006F6C6F14046A4FB0662F60D46EA4226A0
:1065200006FB06F4A4FB01235242C3F1404338BFEB
:106530005B1EA6FB02420024E6FB0324D20B42EAC8
:106540004446A6FB0623A1FB02E2A3FB07E4E3FB10
:1065500061426442C2F1404E38BFAEF1010EA6FB6B
:1065600004234FF00002E6FB0E32A2FB0346340088
:10657000E2FB6264A1FB06E6A4FB07E8E4FB6168BA
:106580007642C8F1405838BFA8F10108A2FB06E4E2
:10659000A3FB08E5E2FB6854A1FB05E6A7FB04E8C2
:1065A000E1FB648618F1200556F10006A809A8F160
:1065B0001B08B10908F03F08B8F10A0F40EA8660ED
:1065C0001CD901EB0C51BDE8F08100BFFCF5EEE8F1
:1065D000E2DDD8D3CFCBC7C3C0BDB9B6B4B1AEAC82
:1065E000A9A7A5A3A19F9D9B9A9896959392908FFA
:1065F0008D8C8B898887868584838281A0FB006847
:1066000000FB01F208EB4208B8EB872807D53418E5
:1066100058EB0104D5D5401C51F10001D1E7341AE3
:1066200078EB0104CDD4401E71F10001C9E75FEAA7
:106630004C0C5FEA9C5C0DD105D34FF0000001F0DB
:106640000041BDE8F081BDE8F04170B5FFF736FECE
:106650006DDBFFBEBDE8F0414FF000000049704720
:106660000000F87F10B591EA030F48BF83F00043A4
:106670003FF528AB841A71EB030C07D212198CF08A
:10668000004C43EB0C03001B61EB0C01DFF8A4E1B1
:106690004FEA1154A4EB135C1EEA430F18BF9EEAA5
:1066A000445F00F0B08023EA6E03524221EA0451B5
:1066B000C3EB6E0338BF5B1EDCF1200E25D322FA3C
:1066C0000CFE10EB0E0043FA0CFE41EB0E01CCF178
:1066D000200E03FA0EFE10EB0E0051F10001CCF17A
:1066E000200E29D412FA0EF201EB0451BDE810403D
:1066F00058BF7047401C1CBFB2F1004F70470028C4
:106700000CBF491C20F00100704712EB020E43EB56
:10671000030218BF4FF0010E4EEA4202ACF1200C0A
:10672000DCF11E0E54D943FA0CFE10EB0E0051F1B1
:10673000FF31CCF11E0ED5D50EF1010E12FA0EFE70
:10674000404141EB010101EB445C5FEA5C5C10D924
:1067500010EBDE7001EB045138BFBEF1004FBDE815
:10676000104018BF704700280CBF491C20F00100E2
:10677000704730D24FEAD42C11F5001124F4006494
:106780001BD0B1FA81F20B3AA41AA41ED2F1200355
:10679000914030FA03F31943904001EBCC71002C87
:1067A00001EB0451BDE81040A8BF704701F1C041A2
:1067B0004FF0000001F000417047B0FA80F310FA8A
:1067C00003F100D110BDE41A173C4805C90AE4E7FB
:1067D00001EB045110BD491001EB0451BDE810401C
:1067E0004FEA300002E04FF0000170474A0008BF56
:1067F0000042F8D0B2F5001F28BF704701F00041F9
:106800004FF0000070479EEA445F07D011EA5E0F28
:10681000BDE8104004BF002100207047BDE81040D3
:1068200070B5FFF74BFD00BF40DFF63E83F000413F
:10683000104670470000E0FF43004FEAD30C4FEAD8
:106840003C0C43401FBF40070CF1605113F0FE4F5A
:1068500070471CF0006F03D100200CF0004170471E
:106860000CF0004343EA507010B540EACC0000F051
:106870000EF800BF000000924FEA0001FFF714BEBF
:106880004FF000414FF00000A1F5002170470EF1DC
:10689000020E2EF0030E5EF8044B244204D44FEA9D
:1068A0004102B2F17F4F11D84FEA4003B3F17F4F5D
:1068B0000CD80ED14FEAD07CB2F17F4F0CEB4C0CD0
:1068C0000CF1020C08BF4CEBD17C04E04FF0080C3B
:1068D00001E04FEAD17C0CEB4C0324FA03F404F002
:1068E0000704B4F1040C06D20EEB840CBDE8104092
:1068F0004CF0010C6047DFE80CF0070802024FF093
:106900000040A0F5800010BD0846420018BFD2F13B
:10691000807288BF00F0004010BD4FF04070E1EE83
:10692000100A70474FF07F4C3CEA410318BF3CEA25
:10693000400200F062804FF47F0C10F0004F0CEA30
:10694000D11318BF43F005031CEAD01218BF13EA95
:106950000C0F00F057804FF0004C4CEA00204CEA3E
:106960000121A3F580339A4210DDB0F1004F23F0EE
:10697000020306D3401A43F00203BCBF404283F037
:1069800001034FEA4000A2F58032ECE74FEA224CC7
:10699000BCEB234F08DB884206D31CD0A0EB4100A0
:1069A000C0F1000083F0010340001DD217D40DD0C8
:1069B000B0FA80FC0CF1010C00FA0CF0A2EB0C42D6
:1069C000D2F1000C12DB4FEAC37070474FEA4370FC
:1069D00000F00040704713F0020FE5D0DEE7B2F59B
:1069E00080324FEA4000EBDD002AE9DD4FEAC212B7
:1069F00042EA502040EAC370704710B5FFF747FFE6
:106A0000EDFFFF3E1CEAD11F02D000F000407047AE
:106A1000004870470000C07FFF2141EAD050C00508
:106A20007047EEF786BAEEF7BBBB00010203040520
:106A30000607080C10141820304000000000000069
:106A40000000010203040607080900000004002AF0
:106A50000100000000000000000000000000000035
:106A60000000000000000000000000000100000025
:106A70000100000000000000000000000000000015
:106A80000000000000000000000000000000000006
:106A90000000B33FB2BE7D3A00002E40DFCF513838
:106AA00000007E40BF51FABA00E0A44019DAC3BA30
:106AB00000E0C840C2ED8AB90040EB40CD1F2CBABF
:106AC000001006412AFFFABA00C01541DFCFD137C6
:106AD00000D024419A97703A0050334189478E364E
:106AE00000404141E75B9D3800B04E41C00A98B973
:106AF00000A05B41558F943A00306841DA92C0BAE9
:106B00000040744162B3C63A0000803F00A0853F58
:106B100000908B3F00C0913F0030983F00F09E3FB7
:106B200000F0A53F0050AD3F0000B53F0000BD3F65
:106B30000060C53F0020CE3F0040D73F00C0E03F8F
:106B400000C0EA3F0020F53F000000007D36AC3970
:106B50007D3C3839EBDCF438320A7E39124C263968
:106B60009B6AED39A4EE83397F661E39F6398A397E
:106B70002B426539A48211395B991F39C3EECD3997
:106B8000DDE7C637A5A22F390000803FC3AA853FA5
:106B9000C2958B3FD3C3913FF037983F32F59E3F6C
:106BA000D7FEA53F3F58AD3FF304B53FA408BD3F16
:106BB0002A67C53F8C24CE3FFD44D73FDFCCE03F62
:106BC000C7C0EA3F7D25F53F00000000000000003F
:106BD0003031323334353637383941424344454613
:106BE000403058003031323334353637383961620D
:106BF000636465664030780004000008000000000F
:106C00000000000200010000100000000000000071
:106C100000004054FB21F93F3163621A61B4D03D5A
:106C20000000601A61B4D03D7370032E8A19A33B33
:106C30000000002E8A19A33BC14920259A837B3985
:106C400000000000000000006E83F9A22915444EE8
:106C5000D15727FCC0DD34F5999562DB4190433C68
:106C6000AB6351FE61C5BBDE3A6E24B7E0D24D4244
:106C7000EA2E49061C92D1091CEB1DFE3EA729B144
:106C8000F53582E88444BB2E26709CE9417E5FB4D2
:106C900039D69139F43953838B5F849C3B28F9BDF5
:106CA000FF97F81F0F9805DE8B112FEF1F6D0A5A03
:106CB000CF7E366DB709CB27663F464F2DEA5F9EE4
:106CC000C7BA27757BF1E5EBF739073DEA92528A9F
:106CD000B15FFB6B085D8D1F000000006E83F9A2A1
:106CE0002915444ED15727FCC0DD34F5999562DB58
:106CF0004190433CAB6351FE7AFE10111111C13F2C
:106D000037D60684F464963F280356C9226D6D3F3A
:106D10000165F2F2D844433FA69237A0887E143F23
:106D2000735360DBCB75F3BEFE41B31BBAA1AB3F1F
:106D300093846EE9E326823F1583E0FEC8DB573F6C
:106D400068108D1AF726303FE9A7F0320FB8123FCE
:106D5000D47ABF74702AFB3E303132333435363743
:106D6000383961626364656678700030313233347B
:106D700035363738394142434445465850000000C3
:106D800002400000000000A00000000005400000DC
:106D9000000000C8000000000C4000000000409C03
:106DA00000000000194000000020BCBE00000000F0
:106DB00034400000BFC91B8E00000004B540000035
:106DC000504BCFD06607E2CF010000006C410000BD
:106DD0003E8251AADFEEA73401000000D942000034
:106DE000DCB5A0E23A301F97FFFFFFFFB44500007B
:106DF000FD25A0C8E9A3C14FFFFFFFFFFF3F000033
:106E00000000008000000000FF3F00000000008044
:106E10000000000020535441525420524F5441541A
:106E2000494E4720414E442043414C49425241542F
:106E3000452121212121212121212121212121211E
:106E40002121212121212121212121212121212132
:106E500021200A0D0A0D000000000000920E493C9E
:106E6000B10AC93C2BC3163D2EFB483D752B7B3D1B
:106E700004A9963D80B6AF3D36BDC83D2FBCE13D6F
:106E800073B2FA3D87CF093E8340163EB5AB223E32
:106E9000A2102F3ECF6E3B3EC2C5473E0115543E69
:106EA000135C603E7F9A6C3ECCCF783EC07D823EC4
:106EB000938E883E229A8E3E32A0943E86A09A3EC1
:106EC000E59AA03E128FA63ED47CAC3EEF63B23E64
:106ED0002A44B83E491DBE3E15EFC33E53B9C93ED4
:106EE000CA7BCF3E4136D53E80E8DA3E4F92E03E47
:106EF0007533E63EBBCBEB3EEA5AF13ECBE0F63EC5
:106F0000275DFC3EE4E7003F3D9C033F824B063F8C
:106F10009BF5083F6B9A0B3FDA390E3FCDD3103FFC
:106F20002A68133FD9F6153FC07F183FC6021B3FA2
:106F3000D17F1D3FCBF61F3F9967223F25D2243FCB
:106F40005636273F1594293F4AEB2B3FDE3B2E3F19
:106F5000BB85303FC9C8323FF304353F233A373F42
:106F60004268393F3B8F3B3FF9AE3D3F67C73F3FEC
:106F700070D8413F01E2433F03E4453F65DE473FB0
:106F800012D1493FF8BB4B3F029F4D3F207A4F3F04
:106F90003D4D513F4918533F31DB543FE595563F36
:106FA0005348583F6AF2593F1A945B3F532D5D3F57
:106FB00005BE5E3F2146603F97C5613F5A3C633F37
:106FC00059AA643F880F663FD86B673F3CBF683F54
:106FD000A7096A3F0C4B6B3F5E836C3F93B26D3FDA
:106FE0009ED86E3F73F56F3F0809713F5213723F91
:106FF0004714733FDD0B743F0BFA743FC6DE753FD9
:1070000007BA763FC58B773FF853783F9812793FA0
:107010009DC7793F02737A3FBE147B3FCDAC7B3F67
:10702000283B7C3FC9BF7C3FAC3A7D3FCCAB7D3F2A
:1070300023137E3FB0707E3F6DC47E3F580E7F3F6E
:107040006D4E7F3FAB847F3F0FB17F3F97D37F3F34
:1070500043EC7F3F11FB7F3F0000803F11FB7F3FF0
:1070600043EC7F3F97D37F3F0FB17F3FAB847F3FA0
:107070006D4E7F3F580E7F3F6DC47E3FB0707E3FA8
:1070800023137E3FCCAB7D3FAC3A7D3FC9BF7C3FF5
:10709000283B7C3FCDAC7B3FBE147B3F02737A3FE5
:1070A0009DC7793F9812793FF853783FC58B773F5A
:1070B00007BA763FC6DE753F0BFA743FDD0B743FAF
:1070C0004714733F5213723F0809713F73F56F3FC6
:1070D0009ED86E3F93B26D3F5E836C3F0C4B6B3F0F
:1070E000A7096A3F3CBF683FD86B673F880F663F80
:1070F00059AA643F5A3C633F97C5613F2146603FB0
:1071000005BE5E3F532D5D3F1A945B3F6AF2593FC7
:107110005348583FE595563F31DB543F4918533F9C
:107120003D4D513F207A4F3F029F4D3FF8BB4B3FB3
:1071300012D1493F65DE473F03E4453F01E2433F4B
:1071400070D8413F67C73F3FF9AE3D3F3B8F3B3F64
:107150004268393F233A373FF304353FC9C8323FCD
:10716000BB85303FDE3B2E3F4AEB2B3F1594293F3A
:107170005636273F25D2243F9967223FCBF61F3F43
:10718000D17F1D3FC6021B3FC07F183FD9F6153F78
:107190002A68133FCDD3103FDA390E3F6B9A0B3F6D
:1071A0009BF5083F824B063F3D9C033FE4E7003FD1
:1071B000275DFC3ECBE0F63EEA5AF13EBBCBEB3E10
:1071C0007533E63E4F92E03E80E8DA3E4136D53EEA
:1071D000CA7BCF3E53B9C93E15EFC33E491DBE3EE3
:1071E0002A44B83EEF63B23ED47CAC3E128FA63E3A
:1071F000E59AA03E86A09A3E32A0943E229A8E3E08
:10720000938E883EC07D823ECCCF783E7F9A6C3E86
:10721000135C603E0115543EC2C5473ECF6E3B3EF7
:10722000A2102F3EB5AB223E8340163E87CF093ECB
:1072300073B2FA3D2FBCE13D36BDC83D80B6AF3DCF
:1072400004A9963D752B7B3D2EFB483D2BC3163D77
:10725000B10AC93C920E493C00000000920E49BCA4
:10726000B10AC9BC2BC316BD2EFB48BD752B7BBD17
:1072700004A996BD80B6AFBD36BDC8BD2FBCE1BD6B
:1072800073B2FABD87CF09BE834016BEB5AB22BE2E
:10729000A2102FBECF6E3BBEC2C547BE011554BE65
:1072A000135C60BE7F9A6CBECCCF78BEC07D82BEC0
:1072B000938E88BE229A8EBE32A094BE86A09ABEBD
:1072C000E59AA0BE128FA6BED47CACBEEF63B2BE60
:1072D0002A44B8BE491DBEBE15EFC3BE53B9C9BED0
:1072E000CA7BCFBE4136D5BE80E8DABE4F92E0BE43
:1072F0007533E6BEBBCBEBBEEA5AF1BECBE0F6BEC1
:10730000275DFCBEE4E700BF3D9C03BF824B06BF88
:107310009BF508BF6B9A0BBFDA390EBFCDD310BFF8
:107320002A6813BFD9F615BFC07F18BFC6021BBF9E
:10733000D17F1DBFCBF61FBF996722BF25D224BFC7
:10734000563627BF159429BF4AEB2BBFDE3B2EBF15
:10735000BB8530BFC9C832BFF30435BF233A37BF3E
:10736000426839BF3B8F3BBFF9AE3DBF67C73FBFE8
:1073700070D841BF01E243BF03E445BF65DE47BFAC
:1073800012D149BFF8BB4BBF029F4DBF207A4FBF00
:107390003D4D51BF491853BF31DB54BFE59556BF32
:1073A000534858BF6AF259BF1A945BBF532D5DBF53
:1073B00005BE5EBF214660BF97C561BF5A3C63BF33
:1073C00059AA64BF880F66BFD86B67BF3CBF68BF50
:1073D000A7096ABF0C4B6BBF5E836CBF93B26DBFD6
:1073E0009ED86EBF73F56FBF080971BF521372BF8D
:1073F000471473BFDD0B74BF0BFA74BFC6DE75BFD5
:1074000007BA76BFC58B77BFF85378BF981279BF9C
:107410009DC779BF02737ABFBE147BBFCDAC7BBF63
:10742000283B7CBFC9BF7CBFAC3A7DBFCCAB7DBF26
:1074300023137EBFB0707EBF6DC47EBF580E7FBF6A
:107440006D4E7FBFAB847FBF0FB17FBF97D37FBF30
:1074500043EC7FBF11FB7FBF000080BF11FB7FBFEC
:1074600043EC7FBF97D37FBF0FB17FBFAB847FBF9C
:107470006D4E7FBF580E7FBF6DC47EBFB0707EBFA4
:1074800023137EBFCCAB7DBFAC3A7DBFC9BF7CBFF1
:10749000283B7CBFCDAC7BBFBE147BBF02737ABFE1
:1074A0009DC779BF981279BFF85378BFC58B77BF56
:1074B00007BA76BFC6DE75BF0BFA74BFDD0B74BFAB
:1074C000471473BF521372BF080971BF73F56FBFC2
:1074D0009ED86EBF93B26DBF5E836CBF0C4B6BBF0B
:1074E000A7096ABF3CBF68BFD86B67BF880F66BF7C
:1074F00059AA64BF5A3C63BF97C561BF214660BFAC
:1075000005BE5EBF532D5DBF1A945BBF6AF259BFC3
:10751000534858BFE59556BF31DB54BF491853BF98
:107520003D4D51BF207A4FBF029F4DBFF8BB4BBFAF
:1075300012D149BF65DE47BF03E445BF01E243BF47
:1075400070D841BF67C73FBFF9AE3DBF3B8F3BBF60
:10755000426839BF233A37BFF30435BFC9C832BFC9
:10756000BB8530BFDE3B2EBF4AEB2BBF159429BF36
:10757000563627BF25D224BF996722BFCBF61FBF3F
:10758000D17F1DBFC6021BBFC07F18BFD9F615BF74
:107590002A6813BFCDD310BFDA390EBF6B9A0BBF69
:1075A0009BF508BF824B06BF3D9C03BFE4E700BFCD
:1075B000275DFCBECBE0F6BEEA5AF1BEBBCBEBBE0C
:1075C0007533E6BE4F92E0BE80E8DABE4136D5BEE6
:1075D000CA7BCFBE53B9C9BE15EFC3BE491DBEBEDF
:1075E0002A44B8BEEF63B2BED47CACBE128FA6BE36
:1075F000E59AA0BE86A09ABE32A094BE229A8EBE04
:10760000938E88BEC07D82BECCCF78BE7F9A6CBE82
:10761000135C60BE011554BEC2C547BECF6E3BBEF3
:10762000A2102FBEB5AB22BE834016BE87CF09BEC7
:1076300073B2FABD2FBCE1BD36BDC8BD80B6AFBDCB
:1076400004A996BD752B7BBD2EFB48BD2BC316BD73
:10765000B10AC9BC920E49BC00000080A87701089D
:1076600000000020FC02000014420008A478010879
:10767000FC0200205C760100704200081C00000043
:1076800043000000F8FFFFFF0C0000000E000000A8
:107690000F0000002E000000100100004300000059
:1076A000F8FFFFFF00404040404040404040414123
:1076B00041414140404040404040404040404040C7
:1076C0004040404040050202020202020202020261
:1076D000020202020220202020202020202020025E
:1076E00002020202020290909090909010101010EE
:1076F000101010101010101010101010101010108A
:10770000020202020202888888888888080808081D
:1077100008080808080808080808080808080808E9
:107720000202020240000000000000000000000011
:107730000000000000000000000000000000000049
:107740000000000000000000000000000000000039
:107750000000000000000000000000000000000029
:107760000000000000000000000000000000000019
:107770000000000000000000000000000000000009
:1077800000000000000000000000000000000000F9
:1077900000000000000000000000000000000000E9
:1077A000000000000000000011A2023241325A0322
:1077B0005A7201296FC5120326EF32100916730998
:1077C0001018294232045A083A32204A402A232407
:1077D000F45A1438CA013A13FDFC140831FE1B0890
:1077E0003D041A5D041AB5041A0D141A0D08411748
:1077F00004030904120114020202164022AF40578A
:107800001D0201020343031A1A0313CD621B08C9A8
:10781000041AC5041AF1044B35634C413B0A06A90E
:107820002A40861C0902434F111CC03209B81B01B3
:10783000020B13052416100105240110090104246C
:107840000202052406170107058203081C1009041B
:1078500085320A1D07050102432C070581070938F7
:10786000442A40072A8107112B0907440A3B044494
:107870001369FD1408B5FC4C0815FFEC1A09101A21
:107880002D101A8B04C11A51181A45041A5D041AD6
:107890003904012808081101020304050607300213
:0478A00051C80000CB
:04000005080041D9D5
:00000001FF
