:020000040800F2
:10000000687901206D030008C9AC0008499F000809
:1000100025AC0008B12200086FD3000800000000E2
:1000200000000000000000000000000075B400089F
:10003000D93000080000000025B1000881B4000894
:100040008703000887030008870300088703000868
:100050008703000887030008870300088703000858
:10006000870300088703000887030008CD2F0008D6
:10007000D92F0008870300088703000887030008BA
:10008000870300088703000845210008870300084C
:1000900001D30008870300088703000887030008CE
:1000A0008703000887030008870300088703000808
:1000B00095B50008A1B5000887030008870300086C
:1000C00087030008870300088703000887030008E8
:1000D00087030008870300088703000861BC000845
:1000E00087030008870300088703000887030008C8
:1000F00087030008870300088703000887030008B8
:1001000087030008870300088703000887030008A7
:100110008703000887030008870300088703000897
:100120008703000887030008870300088703000887
:100130008703000887030008870300088703000877
:10014000870300088703000887030008C998000890
:100150008703000887030008870300088703000857
:100160008703000887030008870300088703000847
:100170008703000887030008870300088703000837
:100180008703000887030008870300088703000827
:100190008703000800000000B1350008870300084D
:1001A0008703000887030008870300088703000807
:1001B00087030008870300088703000887030008F7
:1001C00087030008870300088703000887030008E7
:1001D000870300088703000800F002F800F0B6F873
:1001E0000AA090E8000C82448344AAF10107DA4592
:1001F00001D100F0ABF8AFF2090EBAE80F0013F02E
:10020000010F18BFFB1A43F001031847C831010062
:10021000E83101000A444FF0000C10F8013B13F0E4
:10022000070408BF10F8014B1D1108BF10F8015B4F
:10023000641E05D010F8016B641E01F8016BF9D142
:1002400013F0080F1EBF10F8014BAD1C0C1B09D199
:100250006D1E58BF01F801CBFAD505E014F8016B0B
:1002600001F8016B6D1EF9D59142D6D3704700009D
:100270000023002400250026103A28BF78C1FBD8AF
:10028000520728BF30C148BF0B6070476E2900F08D
:10029000BD82702900F00784662912F07E826529EC
:1002A00012F07B82672912F07882612912F077823E
:1002B00003681B0A28BF41F08001692900F06A82A7
:1002C000642900F06782752900F064826F2900F0CC
:1002D0009483782900F0D383E92900F02F83E4295F
:1002E00000F02C83F52900F02983EF2900F0918399
:1002F000F82900F0D2830368DB0928BF41F08001B0
:10030000632901F0F780732901F0FC80E32901F0F3
:100310000781F32901F00C81002070471FB512F00E
:10032000B8F99DE8030000F091F901F05BF90400D1
:100330000020002111F026FB401C606000200021FD
:1003400011F00AFBE0601FBD10B510BD01F01CF9F3
:100350001146FFF7E3FF0EF01BFF01F0F9F903B4BC
:10036000FFF7F2FF03BC01F029FA000009488047BB
:1003700009480047FEE7FEE7FEE7FEE7FEE7FEE787
:10038000FEE7FEE7FEE7FEE704480549054A064B9F
:1003900070470000F9B40008D9010008683A00204D
:1003A00068790120687A0020687A002070B50646D6
:1003B00000F030F9056806F10B0020F00704B442A4
:1003C0009CBF002070BD2B466A68BAB11068A0427D
:1003D00010D304F1080188423CBF5068586007D32D
:1003E0005168101941601168091B01605860146060
:1003F000101D70BD13465268002AE7D121462846D9
:1004000000F010F90028DED170BD70B50446051F5C
:1004100000F000F90068002C14BF446870BD002C87
:1004200018BFAC423CBF20466468F8D301680A1884
:10043000AA4218BF456003D12A68054611440160ED
:1004400028684119A1421CBF6C6070BD6168696079
:1004500021680844286070BD7CB51D4616460C0016
:10046000009001D02044401E074B7B442A46694639
:100470000190304600F0E3F905461CB100206946C2
:1004800000F0F0F928467CBD01040000032A40F288
:10049000308010F0030C00F0158011F8013BBCF126
:1004A000020F624498BF11F801CB00F8013B38BF3E
:1004B00011F8013BA2F1040298BF00F801CB38BF4C
:1004C00000F8013B11F0030300F02580083AC0F06A
:1004D000088051F8043B083A51F804CBA0E8081012
:1004E000F5E7121D5CBF51F8043B40F8043BAFF345
:1004F0000080D20724BF11F8013B11F801CB48BF9F
:1005000011F8012B24BF00F8013B00F801CB48BFD4
:1005100000F8012B704710B5203AC0F00B80B1E80D
:100520001850203AA0E81850B1E81850A0E8185028
:10053000BFF4F5AF5FEA027C24BFB1E81850A0E831
:10054000185044BF18C918C0BDE810405FEA827C4B
:1005500024BF51F8043B40F8043B08BF7047D20762
:1005600028BF31F8023B48BF11F8012B28BF20F803
:10057000023B48BF00F8012B70474FF000020429EE
:10058000C0F0128010F0030C00F01B80CCF1040CC2
:10059000BCF1020F18BF00F8012BA8BF20F8022BF6
:1005A000A1EB0C0100F00DB85FEAC17C24BF00F89C
:1005B000012B00F8012B48BF00F8012B70474FF0CA
:1005C000000200B5134694469646203922BFA0E8A3
:1005D0000C50A0E80C50B1F12001BFF4F7AF0907AF
:1005E00028BFA0E80C5048BF0CC05DF804EB8900A0
:1005F00028BF40F8042B08BF704748BF20F8022BE3
:1006000011F0804F18BF00F8012B704770477047FA
:1006100070470000004870470C3A00207047704750
:100620007047704738B504460A4600206946AFF364
:100630000080002808BF38BD02460099204600F01F
:1006400009FB012038BD012000F096BFF8B5AFF3DB
:100650000080054600200C46102000BF0646A81961
:10066000A0420DD9324669460020AFF30080070052
:1006700008BF00F081FF0098A04218BF0546C419CA
:10068000FFF7C8FF05600746F01D20F00700461978
:10069000284600F00AF8B44208BFF8BDA21B314654
:1006A0003868BDE8F84000F0D5BA00210160C0E923
:1006B000011070471020704710B500F0C7FA0068AD
:1006C00010BD10B5044600F0C1FA046010BD70B54D
:1006D000044685690068C10601D5302600E0202661
:1006E000C00707D070BDD4E9012130469047206A89
:1006F000401C20626D1EF6D570BD70B5044685693C
:100700000078C00707D170BDD4E9012120209047AF
:10071000206A401C20626D1EF6D570BD09684A052E
:1007200001D540B27047C905FCD500B270470968D1
:100730004A0501D5C0B27047C905FCD580B27047E3
:1007400070B50C460546012A05D02878800600D5EC
:10075000EA69002302E0012305E05B1C934202D218
:10076000E05C0028F9D1A869E618C01AA861286AD7
:10077000184428622846FFF7AAFF04E0D5E90121C2
:1007800014F8010B9047B442F8D32846FFF7B5FFA1
:1007900070BD00002DE9F04106460024106875295F
:1007A000314616A510D0FFF7B9FF002802DA404203
:1007B00013A507E031688A0701D512A502E04907B1
:1007C00004D511A5012401E0FFF7B1FF00210A22A1
:1007D00006F1240709E0B0FBF2FCB0FBF2F302FBE8
:1007E0001C00303078541846491C0028F3D12346A9
:1007F0002A463046BDE8F04100F08BBA0000000008
:100800002D0000002B00000020000000116802688D
:10081000006A530501D508700AE0D30501D50880A8
:1008200006E0130603D5C217C1E9000200E0086024
:100830000120704701694A1C02610878704700B5C1
:100840008FB0CDE901310021059105497944CDE909
:1008500003101146684600F031F90FB000BD0000EA
:10086000E5FFFFFF0A6802F8010B0A607047D1E953
:1008700000239A4202D2531C0B6010707047000094
:100880002DE9FF5F15468A460446DFF8AC80F84440
:100890000027D8E900103E46CDE9001010E03AF8F4
:1008A00016106A4602A800F047FE411C07D02178C6
:1008B000890603D5E269391891420DD80744761CA0
:1008C0002078800602D5E069B84205DDAE42E6DB5D
:1008D0003AF816000028E2D1A069C01BA0612046AA
:1008E000FFF7F5FED8E90010CDE90010002017E071
:1008F0003AF818106A4602A800F01EFEB0F1FF3F59
:1009000081460BD000250DF1080B05E0D4E901214B
:100910001BF8050090476D1C4D45F7D308F1010009
:10092000B0428046E4DB206A384420622046FFF76C
:10093000E4FEBDE8FF9F0000AE2001002DE9F0417C
:100940008046D21D22F007020025D2E90002F529D7
:1009500015A614D0011E72F1000106DA0023D0EBB7
:10096000030063EB020211A608E0D8F800108B0721
:1009700001D50FA602E0490701D50EA601251146B3
:10098000002408F1240704E000F07EF930323A55E3
:10099000641C50EA0102F7D12B46324621464046FC
:1009A000BDE8F04100F0B5B9000000002D000000E6
:1009B0002B0000002000000030B4002100F12404CE
:1009C00008E002F00705D208303542EA4372DB083E
:1009D0006554491C52EA0305F3D10468002310A2B0
:1009E000250707D5A40600D421B1C46901230DA2AF
:1009F000641EC46130BC00F08CB910B504462146B9
:100A00001068FFF794FE02462046BDE81040002320
:100A1000D2E7D21D22F00701D1E90023CCE7000084
:100A20000000000030000000F0B40D460188090508
:100A300002D5214C7C4402E01F4C7C440E34002142
:100A400000F1240608E002F00F071209E75D42EA10
:100A500003721B097754491C52EA0307F3D1027849
:100A60000023120704D5702D06D009B102231134DA
:100A70002246F0BC00F04DB901231034F8E770B500
:100A800004460D4621461068FFF751FE02462946EE
:100A90002046BDE870400023C6E7D21D22F00703C0
:100AA000D3E90023C0E70368126843F02003036022
:100AB0000823C3610023B7E7101F01002DE9F05F91
:100AC000894604464FF0000ADFF874B1FB44C0F8D1
:100AD00020A02046E1688847002874D0252806D049
:100AE000D4E901219047206A401C2062F1E70026EA
:100AF0005F462046E16888472028054607DB312D00
:100B000005D2781910F8200C08B10643F1E7B007B8
:100B100001D526F00406C4F81CA00027C4F818A0CC
:100B20002A2D09D028460DF0A1FF38B304EB870821
:100B3000303DC8F8185019E059F8041B204604EB62
:100B400087029161E1688847012F054618D1E06965
:100B5000002820DA26F020061DE0D8F8180000EB67
:100B6000800005EB40003038C8F818002046E168E6
:100B7000884705460DF07AFF0028EED1012F0AD0F4
:100B80002E2D08D12046E16888477F1C0546022F9C
:100B900046F02006C4DBA069002803DA404246F094
:100BA0000106A061F00701D026F010066C2D0BD0D5
:100BB000682D09D04C2D39D06A2D35D0742D35D003
:100BC0007A2D33D016E038E0E1682F46204688477A
:100BD000B842054609D16C2F26D04FF48060E168F9
:100BE000064320468847054604E06C2F1AD04FF490
:100BF000807006430DB3A5F14100192802D82035B5
:100C000046F400664A462946204626604E46FFF7CF
:100C10003DFB80B101280BD0F61D26F0070000F146
:100C2000080956E74020E4E78020D8E70020D6E70F
:100C300006F104094DE7284652E7206ABDE8F09F17
:100C4000A01E010000487047043A00200048704789
:100C5000043A0020034640688C46002818BF8842AA
:100C60003CBF03464068F8D318681844884207D050
:100C70000CF1030020F00700001D411A521A014632
:100C8000081D0A60FFF7C1BB30B5B0F10A024FEA98
:100C9000900E71F100034EEA817EB0EB0E0061EB25
:100CA00091014FEA101E4EEA017E10EB0E0041EB5F
:100CB00011114FEA102E4EEA016E10EB0E0041EBBF
:100CC00011214FEA104E4EEA014E10EB0E0041EB9F
:100CD0001141401841F100014FEAD00040EA417053
:100CE0004FEAD10110EB80054FEA810444EA907489
:100CF00044EB01046D1944EB0404521BA3414FF073
:100D0000000348BF0A3200D530BD401C41F100014C
:100D100030BD2DE9F0470D4699469246044600F154
:100D200024080168880604D5E06921F010012160DB
:100D300000E00120A84201DD471B00E00027A16977
:100D40007A1902EB0900081AA0612078C00602D4C3
:100D50002046FFF7BCFC002608E0D4E901211AF880
:100D600006009047206A401C761C20624E45F4DB4A
:100D70002078C0060AD52046FFF7A9FC06E0D4E992
:100D8000012130209047206A401C2062381EA7F1C4
:100D90000107F4DC07E0D4E9012118F805009047C9
:100DA000206A401C2062281EA5F10105F3DC2046C4
:100DB000FFF7A3FC2078000602D50220BDE8F087EB
:100DC0000120FBE770472DE9FF4F0C461E464FF010
:100DD000FF378BB0D2E90001DDF860800A908A46C7
:100DE000C1F30A5505B93D46002108464FF0000001
:100DF000BAF1000F00F4400005DA00EB80004FF478
:100E0000400101EA50004FEA9059B9F1010F00DDAD
:100E1000B9460A9850EA4A000ED044F61050A5F29E
:100E2000FF3545432F14B8F1000F1ED07542291E1F
:100E30001EDDC9F100021CE0B8F1010F4FF0000007
:100E400001D0302103E0F24305E02154401CB042C0
:100E5000FBDB30460022002121540B99C1F80880A9
:100E6000C1E900200FB0BDE8F08FBD1B6D1CDEE7AF
:100E70004A4600DA694206A800F0F8FB06AB93E8A0
:100E8000070003AB83E8070050460A9900F092FD83
:100E90008DE80700A0F500501F3800900398002D42
:100EA0000ADD42F21F014A460844002303A90390C9
:100EB000684600F0FBFF09E0A0F500504A461F38E5
:100EC000002303A90390684601F005F88DE80700A8
:100ED0000004000C03D04FF0FF30410800E0104642
:100EE000B8F1000F03D00022009215461EE0751ED7
:100EF00005D4FFF7C9FE303262556D1EF9D5B346F1
:100F00000122084302D000227F1C04E02078302810
:100F100001D100227F1E002A099784D01DE0112DE7
:100F200007DAFFF7B1FE303262556D1C50EA01025C
:100F3000F5D1084302D00098C8B10EE00021681E28
:100F400005E0235C625C63542254401E491C8142CC
:100F5000F7DBAB46A81B401E0990002004F80B00ED
:100F60000B98099AC0F80880C0E9002B7AE711268F
:100F70004FF0000857E72DE9F04F88460446D21D90
:100F800022F0070191B0D1E90001CDE90A010CF08E
:100F900085FA02460B98C00F01D02D2007E020688B
:100FA000810701D52B2002E0202101EAC000032A9D
:100FB000099001D0072A05DB03464146204600F090
:100FC00015FB0BE12078800601D5E06900E00620E2
:100FD000B8F1650F814606D0B8F1660F18D0B8F1A8
:100FE000670F70D131E00020B9F1110F009001DBE3
:100FF000112301E009F101030AAA01A90CA8FFF7D6
:10100000E2FEDDE90C70002609F10105834647E0A8
:1010100001204B4600904FF000470AAA01A90CA8F6
:10102000FFF7D1FEDDE90DB00C995D46002610B941
:1010300009F101000D18B9EB050003D4C0F1FF362A
:1010400009F10105A5EB09002BE0B9F1010F01DA67
:101050004FF001090020B9F1110F0090484601DD61
:10106000112300E003460AAA01A90CA8FFF7ABFE72
:10107000DDE90C704D4600268346207800070AD42F
:10108000AB4500DA5D4601A8012D04DD411911F8D8
:10109000011C302907D04F4502DA17F1040F04DA9A
:1010A000012082460FE06D1EEEE7002F02DCED1BF3
:1010B0003E4403E0781CA84200DD7D1CB81B00F113
:1010C000010A4FF000472078000703D4AA4501DB4E
:1010D0004FF0FF3A0021B7F1004F0DF143088DF8B2
:1010E000431024D002202B23002F01DA7F422D232E
:1010F0000A21021EA0F1010000DC5FB197FBF1FCA8
:1011000097FBF1F201FB1C7C17460CF1300C08F840
:1011100001CDEEE7A8F1010003702188090501D592
:10112000452100E06521A0F1010800F8011C0998A3
:101130000FA9A1EB0807FF1D00B10120411901EB28
:10114000EA70A1693844081A401EA0612078C006E0
:1011500002D42046FFF7BBFA099828B1D4E901214F
:101160009047206A401C20622078C00622D5204685
:10117000FFF7ADFA1EE0002E04DBB34502DD01A847
:10118000805D00E03020D4E901219047206A401CB6
:101190002062761CAAF101005FEA000A0AD100F081
:1011A00021FAC0680168405CD4E901219047206AB7
:1011B000401C2062281EA5F10105DCDC07E0D4E913
:1011C000012118F8010B9047206A401C2062381E4C
:1011D000A7F10107F3DC2046FFF78FFA032011B0D7
:1011E00041E600002DE9F04F04460D46D21D22F0E5
:1011F000070089B0D0E90097484639460CF04EF90F
:101200000246F80F01D02D2307E02068810701D5A1
:101210002B2302E0202101EAC0038DF820300BB11E
:10122000012000E00020032A824601D0072A04DBC7
:101230002946204600F0DAF93FE12078800601D403
:101240000D2500E0E569C7F30A560D2D49DA0021A6
:101250004FEA175B08464FF00000002F00F44000F3
:1012600007DA00EB80004FF4400100EBD07001EA98
:1012700060008115012901DD4FF0FF3100224FEAA6
:10128000850CBCF1180F06D31346ACF118004FF0D3
:101290008052C24003E04FF4801323FA0CF30CF1A8
:1012A0000C0CBCF1200F04D3ACF1200C09FA0CF0AB
:1012B00001E007FA0CF000294FF0004801DD18B9F1
:1012C0000FE00ED140450CD319EB02095F4121B963
:1012D000404502D19F4329EA0209BBEB175F00D0CA
:1012E000761C2088000502D57B48784402E07A48C5
:1012F0007844193808AA302302F80A30037C0AF12E
:101300000101002E0AF1020A53546A4602DC4FF032
:10131000300101E04FF031014FF001088DF800106D
:1013200002D0A6F2FF3603E059EA470100D06B4E27
:10133000002D02DC2178090704D54FF002082E2188
:101340008DF80110C44600210BE0C7F303433F01B1
:10135000C35C491C6D1E02F80830052908F101081C
:1013600001DA002DF1DC00210CE000EB1973491CBF
:101370001B786D1E082902F808304FEA091908F198
:10138000010801DA002DF0DC21688B0602D516E099
:10139000A8F10108E04505DD02EB080313F8013C64
:1013A000302BF5D0B8F1000F09DD02EB080313F87C
:1013B000013C2E2B03D1090701D4A8F10108002D0F
:1013C00005DD3E2102F808106D1E08F10108407C81
:1013D000002E02F8080008F1010804DA2D207642F8
:1013E00002F8080002E02B2002F808000A214FF45E
:1013F0007A70864208F101080BDB96FBF0F330337C
:1014000002F8083096FBF0F308F1010800FB1366C0
:1014100001E0642E0CDB642096FBF0F3303302F81D
:10142000083096FBF0F308F1010800FB136601E0B9
:101430000A2E06DB96FBF1F0303002F8080008F1C6
:10144000010896FBF1F001FB1060303002F8080053
:10145000A16908F1010808EB050202EB0A00081A6D
:10146000A0612078C00602D42046FFF730F9216A37
:1014700008AE01EB0A00206204E0D4E9012116F86D
:10148000010B9047BAF1010AF7D22078C00602D5C5
:101490002046FFF71CF96E4609E016F8010B3E28BE
:1014A0000FD0D4E901219047206A401C2062B8F196
:1014B0000108F2D22046FFF720F909B00320BDE869
:1014C000F08F206A2844206203E0D4E90121302013
:1014D00090476D1EEBD3F8E7F517010002FCFFFF04
:1014E00010B5436913B1AFF3008001E0FFF728F9AD
:1014F000012010BD127800F124010A7000224A7008
:101500000122EDE711684FF0FF32E9E710B54369BA
:1015100013B1AFF3008001E0FFF7B2F9012010BD75
:10152000128800F1240182840022C2840122EDE7A6
:1015300011684FF0FF32E9E770B516460C460546D4
:1015400000F048F8036893F80101012806D0FF2C49
:101550000FD8185D68B101202C7070BDD3F8070159
:101560003246214603F2071303442846BDE8704083
:1015700018474FF0FF3070BD10B500F0F7F8BDE828
:10158000104000F0EEB870477546FFF75BFBAE46C3
:1015900005006946534620F00700854618B020B57F
:1015A000FEF7F2FEBDE820404FF000064FF00007C6
:1015B0004FF000084FF0000B21F00701AC46ACE8FB
:1015C000C009ACE8C009ACE8C009ACE8C0098D4668
:1015D0007047000010B500F005F8001D10BD00BFF9
:1015E000A503010000487047243A00202DE9F0418E
:1015F0001F46044603260168072A01F4006004DB45
:1016000008B116A505E016A503E008B115A500E090
:1016100015A521F010002060A069C01EA0610FB1C7
:10162000401EA0612046FFF752F84FB1D4E90121D6
:1016300038469047206A401C2062C01C206206E0A9
:10164000206AFAE7D4E9012115F8010B9047761ECC
:10165000F8D22046FFF751F8BDE8F0814E414E0028
:101660006E616E00494E4600696E66002DE9F047D6
:10167000814616468AB0354878440DC88DE80D007D
:1016800032487844801C03AC0DC884E80D0041F654
:101690009B300844372190FBF1F290FBF1F5A5F166
:1016A000800501FB12041B3C02D56442012000E0CE
:1016B0000020DFF898A080460027FA44AAF1BE0A6D
:1016C0000EE0E0070AD03246684607EB47010123E7
:1016D0000AEB810100F0FFFB8DE8070064107F1C1E
:1016E000002CEED1194F7F44AE3F19E0E80715D02A
:1016F00007EB04100DF1180A90E80E008AE80E00BE
:10170000C068F04201D1981908903246012306A919
:1017100003A800F0E0FB03AB83E807006D10641C36
:10172000002DE3D14FF0010332466946B8F1000FB6
:1017300003A802D000F0BAFB01E000F0CCFBC9E93D
:101740000001C9F808200AB0BDE8F087F8140100CC
:1017500010B50446AFF300802046BDE81040FEF708
:10176000FEBD002801D000F029B8704710B501284F
:1017700005D0002103A000F027F8012010BD09A129
:10178000F8E7000053494752544D454D3A204F75F4
:1017900074206F662068656170206D656D6F727969
:1017A000000000003A2048656170206D656D6F7221
:1017B0007920636F72727570746564000149182036
:1017C000ABBEFEE72600020070B505460C460A20B7
:1017D00000E06D1C00F052F835B128780028F8D1EF
:1017E00002E0641C00F04AF814B120780028F8D117
:1017F000BDE870400A2000F041B800004FF0013C05
:1018000050F8042B51F8043B9A4221D1A2EB0C036F
:10181000934313EACC1317D150F8042B51F8043B2F
:101820009A4215D1A2EB0C03934313EACC130BD1CC
:1018300050F8042B51F8043B9A4209D1A2EB0C0357
:10184000934313EACC13DBD04FF00000704700BF86
:10185000D01A01BAB1FA81F101F0180122FA01F0AF
:10186000CB40C1F12001DBB2C0B2C01A2CFA01F3A7
:10187000D11A914311EAC311E6D1704708B5694600
:101880008DF800000320ABBE08BD00009FED221ABA
:101890009FED222A20EE010AB5EE001A30EE010A71
:1018A000BDEEC01A11EE100AB5EE400AF1EE10FAC4
:1018B000B8BF013801EE100AB8EEC11A30EE410A85
:1018C00020EE020ABDEEC01A9FED152A11EE100A95
:1018D000002130EE021AB1EB502F42F6D0311CBF7E
:1018E0000020B0EE410AC0F6010101EE100A01EB42
:1018F0008001B8EE411A30EE410A91ED001A91EDE7
:10190000012AB7EE003A33EE403A23EE011A20EEF8
:10191000020A31EE000A704783F9223E00000044BB
:10192000000000C49FED201A9FED202A20EE010A3E
:10193000BDEEC01A11EE100AB5EE400AF1EE10FA33
:10194000B8BF013801EE100AB8EEC11A30EE410AF4
:1019500020EE020ABDEEC01A9FED152A11EE100A04
:10196000002130EE021AB1EB502F42F6D0311CBFED
:101970000020B0EE410AC0F6010101EE100A01EBB1
:101980008001B8EE411A30EE410A91ED001A91ED56
:10199000012AB7EE003A33EE403A23EE011A20EE68
:1019A000020A31EE000A704783F9223E000000442B
:1019B000000000C45FEA400C08BF91F0000F4FEA3E
:1019C0008C234FEAC12243EA51514FEA1C5018BF01
:1019D00000F5F0404FEA300018BF41F000415FEAE7
:1019E0006C5C00F02980BCF1FF3F08BF40F08040F4
:1019F0007047130C06BF12044FF0100C4FF0000C90
:101A0000130E04BF12020CF1080C130F04BF1201D5
:101A10000CF1040C930F04BF92000CF1020CD30FD5
:101A200004BF52000CF1010C11464FF00002A0F16E
:101A30001F00A0EB0C00704711F0004F08BF70476B
:101A400031F000413FF4D5AF0B0C06BF09044FF055
:101A5000100C4FF0000C0B0E04BF09020CF1080C27
:101A60000B0F04BF09010CF1040C8B0F04BF89009C
:101A70000CF1020CCB0F04BF49000CF1010CCCF1AE
:101A80002003A0EB0C0022FA03F302FA0CF241EA65
:101A9000030100F10100704720F07F4C80EA030051
:101AA00023F07F47ACEB070303F57C5300F00040C5
:101AB00003F1FF032DE980494FEA154B09B44FEAC2
:101AC000144325EA0B4E24EA03480FF2042606EBE2
:101AD000132749083E785FEA320203FB0667C7F521
:101AE000000707FB06F64FEA54374FEAD64606F1E1
:101AF000020607FB066CCCF1005C4FEA1C472CEA9F
:101B0000074C07FB06F40CFB06F504EB15464FEA01
:101B1000961634BF00204FF000404FEAD13706FB45
:101B200007FC4FEA1C4C0CFB0BF7D21B03FB0CF71A
:101B300061EB07010CFB0EF7B0EB074072EB1742AD
:101B40000CFB08F734BFA2EB0742B2EB074261EB94
:101B500017414FEA0C444FEA910706FB07FC4FEA96
:101B60001C4C0CFB0BF7B0EBC74072EB573203FB7E
:101B70000CF734BFA2EBC742B2EBC74261EB57315F
:101B80000CFB0EF7B0EBC70072EB57720CFB08F7BB
:101B900034BFA2EBC702B2EBC70261EB5771039FE0
:101BA0004FEA816141EA921104EBCC044FEAD1374C
:101BB0004FEA826206FB07FC42EA90124FEA80601D
:101BC0004FEA1C4C0CFB0BF7D21B03FB0CF761EB31
:101BD00007010CFB0EF7B0EB074072EB17420CFB52
:101BE00008F734BFA2EB0742B2EB074261EB1741A3
:101BF0004FEA8C554FEA910704EB9C2406FB07FC47
:101C00004FEA1C4C0CFB0BF7B0EBC74072EB5732A2
:101C100003FB0CF734BFA2EBC742B2EBC74261EB48
:101C200057310CFB0EF7B0EBC70072EB57720CFB91
:101C300008F734BFA2EBC702B2EBC70261EB5771E2
:101C400015EB4C254FEA816141EA92114FEA82621D
:101C50004FEAD13742EA901206FB07FC44F1000438
:101C60004FEA80604FEA1C4C0CFB0BF7D21B03FBC6
:101C70000CF761EB07010CFB0EF7B0EB074072EBC2
:101C800017420CFB08F734BFA2EB0742B2EB074246
:101C900061EB174115EB1C154FEA813141EA924186
:101CA0004FEA823242EA90424FEA80304FEA0C76A5
:101CB00044F1000448EA03434EEA0B484FF0000E9B
:101CC000B2EB080C71EB030724BF624639464EEBBA
:101CD0000E0E4FF0000B0018524149414BEB0B0B1D
:101CE000B2EB080C71EB03077BF1000B24BF6246DB
:101CF00039464EEB0E0E4FF0000B00185241494191
:101D00004BEB0B0BB2EB080C71EB03077BF1000BF9
:101D100024BF624639464EEB0E0E51EA020718BF49
:101D200046F0010616EB0E7655F1000254F1000163
:101D300003D5BDE88901BDE80088BDE88901BDE89B
:101D40000048B619524141EB0101A3F1010370476C
:101D500080807F7E7D7C7B7A7978777676757473E8
:101D6000727171706F6E6E6D6C6C6B6A6A696868A7
:101D7000676666656464636362616160605F5F5E3D
:101D80005E5D5D5C5C5B5B5A5A59595858575756B3
:101D90005655555554545353525252515150505018
:101DA0004F4F4F4E4E4D4D4D4C4C4C4B4B4B4A4A6A
:101DB0004A494949484848474747474646464545AE
:101DC00045444444444343434342424242414141E7
:101DD000002B9C4630D477002BD01CB54FEA370738
:101DE00003B44FF010004FF01001BAF1000F06D00D
:101DF000BCF1000FDCBF40F0080040F008014FF0DC
:101E000000000FBCBDE810400BF1010BBBF1010F4E
:101E100008BF5FEA170722BF12F1010211F10101A9
:101E20004FF0004143F1000300F0004043EA00009E
:101E30007047F9D35708D0E746EA064613F1400F3A
:101E40004FEA16461FDD13F1200FDFBF16430A4687
:101E5000002120335B42BED0C3F1200746EA06468C
:101E600002FA07F74FEA164646EA0706C3F12007CB
:101E700022FA03F201FA07F721FA03F14FF0000307
:101E800042EA0702A7E746EA020646EA06464FEAA2
:101E9000164646EA0106BCBF46EA0646360C4FF037
:101EA00000034FF000024FF0000194E72DE9804C51
:101EB0009A46934670B491E8380007C831EA400C5E
:101EC00048BF34EA430C03D5FFF7E6FDFFF780FF78
:101ED000F0BCBDE8008C2DE9804C9A46934670B466
:101EE00091E8380007C810F0804F08BF13F0804F0A
:101EF00003D100F005F8FFF76BFFF0BCBDE8008CE4
:101F000020F07F4780EA030023F07F4C07EB0C03AF
:101F1000A3F57C5300F00040A3F1FE0392F0000F04
:101F200000F0B38095F0000F00F077802DE90149B3
:101F30004FEA11404FEA144621EA004800FB06FC34
:101F400024EA064708FB06F607FB08F800FB07F73C
:101F500018EB06484CEB164C4FEA124B18EB0748AF
:101F60004FEA15464CEB174022EA0B4E0BFB06FCE2
:101F700025EA06470EFB06F607FB0EFE0BFB07F7EE
:101F80001EEB064E4CEB164C4FF000061EEB074EB8
:101F90004CEB174B18EB0B0840F1000018EB0E0B45
:101FA00058EB000840F100008F1A4FF000013CBFD1
:101FB000C943661B14BFB5EB040C00213CBFC943E9
:101FC000F61B4FEA17444EEA8E0E27EA04454FEA05
:101FD0001C4704FB07622CEA074C05FB07F70CFBC8
:101FE00005F604FB0CFC16EB074642EB174216EB1A
:101FF0000C4642EB1C421BEB060658EB0202414129
:1020000046EA9E0601D5BDE80189B619524141EB69
:102010000101A3F10103BDE801894FEA14454FEA2C
:10202000114724EA054621EA074C05FB07F406FBA5
:1020300007F70CFB06F105FB0CFC11EB074144EB29
:1020400017444FEA124711EB0C4144EB1C4422EABF
:10205000074C05FB07F206FB07F70CFB06F605FB32
:102060000CFC16EB074642EB174216EB0C4642EB14
:102070001C456A1854F1000148BF7047B619524117
:1020800041EB0101A3F10103704795F0000F37D038
:102090004FEA11424FEA144721EA024624EA074C6C
:1020A00002FB07F106FB07F70CFB06F402FB0CFC36
:1020B00014EB074441EB17414FEA154714EB0C446E
:1020C00041EB1C4125EA074C02FB07F506FB07F72D
:1020D0000CFB06F602FB0CFC16EB074645EB17451E
:1020E00016EB0C4645EB1C42121951F1000148BF9A
:1020F0007047B619524141EB0101A3F1010370474A
:102100004FEA14454FEA114724EA054621EA074CF5
:1021100005FB07F106FB07F70CFB06F24FF0000684
:1021200005FB0CFC12EB074241EB174112EB0C4292
:1021300051EB1C4148BF7047921841EB0101A3F1DC
:102140000103704710B5044802F0A4FDBDE810403B
:10215000024802F09FBD0000080400207404002023
:1021600010B5846AE16D11F0500F06D0E16DC9061B
:1021700025D5204602F08CFD10BDE06D40F40070C6
:10218000E06520680168090716D507F0A7FF78B158
:102190002068C068800400280ADBE06D20F48070AD
:1021A000E065E06DC00403D4E06D40F00100E0653F
:1021B000204602F06BFD10BDC0688007EBE7616D43
:1021C000496BBDE81040084710B5806AC16D41F009
:1021D0004001C165016E41F00401016602F058FD45
:1021E00010BD10B5806A02F052FD10BDF8B504466E
:1021F000002000902068816811F0010F4AD18168A9
:10220000254A114237D18168D5432940491C816054
:102210002068B0F1A04F02D02049884201D1204867
:1022200000E02048806800F0E07000020DD51E48F4
:102230001E490068B0FBF1F0401C00EB400080003C
:1022400000E0401E00900028FBD104F0A3FA0646EF
:102250001BE0816811F0010F03D181682940491CFE
:10226000816004F097FA801B02280ED9206800686C
:10227000C043C00709D0E06D40F01000E065206E5B
:1022800040F0010020660120F8BD20680168C943C4
:10229000C907DED10020F8BD3F00008000010050DA
:1022A0000003005000070050C4000020400D030050
:1022B000FEE700002DE9F0410D4C00250746C4E97A
:1022C0000025C4E902534FF48010C4E904504000D3
:1022D000C4E906050E46384603F09EFC0028FAD0F5
:1022E00032463846BDE8F041014903F079BB0000B1
:1022F000D02F002070B51A4D04462888401C80B2AB
:102300000521B0FBF1F2288001FB120018B9002171
:10231000204608F009FF94ED4D1AD4ED401A95EDD2
:10232000010A71EE610AF4EEC00AF1EE10FA02DD64
:1023300031EE400A08E0B1EE402AF4EEC20AF1EEB6
:1023400010FA04D231EE000A84ED4D0A01E0C4ED2A
:102350004D1A2046BDE8704000210BF009B800007E
:10236000A0030020002070470020704710B5002215
:102370000449054809F02BFE0449034809F01EFEF4
:10238000002010BD28270020581A0020281F0020F8
:1023900070B50C460C4905460868401C0860294683
:1023A0000A482268FEF772F82068082803D1002145
:1023B00006480DF00DFE2946054809F0FFFD0448CA
:1023C00009F0C4FD002070BD48020020F438002050
:1023D000581A002000207047094A10B5D2F8BC22D4
:1023E000D2F814220AB1012010BD0A460146044861
:1023F00009F0EDFDBDE81040014809F052BE0000B3
:10240000581A00202DE9F05F05462DED0C8BADF537
:10241000564D0E464FF428644FF0280AFE4890EDC2
:10242000EB0AB8EEC00A9FEDFDAA20EE0A0ADFED26
:10243000FC0A4DF24C204FF48071C0EE20BA684483
:10244000FEF7BDF84DF24C304FF400716844FEF7D2
:10245000B6F8DFEDF48AF448F3EE080AF34F90ED96
:102460002F0A0DF57050F6EE00AA20EE200AD6EDE8
:10247000030A80EE20CAB0EE680A80EDC70AC0EDFC
:10248000C3AA87ED000AFFF74DFA3846B0EE409A2E
:1024900090ED000AFFF7FAF90DF540534DF24C218B
:1024A00005F1EC00B0EE408A4FF480726944C3F845
:1024B000440FFEF730F843F61C726A4402F108013B
:1024C000081FF0EE681AB0EE4C1AF0EE490AB0EEB2
:1024D000480A0CF031FC0DF5705343F60C726A4457
:1024E00002F1080196ED030A081FD3EDC71A93ED18
:1024F000C91AD3EDC80A07F063FE96F8A4009FED51
:10250000CC8A00280DF5705090EDC40A20EE081A10
:1025100006D090EDC50A60EE080A90EDC30A05E00A
:1025200090EDC30A60EE080A90EDC50A20EE080A95
:1025300007F080F9BFA00DF039FD4FF4FA6003F009
:10254000CDF9DFEDCACA2846B0EE6C0A00F016FEDF
:10255000C7480DF02BFDC7A00DF028FD4FF0000976
:10256000F2EE049ADFF8C482002700BF98ED000A5B
:1025700030EE2B0A88ED000AFFF7D4F9B0EE409A4E
:1025800098ED000AFFF782F943F61C726A4402F1E3
:102590000801081FF0EE681AB0EE4C1AF0EE490A76
:1025A0000CF0CAFB0DF5705343F60C726A4402F14D
:1025B000080196ED030A081FD3EDC71A93EDC91A57
:1025C000D3EDC80A07F0FCFD96F8A40000280DF52D
:1025D000705090EDC40A20EE081A06D090EDC50A9E
:1025E00060EE080A90EDC30A05E090EDC30A60EEC4
:1025F000080A90EDC50A20EE080A07F01BF96420CE
:102600000CF062FB7F1C5745B0DBB0EE6C0A28462D
:1026100000F0B4FDDFF800B295ED030AD5ED040A31
:102620009BEDEBDA814830EE209AF8EECD0AD0ED42
:1026300000DA02A901EB89008DEEA00A42F6082219
:102640006A4430EE490A80ED000AB5F8CC1022F851
:10265000191019EE100A0FF0ABFFF8EECD0A07467D
:1026600088468DEEA00A10EE100A0FF0A1FF41EC93
:10267000100BCDE9007853EC102B8AA00DF096FCDE
:102680009BEDEB0A6948CD23F8EEC00A90ED001AE5
:10269000001D81EE200A037005234370082320EEFD
:1026A000290ABDEEC00A10EE101A29EE290A81701F
:1026B000090AC170BDEEC00A10EE102A0271110A9B
:1026C0004171DC21C171DBF804200146794802F533
:1026D000E0620CF007FA09F10109A145FFF642AFEB
:1026E0004FF00009DFF84481002700BF98ED000A91
:1026F00030EE6B0A88ED000AFFF714F9B0EE409A4D
:1027000098ED000AFFF7C2F843F61C726A4402F122
:102710000801081FF0EE681AB0EE4C1AF0EE490AF4
:102720000CF00AFB0DF5705343F60C726A4402F18B
:10273000080196ED030A081FD3EDC71A93EDC91AD5
:10274000D3EDC80A07F03CFD96F8A40000280DF56B
:10275000705090EDC40A20EE081A06D090EDC50A1C
:1027600060EE080A90EDC30A05E090EDC30A60EE42
:10277000080A90EDC50A20EE080A07F05BF864200D
:102780000CF0A2FA7F1C5745B0DBB0EE6C0A28466D
:1027900000F0F4FC95ED030AD5ED040A9BEDEBDAAD
:1027A000224830EE209AF8EECD0AD0ED00DA43F65A
:1027B0004C7169448DEEA00A01EB89004BF64C5236
:1027C0006A4430EE490A80ED000AB5F8CC1022F8D0
:1027D000191019EE100A0FF0EBFEF8EECD0A0746BD
:1027E00088468DEEA00A10EE100A0FF0E1FE41ECD3
:1027F000100BCDE9007853EC102B2AA00DF0D6FB7E
:102800009BEDEB0A0948F8EEC00A90ED001A81EE44
:10281000200A20EE290A4FE0F4300020DB0FC940E7
:102820000000D24700000000F42F0020CC0300205D
:102830009A99193F202D2D2D2D2D2D2D2D2D2D2DFE
:102840002D2D2D2D2D2D2D2D2D2D53544152542D0B
:102850002D2D2D2D2D2D2D2D2D2D2D2D2D2D2D2DA8
:102860002D2D2D2D200A0D0A0D00000017B751380F
:102870008C2B01082043757272656E7420416E675F
:102880006C65203A20526F746F7220416E676C65E0
:10289000203A2052617720456E636F646572200A8A
:1028A0000D0A0D00732C252E34662C252E34662C33
:1028B0006500000030060020BDEEC00A001DCD23DB
:1028C00010EE101A29EE290A037005234370BDEE9D
:1028D000C00A8170090A10EE102AC1700271110A33
:1028E0004171DC21C171DBF80420014608239948BD
:1028F00002F5E0620CF0F6F809F10109A145FFF6D6
:10290000F1AEB6EE001AF6EE000AB6EE000A06F0D8
:1029100091FF43F64C77B0EE688A0020F0EE000A93
:1029200002A96F4401EB8002884692ED000A221A48
:1029300007EB8202401C12ED011AA04230EE011A90
:1029400000EE104AB8EEC00A60EE201A81EE210AAD
:1029500030EE088AE6DBDFF800A29AEDEB0AB8EE6B
:10296000C00A20EE080A10EE100A0FF021FE41EC1A
:10297000100B9FED7A1B0AF0CDFD51EC100B0FF000
:1029800023F800EE100AB5EEC00AF1EE10FA01D2FB
:1029900030EE0A0A734846F64C1185ED020A80EDC6
:1029A000010A00204246694402EB800393ED000ACD
:1029B000231A07EB830353ED010A01EB8003401C4C
:1029C00030EE200AA04220EE2A0A83ED000AEBDB5B
:1029D00000279FED658A49F24C398B46E944002176
:1029E000621E5B4609EB8708C819403801D52044B0
:1029F00002E0904200DD001B03EB800098ED000A2E
:102A0000D0ED000A491C802900EE880A88ED000AF2
:102A1000EADB802F18DA03EB8700D8ED000A90ED8F
:102A2000000A70EE600A9AEDEB0AB8EEC00A20EEDA
:102A3000800A0BF07BF94DF24C3120EE0B0A694411
:102A400001EB870080ED000A00EE104AD8ED000A85
:102A50007F1CB8EEC01AA74280EE810A70EE288A69
:102A6000BDDB0DF50050B0F9081A4BF64C50684428
:102A700000EB440030F9020C084400EBD070471022
:102A80003AA00DF093FA45A00DF090FA4DF24C28C3
:102A9000CB460024E844D14604EBE7127F2A00DD50
:102AA000803AD9F8AC1361430BEB8100214690EDDD
:102AB000000A70EE680A95ED340AB8EEC00A20EEFE
:102AC000800AC0EE0A0ABDEEE00A10EE100A03B258
:102AD00028F812303EA00DF069FA641C802CDBDB74
:102AE0000DF540504FF480752A4644464146D0F8D3
:102AF000440FFDF710FD18482A4621461430FDF713
:102B00000AFD96F8A410C9F8001008F0BDFA1420C8
:102B100002F0E4FE32A00DF049FA142002F0DEFECD
:102B20000DF520509DED020AD0ED810A2E4930EEC0
:102B3000600AB0EEC00A10EE100A884206DD0320DB
:102B40000DF5564DBDEC0C8BBDE8F09F02200DF548
:102B5000564DF7E730060020F430002000000060FA
:102B6000FB211940F42F00200000003C0A0D2045F5
:102B70006E636F646572206E6F6E2D6C696E656139
:102B80007269747920636F6D70656E736174696FBB
:102B90006E207461626C650A0D0000002053616D47
:102BA000706C65204E756D626572203A204C6F6FB7
:102BB0006B757020496E646578203A204C6F6F6B9E
:102BC00075702056616C75650A0D0A0D00000000D5
:102BD000256420202025642020202564200A0D0063
:102BE000732C732C652C65000000C0402DE9F04F5C
:102BF0000C462DED088B89B0074606F045FE9FED8B
:102C0000C58AC548F3EE080AC44D90ED2F0AB0EE10
:102C1000489A20EE200AD4ED030A8DED028A80EE58
:102C200020AAB6EE000A8DED050A85ED008AB0EE09
:102C3000480AFEF777FEF0EE408A95ED000AFEF7AF
:102C400025FE02AA04A903A8F0EE491AB0EE4A1A1A
:102C5000F0EE680A0CF070F894ED030A05AA07A9D3
:102C600006A8DDED021A9DED041ADDED030A07F05A
:102C7000A7FA9DED060ADFEDAA8A20EE281A9DED3F
:102C8000070A60EE280A9DED050A20EE280A06F0E4
:102C9000D1FD4FF4FA6002F021FE9FEDA2BA384652
:102CA000B0EE4B0A00F06AFA012002F017FEDFEDE9
:102CB0009EAA9E4E95ED000A37E000BFFEF732FE59
:102CC000F0EE409A95ED000AFEF7E0FD02AA04A995
:102CD00003A8F0EE491AB0EE4A1AF0EE690A0CF0B9
:102CE0002BF894ED030A05AA07A906A8DDED021A40
:102CF0009DED041ADDED030A07F062FA012002F0EF
:102D0000EDFD9DED060A20EE281A9DED070A60EE06
:102D1000280A9DED050A20EE280A06F08BFD95EDA8
:102D2000000A30EE2A0A85ED000A10EE100AB042C1
:102D3000C4DBDFF8E8A185ED008ADFF8F4910AF141
:102D4000040A4FF0DC0BA846A0E000BFFEF7EAFD46
:102D5000F0EE409A98ED000AFEF798FD02AA04A949
:102D600003A8F0EE491AB0EE4A1AF0EE690A0BF029
:102D7000E3FF94ED030A05AA07A906A8DDED021AF0
:102D80009DED041ADDED030A07F01AFA012002F0A6
:102D9000A5FD9DED060A20EE281A9DED070A60EEBE
:102DA000280A9DED050A20EE280A06F043FDB0EE44
:102DB0004B0A384600F0E2F997ED030AD7ED040A12
:102DC00070EE209A19EE900A0FF0F2FB99EDEB0AE3
:102DD00098ED001A0546F8EEC00A0E4681EE200A6C
:102DE00010EE100A0FF0E4FB41EC100BCDE9005699
:102DF00053EC102B4FA00DF0D9F899EDEB0A98ED9C
:102E0000001ACD23F8EEC00A8AF8003001238AF8B0
:102E1000013081EE200AF2EE040A40490823091D20
:102E200020EE200ABDEEC00A10EE102A29EEA00AFC
:102E30008AF80220120A8AF80320BDEEC00A10EEBA
:102E4000100A8AF80400000A8AF805008AF807B018
:102E5000D9F804203B4802F5E0620BF043FE98ED00
:102E6000000AB5EEC00AF1EE10FA02DDF0EE400AFB
:102E700001E0F1EE400A10EE900A3349884201DA8F
:102E8000B0EE698A30EE2A0A88ED000A98ED000A51
:102E9000264A10EE101A9142FFF658AFB5EE001A0E
:102EA000F5EE000AB5EE000A06F0C4FC97ED030A41
:102EB000D7ED040A30EE200A30EE480AB5EEC00A1B
:102EC000F1EE10FA01DD012600E00026142002F0E8
:102ED00005FD1EA00DF06AF8CD218AF80010FD2135
:102EE0008AF801108AF807B00C49D9F804204D4639
:102EF0000823091D134802F5E0620BF0F3FD1420CE
:102F000002F0ECFC84F8A4602E6009B0BDEC088BE4
:102F1000BDE8F08F00000000F42F0020CC0300205B
:102F20009A99193F17B751380AD7233CDB0F49410B
:102F3000F4300020732C252E34662C252E34662C7C
:102F40006300000030060020ACC52737732C732CBB
:102F5000632C63001C4991ED060A80ED000A91ED97
:102F6000050A80ED010A91ED090A80ED020A91ED52
:102F7000080A80ED030A91ED0B0A80ED060A91ED37
:102F80000A0A80ED070A91ED0D0A80ED080A91ED1D
:102F90000C0A80ED090A91ED0F0A80ED040A91ED0B
:102FA0000E0A80ED050A91ED0B0A80ED0A0A91EDFB
:102FB0000A0A80ED0B0A91ED1D0A80ED0E0A91EDD3
:102FC0000A0A80ED0F0A7047F42F0020014802F032
:102FD00082BB0000B8050020014802F07CBB000065
:102FE000840900200D4902688A4201D20C4901E09F
:102FF0000B492031D2B21423083AB2FBF3F2436CEE
:1030000002F01F0223F00303194481640449803154
:10301000C16401219140016570470000080402402D
:10302000000802400179074A02EB81024265054A25
:103030004432491E826501F01F0201219140C165A1
:1030400070470000FC08024030B5D0E913456560C8
:10305000446D14B1D0E91645656090F8444004F021
:103060001F050124AC40056C6C60046863608368D4
:10307000102B036803D099600068C26030BD9A606D
:103080000068C16030BD0000F0B50F46164604462A
:10309000C57907210BF03EFE854219D1A0786178F1
:1030A000000440EA0121207822790143607900047C
:1030B00040EA0220E2781043800AC7F8CC004FF4BF
:1030C0008040A0EB91200349C6F8CC000120087095
:1030D000F0BD00006B000020704700002DE9F041BA
:1030E00016462DED028BB0EE408A0F4604460025B1
:1030F00006F088FBC4F8D070C4F8E46084ED028A5E
:103100004FF6FF70C4F8D450C4F8E8009FED180AD9
:1031100084ED048A84ED050A84ED060A84ED070A2D
:103120000020C4F8CC5000BF04EB8001401C81EDAE
:10313000080A2828F8DB0F4DDFED0F0A04F5FC70B4
:1031400095EDA70AB8EEC00A84ED7B0A0BF03AFFB2
:1031500095F88402400606D5BDEC028B2046BDE8FA
:10316000F0410BF0DBBCBDEC028BBDE8F081000050
:1031700000000000F430002000409C4610B50446DA
:103180002DED028B82B04FF6FF70B0EE408AADF8A5
:10319000000006F03DFB012201A9684606F024FB71
:1031A00006F030FBBDF804005949C0F30D00C4F827
:1031B000CC00D1F8B01321B9D4F8D010081AC4F853
:1031C000CC00014653480278DFED531A8AB100EE75
:1031D000101A0022B8EEC00A60EE210A94ED340AFB
:1031E000B8EEC01A80EE810A84ED050A84ED060A65
:1031F000027000EE901A94ED050A484BF8EEE00AD2
:1032000084ED060AD4F8D00020EEA11A00EE900A50
:10321000B8EEE02AC1EE020AC4ED050A70EEC00A5B
:1032200010EE902A9A4203DDD4F8D420521E07E013
:1032300010EE902A12F17F5FD4F8D42002D9521CEC
:10324000C4F8D420424300EE102AB8EEC01A00EEB3
:10325000101AB8EEC00A31EE000A20EE211A00EE74
:10326000100AB8EEC02A81EE020A84ED000A84ED4D
:10327000030A00EE100AD4F8E42094ED021AB8EE26
:10328000C00A4A4392FBF0F181EE802A00FB112034
:1032900000EE100AB8EEC00A02EE001AB5EEC01A2F
:1032A000F1EE10FA02D231EE211A06E011EE100A08
:1032B0001B49884201DD31EE611A10EE900A19496E
:1032C00084ED011A884202D930EEA10A06E010EE20
:1032D000900A1549884204DD30EEE10A20EE080A22
:1032E00001E020EE880AD4ED7B0AF5EEC00AF1EE8B
:1032F00010FA01DD012100E0002104F5FC700CF062
:1033000055FD84ED300A02B0BDEC028B10BD00000B
:10331000F4300020D0000020DB0FC9400000404006
:10332000DB0FC940DB0FC9BFDB0FC93F2DE9F041FF
:1033300016462DED028BB0EE408A0F46044600255E
:1033400006F06CFAC4F8D070C4F8E46084ED028A28
:103350004FF6FF70C4F8D450C4F8E8009FED120A8D
:1033600084ED048A84ED050A84ED060A84ED070ADB
:103370000020C4F8CC5000BF04EB8001401C81ED5C
:10338000080A2828F8DB0948DFED090A90EDA70AAA
:1033900004F5FC70B8EEC00A84ED7B0ABDEC028B2C
:1033A000BDE8F0410BF00EBE00000000F43000203C
:1033B00000409C4610B504462DED028B82B04FF6BE
:1033C000FF70B0EE408AADF8000006F02DFA012241
:1033D00001A9684606F0FAF906F020FABDF80400E3
:1033E0005949C0F30D00C4F8CC00D1F8B01321B98D
:1033F000D4F8D010081AC4F8CC00014653484278DB
:10340000DFED531A8AB100EE101A0022B8EEC00A9E
:1034100060EE210A94ED340AB8EEC01A80EE810AFB
:1034200084ED050A84ED060A427000EE901A94EDD0
:10343000050A484BF8EEE00A84ED060AD4F8D000FD
:1034400020EEA11A00EE900AB8EEE02AC1EE020AC0
:10345000C4ED050A70EEC00A10EE902A9A4203DD10
:10346000D4F8D420521E07E010EE902A12F17F5FAC
:10347000D4F8D42002D9521CC4F8D420424300EE20
:10348000102AB8EEC01A00EE101AB8EEC00A31EEDB
:10349000000A20EE211A00EE100AB8EEC02A81EED2
:1034A000020A84ED000A84ED030A00EE100AD4F843
:1034B000E42094ED021AB8EEC00A4A4392FBF0F100
:1034C00081EE802A00FB112000EE100AB8EEC00A3F
:1034D00002EE001AB5EEC01AF1EE10FA02D231EE89
:1034E000211A06E011EE100A1B49884201DD31EE77
:1034F000611A10EE900A194984ED011A884202D926
:1035000030EEA10A06E010EE900A1549884204DD6B
:1035100030EEE10A20EE080A01E020EE880AD4ED40
:103520007B0AF5EEC00AF1EE10FA01DD012100E0A0
:10353000002104F5FC700CF039FC84ED300A02B077
:10354000BDEC028B10BD0000F4300020D000002044
:10355000DB0FC94000004040DB0FC940DB0FC9BF93
:10356000DB0FC93FC0F8E420C0F8D010002380ED85
:10357000020A4FF6FF71C0F8D430C0F8E81080EDB1
:10358000040A9FED090A194680ED050A80ED060A36
:1035900080ED070AC0F8CC3000EB8102491C82EDB7
:1035A000080A2829F8DB70470000000072B6FEE721
:1035B000014802F038BB000030060020F0B5D1E928
:1035C00001650C692C430D68C6B145F080452C435C
:1035D000D1E90665354391F820704E69406D46EAA1
:1035E000076635438E8903EBC30300EBC30045EA4E
:1035F0000645E0E8024500230B4D0FE044EA854410
:10360000E6E7D418D65CE77846EA0766A7786478D8
:103610003F0447EA0424264340C01B1DCC682C5DB0
:103620009C42EED8F0BD0000A2270108144A117F89
:103630001448012901D003290FD1036823F4007332
:103640000360036843F400630360036823F40063CA
:103650000360036843F400730360022901D0032967
:103660000BD1016841F480510160016821F480515F
:103670000160016841F480610160002010777047AB
:1036800088000020002002400C490A6A520210D52E
:10369000C20703D04A6942F004024A61800703D599
:1036A000486940F400404861486940F4803048610E
:1036B0007047486948F204021043F4E700200240D2
:1036C0000E4A136A5B0201D5C90703D0516921F480
:1036D000006102E0516941F4006151615169C0B279
:1036E00021F47E7141EAC0005061506940F002004F
:1036F0005061506940F480305061704700200240B2
:10370000054910B54C6944F001044C610260BFF3F7
:103710006F8F436010BD000000200240094A10B5C1
:103720005469402344F480245461EFF3108272B64C
:1037300010C95B1E10C013F0FF03F9D182F310888B
:1037400010BD00000020024070B5064603F022F8CC
:103750000546134C07E000BF03F01CF8401BB042C5
:1037600001D9032070BD2069C003F5D420694CF253
:10377000FA3108400CD00B494A6802434A60010FF5
:1037800001D0A169A161010100D02061012070BDBB
:103790002069C00701D001202061002070BD000019
:1037A000002002408800002070B5B3EE080A2DED1D
:1037B000028B044680ED030A9FED650A80ED240A22
:1037C00080ED230A6348D0ED100AC4ED330AD0ED32
:1037D000120AC4ED340AD0ED170AC4ED370AD0ED51
:1037E000110AC4ED350AD0ED130AC4ED360A84ED92
:1037F000320A84ED310AD0ED140AC4ED380AD0ED56
:10380000250AC4ED530AD0ED260AC4ED540AD0EDC2
:10381000180AC4ED520AD0ED150AC4ED570AD0EDCE
:10382000270AC4ED3D0AD0ED280AC4ED3F0AD0EDC9
:10383000160AC4ED410AF2EE0E0AC4ED470AF1EE93
:10384000040AC4ED490ADFED440AC4ED480ADFED7D
:10385000430A0021C4ED4B0A84F83011D0ED190A57
:1038600004F58065C4ED2A0AD0ED1A0AC5ED050AF3
:10387000D0ED1B0AC4ED1A0A84ED1B0A84ED190A67
:1038800084ED180A90ED220A85ED0D0A90ED230AC9
:1038900085ED0C0A90ED240A85ED0E0A90ED2A0ABA
:1038A00085ED0F0A90ED300A85ED100A90ED2D0A96
:1038B0009FED2B8A20EE080ABCEEC00A10EE101A0B
:1038C000C4F84C1490ED2B0A85ED110A90ED2C0AEA
:1038D000244885ED120A90EDA60AB8EEC00A85EDDF
:1038E000140AD0EDA80AF8EEE00AC5ED300AD0EDD2
:1038F000A70A04F25440F8EEE00AC5ED310AF0EEF2
:10390000480A0BF05FFB95ED140AF0EE480A04F547
:103910008F600BF057FB95ED140AF0EE480A04F2A5
:103920009C400BF04FFB95ED300AF0EE480A04F591
:1039300099600BF047FB95ED310AF0EE480ABDECBB
:10394000028B04F2EC40BDE870400BF03BBB000082
:1039500000000000F42F00206F12833ACDCCCC3D44
:1039600000409C46F43000202DE9F04104462DED46
:10397000028B90F8A4309FEDED0AD0F8AC10D0F88F
:10398000B800D4F8BC20091A00EE901AD4F8B000A0
:10399000F8EEE00A801A60EE800A73B101EE100AB8
:1039A000B8EEC11A21EE000A84EC020AF1EE600AB8
:1039B00030EEC00A84ED020A0FE001EE100AC4EDF9
:1039C000020AB8EEC11A21EE000A84ED000AB1EE37
:1039D000400A30EE600A84ED010A94ED060AFDF714
:1039E000A1FFB0EE408A94ED060AFDF74FFFD04AE2
:1039F000F0EE408A136804F12C01081F0026CD4D1B
:103A00009FEDCD5A062B48D01268F0EE480A94EC90
:103A1000031A072AB0EE680A63D00BF02FF8C749E3
:103A2000D5ED010A5FF0010091ED040A30EEC00A05
:103A300085ED010AC0F1040201EB8202D2ED000A19
:103A4000C0F1050201EB8202401CC2ED000A05280C
:103A5000F0DBD4ED0B0AB1EE041AC1ED000A30EE32
:103A6000800A85ED010AC0EE011AC4ED161A94ED24
:103A7000310A94ED0A1A30EE412A84ED272A94ED9A
:103A8000320A94ED1A1A70EE601AF4EEC11AF1EED1
:103A900010FA29D2F0EE612A28E094EC031AF0EE35
:103AA000480AB0EE680A0AF0E9FF84ED195AB5F940
:103AB000020000EE100AB8EEC00ADFEDA10A20EE07
:103AC000200AFDF72FFFF7EE080A20EE200A84ED0A
:103AD000180A6888401C00B26880282800DB6E80C5
:103AE000B2E00AF0CBFFAFE0F0EE412AB1EE410ABE
:103AF000F4EEC02AF1EE10FA07DDF4EEC11AF1EE91
:103B000010FA04D2B0EE611A01E0B0EE401A84ED72
:103B1000281AB5EEC01AF1EE10FA01DCB1EE411A26
:103B200094ED380AB4EEC01AF1EE10FA01D284ED29
:103B3000285AB5EEC02AF1EE10FA01DCB1EE422AA5
:103B4000B4EEC02AF1EE10FA01D284ED275AD4ED7A
:103B5000231AD4ED350A94ED270A40EE801AC4EDFD
:103B6000231A94ED242AD4ED360AD4ED283A00EE37
:103B7000A32A84ED242A94ED373AD4ED032A23EEC8
:103B8000221AB4EEE11AF1EE10FA02DDF0EE610A4B
:103B900001E0F0EE410A23EE624AF4EEC40AF1EECF
:103BA00010FA07DDB4EEE11AF1EE10FA04DCF0EEE3
:103BB000411A01E063EE621AB4EEC21AF1EE10FA95
:103BC000C4ED231A02DDF0EE420A01E0F0EE410AF4
:103BD00023EE624AF4EEC40AF1EE10FA07DDB4EE09
:103BE000C21AF1EE10FA04DDB0EE421A01E023EE43
:103BF000621A84ED241AD4ED330A20EE800A84ED93
:103C0000260AD4ED340A20EEA32A70EE210A84EDB0
:103C1000252AC4ED180A32EE010A60EEA00A84EDEE
:103C2000190A40EE000AB0EE600A0AF084F984ED49
:103C30001C0A94ED030ADFED430A04F16401081F36
:103C400020EE200A0BF078FA04F18802111FD4ED5F
:103C5000191A94ED181A081FF0EE480AB0EE680A17
:103C60000BF06AF804F18000021FD0EC030A111F68
:103C700094ED030A0C3806F0A3FA3348334D94ED63
:103C80001D1A00684FF00108022710B3D4ED1E0A78
:103C900094ED1F0A05F0CEFDD4ED1D0A94ED1E0A29
:103CA000F4EEC00AF1EE10FA06DB94ED1F1AF4EE02
:103CB000C10AF1EE10FA22DAB4EEE00AF1EE10FADF
:103CC0002BDBD4ED1F0AB4EEE00AF1EE10FA26DA8F
:103CD00023E0D4ED1F0A94ED1E0A05F0ABFDD4EDF0
:103CE0001D0A94ED1E0AF4EEC00AF1EE10FA08DB8C
:103CF00094ED1F1AF4EEC10AF1EE10FA01DB2F70F9
:103D00000FE0B4EEE00AF1EE10FA08DBD4ED1F0A82
:103D1000B4EEE00AF1EE10FA01DB2E7001E085F856
:103D200000802F70BDEC028BBDE8F081FFFFA4BCCA
:103D300064030020C800002000000000E409002007
:103D40007CD9203E36CD133FF43000206A0000209D
:103D5000704700002DE9F84F4FF000090446CDF8F8
:103D600000900D4694F85820DFF8EC8361694F46C7
:103D70004846012A0AD00126F84A84F8586041B121
:103D8000296A012905D0A36EEBB129E00220BDE824
:103D9000F88F6868092838D1A96A4FF4785041B182
:103DA0002B6801F07C0100EA53400843E96A0843AC
:103DB00002E0296800EA51402368D96C11400143B0
:103DC000D964606621E0C4E91971A96A286A31B131
:103DD00001F07C01401E0843E96A084300E0401EF0
:103DE00029682B79C1F3846103F01F0399400143D3
:103DF000A06E401EA066636E43EA0103636604D1B1
:103E00002168C86C10401843C864206806F05AF94D
:103E100058B995F8250098B12068C16895F8262012
:103E200021F4401141EA4251C160206806F052F984
:103E30008246206806F046F95AEA00000DD0FCE000
:103E400095F8260095F82410400540EA01512068B5
:103E5000C26822F440121143E6E7A86A30B1E86A6A
:103E600020B195F8250001285ED003E095F82500E3
:103E7000012804D02068C16821F0007103E02068A7
:103E8000C16841F00071C16095F83000012852D03E
:103E90002068016921F002010161AA68296820688F
:103EA000B2F1004F38D006F030F92068416921F0B6
:103EB0000041416120686969C268C2F3C1025200D1
:103EC00091402A69042A45D000EB82002B68026EDB
:103ED000DFF88CC203F0F84302EA0C020B431A43EA
:103EE00042F00041016620682A69A96900EB82005E
:103EF000026E22F080720A430266297F22682869D6
:103F0000012924D05FF0000102EB8000026E22F054
:103F100000720A43026690E0002206F0F6F820687C
:103F2000416941F00041C4E7E06D40F02000E065E8
:103F30004FF00109A8E7D5E90D01084321680A6996
:103F400022F4FF7242F0020210430861A5E74FF02D
:103F50000071D9E7002106F0ABF8400320684FF06C
:103F6000000172D006F0A4F890FAA0F0B0FA80F147
:103F7000286842036ED090FAA0F0B0FA80F0814237
:103F800004D100221146206806F0D6F801212068ED
:103F900006F08EF8400320684FF001015DD006F076
:103FA00087F890FAA0F0B0FA80F12868420359D05F
:103FB00090FAA0F0B0FA80F0814204D100220121F1
:103FC000206806F0B9F80221206806F071F8400375
:103FD00020684FF0020148D006F06AF890FAA0F08D
:103FE000B0FA80F12868420344D090FAA0F0B0FA09
:103FF00080F0814204D100220221206806F09CF862
:104000000321206806F054F8400320684FF00301B4
:1040100033D006F04DF890FAA0F0B0FA80F128689D
:1040200042032FD090FAA0F0B0FA80F0814204D180
:1040300000220321206806F07FF82068816811F0D3
:10404000010F22D0B5E000E004E006F031F8C0F343
:1040500084618DE7C0F3846091E706F029F8C0F32E
:104060008461A2E7C0F38460A6E706F021F8C0F3FC
:104070008461B7E7C0F38460BBE706F019F8C0F3CA
:104080008461CCE7C0F38460D0E72A7B296850F8CC
:10409000B03FC1F3120C23EA0C0302F0180C314AB2
:1040A00022FA0CF20A4013430360E96841457DD1CE
:1040B000286841031BD090FAA0F1B1FA81F1491CA4
:1040C00001F01F0109294FEA403131D8002911D0F0
:1040D00090FAA0F1B1FA81F101F1010101F01F01A3
:1040E00006FA01F609D100BFC0F3846109E0C0F30C
:1040F0008461E4E7C0F38461EEE790FAA0F1B1FADD
:1041000081F101F1010101F01F0146EA816102D153
:10411000C0F3846003E090FAA0F0B0FA80F000F100
:10412000010000F01F0000EB400041EA00513AE0BE
:1041300000290ED090FAA0F1B1FA81F101F101014C
:1041400001F01F0106FA01F60ED100BFC0F3846131
:104150000EE0C0F38461F1E700007F4000401004EE
:1041600000F0FF03FFFF070090FAA0F1B1FA81F120
:1041700001F1010101F01F0146EA816102D1C0F3A2
:10418000846003E090FAA0F0B0FA80F000F1010042
:1041900000F01F003A4A00EB400002EB005041EAF9
:1041A000000141F00071AA68206800E001E005F01C
:1041B000ACFF34482B6803425ED022684FF0A04C1D
:1041C0003148324E324D624501D0AA4201D10146FA
:1041D00000E031468968DFF8BC8001F0E0714345BA
:1041E00003D0DFF8B480434520D15FEA01281DD415
:1041F000624505D0294B9A423ED1AA4200D03046B2
:1042000041F40001826822F0E0720A43826024488F
:1042100024490068B0FBF1F0801C00EB40008000F6
:1042200000E0401E00900028FBD125E0DFF87880F8
:1042300043450FD15FEAC1180CD4AA4202D11B4BEF
:104240009A4219D0624502D0AA4200D0304641F0CD
:1042500080710CE0DFF8588043450DD14B020BD440
:10426000AA4209D0624500D0304641F480018268FC
:1042700022F0E0720A43826084F85870484686E56E
:10428000000020FE000008800003005000070050DE
:1042900000010050000021C31000C0900006005033
:1042A000C4000020400D0300000052C7000500506C
:1042B000000084CB10B50921074800F015F8074C21
:1042C0000921C4F8B0000648AC3400F00DF80549E7
:1042D00020600220487010BD08040020F80900206A
:1042E00074040020000000200068A1F580710F39DF
:1042F0000ED0B1F5837F08D0B1F5037F02D0D0F89E
:1043000080007047D0F88C007047D0F88800704764
:10431000D0F88400704700002DE9F047044600689B
:104320004FF0A049DFF804A10F46484501D05045A1
:1043300001D13F4800E03F48806800F01F06A069B7
:10434000082805D05FF0200502F024FA804618E026
:104350004025F9E7781C14D002F01CFAA0EB080005
:10436000B84200D86FB920680068284209D1E06DD2
:1043700040F00400E065002084F858000320BDE808
:10438000F087206800682842E4D02168C86C10F4E7
:10439000C07F0CD00023C86810F4406F09D0002201
:1043A000DFF894C02548514505D1C84608E00123EF
:1043B000F1E70122F4E7614501D1804600E088463B
:1043C000884508D03EB1062E05D0072E03D05145B2
:1043D00003D1484604E0C86803E0614500D00846C0
:1043E000C068E66D46F40056E66523B9830112D431
:1043F0008AB182040FD40A6852060CD582020AD40C
:10440000E26D22F48052E265E26DD20503D4E26DE2
:1044100042F00102E265402D01D0202002E040047C
:1044200001D4602008600020A9E7000000010050CE
:104430000003005000070050000500500004005029
:10444000704700002DE9F041044600684FF0A04598
:104450003E4FA84201D0B84201D13D4900E03D495C
:10446000896801F01F0605F02DFE08BB2168C868A9
:10447000C96C00F0004011F4C07F00D190B194F8F5
:104480005800012814D0012084F858002046FDF778
:10449000ADFE01004FF000020CD084F85820084611
:1044A000BDE8F081E06D40F02000E0650120F7E715
:1044B0000220F5E7E06DC00504D5206E20F008006D
:1044C000206600E02266E06D42F20103984340F46A
:1044D0008050E0652068204BDFF880C0B84201D1F1
:1044E000AE4604E0984201D1E64600E086468645A5
:1044F00000D02EB9D4F85CE02EF4801EC4F85CE045
:104500004FF0600EC0F800E084F858202068B842F0
:1045100004D0984201D1654600E00546854209D0A5
:1045200046B1062E06D0072E04D0E06D40F4801070
:10453000E065B4E7C26812F0007FB0D18268084B32
:104540001A4042F008028260A9E700000001005012
:104550000003005000070050000500500004005008
:10456000C0FFFF7F2DE9F041044600684FF0A045F1
:104570004C4FA84201D0B84201D14B4900E04B4911
:10458000896801F01F0605F09DFD08BB2168C86819
:10459000C96C00F0004011F4C07F00D190B194F8D4
:1045A0005800012814D0012084F858002046FDF757
:1045B0001DFE01004FF000020CD084F85820084680
:1045C000BDE8F081E06D40F02000E0650120F7E7F4
:1045D0000220F5E7E06DC00504D5206E20F008004C
:1045E000206600E02266E06D42F20103984340F449
:1045F0008050E06520682E4BDFF8B8C0B84201D18A
:10460000AE4604E0984201D1E64600E08646864583
:1046100000D02EB9D4F85CE02EF4801EC4F85CE023
:104620004FF0600EC0F800E084F858202068C2689F
:10463000920203D5426842F480624260A069082871
:104640002068426807D022F0400242602068426839
:1046500042F0200206E022F0200242602068426818
:1046600042F0400242602068B84204D0984201D132
:10467000654600E00546854209D046B1062E06D0C3
:10468000072E04D0E06D40F48010E06597E7C26823
:1046900012F0007F93D18268074B1A4042F0080263
:1046A00082608CE7000100500003005000070050BA
:1046B0000005005000040050C0FFFF7F70477047A6
:1046C0002DE9F04F044690F858009BB00F464FF08C
:1046D000000B012812D0012084F8580000261796FC
:1046E000189620684FF0A048DFF81C91DFF81CA155
:1046F000474D404506D12846009508E002201BB0F2
:10470000BDE8F08F48450AD15046CDF800A005F02D
:10471000E1FC0090206805F0DDFC40B109E0E06DAF
:1047200040F02000E06584F858600120E7E7009839
:1047300050B1E06D40F02000E0654FF0010B00BF8C
:1047400084F858605846DAE720684146884201D02C
:10475000A84201D12F4800E02F48D7F800C02F4BC6
:1047600040F61F72BCF1000F2DD0D0F808C094F8AD
:1047700038802CF4604C4CEA483CD7F804804CEA72
:10478000080CC0F808C0D4F800C08C4501D0AC4576
:1047900004D18968AB6801F0010109E0D9F808107B
:1047A000DAF8085001F0010105F001059B68294382
:1047B00003F001031943C3D1BB6839681943836807
:1047C000934319431DE0876827F460478760276893
:1047D0008F4201D0AF4204D18968AB6801F001017A
:1047E00009E0D9F80810DAF8085001F0010105F0E5
:1047F00001059B68294303F001031943A0D1816897
:10480000914381609CE700000004005000050050C7
:104810000001005000030050000700500006005047
:104820002DE9F84F00270446009790F85800DFF86C
:104830001C840D46B946012811D0012684F8586021
:10484000206805F043FC60B1E06D40F02000E065B9
:104850005FF0010784F858903846BDE8F88F0220D1
:10486000FBE7D5E900210C23206803EA91131844E3
:10487000036B01F01F014FF01F0C0CFA01FCC2F397
:10488000846223EA0C038A4013430363206805F023
:104890001DFC8246206805F011FC5AEA00003CD15C
:1048A000AA6829682068B2F1004F37D005F01EFCD5
:1048B0002068416921F00041416120686969C2684E
:1048C000C2F3C102520091402A69042A31D000EBA0
:1048D00082002B68026EDFF878C303F0F84302EA27
:1048E0000C020B431A4342F000410166226828691A
:1048F000A96902EB8000026E22F080720A43026610
:10490000297F22682869012910D0002102EB80004C
:10491000026E22F000720A4302667DE0002205F07A
:10492000E5FB2068416941F00041C5E74FF00071A7
:10493000ECE7002105F0B6FB400320684FF00001D2
:1049400072D005F0AFFB90FAA0F0B0FA80F12868C1
:1049500042036ED090FAA0F0B0FA80F0814204D108
:1049600000221146206805F0DFFB0121206805F0D8
:1049700099FB400320684FF001015DD005F092FBE8
:1049800090FAA0F0B0FA80F12868420359D090FA6A
:10499000A0F0B0FA80F0814204D100220121206809
:1049A00005F0C2FB0221206805F07CFB4003206873
:1049B0004FF0020148D005F075FB90FAA0F0B0FA74
:1049C00080F12868420344D090FAA0F0B0FA80F059
:1049D000814204D100220221206805F0A5FB0321B9
:1049E000206805F05FFB400320684FF0030133D0DF
:1049F00005F058FB90FAA0F0B0FA80F12868420365
:104A00002FD090FAA0F0B0FA80F0814204D10022B9
:104A10000321206805F088FB2068816811F0010FF0
:104A200022D0ACE000E004E005F03CFBC0F3846180
:104A30008DE7C0F3846091E705F034FBC0F3846137
:104A4000A2E7C0F38460A6E705F02CFBC0F3846105
:104A5000B7E7C0F38460BBE705F024FBC0F38461D3
:104A6000CCE7C0F38460D0E72A7B296850F8B03FD8
:104A7000C1F3120C23EA0C0302F0180C754A22FA57
:104A80000CF20A4013430360E968414577D1286876
:104A900041031CD090FAA0F1B1FA81F1491C01F058
:104AA0001F0109294FEA403132D8002912D000BF36
:104AB00090FAA0F1B1FA81F101F1010101F01F01B9
:104AC00006FA01F609D100BFC0F3846109E0C0F322
:104AD0008461E3E7C0F38461EEE790FAA0F1B1FAF4
:104AE00081F101F1010101F01F0146EA816102D16A
:104AF000C0F3846003E090FAA0F0B0FA80F000F117
:104B0000010000F01F0000EB400041EA005132E0DC
:104B100000290ED090FAA0F1B1FA81F101F1010162
:104B200001F01F0106FA01F606D100BFC0F384614F
:104B300006E0C0F38461F1E790FAA0F1B1FA81F1E7
:104B400001F1010101F01F0146EA816102D1C0F3C8
:104B5000846003E090FAA0F0B0FA80F000F1010068
:104B600000F01F003C4A00EB400002EB005041EA1D
:104B7000000141F00071AA68206805F0B7FA3748D3
:104B80002B6803423FF466AE21684FF0A04C3448D6
:104B9000344E354D614501D0A94201D1024600E0B5
:104BA00032469268DFF8C48002F0E072434503D0D9
:104BB000DFF8BC80434521D15FEA02281ED461455D
:104BC00006D02C4B99427FF445AEA94200D0304626
:104BD00042F40001826822F0E0720A4382602648B3
:104BE00026490068B0FBF1F0401C00EB400080005B
:104BF00000E0401E00900028FBD12BE6DFF880800B
:104C000043450FD15FEAC2180CD4A94202D11D4B13
:104C10009942F2D0614502D0A94200D0304642F01C
:104C200080710CE0DFF860804345E6D15302E4D4A4
:104C3000A942E2D0614500D0304642F4800182684A
:104C400022F0E0720A43826004E6000000007F4028
:104C500000F0FF03FFFF0700000020FE00000880B7
:104C6000000300500007005000010050000021C365
:104C70001000C09000060050C4000020400D03004A
:104C8000000052C700050050000084CB70477047F9
:104C9000704700002DE9F84F044600680668456833
:104CA0004FF0A048DFF89092404501D0484501D12F
:104CB000A24800E0A248806800F01F07B0070ED5A8
:104CC000A8070CD5E06DC00603D4E06D40F4006089
:104CD000E0652046FFF73CF8216802200860DFF815
:104CE00064B2DFF864A2700701D5680703D4300707
:104CF0003FD528073DD5E06DC00603D4E06D40F4F4
:104D00000070E065206805F0E9F960B32068484567
:104D100001D1424604E0584501D1524600E0024626
:104D2000824208D03FB1052F05D0092F03D0484556
:104D300003D1414606E0C16805E0584501D151461E
:104D400000E00146C96889040DD4016809070AD545
:104D500005F0BCF958B3E06D40F01000E065206E3E
:104D600040F0010020662046FFF790FF21680C20EC
:104D70000860B00601D5A80603D470065FD56806A2
:104D80005DD5E06DC00603D4E06D40F40050E065F1
:104D90002068C16C11F4C07F1AD00021009105F089
:104DA0009DF902462068484514D1434617E0206823
:104DB000416821F00C014160E06D20F48070E065F5
:104DC000E06DC004CFD4E06D40F00100E065CAE7BB
:104DD0000121E3E7584501D1534600E003468342F1
:104DE00008D03FB1062F05D0072F03D0484503D187
:104DF000414606E0C16805E0584501D1514600E052
:104E00000146C968009BA3B18B0102D58AB18A040F
:104E10000FD4026852060CD589020AD405F04EF967
:104E2000F0B3E06D40F01000E065206E40F001004E
:104E300020662046FFF73EFA2168602008603006B1
:104E40000BD5280609D5E06D40F48030E06520469A
:104E500000F094F9216880200860F0050CD5E80581
:104E60000AD5E06D40F40030E0652046FFF726FCEF
:104E700021684FF480700860B0050CD5A8050AD5EC
:104E8000E06D40F48020E0652046FFF718FC2168C3
:104E90004FF400700860F00631D5E8062FD500E029
:104EA00009E0E06BE8B12068EFB3404501D0484528
:104EB00012D1224811E02068416821F06001416070
:104EC000E06D20F48050E065E06DC005B1D4E06D88
:104ED00040F00100E065ACE71948806800F46040EC
:104EE00050B1E06D40F48060E065206E40F002005B
:104EF00020662046FFF7CCFE216810200860700570
:104F000017D5680515D5E06D40F48040E065206E4A
:104F100040F00800206621684FF480600860204659
:104F2000BDE8F84F00E001E0FFF78ABAC068C007AB
:104F3000D6E7BDE8F88F00000001005000030050E4
:104F4000000700500005005000040050F8B54FF075
:104F5000000504002E46009502D0E06D10B107E078
:104F60000120F8BD204600F00BF9266684F8586051
:104F700020688168C1F3407119B18168734A11409A
:104F8000816020688168C1F3007189B98168704AC5
:104F9000114041F0805181606E486F490068B0FB5C
:104FA000F1F04000801C00E0401E00900028FBD182
:104FB00020688168C1F3007141B9E16D41F01001D1
:104FC000E165216E41F001012166012505F07EF8C1
:104FD000E16DC90600D430B1E06D40F01000E0652D
:104FE00001252846F8BDE06D20F4807040F00200F5
:104FF000E0652068816811F0010F27D14FF0A043D0
:10500000564A984201D0904204D19968966801F0BE
:1050100001010AE052498968524E01F00101B66867
:1050200006F001063143504EB66806F001063143E2
:105030000CD1984201D0904201D14C4800E04C483C
:105040006168826822F47C120A438260E168E06B46
:10505000627F0843A16841EA4231084394F8241072
:1050600040EA0140012904D1218D424A02EB41412D
:105070000843E16A29B101F47871226B014342EAE5
:1050800001002268D1683C4B19400143D16020687F
:105090000169626B21F0406111430161206805F0F4
:1050A0000DF870BB207F94F838102268800340EA26
:1050B0004100D16844F2020399430143D160206961
:1050C0000028206801690AD041F48031016120681C
:1050D00050F8C01F22696FF30D01114307E021F45E
:1050E00080310161206850F8C01F6FF30D0101602D
:1050F00094F8400001280CD02068016921F00101DA
:105100000161606901282068016B21F00F0111D055
:1051100013E0D4E911010843D4E913121143084301
:1051200021680A6940F2FC739A43104340F0010081
:105130000861E6E7226A521E11430163E06D20F028
:10514000020040F00100E0654BE70000C0FFFF5F98
:10515000C0FFFF7FC4000020400D0300000100508D
:1051600000040050000500500006005000030050ED
:10517000000700500000FEFF0740F0FF70470000EE
:105180002DE9F0479CB00646142115A8FBF717FA45
:1051900054216846FBF713FA4FF4004130680025AC
:1051A0008A03714FDFF8C4A1714C4FF001094FF031
:1051B0000308B0F1A04F10D06E4B984265D16846FD
:1051C0001192009102F02CFF08B1FEF7EFF9386858
:1051D000401C3860012835D03CE0684611920091AF
:1051E00002F01EFF08B1FEF7E1F93868401C386094
:1051F000012807D1E06C40F40050E064E06C00F45A
:1052000000501A90E06C40F00400E064E06C00F0A4
:1052100004001A90E06C40F00100E064E06C15A915
:1052200000F001001A900420444681E83100504605
:1052300001F086F915A94FF09040CDF85490CDE9D2
:10524000164515E0E06C40F40050E064E06C00F4BA
:1052500000501A90E06C40F00400E064E06CCDF87F
:10526000549000F00400CDE916851A9015A9504617
:1052700001F066F900220121122002F02BF9122020
:1052800002F01AF91CB0BDE8F0873B4BDFF8EC9058
:105290009A01D103984225D168460092129102F0FA
:1052A000BFFE08B1FEF782F97868401C78600128DB
:1052B00007D1E06C40F48040E064E06C00F4804092
:1052C0001A90E06C40F00200E064E06CCDF854808D
:1052D00000F00200CDE916851A9015A9484601F0A4
:1052E0002FF9CFE7264B9842CCD168460092129115
:1052F00002F096FE08B1FEF759F97868401C786014
:10530000012807D1E06C40F48040E064E06C00F4D8
:1053100080401A90E06C40F00200E064E06C179569
:1053200000F002001A904FF45040CDE9150815A97D
:10533000484601F005F9144C124820602620C4E9C3
:1053400001058020C4E90350400060618000C4E989
:1053500006052046256200F01BFA08B1FEF726F983
:105360007465A6628EE70000700000200008004807
:1053700000100240000100500004005000040048EA
:105380000005005008000240B80500202DE9F0415A
:10539000044600684FF0A045444FA84201D0B842EF
:1053A00001D1434900E04349896801F01F0604F038
:1053B0008DFE18B102210846BDE8F08194F858002E
:1053C00001280CD0012084F858002046FCF70EFF7D
:1053D00001004FF0000204D084F85820EBE70220CF
:1053E000EAE7E06D40F60163984340F48070E065C1
:1053F0002068314BDFF8C4C0B84201D1AE4604E0AA
:10540000984201D1E64600E08646864500D02EB996
:10541000D4F85CE02EF4801EC4F85CE0D4F85CE0C4
:105420005FEACE4E06D5D4F860E02EF0060EC4F842
:1054300060E000E022664FF01C0EC0F800E084F847
:1054400058202068B84201D12A4604E0984201D190
:10545000624600E0024682420ED06EB1052E0BD0AD
:10546000092E09D0E26D42F48012E265B84213D0F1
:10547000984210D165460FE0C268920105D5E26DF1
:1054800022F4005242F48052E26582680C4B1A40CA
:10549000121D82608FE70546E86880018BD5E06DBC
:1054A00020F4005040F48050E06584E70001005093
:1054B0000003005000070050000500500004005099
:1054C000C0FFFF7F2DE9F047044600684FF0A04879
:1054D0003D4F91468A46404501D0B84201D13B49F3
:1054E00000E03B49896801F01F0504F0EFFD00284A
:1054F00068D194F85800012864D0012084F858003D
:1055000034492068884201D1012000E00020401E7B
:1055100028424FF0000605D0052D03D0092D01D0FB
:10552000012003E02046FCF761FE18B184F85860C2
:10553000BDE8F087E06D40F60161884340F480707B
:10554000E0652068B84201D1414605E02249884221
:1055500001D1224900E00146814200D01DB9E06D31
:1055600020F48010E065E06DC00404D5206E20F0CA
:105570000600206600E02666616D1948C862616D0C
:1055800018480863616D1848486321681C2008604A
:1055900084F858602068416841F01001416020683B
:1055A000C16841F00101C16021684B46524640315B
:1055B000606D00F04DF921688A680C4B1A40121D8D
:1055C0008A60B5E70220B3E70001005000030050F5
:1055D0000007005000060050000500500004005075
:1055E00061210008E3210008C9210008C0FFFF7FF6
:1055F00010B590F8253000210122022B03D00421A0
:10560000C163012122E003681C6824F00E041C60C1
:10561000836C1C6824F480741C6003681C6824F08C
:1056200001041C6090F84430046C03F01F0302FA7C
:1056300003F36360D0E913345C60436D33B11C68DD
:1056400024F480741C60D0E916345C6080F8252056
:10565000002280F82420084610BD70B590F825205F
:10566000002401212346022A07D00422C26380F8C5
:10567000251080F82430012429E00268156825F0FF
:105680000E0515600268156825F001051560826C2D
:10569000156825F48075156090F84420056C02F0BB
:1056A0001F0201FA02F26A60D0E913255560426DCB
:1056B00032B1156825F480751560D0E9162555605E
:1056C00080F8251080F82430816B01B1884720468E
:1056D00070BDC06B7047F0B4016C0C6801680D6858
:1056E00090F8442002F01F06042202FA06F3234237
:1056F00011D06B070FD50B689B0603D40B6823F002
:1057000004030B6090F8441001F01F018A40016C03
:105710004A60016B1DE0022303FA06F727424FF0AF
:10572000000C4FF0010218D0AF0716D50C68A40684
:1057300005D40C6824F00A040C6080F8252090F849
:10574000441001F01F018B40016C4B6080F824C0B5
:10575000C16A00291AD0F0BC08470823B34023428D
:1057600014D02B0712D50B6823F00E030B6090F8B2
:105770004410036C01F01F0102FA01F15960C26389
:1057800080F8252080F824C0416BE2E7F0BC704728
:1057900070B504000CD02B4A21681420914209D224
:1057A000294A0A44B2FBF0F08000606427480AE00E
:1057B000012070BD234A52420A44B2FBF0F080003F
:1057C0006064204808382064022084F825000A68B4
:1057D00047F6F0708243D4E902031843D4E9043554
:1057E0002B431843A3691843E3691843236A1843FA
:1057F000104308602046FDF7F5FBA0680025B0F5D2
:10580000804F00D16560A16C20790860D4E9130154
:1058100041606068401E032808D82046FDF702FC5E
:10582000606D0560D4E91601416002E06565A5651B
:10583000E565E563012084F8250084F82450002004
:1058400070BD000008040240F8FFFDBF00000240E8
:1058500070B5044690F82400002501280CD00120E2
:1058600084F8240094F825600020012E06D084F8E6
:1058700024000225284670BD022070BD022684F84F
:105880002560E0632068066826F001060660204671
:10589000FDF7DAFB206B00282068016802D041F098
:1058A0000E0106E021F0040101602068016841F06A
:1058B0000A010160A06C0168C90303D5016841F4C5
:1058C00080710160606D18B1016841F48071016000
:1058D0002068016841F001010160CBE770B5044622
:1058E00000F058FF0546601C02D00448406804449C
:1058F00000F050FF401BA042FAD370BD7C00002096
:1059000030B590F85C30012B07D0022B05D0016E2A
:1059100041F002010166012030BD0468A36D4D070E
:1059200001D0DD071DD011F0380F01D09D0718D52B
:1059300011F4E07F01D05D0713D511F4F05F01D0C1
:105940001D070ED511F4604F01D0DD0609D511F405
:10595000403F01D09D0604D511F47C0F05D05D06B3
:1059600003D4E56D45F00105E5654C0701D0DC0782
:105970001DD111F0380F01D09C0718D411F4E07F2D
:1059800001D05C0713D411F4F05F01D01C070ED4D2
:1059900011F4604F01D0DC0609D411F4403F01D06E
:1059A0009C0604D411F47C0F06D05B0604D5036872
:1059B000DC6D44F00204DC650B0604D5036853F883
:1059C000DC4F14431C60CB0504D5036853F8E04F4B
:1059D00014431C600068426D0A434265002030BDDC
:1059E00070B5044690F85C00022803D0206E40F0A9
:1059F000080007E02068D0F8C4309B0205D5206E6F
:105A000040F400702066012070BDD0F8C400C0F3DF
:105A100001452B462046FDF7D1FD21680120A84015
:105A2000C1F8CC00A065002070BD10B590F85C20D6
:105A3000012A07D0022A05D0016E41F00201016659
:105A4000012010BD0A687AB10B7B0A690C7A42EA20
:105A500043734A69406C496842EA847200EBC100B2
:105A6000C0E90032002010BD0B7A4A690C8A42EA74
:105A700083720B7B006CDB06496843EA04431A43DC
:105A800040F82120EEE730B590F85C50039C012DE2
:105A900005D0016E41F004010166012030BD09010D
:105AA000006841EA820141EA430150F8802F214316
:105AB00022F03F0211430160002030BD90F85C30BD
:105AC000012B05D0016E41F00401016601207047F1
:105AD000006842EA012181640020704790F85C1060
:105AE000012905D0016E41F00401016601207047D3
:105AF0000068C16841F40001C16000207047704730
:105B000070470000F0B590F85C400025022C03D0EF
:105B1000016E41F0080160E00468402946D0D4F8E5
:105B20009860360756D0D4F89860F60104D5D4F8BA
:105B30008060F60500D50125D4F89840C4F301240F
:105B40006619C46C06EBC60504EBC504256815F0A0
:105B500080455560256843D025F06045156025686F
:105B60002C4F05F00055956020CC05F000451561DF
:105B700034F8045BADB2D56154F8045CC5F3034559
:105B8000D56054F8045C05F48015556154F8045C44
:105B900005F40015956154F8045CC5F306651562BB
:105BA00054F8045CED0F5562002522E0D4F89060B3
:105BB00036070FD0D4F89060F60104D5D4F8806091
:105BC000B60500D50125D4F89040C4F30124661928
:105BD000846CB7E7016E41F4807101660120F0BD6D
:105BE000C5F38A45BAE700BF14F805C003F805C03D
:105BF0006D1CD2F80CC017F80CC0AC45F4D8006886
:105C0000402903D0C0F89C600020F0BDC0F894602B
:105C1000FAE70000A22701080068D0F8C40000F0ED
:105C20000700704770472DE9F05F04460068016D7A
:105C3000426D01F4E05102EA0108016D426D01F08C
:105C4000070102EA0109016D426D01F0380102EA23
:105C5000010A016D476D01F471010F40016D426D44
:105C600001F46021456D02EA010B016DCE4371061E
:105C700007D4E943490604D4402101652046FFF7D3
:105C8000D1FFF0050ED4E843C0050BD42068D0F84E
:105C9000D820D0F8E01011404FF480720265204601
:105CA00000F068FBB8F1000005D0216808654146A6
:105CB000204600F061FBB9F1000005D021680865BD
:105CC0004946204600F0B6F9BAF1000005D0216837
:105CD00008655146204600F0FBFAB00509D4E843B8
:105CE000800506D421684FF400700865204600F056
:105CF00044FB30060DD4E84300060AD42068D0F8EF
:105D0000D420D0F8DC10114080220265204600F03B
:105D100032FBB00409D4E843800406D421684FF470
:105D200000500865204600F024FB300409D4E84305
:105D3000000406D421684FF400400865204600F0B6
:105D400017FB70040AD4E843400407D421684FF4D9
:105D500080400865206E40F080002066BBF10000A6
:105D600005D02168086559462046FFF7C9FE27B1CE
:105D700020680765206E38432066206E002802D018
:105D80002046FFF7BCFEBDE8F09F00002DE9F04182
:105D9000040006D0DFF8F48194F85C00002518B107
:105DA00007E00120BDE8F08184F85D50204600F056
:105DB000F9F82068816921F01001816100F0EAFCA6
:105DC0000646032705E000BF00F0E4FC801B0A281C
:105DD00011D8206880690007F6D42068816941F0F5
:105DE0000101816100F0D6FC06460BE000F0D2FC18
:105DF000801B0A2806D9206E40F00100206684F836
:105E00005C70CEE720688069C007EFD020688169A8
:105E100041F0020181612168414502D15C4960681D
:105E20000860207C01282068816937D041F040015A
:105E30008161607C01282068816932D021F4804131
:105E40008161A07C0128206881692DD041F48051B6
:105E5000816120688169A26821F4407111438161E8
:105E60002068816921F0A40181612068016921F025
:105E700010010161E068012819D010B302281BD07D
:105E80002068816941F0800181612068016941F0E9
:105E900010010161E06803280ED012E021F04001FA
:105EA000C6E741F48041CBE721F48051D0E7206878
:105EB000816941F0040103E02068816941F020011B
:105EC0008161207EE26940066FF0FF0101EB022252
:105ED000A0F100701043226AA38A521E10430A02E6
:105EE00002EB034318432368D861A068B0F5407FF4
:105EF00010D1D4E90A0301EB0321401E0843216BB2
:105F0000131303EB01110843A18C02EB0141084379
:105F10002168C860206850F8C01FE26B114301601F
:105F20001D4A21681B48914200D11C481C4A9142DD
:105F300001D100F5D460206451F8802FA38E22F4A3
:105F4000F81242EA03420A6000F1700161642168BC
:105F500051F8802F94F8383022F0706242EA0362E0
:105F60000A6000F1B001A164D831E164D831216543
:105F700018316165D83100E020C08842FCD3A565A6
:105F80002566012084F85C0000200BE700640040D7
:105F90000065004000A400400068004050A7004099
:105FA000006C004010B59CB00446142115A8FAF707
:105FB00006FB54216846FAF702FB1B492068884219
:105FC00030D18014009040030E90684602F028F80B
:105FD00008B1FDF7EBFA1548816D41F0007181655C
:105FE000816D01F000711A91C16C41F00201C16430
:105FF000C06C15A900F002001A90602015900220D4
:106000001690002017900320189009201990084836
:1060100000F096FA00221146562001F05BFA562055
:1060200001F04AFA1CB010BD0068004000100240A8
:10603000000400482DE9F047C9076FD0964B402176
:1060400003F18002FFF75EFD18B1BDE8F047FDF7F0
:10605000ADBA92480025904905609148914E803133
:1060600005700B687268DFF84082DFF840928A485A
:10607000B7EE000A934202D1CC68082C1CD0864CA3
:1060800040F2FF7A01274034534504D1D1F80CC0C7
:10609000BCF1040F57D0934204D1D1F80CC0BCF12D
:1060A000020F79D002F5C06C63456DD1BDE8F047B1
:1060B0000121794809F08CBF0178FF292ED1417860
:1060C000FF292BD18178FF2928D1C178FF2925D13B
:1060D0000179FF2922D14179FF291FD18179FF2937
:1060E0001CD1C079FC280AD0FD2818D0FE2815D173
:1060F000D9ED2E0A30EEC00A0BF0BCFB06E0D8F852
:106100000400022802D06A4808F044FE6248684948
:10611000403009F0A5FD0823726839E08EE064483C
:1061200008F08CFE5C486249403009F099FD5A49FC
:10613000082340315F48726808F0D4FCBDE8F0479E
:106140005B48FDF731BB417891427DD181780029D0
:106150007AD1C078032877D1D9ED2E0A30EEC00A63
:106160000BF088FB2570307960705148A770524958
:1061700090ED040AB0EEC00A10EE100A884204DC6A
:106180000320E07002E007E015E0E57004235246CA
:1061900041494848403143E00178E02954D14078F2
:1061A000012851D1A02020706770A570E57025717D
:1061B00065710623ECE702F5E062B246934251D1E5
:1061C0000178AB2940D1417801292DD0022936D060
:1061D000DFF8E8903A4EDFF8EC80032936D0042946
:1061E00032D1C079BA282FD1314808F027FE89F87A
:1061F0000050CD202070042060703088A070000A0C
:10620000E070B8F800002071000A6071DC20E071D5
:106210002149DAF8042008232648403102F5E062DB
:10622000BDE8F04708F05EBCC079BA280CD1C8F8C8
:1062300004501F4808F002FE234804E004E0C0793F
:10624000BA2801D121480770BDE8F087C079BA2883
:10625000FAD1174808F09EFD89F800703580A8F83B
:106260000050F1E7C8680F28EED148680028EBD14C
:106270000F4909480BF028F907480D49403009F04B
:1062800039FDB8F80020BDE8F04703490823403144
:106290000848FCF70FB80000282F00201C00002041
:1062A00002000020F430002060030020F42F0020C2
:1062B000F8090020300600200AD7233CAC03002058
:1062C0000600002008000020AA030020AB030020E5
:1062D000704790F85C10012905D0016E41F004016F
:1062E000016601207047022180F85C1001688A690C
:1062F00022F001028A61002101660846704710B54C
:1063000090F85C200021022A04D0016E41F00801BF
:1063100001660FE00268936943F001039361032370
:1063200002680AE00A2907D9016E41F001010166FD
:1063300080F85C30012010BD491C9469E407F1D05D
:106340009469002124F010049461026802E00A2993
:10635000EAD8491C94692407F9D4916941F00201F3
:10636000916100218165012180F85C10002010BD41
:106370007047704770477047704770472DE9F05F6E
:10638000054633488946017801290CD0012680460C
:1063900006704FF47A7B5846FDF7D6F907004FF0A8
:1063A000000A03D04FE00220BDE8F09F514640466E
:1063B000C8F804A0274C226892050AD5216849052F
:1063C00005D5216821F480612160032109E0067769
:1063D00008E02268520504D5216821F4806121601B
:1063E000022101772868012807D04FF0FF31C9F852
:1063F000001040F2FA3BAE681EE06868FDF744F911
:106400005846FDF7A1F90746606948F20401884340
:10641000606116E030466968FDF752F94FF47A7012
:10642000FDF792F90700606920EA0B00606102D075
:10643000C9F8006005E0761CD5E902010844B042C5
:10644000E8D8FDF7F3F888F800A03846ACE700007C
:106450008800002000200240054901204A6942F0DE
:1064600000424A614969002900DA002070470000B3
:10647000002002402DE9FF5F254C0646904620781B
:106480009A4601280BD0012020704FF47A7B5846A1
:10649000FDF75AF907004FF0000904D02AE0022066
:1064A00004B0BDE8F09F4846C4F80490194D29682F
:1064B000490504D5286820F48060286002202077F0
:1064C00026B1012E09D0022E07D00CE042465346D9
:1064D0000198FDF715F9012612E041460198FDF7F4
:1064E0001DF9022E0AD05846FDF72EF94FEA000793
:1064F000FDF79CF884F800903846D1E74FF48026E9
:106500005846FDF721F907466869B0436861EFE72F
:106510008800002000200240064900204A69002A25
:1065200007DA054A8A60054A8A604969002900DA63
:10653000012070470020024023016745AB89EFCD61
:106540002DE9F04FDFF82092002301260324A9F162
:10655000040B85B00F2709F1040AABF1040EFAE031
:1065600006FA03F52A407CD091F804C00CF0030C25
:10657000BCF1010F02D0BCF1020F26D1D0F808C047
:10658000CDF800C04FEA430C04FA0CF8CDF810C067
:10659000DDF800C02CEA080CCDF800C0D1F80C8062
:1065A000DDF810C008FA0CF8DDF800C048EA0C0865
:1065B000C0F80880D0F804C02CEA050C0D79C5F3AA
:1065C00000159D4045EA0C0545600D79ED43AD078A
:1065D0000ED0C5684FEA430804FA08FC25EA0C050A
:1065E000D1F808C00CFA08FC4CEA050CC0F80CC045
:1065F0000D7905F00305022D16D1DD0800EB850CA1
:10660000CDF808C0DCF820805D074FEAD56C07FAAA
:106610000CF528EA05080D6905FA0CF5DDF808C047
:1066200045EA0805CCF8205005684FEA430CCDF840
:1066300008C004FA0CFC25EA0C0591F804C00CF023
:106640000308DDF808C008FA0CF848EA0508C0F8A5
:1066500000804D6815F4403F7CD0444DD5F860C0B3
:1066600000E077E04CF0010CC5F860C02D6E23F01F
:10667000030C05F0010500953D4D65440295AD689C
:106680004FEA837C4FEA1C7807FA08FC25EA0C05E0
:10669000B0F1904F06D0DFF8DCC0604505D14FF077
:1066A000010C20E04FF0000C1DE0DFF8CCC060458D
:1066B00002D14FF0020C16E0DFF8C0C0604502D1F5
:1066C0004FF0030C0FE0DFF8B8C0604502D14FF087
:1066D000040C08E0DFF8ACC0604502D14FF0050CB7
:1066E00001E04FF0060C0CFA08FC4CEA050C029D88
:1066F000C5F808C0D9F80050CC46D1F804809543BD
:106700005FEAC82800D51543CCF80050DAF80050ED
:10671000D446D1F8048095435FEA882800D5154314
:10672000CCF80050DBF80050DC46D1F804809543EB
:106730005FEA883800D51543CCF80050DEF80050E9
:10674000F446D1F8048095435FEAC83800D5154374
:10675000CCF800505B1C0A6832FA03F57FF400AFF6
:1067600005B0BDE8F08F00000804014000100240B1
:10677000000001400004004800080048000C0048E8
:1067800000100048001400480AB18161704781621E
:106790007047000001488068704700007C000020BE
:1067A00070477047704700002DE9F04F4FF0A04050
:1067B0002DED028B83B04FF40071C1644FF4406142
:1067C000C0F84C11FC48FDF7CDFE0322FB49FC4804
:1067D000FEF778FEFB4E96ED030ADFEDFB0A20EE96
:1067E000200A10EE100A0BF0E3FEF44D41EC180BFA
:1067F00068880BF061FB9FEDF51B53EC112B0BF040
:106800006FFB9FEDF41B53EC112B0BF069FB53EC6A
:10681000182B0BF00BF90BF0D7F8A5F15C04F06026
:10682000206C401C2064A88804F050FAD4ED110AB2
:1068300030EE200A84ED110A288804F0F5F9D4ED31
:10684000120A42F21071002530EE200A84ED120A7D
:106850009FEDE28A206C884216D300EE900A94EDF8
:10686000111AF8EE600AC1EE201A00EE900AF8EE56
:10687000600A80EE201AC6ED5D1A86ED5E1A256468
:1068800084ED118A84ED128ADFEDD58AD548B0EE09
:10689000680AFCF773FCD448007810B9D348007834
:1068A00020B1B0EE680AD248FCF784FDCD48D14F44
:1068B000DFF84483D0ED300A97ED070A60EE800AD6
:1068C000C6ED070AD0ED010AC6ED060AD0ED030AAF
:1068D00090ED041A70EEC10A20EE800A86ED040ADB
:1068E000D8F80000DFF814A3DFF814934FF0010B81
:1068F000022813D0D8F80000092835D0D8F80000B5
:106900000A2831D0D8F800104FF47A7006297DD0CB
:10691000D8F800104246072979D09BE1DAF89002B6
:10692000616B884202D802F045FF04E002F036FFB6
:10693000606B401C6063A34809F064FA0500657150
:1069400008D0A04808F07AFA4FF0904189F800503A
:10695000082088629B4803F015FB9A48FDF704F86D
:10696000E069401CE06175E1D8F80010A5489FED92
:10697000A60AD4ED090A0088A44FB8EE601A00EE0A
:10698000900A0929F8EE601AC1EE210A20EE800A69
:1069900009D0FAF7C7FFB5EEC00AF1EE10FA0CDD28
:1069A000F7EE000A0BE0FAF7BDFF388800EE900A18
:1069B000F8EE600A20EE200A08E0FFEE000A3888B0
:1069C00000EE100AB8EE400A20EE800A7D4886EDFF
:1069D000320A86ED318AFCF7C7FF8D48616A96ED71
:1069E000320A006800EB810080ED000A8948616A84
:1069F00096ED0B0A006800EB810080ED000A606AEA
:106A0000401C6062B0F5F97F0BD901E00AE088E034
:106A10006C4808F013FAC8F800507F48057084F8F5
:106A200003B017E196ED0A0ADFED7C0A20EE200A9A
:106A3000D6ED170A9FED7A1A41F2883200EE810AEC
:106A400086ED170A616A914235D9A1F59852893AC3
:106A500043F697239A422FD2D4ED160AB4EEE00AF9
:106A6000F1EE10FA01DD84ED160AD4ED0B0AB4EE56
:106A7000E00AF1EE10FA01D284ED0B0AB1FBF0F25C
:106A800000FB1210002816D194ED150AD4ED160A59
:106A900030EE200A84ED150A94ED0A0AD4ED0B0AB3
:106AA00030EE200A84ED0A0A84ED168A84ED0B8A02
:106AB000206B401C2063C7E044F6206081422FD346
:106AC00094ED150AD4ED0A0AB2EE0C1A30EE600A03
:106AD000F6EE000A20EE200AC0EE010A97ED091A30
:106AE000DFED501AB7EE080A08F01AF887ED0A0A27
:106AF000344808F0A3F9C8F800504B480570B86A4C
:106B00000BF056FD05460E46786A0BF051FD41EC40
:106B1000100BCDE9005653EC102B44A009F046FAB7
:106B200092E0616AB7EE000A81420FD286ED180A40
:106B300086ED198AB1F5487F07D996ED0A0AD4ED9A
:106B4000150A30EE200A84ED150A7DE0A1F2E93045
:106B500040F2E733984211D2B0EE000A86ED180AEF
:106B600086ED198AB1F5E16F6ED996ED0A0AD4ED7A
:106B70000A0A30EE200A84ED0A0A65E0B1F5FA6FE0
:106B80005ED9D4ED0A0A94ED151A062070EEC10AFA
:106B900080EE201A9FED290A21EE000A87ED090AEE
:106BA00084ED158A84ED0A8A656284ED168A84ED87
:106BB0000B8A106048E00000080400205C00002000
:106BC0004C050020F80900203333333F9FBA688218
:106BD000F136A03F000000403333D33F00000000F7
:106BE00000409C46080F0020AC030020AB030020AF
:106BF00024110020F80D002064030020F430002050
:106C000068030020B2030020DB0FC940B40300205A
:106C1000B8030020BC030020B10300209CC4A03EA8
:106C2000B29D2F3F79594445B00300204C2C252EAE
:106C300036662C252E36662C520000000000474395
:106C400086ED188A86ED198A606A401C60620F48DA
:106C5000FCF78AFED4E90701884212DD9AF8840223
:106C600000060ED5A07801280BD099F800004D46FB
:106C7000002806D184F802B0044808F0DFF810209C
:106C8000287003B0BDEC028BBDE8F08FF80900203E
:106C90007047704770477047704710B590F8DC2018
:106CA000012A21D0012280F8DC20022380F8DD3087
:106CB0004B1C1BD00368D3F8CC4344F00204C3F848
:106CC000CC430368D3F8CC4324F00C040C43C3F842
:106CD000CC430168D1F8CC3343F00103C1F8CC3385
:106CE00080F8DD20002010BD022010BD0168D1F821
:106CF000CC3323F00203C1F8CC33EAE770B590F847
:106D0000DD30022B3CD090F8DC30012B38D001254F
:106D100000F8DC5F022343701388948803F4E05387
:106D2000C4F308041C4313896FF07E4603F4007318
:106D30002343148A04F480441C43938903F40043DE
:106D40002343948A06EA04441C43936903F00073C6
:106D50002343146AD26904F080441C4302F00042C9
:106D6000224350F8DC3CB82404EBC1141959054EF9
:106D7000314011431951457000210170084670BD22
:106D8000022070BD0020003C70477047704770477C
:106D9000704770477047FF2903D0062903D002F0DF
:106DA00051BF02F0CBBD02F066BE000038B5040052
:106DB00056D0022084F8DD000025C4F8E050C4F865
:106DC000E450C4F8E850C4F8EC50C4F8F050C4F8EB
:106DD000F450C4F8F850207AC0071BD0214920682D
:106DE000884208D12048016E41F080610166006E42
:106DF00000F0806000902168086820F44042208AFA
:106E000000F44040104320F44052A08A00F4405067
:106E100010430860204600F029F8207A800708D542
:106E20002168086820F44072A08900F44070104383
:106E30000860012084F8DD0084F8DC505FF0000178
:106E4000C1EBC10004EB8000491C8561C56105628E
:106E500045628562C9B205630629F1D9002038BDB3
:106E6000012038BD006801400010024008B50068EC
:106E70000B49884212D10B48016E41F080610166D6
:106E8000006E002200F0806000900121432000F09D
:106E900021FBBDE80840432000F00EBB08BD000008
:106EA00000680140001002402DE9F04186B0044620
:106EB00014216846F9F783FB1E492068884235D1C2
:106EC0001D48C16C41F00401C164C16C01F00401B2
:106ED0000591C16C41F00101C164C06C022500F054
:106EE00001000590C02000900024CDE901540D263A
:106EF000DFF84880CDE9034669464046FFF720FBAE
:106F00004FF440770097CDE901540320CDE90340C9
:106F100069464046FFF714FB0097CDE90154CDE9DF
:106F2000034669464FF09040FFF70AFB06B0BDE804
:106F3000F081000000680140001002400008004895
:106F4000704770477047704770B50D460446FFF7AD
:106F500021FC064607E0681C05D0FFF71BFC801BE0
:106F6000A8420DD865B12068D0F88803C043C0039B
:106F7000F1D4012084F8DD00002084F8DC0070BD2D
:106F8000072084F8DD00032070BD7047704770B59E
:106F900090F8DD30022B1DD090F8DC30012B19D099
:106FA000012380F8DC30022480F8DD40EC25046801
:106FB00005EBC1156159CE0605D54FF6C076B14334
:106FC00032400A43625180F8DD30002180F8DC1045
:106FD000084670BD022070BD7047704770B590F8CC
:106FE000DD30022B23D0022380F8DD30062920D0AB
:106FF0008023046803EBC115635923F007069368E7
:10700000334323F01806D36833436351942504684F
:1070100005EBC115136863519824036804EBC11193
:1070200052685A50012180F8DD10002070BD022006
:1070300070BD0368196821F007049168214321F0AD
:107040001804D168214319600368116859615168B7
:1070500002689161E6E72DE9F04F90F8DD40022CDF
:1070600025D090F8DC40012C21D04FF0010980F8A8
:10707000DC90022480F8DD4000274FF0070C062941
:1070800018D09C2404EBC116012A39D08024A825ED
:107090004FF4005A4FF4405B05EBC11504EBC114EB
:1070A000022A2FD0042A45D0082A0BD144E002201E
:1070B000BDE8F08F012A0AD0022A0CD0042A0ED093
:1070C000082A10D080F8DDC080F8DC700EE002687D
:1070D0001968D1610AE002681968516206E0026825
:1070E0001968916202E002681968D16290F8DD10B7
:1070F000072948D080F8DD9080F8DC700020D7E7C1
:10710000196835E04FF0A408D0F800C008EBC111B1
:107110001A684CF801205968002901680A5922F4BC
:1071200040522ED00A5101680A59D3F804C042EAED
:107130000C0218E0196821E04FF0AC08D0F800C04C
:1071400008EBC1111A684CF8012059680029016840
:107150000A5922F4404214D00A5101680A59D3F85E
:1071600004C042EA8C020A515968514503D199681A
:1071700002689151BAE75945B8D1996802685151EE
:10718000B4E70A51B2E7012092E710B590F8DC208D
:10719000012A0ED0012200F8DC2F0223437050F8A0
:1071A000DC3C1C680C431C604270002101700846E6
:1071B00010BD022010BD0000F0B590F8DC20012ABF
:1071C00038D0012480F8DC40022280F8DD200268FB
:1071D000D2F8903345682B43C2F89033CA0305D5E3
:1071E0000268D368D0F8C8502B43D3600022DFF880
:1071F00048C08C255CF822300B420CD0066805EBA9
:10720000C213F758C2EBC20E00EB8E0EDEF820E080
:1072100047EA0E07F750521CD2B2062AEAD3026898
:1072200013680B43136080F8DD40002180F8DC1008
:107230000846F0BD0220F0BDA800002010B590F86F
:10724000DC20012A0ED0012200F8DC2F022343703B
:1072500050F8DC3C1C688C431C60427000210170BB
:10726000084610BD022010BD70B5044690F8DD0040
:10727000022811D094F8DC0001280ED0012584F8F2
:10728000DC50022084F8DD00204602F06CFC84F81B
:10729000DD50002084F8DC0070BD022070BD10B508
:1072A00090F8DC20012A10D0012200F8DC2F022304
:1072B000437050F8DC3CD3F894430C43C3F8944338
:1072C000427000210170084610BD022010BD10B5AB
:1072D00090F8DC20012A10D0012200F8DC2F0223D4
:1072E000437050F8DC3CD3F898430C43C3F8984300
:1072F000427000210170084610BD022010BD2DE92A
:10730000F041044690F8DD0015460E46022826D0CE
:1073100094F8DC00012821D0012784F8DC700220D9
:1073200084F8DD00062E1CD0204602F03FFDC6EB9F
:10733000C60004EB80002968016269684162A9689F
:107340008162E968C162296901633146204602F021
:10735000C1FA062E15D0E86A40B112E00220BDE85D
:10736000F0811146204602F03DFBE0E780212068D5
:1073700001EBC6114258EB6D22F4007242EA43223F
:10738000425084F8DD70002084F8DC00E7E72DE946
:10739000F041044690F8DD00022824D094F8DC0087
:1073A00001281FD0012584F8DC50022084F8DD007C
:1073B000EC20266800EBC113F058176820F010008D
:1073C00040EA071020F480175068384320F48037D3
:1073D000D068384320F40037906838439769012F0C
:1073E00003D00CE00220BDE8F08120F00407106912
:1073F000384320F002075069384340F00100F05054
:10740000204602F067FA84F8DD50002084F8DC00A2
:10741000E9E70000024881684268114481607047D2
:107420007C00002010B50024032000F073F80F202A
:1074300000F008F808B1012401E000F025F820462A
:1074400010BD000070B50E4E05460024706898B15E
:107450004FF47A71B1FBF0F00A490968B1FBF0F022
:1074600001F087FC40B9102D06D200222946501E9B
:1074700000F030F8356000E00124204670BD0000C7
:107480007C000020C40000200A4882B0016E41F058
:1074900001010166016E01F001010091816D41F071
:1074A00080518165806D00F08050009002B000F046
:1074B000AFBD000000100240002809DB00F01F02F1
:1074C000012191404009800000F1E020C0F8001146
:1074D00070470000F0B40E4B1B680C46C3F3022348
:1074E000C3F10705042D00D90425191D072901D270
:1074F000002300E0DB1E012606FA05F1491E2140AB
:1075000099409E40761E16403143F0BC05F0F1BF15
:107510000CED00E0064900F0070208684FF6FF0393
:10752000184040EA0220034A1043086070470000F8
:107530000CED00E00000FA0501220168C0F8D0223D
:10754000002280F8C82231F8540F40F00100088072
:10755000088840F0020008801046704770B50F4D53
:10756000044669B101290AD1D4F8D80205F065F8BA
:10757000607A002803D0286840F00600286070BDBB
:10758000607A28B103F07EFF286820F006002860AA
:10759000D4F8D802BDE8704004F0E7BF10ED00E079
:1075A00010B50C0607D501F0070101EB810100EBD6
:1075B000C100103005E001EB810100EBC10000F5D6
:1075C000A87099B232B1012202730181190C418174
:1075D000002010BD00220273C180F9E701EB810297
:1075E00000EBC202D0F8D802526A04F09CBE01EB54
:1075F000810200EBC202D0F8D802D2F8642104F074
:10760000E6BE70B504460B0601F0070000EB8001F2
:1076100004EBC1014FF001024FF0000502D54A749E
:10762000103103E081F8515101F5A871087094F808
:107630009002012808D084F89022206805F0AFFB62
:1076400084F89052002070BD022070BD70B50446D1
:1076500001F00F002279904201D9012070BD0B0684
:1076600001F0070000EB800104EBC1014FF00102C3
:107670004FF0000502D54A74103103E081F85151F2
:1076800001F5A8718D70087094F89002012808D057
:1076900084F89022206805F021FC84F890520020A4
:1076A00070BD022070BD2DE9F04704685FEA4248D2
:1076B0000B788D69B4F850804FF0000C4BF68F7743
:1076C00048F2800648F68F7948F2C00A444428D52B
:1076D00040F2024808EBC30834F80840C4F3090438
:1076E000A54203D32D1B8D6102D00BE0C1F818C059
:1076F000D0F800C03CF823503D4085F40055354398
:107700002CF82350520609D50B78056835F823204C
:1077100002EA090242EA0A0225F8232074B30A8920
:1077200027E040F2064808EBC30834F80840C4F3E9
:107730000904A54203D32D1B8D6102D00BE0C1F8D3
:1077400018C0D0F800C03CF823503D4085F40055E7
:1077500035432CF82350520609D40D78036833F8CA
:10776000252002EA090242EA0A0223F825202CB168
:107770004A8949690068234605F0CBFD2046BDE8EB
:10778000F0872DE9F05F054600680C465FEA426825
:107790001646D1F818C02278B0F8508048F6BF7A63
:1077A00048F2800B48F68F774CF280094FF6FF7352
:1077B0004FF4004E4FF0000140447DD540F20248A6
:1077C00008EBC20830F80800C0F30900844514D95A
:1077D000BCEB000CC4F818C010D0760408D5D5F85E
:1077E00000C03CF822603E4046EA09062CF82260C0
:1077F00094F82420012A60D076E1A161607810B16C
:10780000012813D01AE02868B0F85030184400EB73
:10781000C200B0F80224C2F30902A0F80224B0F8B2
:10782000022442F40042A0F8022407E02868B0F8DD
:107830005030184400EBC200A0F8021462782868A7
:1078400012B1012A11D018E0B0F850100844217884
:1078500000EBC100B0F80614C1F30901A0F806144A
:10786000B0F8061441F4004105E0B0F8502010448F
:10787000227800EBC200A0F80614E07802280BD1B1
:107880002278296831F8220000EA0A0080F02000FE
:1078900040EA0B0021F8220021782846FFF79EFEDF
:1078A000700408D521782A6832F82100384040EA6F
:1078B000090022F82100C3E04DE0626902446261E0
:1078C000E2690244E2612669226AB24202D330468A
:1078D000111A03E084F824100AB11046216261787D
:1078E00011B101292BD033E02968B1F8502011449F
:1078F000227801EBC201B1F80224C2F30902A1F817
:10790000022401F2024158B13E280ED84208C607AF
:1079100000D0521C0E8803EA822216430E8017E024
:107920000A8842F400420A8012E04209C30600D1EC
:10793000521E0B884EEA822213430B8008E029680E
:10794000B1F850201144227801EBC201A1F80204E1
:1079500083B22289C4E040F2064808EBC20830F83E
:107960000800C0F30900844514D3BCEB000CC4F834
:1079700018C010D0760408D4D5F800C03CF82260B6
:107980003E4046EA09062CF8226094F82420012A99
:1079900059D0A9E0A161607810B1012813D01AE094
:1079A0002868B0F85030184400EBC200B0F8022448
:1079B000C2F30902A0F80224B0F8022442F4004203
:1079C000A0F8022407E02868B0F85030184400EB13
:1079D000C200A0F802146278286812B1012A11D0FE
:1079E00018E0B0F850100844217800EBC100B0F85E
:1079F0000614C1F30901A0F80614B0F8061441F406
:107A0000004105E0B0F850201044227800EBC2009D
:107A1000A0F80614E07802280BD121782A6832F801
:107A2000210000EA0A0080F0200040EA0B0022F862
:107A3000210021782846FFF7D1FD70047FF532AF91
:107A40000020BDE8F09F626902446261E26902447D
:107A5000E2612669226AB24203D33046111A2162DA
:107A600004E00AB11046216284F824106278296883
:107A700012B1012A2AD031E0B1F850201144227805
:107A800001EBC201B1F80624C2F30902A1F80624F1
:107A900001F2064158B13E280ED84208C60700D070
:107AA000521C0E8803EA822216430E8016E00A88D2
:107AB00042F400420A8011E04209C30600D1521E7E
:107AC0000B884EEA822213430B8007E0B1F8502066
:107AD0001144227801EBC201A1F80604628983B245
:107AE0006169286805F030FC2278296831F82200A5
:107AF00000EA0A0080F0300040EA0B0021F8220082
:107B00009EE701F0070101EB810100EBC100D0F815
:107B10006C0170472DE9F04104460F0601F00700A3
:107B200000EB800104EBC1014FF001064FF00005AE
:107B300002D54E74103103E081F8515101F5A8715E
:107B4000022B0870C2F30A000861CB7000D10D71DE
:107B500094F89002012809D084F89062206804F01B
:107B600069FF284684F89052BDE8F0810220FBE7C7
:107B700010B501F0070404EB840100EBC101C1E979
:107B800059230022C1F86C2181F8512181F850411C
:107B9000006801F5A87105F0F3F9002010BD70B57B
:107BA000044601F007002279904201D9012070BDFE
:107BB0000B064FF000054FF0010206D500EB8001E7
:107BC00004EBC1014A74103107E001EB810104EBC1
:107BD000C10181F8515101F5A8718A70087094F8BB
:107BE0009002012808D084F89022206805F0AEF9B0
:107BF00084F89052002070BD022070BD10B501F0D5
:107C0000070404EB840100EBC101C1E9092301224F
:107C100081F834200B630023CB624A7401F8104FC3
:107C2000006805F0ADF9002010BD10B504460068ED
:107C300005F06CFB010404D52046BDE8104003F0BC
:107C400055B841050ED5206830F8441F21F48061F5
:107C50000180204600F010F92046BDE810400021C8
:107C600000F036B9410405D5206830F8441F21F4EE
:107C700080417DE0810405D5206830F8441F21F45F
:107C8000005175E0C1041FD5206830F8401F21F075
:107C900004010180206830F8401F21F008010180B4
:107CA00094F8C802012806D1002084F8C8020146D1
:107CB0002046FFF753FC204600F0F2F8206830F829
:107CC000441F21F4805153E0010512D5206830F89B
:107CD000401F41F008010180206830F8441F21F462
:107CE00000610180206830F8401F41F004010180EC
:107CF0000AE0010629D5206830F8441F21F08001F0
:107D0000018094F8C80218B1204600F011F910BDA6
:107D1000206830F8401F41F004010180206830F8ED
:107D2000401F41F008010180012084F8C80220684A
:107D3000B0F854003C2101EA9000C4F8CC0220467F
:107D4000BDE810400121FFF709BC810509D5206875
:107D500030F8441F21F400710180204600F0B4F88F
:107D600010BDC005FCD5206830F8441F21F4807197
:107D7000018010BD70B5040004D094F89102002574
:107D800010B106E0012070BD84F89052204600F04A
:107D90003FF8032084F89102206805F097F800204E
:107DA00001260BE000EB800104EBC1014E74087466
:107DB000CD740D624D62401CC0B28D62217981424A
:107DC000F0D8002012E000BF00EB800104EBC101FD
:107DD00081F8515181F8500181F85351C1F8605137
:107DE000C1F86451401CC0B2C1F868512179814288
:107DF000EAD894E8070005F060F8257384F89162EA
:107E0000A07A012802D12046FFF796FB002070BD22
:107E100010B596B0044654216846F8F7D0FB1449D3
:107E20002068884222D14014009000200F906846BC
:107E300000F0F6F808B1FBF7B9FB0E48816D41F48C
:107E400000018165806D002200F400001590012181
:107E50001320FFF73FFB1320FFF72EFB0022012129
:107E60001420FFF737FB1420FFF726FB16B010BDD8
:107E7000005C00400010024070B5044640790125C6
:107E8000022801D0FBF792FB2946D4F8D80204F06F
:107E900086FBD4F8D802BDE8704004F039BB00007E
:107EA00010B50446407A30B10648016821F0060159
:107EB000016003F0E7FAD4F8D802BDE8104004F0FE
:107EC00054BB000010ED00E0D0F8D80204F057BB1E
:107ED00010B5044690F8900201280AD0012084F8D9
:107EE00090022173206805F028FA002084F890029F
:107EF00010BD022010BDD0F8D82200F52671104622
:107F000004F059BB10B5044690F8900201280CD03B
:107F1000012084F89002206805F0E9F9206804F057
:107F2000C5FF002084F8900210BD022010BD0000A3
:107F300010B50446D0F8D80204F07FFB607A002820
:107F400004D00348016841F00601016010BD000043
:107F500010ED00E02B492C4B0A6832214A432B4993
:107F600040B1B0F5007F086829D020F4C06040F42B
:107F700080602CE00868C0F34120022804D051F84A
:107F8000800F20F4807022E0D1F8800020F480700F
:107F9000C1F88000086820F4C06040F400700860F8
:107FA000B2FBF3F0401C00E0401E4A69520501D5C7
:107FB0000028F9D1486940050AD503207047C0F36D
:107FC0004120022806D051F8800F40F480700860EC
:107FD00000207047D1F8800040F48070C1F8800024
:107FE000086820F4C06040F400700860B2FBF3F051
:107FF000401C00E0401E4A695205DBD50028F9D13B
:10800000D8E70000C400002040420F00007000408C
:108010000248816841F480418160704700700040EF
:108020002DE9F843044600680026BB4D00035ED5E9
:10803000A86D0027C00008D4A86D40F08050A86546
:10804000A86D012700F080500090DFF8D092D9F899
:10805000001041F48071C9F80010FEF79BFB8046C8
:1080600006E000BFFEF796FBA0EB080002282BD825
:10807000D9F80000C005F5D5D5F8900010F440708F
:1080800014D0216D814211D0D5F89000D5F8901010
:1080900020F4407041F48031C5F89010D5F890106C
:1080A00021F48031C5F89010C5F89000C00711D0B8
:1080B000FEF770FB804641F2883907E0FEF76AFB65
:1080C000A0EB0801494501D903260BE0D5F8900043
:1080D0008007F3D5D5F89000216D20F44070084357
:1080E000C5F890001FB1A86D20F08050A8652078D9
:1080F000C00707D0D5F88800616820F00300084366
:10810000C5F888002078800707D5D5F88800A168D1
:1081100020F00C000843C5F888002078400707D5F8
:10812000D5F88800E16820F030000843C5F88800E1
:108130002078000707D5D5F88800216920F0C00015
:108140000843C5F888002078C00607D5D5F8880010
:10815000616920F440700843C5F8880020788006E3
:1081600007D5D5F88800A16920F440600843C5F818
:1081700088002078400607D5D5F88800E16920F40A
:1081800040500843C5F888002078000607D5D5F888
:108190008800216A20F440400843C5F88800208800
:1081A000C00507D5D5F88800616A20F4403008433F
:1081B000C5F888002068800307D5D5F89C00A16A1F
:1081C00020F003000843C5F89C002088800507D5EF
:1081D000D5F88800E16A20F440200843C5F88800FB
:1081E000208840050FD5D5F88800216B20F4401079
:1081F0000843C5F88800206BB0F5801F03D1E868FC
:1082000040F48010E860208800050FD5D5F888007C
:10821000616B20F440000843C5F88800606BB0F53E
:10822000800F03D1E86840F48010E8602088C00423
:108230000FD5D5F88800A16B20F040700843C5F831
:108240008800A06BB0F1807F03D1E86840F4801013
:10825000E86020884FF0006180040ED5D5F88800D2
:10826000E26B20F040601043C5F88800E06B884264
:1082700003D1E86840F48010E860208840040ED5FF
:10828000D5F88800226C20F040601043C5F88800C3
:10829000206C884203D1E86840F48010E8602088B0
:1082A00000040FD5D5F88800616C20F040500843D9
:1082B000C5F88800606CB0F1805F03D1E86840F4D5
:1082C0008030E8602068C0030FD5D5F88800A16C25
:1082D00020F040400843C5F88800A06CB0F1804F02
:1082E00003D1E86840F48030E860206840030FD58F
:1082F000D5F89C00E16C20F440100843C5F89C00C0
:10830000E06CB0F5001F03D1E86840F48010E8602D
:108310003046BDE8F88300000010024000700040C5
:108320002DE9F0470E4605004FF0000725D0DFF895
:10833000AC81D8F8000000F00F00B0420CD2D8F8A1
:10834000001021F00F013143C8F80010D8F80000E8
:1083500000F00F00B04210D12968614CC80741F20B
:10836000883A5AD06868DFF87C91032808D0022840
:1083700020682DD0400500282CDB0120BDE8F087C7
:1083800020688001F9D5E06800F00302E068C0F3DE
:108390000310401C032A19D0534A00BFB2FBF0F06F
:1083A000E268C2F306225043E268C2F34162521C03
:1083B0005200B0FBF2F0484517D9A06810F0F00F5A
:1083C0000CD0880711D5A86840B10EE0474AE5E710
:1083D0008003D0E700F092F8484506D9A06820F065
:1083E000F00040F08000A0608027A068696820F05D
:1083F00003000843A060FEF7CDF9814606E000BF08
:10840000FEF7C8F9A0EB090151453AD8A0686968A0
:1084100000F00C00B0EB810FF2D12868810714D571
:10842000400703D5A06840F4E060A060287800070A
:1084300005D5A06820F4605040F4E060A060A0681A
:10844000A96820F0F000084304E0802F03D1A06861
:1084500020F0F000A060D8F80010404601F00F01B5
:10846000B14216D9016821F00F0131430160FEF7D6
:1084700091F9074607E000BFFEF78CF9C11B514593
:1084800001D903207AE7D8F8000000F00F00B042CD
:10849000F2D12878400705D5A068E96820F4E060AB
:1084A0000843A0602878000706D5A068296920F451
:1084B000605040EAC100A06000F020F8A1680C4ABA
:1084C000C1F30311515C01F01F01C8400949086064
:1084D00009480068BDE8F047FEF7B4BF002002403D
:1084E0000010024000B4C4040024F40040787D0170
:1084F000B2270108C40000207C000020184910B5F4
:108500008868C0F381021748012A0BD08A68164B8D
:10851000C2F38102022A06D08A68C2F38102032ACA
:1085200003D0002010BD184610BDCA6802F0030435
:10853000CA68C2F30312521C032C02D0B0FBF2F043
:1085400001E0B3FBF2F0CA68C968C2F306225043E7
:10855000C1F34161491C4900B0FBF1F010BD0000BE
:10856000001002400024F40040787D012DE9F8431A
:1085700004007AD02078F84DC00747D0A868E96891
:1085800000F00C0001F003010C2802D0082817D0DD
:1085900001E0032914D06068B0F5803F17D0B0F532
:1085A000A02F286817D020F480302860286820F495
:1085B000802028606068E0B1FEF7ECF8064614E021
:1085C0002868800322D560680028D2D01EE0286881
:1085D00040F48030EDE740F480202860F7E700BFEA
:1085E000FEF7D8F8801B642870D828688003F7D578
:1085F0000CE0FEF7CFF8064605E000BFFEF7CAF82C
:10860000801B6428F0D828688003F7D4207880077E
:108610004CD5A868E96800F00C0001F003010C28B3
:1086200002D004280DD001E002290AD0E068002819
:1086300028682BD040F480702860FEF7ABF806461F
:1086400019E02868400502D5E068002891D06868E4
:10865000217C20F0FE4040EA01606860BF4800686D
:10866000FEF7F0FE002800D120E072E1FEF792F85C
:10867000801B0228B8D828684005F7D56868217C97
:1086800020F0FE4040EA016068600FE020F4807056
:108690002860FEF77FF8064605E000BFFEF77AF88F
:1086A000801B0228A0D828684005F7D4207800074E
:1086B00029D560690028D5F8940013D040F0010056
:1086C000C5F89400FEF766F8064606E090E000BFA5
:1086D000FEF760F8801B022886D8D5F89400800742
:1086E000F6D510E020F00100C5F89400FEF752F82E
:1086F000064604E0FEF74EF8801B022878D8D5F82D
:1087000094008007F6D42078400761D5A86D002634
:10871000C00008D4A86D40F08050A865A86D01265F
:1087200000F0805000908E480168C90511D401689E
:10873000804641F480710160FEF72CF8074604E0A2
:10874000FEF728F8C01B022852D8D8F80000C00550
:10875000F6D5A068012815D00528D5F8900016D0C8
:1087600020F00100C5F89000D5F8900020F004003A
:10877000C5F89000A06841F28838B8B1FEF70AF851
:1087800007460EE0D5F8900040F00100F0E740F019
:108790000400C5F89000F5E7FDF7FCFFC11B41455B
:1087A00026D8D5F890008007F6D50CE0FDF7F2FF4B
:1087B000074604E0FDF7EEFFC11B414518D8D5F888
:1087C00090008007F6D41EB1A86D20F08050A865F7
:1087D0002078800629D5A0690028D5F8980013D004
:1087E00040F00100C5F89800FDF7D4FF064606E00A
:1087F00075E000BFFDF7CEFF801B02286FD8D5F8CB
:1088000098008007F6D510E020F00100C5F8980028
:10881000FDF7C0FF064604E0FDF7BCFF801B022801
:108820005DD8D5F898008007F6D4E069F0B3A96860
:10883000C1F3810103295DD00228286820F08070EF
:10884000286003D0FDF7A6FF04464BE0FDF7A2FF2A
:10885000064604E0FDF79EFF801B02283FD82868EB
:108860008001F7D4F4E908016FF00F0202EB011167
:108870000843218A5204490802EB4151A26841EAA7
:1088800002210843217D4FF07E42490802EB4161FD
:108890000843217B40EAC160E968324A114008433D
:1088A000E860286840F08070286000E05EE0E868DA
:1088B00040F08070E860FDF76DFF044605E000BF02
:1088C000FDF768FF001B022809D828688001F7D54A
:1088D0004CE000BFFDF75EFF001B022802D9032019
:1088E000BDE8F88328688001F4D4E8681E49084090
:1088F000E8603BE00128F3D0E868226A00F0030159
:10890000914226D1616A00F0F002090110399142CA
:108910001FD1A26A00F4FE41B1EB022F19D194F8E5
:108920002C2000F07841B1EBC26F12D1218E00F4FF
:10893000C00249084905A1F50011914209D194F8F6
:10894000341000F0C06049084906A1F1007181426D
:108950000CD00120C4E70000001002407C00002081
:10896000007000400C809F01FCFFEEFE0020B7E786
:1089700070B5040009D0606A002540B125616561C9
:10898000A56294F85D0040B10CE0012070BD606804
:10899000B0F5827FF4D0E561F2E784F85C502046C0
:1089A00000F05CF8022084F85D002068016821F086
:1089B00040010160E1684FF4E062914201D900207A
:1089C00001E04FF48050B1F5706F02D0914200D0B9
:1089D000A562A188228901F4827102F40442114344
:1089E000227C02F002021143227D02F001021143B7
:1089F000228B02F400721143227F02F038021143ED
:108A000094F8202002F080021143228D02F40052DB
:108A1000114322681160A169042202EA114194F80D
:108A2000242000F4805002F01002114394F8342006
:108A300002F008021143A28902F47062114301435B
:108A4000206841602068C16921F40061C161256628
:108A5000012084F85D00002070BD000010B586B0D4
:108A6000044614216846F7F7AAFD2368204C00212C
:108A700020480222A3421AD1036E43F480530366B6
:108A8000036E03F480530593C36C43F00103C36486
:108A9000C06C00F001000590E0200090CDE90121BC
:108AA0000520CDE9031069464FF090401CE0124CC0
:108AB000A3421BD1836D43F400438365836D03F4AC
:108AC00000430593C36C43F00403C364C06C00F01F
:108AD000040005904FF4E0500090CDE901210620FC
:108AE000CDE9031069460548FDF72AFD06B010BD23
:108AF0000030014000100240003C004000080048E7
:108B00002DE9FF5F1D46934604464FF001090E9E76
:108B1000FDF740FE074694F85D006168012806D025
:108B2000B1F5827F39D1A168B1BB042835D1019854
:108B300000287CD0BBF1000FFBD0002DF9D094F8B9
:108B40005C00012829D04FF0010A84F85CA094F859
:108B50005D00042802D0052084F85D004FF0000875
:108B6000C4F86080C4F840B0A4F84650A4F844505B
:108B70000199A163E587A587C4F84C80C4F85080AB
:108B8000E0684FF4E061884201D8012D09D92068DE
:108B9000426822F4805208E0FFE7022004B0BDE8FA
:108BA000F09F2068426842F4805242602068026868
:108BB000520603D4026842F040020260E068884234
:108BC000606846D908B1012D3BD1A06B01882068AF
:108BD000C160A06B801CA063E08F401EE08730E086
:108BE0002068816889070FD5E18F69B1B9F1010F5C
:108BF0000AD1A16B0988C160A06B801CA063E08FC3
:108C0000401EE0874FF0000920688168C90711D035
:108C1000B4F8461071B1C068216C0880206C801CCB
:108C20002064B4F84600401EA4F8460000E09EE030
:108C30004FF00109FDF7AEFDC01BB04201D3701C1F
:108C400074D1E08F0028CBD1B4F846000028C7D1FA
:108C500075E008B1012D6BD1E08F0128A06B08D918
:108C600021680088C860A06B801CA063E08F801E14
:108C700007E0216800780873A06B401CA063E08FB8
:108C8000401EE08754E02068816889071AD5E18F8B
:108C9000C1B1B9F1010F15D1E18F0129A16B07D93C
:108CA0000988C160A06B801CA063E08F801E06E075
:108CB00009780173A06B401CA063E08F401EE08721
:108CC0004FF0000920688168C90728D0B4F8461021
:108CD00029B3B4F84610012914D9C068216C088062
:108CE000206C801C2064B4F84600801EA4F8460066
:108CF000B4F84600012810D82068416841F480513A
:108D000041600AE0007B216C0870206C401C2064EC
:108D1000B4F84600401EA4F846004FF00109FDF7E4
:108D200039FDC01BB04202D3701C01D012E08EB1DD
:108D3000E08F0028A7D1B4F846000028A3D13A4616
:108D40003146204602F0A6FA50B12020206684F871
:108D50005C800CE084F85DA084F85C8003201DE753
:108D600084F85DA084F85C80206E0028F7D0012094
:108D700014E710B5401EB0F1807F01D3012010BD73
:108D80004FF0E02460610F21601704F0B2FB002077
:108D9000A06107202061002010BD70477047704718
:108DA0007047704770470000F0B590F83C20012AEA
:108DB00043D0012580F83C50022280F83D20036812
:108DC0005A689C681E4E1F4FDFF87CC0B34203D028
:108DD000BB4201D0634504D122F4700E4A6842EAD6
:108DE0000E02DFF868E002EA0E02D1F800E04EEA77
:108DF000020EC3F804E00268B24212D0B2F1804F12
:108E00000FD0134B9A420CD0124B9A4209D0124BFE
:108E10009A4206D0BA4204D0104B9A4201D0624521
:108E200004D1896824F080031943916080F83D5093
:108E3000002180F83C100846F0BD0220F0BD000083
:108E4000002C014000340140005001408FFFFFFD25
:108E50000004004000080040000C004000400140B9
:108E6000704770472DE9F04104460068C6680569FF
:108E70004FF00007A90713D5B10711D5F91E0161FD
:108E800001202077206880698007204602D0FFF704
:108E9000E8FF04E000F0F6F8204600F0E7F9277755
:108EA000680716D5700714D521686FF004000861B3
:108EB000022020772068806910F4407F204602D08D
:108EC000FFF7CFFF04E000F0DDF8204600F0CEF918
:108ED0002777280715D5300713D521686FF00800CC
:108EE0000861042020772068C0698007204602D0EE
:108EF000FFF7B7FF04E000F0C5F8204600F0B6F930
:108F00002777E80616D5F00614D521686FF0100013
:108F10000861082020772068C06910F4407F20464F
:108F200002D0FFF79EFF04E000F0ACF8204600F00E
:108F30009DF92777E80708D0F00706D021686FF081
:108F400001000861204600F01DFA280601D4A8049B
:108F500008D5300606D521686FF402500861204616
:108F6000FFF71CFFE80508D5300606D521686FF429
:108F7000807008612046FFF710FF680608D570066C
:108F800006D521686FF040000861204600F0FBF92B
:108F9000A80608D5B00606D521686FF02000086144
:108FA0002046FFF7FCFEE80208D5F00206D521684E
:108FB0006FF4801008612046FFF7F3FEA80208D581
:108FC000B00206D521686FF4001008612046FFF753
:108FD000E7FE680208D5700206D521686FF48000AC
:108FE00008612046FFF7DEFE28020AD5300208D5C8
:108FF00021686FF4000008612046BDE8F041FFF7EA
:109000002FBFBDE8F081000010B586B004461421E2
:109010006846F7F7D4FA2368002217480221B3F113
:10902000804F15D0154CA34210D1C36C43F00203FE
:10903000C364C06C00F00200059010208DE80700AA
:10904000CDE9032169460E48FDF77AFA06B010BD56
:10905000C36C43F00103C364C06C00F001000590D1
:109060004FF400408DE807000120CDE90320694658
:109070004FF09040E8E7000000100240000400407C
:1090800000040048704770B5044690F83C00002684
:109090000D4601280BD0012084F83C000C2A4AD050
:1090A00007DC82B1042A20D0082A06D131E0022050
:1090B00070BD102A53D0142A63D00126002084F8F2
:1090C0003C00304670BD206802F0F0FA20688169EB
:1090D00041F0080181612068816921F0040181610A
:1090E000206881692A69114311E0206802F034FB8D
:1090F0002068816941F4006181612068816921F4FF
:1091000080618161206881692A6941EA0221816167
:10911000D4E7206802F070FB2068C16941F00801C3
:10912000C1612068C16921F00401C1612068C16981
:109130002A69114311E0206802F0AEFB2068C16982
:1091400041F40061C1612068C16921F48061C1619D
:109150002068C1692A6941EA0221C161AEE720683D
:1091600002F0EAFB2068016D41F00801016520680A
:10917000016D21F0040101652068016D2A69114328
:1091800011E0206802F014FC2068016D41F40061D8
:1091900001652068016D21F4806101652068016D21
:1091A0002A6941EA0221016588E710B5040003D06D
:1091B00094F83D0010B107E0012010BD002084F8B4
:1091C0003C00204600F022F8022084F83D00211DDA
:1091D000206802F0EBF9012084F8480084F83E0092
:1091E00084F83F0084F8400084F8410084F842008D
:1091F00084F8430084F8440084F8450084F846006D
:1092000084F8470084F83D00002010BD08B50168CF
:109210001448B1F1804F14D0134A914220D1816D8E
:1092200041F002018165806D002200F00200009093
:1092300011461D20FEF74EF91D20BDE80840FEF73F
:109240003BB9816D41F001018165806D002200F024
:109250000100009011461C20FEF73CF91C20ECE7B1
:1092600008BD0000001002400004004070470000EC
:1092700070B50446022269B1042912D0082917D01A
:109280000C291CD0102921D094F84300012824D0A7
:10929000012070BD94F83E000128F9D184F83E20E9
:1092A0001DE094F83F000128F2D184F83F2016E039
:1092B00094F840000128EBD184F840200FE094F8A6
:1092C00041000128E4D184F8412008E094F84200EC
:1092D0000128DDD184F8422001E084F843200122F6
:1092E000206802F0D5F91D4920681D4A1D4B1E4D0E
:1092F00088420BD0904209D0984207D01B4EB04212
:1093000004D01B4EB04201D0A84203D1466C46F4B3
:10931000004646642068884211D0B0F1804F0ED0DC
:10932000144988420BD01449884208D01349884216
:1093300005D0904203D0984201D0A84207D181685D
:109340000F4A1140062906D0B1F5803F03D00168CD
:1093500041F001010160002070BD0000002C0140BF
:1093600000340140004001400050014000440140F1
:10937000004801400004004000080040000C00408C
:10938000070001007047704710B50446D0F88C0004
:10939000202801D0022010BD61B15AB10120E06641
:1093A00000202067204602F007FC0028F3D1E16E80
:1093B000012901D0012010BD22681021116222680C
:1093C00052E8001F41F0100142E80013002BF6D1D3
:1093D00010BD704770477047704770B50446D0F8AD
:1093E0008800D4F88C60216889684FF01005090660
:1093F00018D5212816D12068083050E8001F21F028
:10940000800140E80012002AF5D1E06F38B1FCF786
:10941000EFF820B1E06FFCF75CF9202823D020465C
:1094200002F0B2FB2068806840061AD5222E18D1BF
:109430002068083050E8001F21F0400140E8001289
:10944000002AF5D1D4F8800040B1FCF7D1F828B15A
:10945000D4F88000FCF73DF9202804D0204602F023
:1094600069FB002070BDC4F89050032070BD7047A8
:109470002DE9F04103680446D86919689A6840F6F6
:109480000F0528424FF000054FF002060AD187066B
:109490007ED501F0200702F0805C57EA0C0777D0F8
:1094A000616F42E1B64FDFF8DCC2174001EA0C0CF5
:1094B00057EA0C0C6CD05FEAC07C0CD05FEAC15C50
:1094C00009D54FF0010CC3F820C0D4F8903043F018
:1094D0000103C4F89030830709D5D30707D0236868
:1094E0001E62D4F8903043F00403C4F89030430770
:1094F0000AD5D30708D0266804233362D4F8903005
:1095000043F00203C4F8903003070CD501F02003A8
:109510003B4308D0266808233362D4F8903043F0E8
:109520000803C4F8903003050BD54B0109D5266814
:109530004FF400633362D4F8903043F02003C4F852
:109540009030D4F89030002B3DD0800609D501F042
:10955000200002F08051084303D0616F09B120461A
:109560008847D4F8900021688968490602D410F031
:10957000280F2AD0204602F0DDFA206880684006D5
:109580001ED52068083050E8001F21F0400100E09F
:1095900021E040E80012002AF3D1D4F8800078B12D
:1095A00079498163D4F88000FCF757F800280AD085
:1095B000D4F88000816B00E02046BDE8F041084708
:1095C0002046FFF754FFBDE8F0812046FFF74FFF2C
:1095D000C4F89050F7E7D4F86CC02027BCF1010F15
:1095E0007ED15FEAC06C7BD55FEAC16C78D5102074
:1095F000186220688068400651D5D4F880100A6847
:1096000050680004000C3ED0B4F85C3083423AD974
:10961000A4F85E000868006880062CD4216851E830
:10962000000F20F4807041E80002002AF6D1206883
:10963000083050E8001F21F0010140E80012002A24
:10964000F5D12068083050E8001F21F0400140E8C3
:109650000012002AF5D1C4F88C70E566216851E843
:10966000000F20F0100041E80002002AF6D1D4F8E3
:109670008000FBF7BDFF2667B4F85C00B4F85E100D
:10968000401A81B207E0B4F85C1081429BD11068A7
:10969000800698D526672046FFF79BFE93E7B4F82F
:1096A0005C00B4F85E10401A81B2B4F85E00002885
:1096B00089D0002987D0226852E8000F20F49070EA
:1096C00042E80003002BF6D12D4BDB432068083025
:1096D00050E8002F1A4040E8002CBCF1000F00E0D9
:1096E0000EE0F3D1C4F88C70E5666567206850E839
:1096F000002F22F0100240E80023002BF6D1C9E72A
:10970000C60209D5560207D54FF4801018622046CC
:10971000BDE8F041FFF760BE03060AD501F0800303
:1097200002F40002134304D0A16F00297FF444AF78
:1097300049E7420611D54A060FD52046016851E88F
:10974000002F22F0400241E80023002BF6D1C0F8A0
:109750008870856700F01CF835E7020206D54A00DC
:1097600004D52046BDE8F041FFF735BEC00195D5D0
:10977000002993DA2046BDE8F041FFF72BBE000038
:1097800001000010200100042DBA00087047704746
:1097900070474FF4FA7001074863704704484FF070
:1097A0008041D0F88C02C0F5FA7048637047000021
:1097B000F430002004484FF08041D0F89402C0F506
:1097C000FA70486370470000F430002008B54FF687
:1097D000FF73009313460A4601460248FFF790F9CB
:1097E00008BD0000F407002008B54FF6FF73009392
:1097F00013460A4601460248FFF782F908BD0000F9
:10980000F4070020014908208861704700040048DF
:10981000014908208862704700040048014904207B
:1098200088617047000C0048014904208862704735
:10983000000C0048F7EE001A124831EEC02A9FEDE6
:10984000100A026822EE002ABCEEC22A12EE101A9A
:10985000C2F89C1071EEE00A006860EE800AFCEE2F
:10986000E00A10EE901AC0F89C1271EEC10A20EEC8
:10987000800ABCEEC00A10EE101AC0F81C13704724
:1098800000D084469406002010B54FF4C40105486A
:10989000FDF77BFCBDE8104040F603710148FDF781
:1098A000FEBC00009406002010B54FF4C40105482A
:1098B000FDF7C4FCBDE8104040F603710148FDF718
:1098C00006BD00009406002006210148FDF763BA9A
:1098D00094060020072930D2DFE801F00A10161C98
:1098E000222804000068D0F8841341F0010122E02E
:1098F0000068D0F8841341F002011CE00068D0F841
:10990000841341F0040116E00068D0F8841341F09C
:10991000080110E00068D0F8841341F010010AE05B
:109920000068D0F8841341F0200104E00068D0F80A
:10993000841341F04001C0F88413704770B50646A7
:109940000068D0F88853D0F89043E90707D0E107C2
:1099500005D00121C0F88C133046FDF716FAA80790
:1099600008D5A00706D531680220C1F88C0330461F
:10997000FDF70CFA680708D5600706D531680420A2
:10998000C1F88C033046FDF702FA280708D52007F6
:1099900006D531680820C1F88C033046FDF7F8F988
:1099A000E80608D5E00606D531681020C1F88C031A
:1099B0003046FDF7EEF9680608D5600606D5316831
:1099C0004020C1F88C033046FDF7E4F9A80608D51D
:1099D000A00606D531682020C1F88C033046FDF77B
:1099E000FCFA70BD70B503681A68D3F8A0534C69CF
:1099F00022F020022646144324F0C002202E2BD051
:109A00008C69022C28D0032C2BD0042C2ED022F0D1
:109A1000E00200BF22F40064CA69224322F4806499
:109A20000A6A224322F0C0644A6A224322F0006498
:109A30008A6A2243CC6A22F0404242EA840222F03F
:109A400000544A6B096B224325F4803421431A6089
:109A50000068C0F8A01370BD22F0C00242F02002DE
:109A6000D8E722F0800242F04002D3E722F0400221
:109A700042F08002CEE72DE9F04704460068D0F8B6
:109A80008883D0F890734668C5685FEAC8314FF0A4
:109A900001090DD5F9030BD54FF48031C0F88C13B3
:109AA00084F8DD90002084F8DC002046FDF7F4F80F
:109AB0005FEA883009D5B80307D521684FF4003034
:109AC000C1F88C032046FCF76BFEF00708D0E807CE
:109AD00006D02168C1F8089006212046FCF764FEF4
:109AE000B00708D5A80706D521680220886006219E
:109AF0002046FDF7CDF8700708D5680706D5216820
:109B00000420886006212046FDF7C3F8300708D5F9
:109B1000280706D521680820886006212046FDF721
:109B2000B9F8F00608D5E80606D521681020886047
:109B300006212046FDF72AFAB00607D5A80605D566
:109B40002168202088602046FDF746FA700608D577
:109B5000680606D521684020886006212046FDF76A
:109B600014FABDE8F087F0B50024E426056806EB9A
:109B7000C11755F807C0B82606EBC116AE59402AE2
:109B800020D00EDC082A2CD006DC012A1AD0022AAA
:109B900027D0042A31D115E0102A13D0202A2CD145
:109BA0001FE0B2F5007F1CD005DC802A19D0B2F589
:109BB000807F22D106E0B2F5806F03D0B2F5006F4E
:109BC0001BD10EE04FF0BC0E0EEBC11E5A6845F8DB
:109BD0000E204FF0C00E05680EEBC1119A686A5056
:109BE0000BE0C42404EBC1145A682A51C825046848
:109BF00005EBC1119A6862501024FE21A1401A6839
:109C00002CEA010CA240D96842EA0C02A14011439F
:109C10001A69D3F814C01546A2400A430CFA04FC92
:109C200099694CEA020CA14041EA0C01082D06D1C9
:109C3000B20504D4B20102D4DA69A240114300682B
:109C4000C151F0BD2DE9F0410746884600688422E5
:109C500002EBC81146588C2202EBC81145584FF050
:109C60008802F30702EBC81407D0E90705D00121E9
:109C7000015141463846FCF797FDB00708D5A807C3
:109C800006D539680220085141463846FDF700F8EC
:109C9000700708D5680706D5396804200851414681
:109CA0003846FCF7F6FF300708D5280706D539688F
:109CB0000820085141463846FCF7ECFFF00608D56D
:109CC000E80606D539681020085141463846FDF7A8
:109CD0005DF9700608D5680606D539684020085138
:109CE00041463846FDF751F9300608D5280606D515
:109CF00039688020085141463846FCF752FDF0058E
:109D000009D5E80507D539684FF4807008514146F8
:109D10003846FCF747FDB00509D5A80507D53968D1
:109D20004FF40070085141463846FDF70AF97005B6
:109D300009D5680507D539684FF480600851414658
:109D40003846FDF7FDF8300509D5280507D53968EF
:109D50004FF40060085141463846FDF7F4F8F0042E
:109D600009D5E80407D539684FF4805008514146B9
:109D70003846FDF7E7F8B00409D5A80407D53968D7
:109D80004FF40050085141463846FCF784FF7004F8
:109D900009D5680407D539684FF480400851414619
:109DA0003846FCF7F1FFBDE8F08100002DE9F04FE7
:109DB0008024036804EBC117DC5924F07044DC51A3
:109DC0000568EC59E82303EBC1139E4655F803C020
:109DD000E42303EBC1139B4655F803A0D5F8A03349
:109DE000566924F020043443202E24D09669022E94
:109DF00021D0032E24D0042E27D024F4D07400BF09
:109E000024F40066D469344324F48066146A34432D
:109E100024F0C066546A344324F00066946A3443E4
:109E200024F07046D46A3443566B24F40034B6F1FF
:109E3000005F0FD010E024F4C07444F02004DFE78A
:109E400024F4807444F08004DAE724F0800444F4BD
:109E50008074D5E744F4003424F04008946B2CF06F
:109E60003F0C264644EA080424F48028946D44EA12
:109E70000804DFF8D08004EA0804D2F8508048EAE9
:109E8000040992F83C40D2F8408004F03F0444EAD0
:109E90000C0424F0004448EA0408546C2AF4807C42
:109EA00044EA0C04D2F848C0BCF5606F02D0BCF59F
:109EB000F05F01D1402E03D124F4F0544CEA0404A5
:109EC00024F48046D46C3443566D062927D2DFE84B
:109ED00001F003090F151B21126B23F4003343EA31
:109EE00042031CE0126B23F4802343EA820316E052
:109EF000126B23F4002343EAC20310E0126B23F435
:109F0000801343EA02130AE0126B23F4001343EABE
:109F1000421304E0126B23F4800343EA821345F8F2
:109F20000790056845F80E80056845F80B40D42475
:109F3000026804EBC11156500068C0F8A033BDE8B8
:109F4000F08F0000FFFF06FEFEE70000F0B50023E3
:109F50000A24302537261F4611E000BFB4EB107FDE
:109F600002D905EB107C01E006EB107C01F813C070
:109F700001EB430C00015B1C8CF80170DBB29342D7
:109F8000ECD3F0BD70B5444E04462DED028B307815
:109F9000411C3170717888423ED994F80C049FEDD1
:109FA0003F8A04F58065072872D2DFE800F071620D
:109FB00004520A386600204600F0C6F894ED400AC4
:109FC0001FE0D4ED5A0A95ED050AF4EEC00AF1EE51
:109FD00010FA02D2F0EE601A01E0F0EE401AB1EE93
:109FE000401AF4EEC11AF1EE10FA07DDF4EEC00AE1
:109FF000F1EE10FA2AD2B0EE600A27E0B0EE410A84
:10A0000024E0D5ED060A20EE200A84ED320A00BFD6
:10A0100084ED318A00203070BDEC028B70BDD4ED30
:10A020005A0A95ED050AF4EEC00AF1EE10FA02D2D2
:10A03000B0EE601A01E0B0EE401AF1EE401AB4EE54
:10A04000E11AF1EE10FAD1DCB0EE610A84ED5A0AA1
:10A05000D7E7134894ED4D0AB2EE041AD0ED200A6A
:10A0600001F052FA84ED4E0A0021204603F080F9F7
:10A070000AE02046F8F73EF906E0B0EE000A84ED6B
:10A08000F90A204601F0A6F894ED560AB9E7FFE771
:10A0900084ED328ABCE70000C80000200000000008
:10A0A000F42F002000EB8100006E00F0F8407047B4
:10A0B00000EB8100006E00F0F84070478068C0F34C
:10A0C000C00070478068C0F3C00070478068C0F36C
:10A0D000800070478068C0F380007047C06810F44B
:10A0E000406F01D00020704701207047042303EA2D
:10A0F000D15310B518444369C1F3045107248C406F
:10A10000A3438A401343436110BD042303EAD153A0
:10A1100010B518444369C1F3045107248C40A3438C
:10A120008A401343436110BD00EB8100016E21F0B2
:10A13000004111430166704700EB8100016E21F080
:10A14000004111430166704790ED390AD0ED040AD1
:10A1500090ED071A00F5806130EE600AD0ED3D0AFF
:10A1600020EE200AD0ED4D0A70EEC10A90ED3F1AA4
:10A1700001EE200AD0ED5A0A30EE200A80ED400AA6
:10A18000D1ED050AB4EEE00AF1EE10FA02D2B0EE1B
:10A19000401A01E0B0EE601AF1EE601AB4EEE11A76
:10A1A000F1EE10FA07DDB4EEE00AF1EE10FA04D396
:10A1B000B0EE600A01E0B0EE610A80ED400A70473F
:10A1C000F4EEC10A30B5F1EE10FA07D2F4EEE10A6E
:10A1D000F1EE10FA0AD2B0EE602A09E0B4EEE11A0C
:10A1E000F1EE10FA02D2B0EE412A01E0B0EE612A9F
:10A1F000F4EEC10AF1EE10FA07DDF4EEE10AF1EE39
:10A2000010FA0ADDF0EE602A09E0B4EEE11AF1EE90
:10A2100010FA02DDF0EE412A01E0F0EE612A2C4B4B
:10A2200072EE222AB6EE002A2A4CDFED2B3A62EEBD
:10A23000822A30EEE23AC3EE000A9FED283A70EE31
:10A24000820A10EE905A9D4203DD10EE905AA5420C
:10A2500006DA10EE905A9D4204DCF0EE430A01E06B
:10A26000F0EE630A31EE621AC0ED000AC1EE000A98
:10A2700070EE820A10EE900A984203DD10EE900A0A
:10A28000A04206DA10EE900A984204DCF0EE430A8F
:10A2900001E0F0EE630A31EEE21AC1ED000AC1EE10
:10A2A000000A30EE820A10EE100A984203DD10EE2A
:10A2B000100AA04206DA10EE100A984204DCB0EE52
:10A2C000430A01E0B0EE630A82ED000A30BD0000EF
:10A2D0000AD7233CA4707D3FA4707D3F0AD7233C5E
:10A2E0002DE9F0419AB000241794189420210FA86A
:10A2F0001994F6F764F93C216846F6F760F92B48A3
:10A300004FF0A041042501604FF44031C0E9011431
:10A31000C4600461C0E905450477447701260662FC
:10A3200080F82440C462046380F83840C46380F835
:10A330004040FAF70BFE08B1F9F738F9CDE9176498
:10A3400017A91A481994FAF7BBF908B1F9F72EF9C9
:10A35000174F10A906204FF07F080F9781E81101D1
:10A36000CDE913540FA91148FAF75AFA08B1F9F7D1
:10A370001DF901A90920009781E81101CDE90454D4
:10A380008DF824408DF8254008968DF826400A94D3
:10A390000B948DF8304069460448F9F7DBFC00283F
:10A3A00001D0F9F703F91AB0BDE8F08108040020E4
:10A3B000020030042DE9F04198B020210FA8F6F7F3
:10A3C000FEF83C216846F6F7FAF8284826490024AA
:10A3D00001604FF44031C0E90114C46004250461F8
:10A3E000C0E90545047744774FF00108C0F82080A4
:10A3F00080F8244080F83840C46380F84040C4624C
:10A400000463FAF7A3FD08B1F9F7D0F8184E10A9C4
:10A4100006207F270F9681E89100CDE913540FA9FC
:10A420001248FAF7FDF908B1F9F7C0F801A90920B7
:10A43000009681E89100CDE904548DF824408DF810
:10A440002540CDF820808DF826408DF830400A94C4
:10A45000694606480B94F9F77DFC002801D0F9F70E
:10A46000A5F818B0BDE8F081000100507404002088
:10A470004000201930B58BB00024089409942021A5
:10A4800068460A94F6F79BF81D481C4904250160AC
:10A490004FF44031C0E90114C4600461C0E90545CE
:10A4A000047744770121016280F82440C462046388
:10A4B00080F83840C46380F84040FAF747FD08B19F
:10A4C000F9F774F808A90E480894FAF7F9F808B1F2
:10A4D000F9F76CF80B4800900620CDE901047F20C5
:10A4E0000594CDE9030569460548FAF799F900286E
:10A4F00001D0F9F75BF80BB030BD0000000400504C
:10A50000E00400200200300430B589B02021684604
:10A51000F6F755F825482449002401604FF44031EE
:10A52000C0E90114042585610121C460C0E904412A
:10A53000047741770321016280F82440C4620463F8
:10A5400080F83840C46380F84040FAF7FFFC08B157
:10A55000F9F72CF8164800900620CDE901047F2079
:10A560000594CDE9030569461048FAF759F908B191
:10A57000F9F71CF80F4800900C20019069460B4831
:10A58000FAF74EF908B1F9F711F80B4800901220CC
:10A59000019069460548FAF743F9002801D0F9F718
:10A5A00005F809B030BD0000000500504C05002042
:10A5B0000800900C1000C0102000F0140D4808B5E1
:10A5C000816C41F004018164816C01F0040100910F
:10A5D000816C41F001018164806C002200F0010077
:10A5E000009011460B20FCF775FFBDE808400B20DA
:10A5F000FCF762BF0010024070B5264C24480025CD
:10A60000C4E900054FF44070C4E902050126267430
:10A610006574A5740A20C4E905060D20E0610320D5
:10A62000C4E908061820C4E90A600920C4E90C0539
:10A63000A5632046E563FBF7A9FB08B1F8F7B6FF71
:10A64000144802211838C6600560C0E9015140F283
:10A65000FF71C0E9045101461830FBF7E6F908B173
:10A66000F8F7A4FFE56A606A45430A48FBF736FA43
:10A67000002229460748FBF721FA0648FBF729FE86
:10A68000BDE87040002201210248FBF739B9000003
:10A6900000680040300600202DE9F04186B014210A
:10A6A0006846F5F78CFF4448C16C41F02001C16455
:10A6B000C16C01F020010591C16C41F00401C1643D
:10A6C000C16C01F004010591C16C41F00101C1644C
:10A6D000C16C01F001010591C16C41F00201C1643E
:10A6E000C16C01F002010591C16C41F00801C16427
:10A6F000C06C4FF0904800F0080005900022102137
:10A700004046FCF741F82D4E002208213046FCF768
:10A710003BF82B4F002204213846FCF735F8102077
:10A72000009001250024CDE9015469464046039478
:10A73000FBF706FF08200090CDE90154694630463A
:10A740000394FBF7FDFE04200090CDE90154694617
:10A7500038460394FBF7F4FE4FF44060009002206B
:10A76000CDE901040720CDE9034069463046FBF7F7
:10A77000E7FE18200090CDE9015469464046039455
:10A78000FBF7DEFEA8020090CDE901546946404681
:10A790000394FBF7D5FE2C03694640460094FBF773
:10A7A000CFFE002221464046FBF7EEFFC820FBF714
:10A7B00095F806B0BDE8F0810010024000040048A2
:10A7C000000C0048F0B5B7B0002429942A942B94CB
:10A7D000602168462C94F5F7F2FE349435941C21E0
:10A7E0002DA83694F5F7EBFE242120A8F5F7E7FE17
:10A7F000202118A8F5F7E3FEA748A649C0E90014F0
:10A800008460FCF7D3FA08B1F8F7D0FE0C21A24817
:10A81000FCF743FA08B1F8F7C9FE0A219E48FCF795
:10A8200093FB08B1F8F7C2FE48F2D040CDE9290405
:10A8300003200825CDE92B0529AA06219648FCF717
:10A84000CDFB08B1F8F7B2FE4120CDE900040126A6
:10A850000294CDE90346059406940794C006089433
:10A86000CDE909408000CDE90C400B946A460621F1
:10A8700089481794FCF743FD08B1F8F797FE44F2B6
:10A88000682734AB0122062183483497FCF7E3FBA9
:10A8900008B1F8F78BFE29AA00217F482997FCF719
:10A8A0009DFB08B1F8F782FE30942DAA00217A486A
:10A8B0002D963394FCF76BFD08B1F8F777FE002274
:10A8C00011467548FCF763FB08B1F8F76FFE019479
:10A8D0004FF48076CDE9104600940F941020CDE916
:10A8E0001440800316900E9412946A4600216A4820
:10A8F000FCF705FD08B1F8F759FE6A4604216648E1
:10A900001294FCF7FCFC08B1F8F750FE6A460521EA
:10A9100061481294FCF7F3FC08B1F8F747FE42F2E5
:10A920003410349034AB012200215B48FCF793FBD8
:10A9300008B1F8F73BFE4FF4406020906420CDE969
:10A940002104CDE9244023942694279420AA0021B1
:10A9500051482894FCF7D2F908B1F8F727FE20AA4D
:10A9600004214D48FCF7CAF908B1F8F71FFE20AAE8
:10A9700005214948FCF7C2F908B1F8F717FECDE9FF
:10A9800018451A941B941C941D941E9418AB012214
:10A99000002141481F94FCF767FC08B1F8F706FE58
:10A9A00018AB324604213C48FCF75EFC08B1F8F7CE
:10A9B000FDFD18AB4FF4806205213748FCF754FCCD
:10A9C00008B1F8F7F3FD18AB022200213248CDE9B7
:10A9D0001945FCF749FC08B1F8F7E8FD18AB4FF44E
:10A9E000007204212C48FCF73FFC08B1F8F7DEFDAB
:10A9F00018AB4FF4006205212748FCF735FC08B17D
:10AA0000F8F7D4FD29AA04212348FCF7E7FA08B196
:10AA1000F8F7CCFD2DAA04211F48FCF7B8FC08B1BB
:10AA2000F8F7C4FD002204211B48FCF7B0FA08B176
:10AA3000F8F7BCFD34AB012204211748FCF70BFBEF
:10AA400008B1F8F7B3FD29AA05211348FCF7C6FAA7
:10AA500008B1F8F7ABFD2DAA05210F48FCF797FCCC
:10AA600008B1F8F7A3FD002205210B48FCF78FFA87
:10AA700008B1F8F79BFD34AB012205210648FCF72D
:10AA8000EAFA08B1F8F792FD0348FCF70DFA37B07F
:10AA9000F0BD00000068014094060020124810B587
:10AAA000104901604FF48271416000214FF47062DF
:10AAB000C0E902120122C0E904125202826110228E
:10AAC000C0E9072107224162C0E90A12016341631C
:10AAD000FDF74EFF002803D0BDE81040F8F766BD33
:10AAE00010BD0000003C0040F407002010B58AB003
:10AAF0000024079408941C2168460994F5F75FFD2B
:10AB000016484FF0804101601021C0E9011440F265
:10AB1000F311C0E9031480218161FEF746FB08B1FF
:10AB2000F8F744FD079407A90C480994FEF73CF98F
:10AB300008B1F8F73BFD6020CDE900040294002243
:10AB4000694606480494FEF79EFA08B1F8F72EFD10
:10AB50000248FEF759FA0AB010BD0000580800205C
:10AB600010B58AB00024079408941C216846099403
:10AB7000F5F725FD154814490160A921C0E9011424
:10AB8000C721C0E903148461FEF70FFB08B1F8F791
:10AB90000DFD079407A90D480994FEF705F908B1C2
:10ABA000F8F704FD6020CDE9000402940022694614
:10ABB00006480494FEF767FA08B1F8F7F7FC034873
:10ABC000FEF722FA0AB010BD00040040A4080020DD
:10ABD00010B500220F49104801F080FB08B1F8F7CA
:10ABE000E5FC0E490C4801F050FD08B1F8F7DEFC19
:10ABF0000B49094801F0BEF908B1F8F7D7FC06483F
:10AC000001F0BEFD002803D0BDE81040F8F7CEBC2F
:10AC100010BD0000E0010020581A00202803002089
:10AC200034020020FEE7000000EE100ADFED1D0AEE
:10AC30009FED1F1AB8EE400A1B4800B520EE200A0F
:10AC4000DFED1A0ADFED1B1A80ED010A70EEC00A73
:10AC500020EE011AC0ED030A81EE200A80ED000A01
:10AC600020EE210A04F00AF980ED040A90ED000AB2
:10AC700020EE210A04F002F9DFED0F0A9FED0F1A12
:10AC800060EE200A9FED0E0A00EE810AB7EE001A70
:10AC9000C1EE000A9FED0B0A30EEC00A80ED020AF9
:10ACA00000BD0000A306533AF403002033335340A1
:10ACB00000401C4617B7D1381572313F16A58439AC
:10ACC000C8CE5B3B33938843FEE7000000EE100ADA
:10ACD0009FED041AF8EE400A9FED030A10EE810A78
:10ACE000704700009D11A53D000048422DE9F84F36
:10ACF000044640F68F7A40F2064B48F60F784FF044
:10AD000000098BE1B0F8441011F00F053AD030F88B
:10AD1000256031047DD530F8251001EA0A0141F0A3
:10AD2000800120F8251005EB850004EBC00797F89B
:10AD30005C0107F5A87700286CD0F87802286AD063
:10AD40003978226832F8210048F68F73184048F2AB
:10AD5000C003184322F821003878D4F800C03CF82A
:10AD600020104904BCF8501001EB0C027ED540F2D3
:10AD7000024101EBC000105A8005800D009076D092
:10AD80003A89A7E0C9062AD4018801EA080141F4FA
:10AD900000410180206804F11005B0F85010227CB9
:10ADA000014440F2024000EBC200085AC0F309001F
:10ADB000E062616A0844606200212046FCF70EFCF4
:10ADC000207B00289DD0A86900289AD1207B40F0E4
:10ADD00080012068A0F84C1084F80C901EE10188D6
:10ADE00004F5A8750A051ED5B0F850100A18297880
:10ADF0000BEBC100105A04F52671C0F30903EB6197
:10AE0000EA88206802F085FA2168088800EA0A00CA
:10AE100002E07BE03FE04EE040F08000088020460A
:10AE2000FDF769F8FAE00904D8D5018801EA0A01BA
:10AE300041F0800101802068B0F850102A78084461
:10AE40000BEBC201405A83059B0DEB610DD0696984
:10AE500059B1EA88206802F05CFAE9696869084437
:10AE6000686100212046FCF7C2FB01E02AE028E0EF
:10AE7000206801880A050DD4C1F30131032909D0E6
:10AE800001884BF68F72114081F4405148F28002E4
:10AE900011430180C2E02068B0F850103B780A18D6
:10AEA0000BEBC301515A8905890D009117D0FA881F
:10AEB0007969009B11E0324639462046FCF7F3FBE6
:10AEC00000900CE00BEBC000105A8005800D009044
:10AED00005D07A8903466046796902F01AFAF96961
:10AEE00000980844F8617869009908447861B86965
:10AEF00018B139690098814204D939782046FCF7A5
:10AF000076FB03E03946206802F03AF830062DD58A
:10AF100005EB850004EBC001206830F8252002EA2B
:10AF2000080242F4004220F82520C87C1031012894
:10AF30001DD0F0056ED42068B0F8502013180A78A0
:10AF400040F2024000EBC200185A8A69C0F30900BF
:10AF5000824258D9121A8A6157D04A6902444A611A
:10AF6000CA691044C861206802F00AF856E0C1F8C6
:10AF700018900A7B48461AB3720622D54A7812B155
:10AF8000012A14D041E02068B0F8502010440A781B
:10AF900000EBC200B0F80224C2F30902A0F80224B8
:10AFA000B0F8022442F40042A0F802242DE0226806
:10AFB000B2F850301A440B7802EBC302A2F8020434
:10AFC00023E04B78226813B1012B13D01DE0B2F8B7
:10AFD000500010440A7800EBC200B0F80624C2F317
:10AFE0000902A0F80624B0F8062442F40042A0F8B2
:10AFF00006240AE0B2F850301A440B7802EBC30280
:10B00000A2F8060401E0C1F8189009782046FCF780
:10B01000E5FA03E032462046FCF7B3FB2068B0F8BF
:10B02000441009043FF56EAE0020BDE8F88F000023
:10B03000054A672313707623D37150700868C2F8ED
:10B0400002001046704700009803002010B50B481E
:10B050000B4A002102EB810350F8044B491C1C6091
:10B060004029F7DB074A002102EB810350F8044B2B
:10B07000491C1C60FF29F7DD10BD000000F001082D
:10B08000F42F0020F43000202DE9FF47214C72B648
:10B09000FBF742FA002001211F228DE807001E4E17
:10B0A000039170601C496846091DFBF767F97068D9
:10B0B000401CF7D1DFF864900025B04609EB85000D
:10B0C000D0E9006732463B4621460020FBF7D2F923
:10B0D00088F800000028F5D10834AD1C402DEDDBC8
:10B0E000DFF83C80002500BF08EB8500D0E9006751
:10B0F00032463B4621460020FBF7BCF90028F7D139
:10B100000834AD1CFF2DEFDDFBF7A6F962B6BDE8F4
:10B11000FF87000000F0010874030020F42F0020D6
:10B12000F43000207047000090ED040A11B1D0ED1A
:10B130003A0A01E0D0ED390A30EEC00A80ED3B0A50
:10B14000B0EE401AB5EEC01AF1EE10FA02DDB0EE24
:10B15000410A01E0B1EE410AD0ED410AB4EEE00A45
:10B16000F1EE10FA01DC9FED1A1A00F5806180ED16
:10B170003B1A90ED3D0AD0ED3F0AD0ED071A20EEC4
:10B18000010A00EEE10A80ED400AD1ED040AB4EEB6
:10B19000E00AF1EE10FA02D2B0EE402A01E0B0EE81
:10B1A000602AF1EE601AB4EEE12AF1EE10FA07DD42
:10B1B000B4EEE00AF1EE10FA04D3B0EE600A01E05A
:10B1C000B0EE610A80ED400A80ED3C1A7047000045
:10B1D0000000000070B590ED4D0AD0ED070A2C4E2E
:10B1E000044630EE600A04F5806580EDFF0A96F9AA
:10B1F0000000D5ED000A00280BD005DDB5EEC00A31
:10B20000F1EE10FA05D308E0B5EEC00AF1EE10FA3F
:10B2100003DD70EE800AC5ED000AD4EDFA0A95ED63
:10B22000001A00EE810A84EDFE0AD4EDFB0A06F056
:10B2300023F9D4EDFC0A94EDFF1A20EE200AD4ED98
:10B24000FA0A00EE810AD4EDFD0A94EDFE1A00EE32
:10B25000810AD4EDF90A20EE200A84ED560AD5EDD4
:10B26000050AB4EEE00AF1EE10FA03DBC4ED560A6B
:10B2700001200BE0F1EE600AB4EEE00AF1EE10FA04
:10B2800003D8C4ED560AFF2000E00020307070BDE6
:10B29000F0030020F8B515460E460B460092044612
:10B2A00000224FF4C05100F019F888B9334600224B
:10B2B00080212046009500F081F848B933460022ED
:10B2C0004FF4C0612046009500F008F8002804D033
:10B2D000206E40F0200020660320F8BD2DE9FE4FCF
:10B2E0004FF0000A984617460E4604460C9D8DF80E
:10B2F00004A0FBF74FFA411BA8EB0105FBF74AFA44
:10B30000814620684FF4C06B0C3002902A480068D8
:10B31000C0EBC00000EB8000000D6843009043E0EC
:10B320005E4506D12FB9029800788DF804009DF88B
:10B330000400B8F1FF3F37D0FBF72CFAA0EB09006F
:10B34000A84203D215B1009858B32BE02068416899
:10B3500021F0E00141606068B0F5827F0BD1A06808
:10B36000B0F5004F02D0B0F5806F04D120680168BD
:10B3700021F040010160A06AB0F5005F09D12068AA
:10B38000016821F4005101602068016841F4005116
:10B390000160012084F85D0084F85CA00320BDE812
:10B3A000FE8F0025401E0090206880683040B84223
:10B3B000B6D10020F3E70000C40000202DE9F843D7
:10B3C0001E46914688460446089DFBF7E3F9401B5C
:10B3D000351AFBF7DFF9074625480068C0F3CB3084
:10B3E000684338E0701C37D0FBF7D4F9C01BA84283
:10B3F00003D215B1009860B32CE02068416821F0B9
:10B40000E00141606068B0F5827F0BD1A068B0F5C3
:10B41000004F02D0B0F5806F04D12068016821F0A0
:10B4200040010160A06AB0F5005F09D120680168A1
:10B4300021F4005101602068016841F4005101606D
:10B44000012084F85D00002084F85C000320BDE842
:10B45000F8830025401E00902068816838EA0100CA
:10B4600004D000214945BDD10020F0E70121F9E7D2
:10B47000C400002070470178407841EA00207047FE
:10B48000FBF7C8BF00B593B038216846F5F797F8C9
:10B4900014210EA8F5F793F80020FCF75BFD22209D
:10B4A00000904FF48070039040200490012006909B
:10B4B00002200421CDE908015521CDE90A100790A9
:10B4C0000621CDE90C106846FDF750F808B172B6B8
:10B4D000FEE70F200E9003200F9000201090119097
:10B4E000129004210EA8FCF71BFF002801D072B6B1
:10B4F000FEE713B000BD00000248016841F470018E
:10B500000160704788ED00E0214800B5B0EE605A58
:10B51000F0EE400A90ED000ADFED1B5AD0ED014A33
:10B52000F0EE401A9FED192A45EEA41AC0ED001A5C
:10B53000F0EE411AB0EE601AF0EE640A03F0ACFCD3
:10B5400045EE804AC0ED014AF5EEC04AF1EE10FA30
:10B5500002DDB0EE640A01E0B1EE640AB4EEC50AA1
:10B56000F1EE10FA0DDDF5EEC04AF1EE10FA02DD53
:10B57000B7EE000A01E0BFEE000A20EE050A80EDFA
:10B58000010A90ED000A00BD17B751386F12833AD7
:10B59000D80300200148FDF765BC000058080020D2
:10B5A0000148FDF75FBC0000A40800202DE9F04F22
:10B5B00002682E4B2E4E2F4FDFF8BCC02F4C304D63
:10B5C0004FF0804B98420BD0584509D0B04207D07D
:10B5D000B84205D0604503D0A04201D0A84204D1B2
:10B5E00022F070084A6842EA0802DFF89880DFF823
:10B5F0009890DFF898A0984211D058450FD0B042EB
:10B600000DD0B8420BD0604509D0A04207D04045CC
:10B6100005D0484503D0504501D0A84203D122F4BB
:10B620004076CA6832434E6922F08002324302609B
:10B630008A68C2620A688262984209D0A04207D032
:10B64000404505D0484503D0504501D0A84201D11E
:10B6500009690163012141610169C90703D00169D9
:10B6600021F001010161BDE8F08F0000002C0140D4
:10B670000004004000080040000C0040003401407D
:10B68000005001400040014000440140004801409A
:10B6900010B501F01F030121046A99408C43046234
:10B6A000016A9A401143016210BD00002DE9F04784
:10B6B000056A026A22F001020262436882691F4C35
:10B6C00025F0020522400C6822F0030214438A6828
:10B6D0001C4E2A431A4D1C4FDFF870C0DFF87090E3
:10B6E000DFF870A0A84209D0B04207D0B84205D018
:10B6F000604503D0484501D0504506D122F00808E6
:10B70000CA6842EA080222F00402A84209D0B04204
:10B7100007D0B84205D0604503D0484501D0504518
:10B7200005D14D6923F440731D438B692B4343605E
:10B730008461496841630262BDE8F0878FFFFEFFC4
:10B74000002C014000340140004001400044014011
:10B750000048014000500140F0B5056A026A22F03D
:10B7600010020262426883691C4C1E4E23400C6822
:10B7700023F4407343EA042425F020038D681A4F14
:10B7800043EA0513164DA84203D0B04201D0B84297
:10B7900007D1D1F80CC023F0800343EA0C1323F047
:10B7A0004003A8420CD0B0420AD0104DA84207D0A6
:10B7B0000F4DA84204D00F4DA84201D0B84207D186
:10B7C0004D6922F4406242EA85028D6942EA8502AF
:10B7D00042608461496881630362F0BDFF8FFFFEB0
:10B7E000002C014000340140005001400040014065
:10B7F0000044014000480140F0B5056A026A22F4A5
:10B80000807202624368C2691C4C1E4E22400C6862
:10B8100022F00302144325F400728D681A4F42EAA5
:10B820000522174DA84203D0B04201D0B84207D13B
:10B83000D1F80CC022F4006242EA0C2222F48062A9
:10B84000A8420CD0B0420AD0104DA84207D0104DEB
:10B85000A84204D00F4DA84201D0B84207D14D698B
:10B8600023F4405343EA05138D6943EA051343600B
:10B87000C4614968C1630262F0BD00008FFFFEFF32
:10B88000002C0140003401400050014000400140C4
:10B890000044014000480140F0B5056A026A22F404
:10B8A000805202624268C3691C4C1E4E23400C68E1
:10B8B00023F4407343EA042425F400538D681A4F9F
:10B8C00043EA0533164DA84203D0B04201D0B84236
:10B8D00007D1D1F80CC023F4004343EA0C3323F41E
:10B8E0008043A8420CD0B0420AD0104DA84207D0E5
:10B8F0000F4DA84204D00F4DA84201D0B84207D145
:10B900004D6922F4404242EA85128D6942EA85126D
:10B910004260C461496801640362F0BDFF8FFFFEAD
:10B92000002C014000340140005001400040014023
:10B93000004401400048014030B5056A026A22F423
:10B94000803202624268036D124C23400C681C4333
:10B9500025F400330D8943EA05430F4DA8420ED06C
:10B960000E4DA8420BD00E4DA84208D00D4DA84256
:10B9700005D00D4DA84202D00C4DA84204D14D690E
:10B9800022F4803242EA05224260046549688164FB
:10B99000036230BD8FFFFEFF002C014000340140E8
:10B9A0000040014000440140004801400050014077
:10B9B00030B5046A026A22F4801202624268036DA2
:10B9C000134D24F400142B400D6843EA05230D8920
:10B9D00044EA05540F4DA8420ED00F4DA8420BD09B
:10B9E0000E4DA84208D00E4DA84205D00D4DA842DC
:10B9F00002D00D4DA84204D14D6922F4802242EAC2
:10BA00008522426003654968C164046230BD00005C
:10BA1000FF8FFFFE002C0140003401400040014038
:10BA200000440140004801400050014010B5806AC8
:10BA30000021A0F85E10FDF71AFD10BD70B5846AF4
:10BA4000D4F88800D4F88C50216889684FF000063B
:10BA5000090606D5212804D1A4F85660204600F036
:10BA600093F820688068400606D5222D04D1A4F8FA
:10BA70005E60204600F05EF8D4F8900040F01000C0
:10BA8000C4F890002046FDF7F2FC70BD10B50146E9
:10BA9000806A096809684FF0000289062DD4A0F871
:10BAA0005E20036853E8001F21F4807143E800140E
:10BAB000002CF6D10168083151E8003F23F0010362
:10BAC00041E80034002CF5D10168083151E8003F0D
:10BAD00023F0400341E80034002CF5D12021C0F8C8
:10BAE0008C10C16E012908D1016851E8003F23F094
:10BAF000100341E80034002CF6D10267C16E012921
:10BB000002D0FDF743FE10BDB0F85C10FDF761FCFC
:10BB100010BD10B5806A01210167C16E012902D0F4
:10BB2000FDF735FE10BDB0F85C104908FDF751FC7B
:10BB300010BD000010B5026852E8001F21F490719A
:10BB400042E80013002BF6D10E4B0268083252E88F
:10BB5000001F194042E80014002CF6D1C16E0129E3
:10BB600008D1016851E8002F22F0100241E80023BB
:10BB7000002BF6D12021C0F88C100021C16641674E
:10BB800010BD0000FEFFFFEF026852E8001F21F029
:10BB9000C00142E80013002BF6D10168083151E8DA
:10BBA000002F22F4000241E80023002BF5D12021D0
:10BBB000C0F888107047000070B58165A0F85C205F
:10BBC00000210446C0F890102220C4F88C00D4F85C
:10BBD0008000F0B11F4BC362D4F880301E48186358
:10BBE000D4F880301D485863D4F880001346816330
:10BBF000A56D21682A462431D4F88000F9F728FE83
:10BC000038B11020C4F890002020C4F88C00012026
:10BC100070BD206940B1216851E8000F40F4807088
:10BC200041E80002002AF6D12068083050E8001FE1
:10BC300041F0010140E80012002AF5D120680830E7
:10BC400050E8001F41F0400140E80012002AF5D101
:10BC5000002070BD8DBA000813BB00083DBA000873
:10BC600070B519480068C169C1F30011B9B110215C
:10BC700001621548FDF7FCFB1348FDF7AEFB1248C7
:10BC8000943000684068114CC0F108000004000CBA
:10BC900060804FF0000514D0082805D009E0BDE809
:10BCA00070400948FDF7E4BB094A0A490A48F7F71A
:10BCB000EBF9012060702570082207490248FDF762
:10BCC00063FB658070BD0000F00800207800002054
:10BCD00024110020080F0020F439002010B50A4676
:10BCE000024903A000F0CAFA004810BD281D002038
:10BCF00043444320436F6E66696700002DE9F041BD
:10BD00000C46D0F8C422D0F8BC12E9B104EB84068A
:10BD100000EB86050027AB693BB102EBC602126A55
:10BD2000B3FBF2F602FB163282B1C1F81472D0F8FE
:10BD3000C00203692BB1D1F80802224601F5047153
:10BD400098470020BDE8F0810320FBE700231A4656
:10BD50002146AF6100F07AFCF3E770B5D0F8BC4241
:10BD600005466CB100F069FBC4F80C02D5F8C012AE
:10BD7000D4F80402CA6804F503719047002070BD2E
:10BD8000032070BD70B50446812100F0C3FA002580
:10BD900025870121204600F0BDFAA4F878518221C0
:10BDA000204600F0B7FAA4F84C50A4F84E50D4F84E
:10BDB000BC0248B1D4F8C00204F52F744068804733
:10BDC000206800F032FE2560002070BD122008803F
:10BDD000004870470402002010B5D0F8BC4284B17E
:10BDE000D0F8C01259B194F80002FF2807D08B6830
:10BDF00094F8012221469847FF2084F80002002091
:10BE000010BD032010BD00000A21018000487047CA
:10BE1000500200204321018000487047A00200200A
:10BE200043210180004870475C02002043210180CB
:10BE300000487047E40200202DE9F04704464FF423
:10BE4000077000F0F3FD05004FF0000735D0C4F88F
:10BE5000BC52207C4FF010084FF40079012680B3CB
:10BE6000402302228121204600F03DFB268740230B
:10BE700002220121204600F036FBA4F87861A4F8E4
:10BE80004E80082303228221204600F02CFBA4F8D8
:10BE90004C60D4F8C00200688047C5F81472C5F839
:10BEA0001872207CD5F80422A8B140230121204635
:10BEB00000F025FB0020BDE8F0870220C4F8BC722A
:10BEC000F9E7FFE74B4602228121204600F00BFBF9
:10BED00026874B46CCE74B46E8E7000010B50A46FC
:10BEE000024903A000F0CAF9004810BD281D002037
:10BEF00043444320496E74657266616365000000C7
:10BF000004200880004870470002002010B50A464F
:10BF1000024903A000F0B2F9004810BD281D00201E
:10BF200048657263756C65730000000010B50A46C1
:10BF3000024903A000F0A2F9004810BD281D00200E
:10BF400048657263756C65730000000010B5D0F829
:10BF5000BC1251B1027C002AD1F8042207D0402340
:10BF6000012100F0CCFA002010BD032010BD4FF4D9
:10BF70000073F5E719B1C0F8C01200207047032024
:10BF80007047000010B51A2008800A480168001D9B
:10BF90000468001D0068081809D008220649FDF74A
:10BFA000D5FF0549042210312046FDF7CFFF024896
:10BFB000801E10BD9075FF1F1A020020D0F8BC0231
:10BFC00018B1C0F804120020704703207047D0F861
:10BFD000BC0228B1C0F81022C0F808120020704737
:10BFE000032070472DE9FC410646D0F8BC720020C2
:10BFF0000C468DF80000ADF80400054637B12078F6
:10C0000010F0600128D0202944D102E00320BDE8CF
:10C01000FC81E288C2B1000660780AD5D6F8C01269
:10C020008B6839469847E288072A00D907223946A3
:10C0300028E087F80002A07987F80102E2883946F3
:10C04000304600F06CF82AE0D6F8C0126078002282
:10C050008B682146984722E0607830B101281ED0D5
:10C060000A2809D00B2815D110E096F89C02032865
:10C0700010D1022201A905E096F89C02032809D1FB
:10C0800001226946304600F064F808E096F89C0208
:10C09000032804D02146304600F036F80325284610
:10C0A000B5E710B5D0F8BC12012219B1D1F814329D
:10C0B00013B10FE0032010BD0122C1F81422D1F802
:10C0C0001022C262D1F81032D1F80822812100F08A
:10C0D000BDFA0022104610BD10B5D0F8B8220AB142
:10C0E00052689047002010BD134610B50A46002143
:10C0F00000F005FA002010BD134610B50A460021D5
:10C1000000F0A4FA002010BD10B50446802100F014
:10C1100082FA2046BDE81040002100F07CBA10B53C
:10C120000323C0F89432C0F858211346C0F85C21AC
:10C130000A46002100F0E3F9002010BD10B50521EA
:10C14000C0F8941200231A46194600F0D8F90020CE
:10C1500010BD10B50223C0F8943282611346C2614B
:10C160000A46002100F072FA002010BD10B504212B
:10C17000C0F8941200231A46194600F067FA00200E
:10C1800010BDF8B504460020ADF8000048880D4603
:10C19000010A062947D006DC01290FD0022912D056
:10C1A000032962D11DE0072946D00F295DD1D4F8BB
:10C1B000B402C26920E0694690473BE0D4F8B4126B
:10C1C000207C0A68F7E7207C02260028D4F8B80211
:10C1D00005D0C16A684688470146467036E0816AE4
:10C1E000F8E7C0B2062840D2DFE800F003090D11DD
:10C1F0001519D4F8B4024268B2B3207CDBE7D4F856
:10C20000B4028268F8E7D4F8B402C268F4E7D4F85C
:10C21000B4020269F0E7D4F8B4024269ECE7D4F85A
:10C22000B4028269E8E7207CF0B9D4F8B802416B27
:10C2300068468847014609E0207CA8B9D4F8B802CE
:10C24000016B68468847014607204870EA888AB132
:10C25000BDF8000040B1824200D90246ADF800208E
:10C260002046FFF776FFF8BDFFE729462046FFF797
:10C270004BFFF8E72046FFF779FFF4E770B500239E
:10C2800000281ED00025044602E06D1CEDB2641C9F
:10C290002678002EF9D1022404EB4504148012788C
:10C2A000CA545B1C0322CA5400245B1C06E0CA5417
:10C2B0005B1CDAB28C54521CD3B2401C0278002AA8
:10C2C000F5D170BD01004FF0000004D0012901D06C
:10C2D000022901D0032070470120704778B1002364
:10C2E000C0F8B832C0F8C032C0F8CC3209B1C0F8DA
:10C2F000B412012180F89C12027000F0A3B8032050
:10C30000704710B5D0F8C402FBF7A0F9BDE81040A3
:10C31000FFF7D8BF10B5D0F8C402FBF772F9BDE83B
:10C320001040FFF7CFBF70B51646044621B194F810
:10C330009C02032841D048E0D4F8941204F1140080
:10C340000025022932D1D0E902318B4206D95A1A8E
:10C35000826031462046FFF7CFFE0FE0994214D1AC
:10C360004068884211D3D4F8981288420DD2002236
:10C3700011462046FFF7C0FEC4F8985200231A4623
:10C380001946204600F0BBF810E094F89C02032800
:10C3900005D1D4F8B802C16809B120468847802188
:10C3A000204600F038F92046FFF7C8FE94F8A002B6
:10C3B00001280AD184F8A05207E0D4F8B8024269F3
:10C3C0001AB120469047002800D1002070BD10B55A
:10C3D0001346044621B194F89C02032823D02AE096
:10C3E000D4F8941204F5AA70032924D1D0E90212DA
:10C3F00091420AD98A1A8260C068824200D30246FA
:10C4000019462046FFF770FE15E094F89C020328B9
:10C4100005D1D4F8B802016909B120468847204601
:10C42000FFF7A4FE07E0D4F8B80282691AB12046EB
:10C430009047002800D1002010BDD0F8C402FBF7BF
:10C4400060BB000010B51E490446C1F8D802C0F810
:10C45000C4121C4808600820087102204871C87185
:10C460000020087248728872C8720846FBF782FC86
:10C4700008B1F7F79BF80022D4F8C402182311463C
:10C4800004F53174FBF78CF85823002280212068D2
:10C49000FBF786F8C023002281212068FBF780F893
:10C4A0004FF48873002201212068FBF779F84FF4DC
:10C4B0008073002282212068FBF772F8002010BDF3
:10C4C0007C170020005C00400A0601F07F01D0F8D4
:10C4D000C40201EB810100EBC10001D5807C7047F3
:10C4E00090F85201704710B51C461346D0F8C402AC
:10C4F0002246FBF70FFBBDE81040FFF7E3BE10B587
:10C50000D0F8C402FBF734FBBDE81040FFF7DABEF9
:10C5100070B50125044680F89C520020C4F89402AE
:10C520006060C4F8A402D4F8B802E0B1D4F8BC1238
:10C5300021B1426812B100212046904700224023D9
:10C5400011462046FFF7CFFF4026A4F8645133463A
:10C55000002280212046C4F86061FFF7C4FFA58453
:10C560000020266270BD032070BD90F89C12042943
:10C5700003D190F89D1280F89C120020704710B5EE
:10C58000D0F8B81221B190F89C22032A02D004E01E
:10C59000032010BDC96901B18847002010BD017496
:10C5A0000020704710B5D0F8C402FBF791FCBDE83D
:10C5B0001040FFF787BE70B5044600F2AA2005467A
:10C5C00000F04DF80120C4F89402B4F8B002C4F8A9
:10C5D000980294F8AA0210F01F010AD001290ED087
:10C5E000022912D000F080012046BDE8704000F022
:10C5F00012B829462046BDE8704000F0C3B829466D
:10C600002046BDE8704000F0E7B929462046BDE865
:10C61000704000F041B910B5D0F8C402FBF7BFFA82
:10C62000BDE81040FFF74EBE10B5D0F8C402FBF7CE
:10C6300069FCBDE81040FFF745BE90F89C1280F8F9
:10C640009D12042180F89C120020704710B5D0F88C
:10C65000C402FBF7D3FABDE81040FFF733BE70B554
:10C66000054611F8010B2870087868704C1C2046AC
:10C67000FEF701FF6880A41C2046FEF7FCFEA880A0
:10C68000A01CFEF7F8FEE88070BD38B50446002017
:10C69000ADF8000049B1C4F8B812C96A19B16846CA
:10C6A0008847C4F8CC02002038BD032038BD0246BC
:10C6B0000320D2F8B832002B02D01B68104618476E
:10C6C000704700002DE9F0410F462C4E8978002577
:10C6D00004463170012906D939462046FFF714FD7A
:10C6E0000320BDE8F08194F89C0202280CD00328B6
:10C6F0001DD039462046FFF707FD31782046FFF769
:10C70000EBFC03252846ECE799B320466160FFF770
:10C71000CEFF050004D039462046FFF7F5FCF1E7CF
:10C720002046FFF723FD032084F89C02EAE74FF040
:10C730000208C1B1606888421BD0C1B22046FFF731
:10C74000CBFC317820466160FFF7B1FF050010D0C7
:10C7500039462046FFF7D8FC21792046FFF7BCFC7C
:10C7600084F89C82CEE784F89C8220466160FFF7C3
:10C77000B3FC2046FFF7FAFCC4E700004C0200209F
:10C78000FFF752BF2DE9F0410A78002512F0600250
:10C7900008D0202A01D0402A71D1D0F8B82292685E
:10C7A000904731E04B78002201260A2B67D2DFE860
:10C7B00003F0415E6658660805662D29FFF7E1FC27
:10C7C0005FE004468888D8B9C888C8B948888028F6
:10C7D00016D200F07F0794F89C02032810D084F84A
:10C7E0009E7239462046FFF7DDFE2046FFF7BEFC6D
:10C7F0001FB1022084F89C0243E084F89C6240E070
:10C8000020463CE0FFF75EFF05463AE0CB88012B6F
:10C8100035D190F89C32012B04D0022B02D0032B8F
:10C820002DD104E08260012200F1080116E001220E
:10C83000011D13E090F89C22012A03D0022A01D0A6
:10C84000032A1CD1CA88022A19D1C660D0F8A412C2
:10C8500009B10321C160022200F10C01FFF779FC4C
:10C860000FE0498801290CD1C0F8A46211E090F8CA
:10C870009C32012B08D0022B06D0032B04D0FFF7EB
:10C8800043FC2846BDE8F08149880129F9D1C0F868
:10C89000A422FFF76BFCF4E72DE9F0410D460446B6
:10C8A00028780026097910F060000BD0202801D0EC
:10C8B00040286DD1D4F8B8022946826820469047B6
:10C8C000064686E06878A8B3012822D003287CD1E8
:10C8D00094F89C02022802D0032876D10BE00029AC
:10C8E00073D0802971D02046FFF795FE8021204625
:10C8F000FFF791FE6DE0688838B931B1802904D026
:10C90000E88810B92046FFF786FE2046FFF72EFC88
:10C910005FE094F89C020228E1D0032855D1688892
:10C92000A8BB480602D02046FFF7EBFC2046FFF7E5
:10C930001DFCBFE7FFE794F89C020027022802D005
:10C94000032842D111E009B180293ED1080601F047
:10C950007F0000EB800004EB800101D5143101E081
:10C9600001F5AA7102220F602BE0080601F00F000A
:10C9700000EB800004EB80000BD5808C40B101F00F
:10C980007F0000EB800004EB800514350CE020E014
:10C990001BE0B0F86401C0B101F07F0000EB800043
:10C9A00004EB800505F5AA7541B1802906D0204623
:10C9B000FFF78AFD10B10120286000E02F600222FD
:10C9C00029462046FFF7C5FB03E029462046FFF72E
:10C9D0009BFB3046BDE8F08170B506460878002420
:10C9E0000D4610F0600003D0202801D0402817D158
:10C9F00096F89C02012803D0022801D003280FD109
:10CA0000287901280CD8D6F8B802826830469047B9
:10CA10000446E888204306D13046FFF7A7FB02E032
:10CA20003046FFF771FB204670BD704700487047E5
:10CA30005C1500202DE9F04F0C78002530F82430EB
:10CA400048F68F121340CA78002A7DD0012A7CD084
:10CA5000022A02D0032A79D0012548F2800213432A
:10CA600020F824300E7830F8263048F68F742340B2
:10CA70003343134320F826300B7B48F2C00A48F6B4
:10CA8000BF774CF280094BF68F764FF6FF7B4FF461
:10CA9000004EE3B3CB7891F800C0022B30F82C3075
:10CAA0007ED048F68F6803EA0803134320F82C3041
:10CAB000B0F8503091F800C0034403EBCC03B1F858
:10CAC00008C02CF0010CA3F800C4B0F8503091F865
:10CAD00000C0034403EBCC03B1F80AC02CF0010CF6
:10CAE000A3F804C44B7891F800C0002B30F82C3028
:10CAF0004FEA43437ED0002B06DA30F82C30234037
:10CB000043EA090320F82C3091F800C000E02EE041
:10CB100030F82C305B0606D530F82C30234043EA41
:10CB20000A0320F82C30CB780C78012B30F8243015
:10CB300003EA070301D083F02003134320F82430D5
:10CB40000B7830F8231002E008E00DE009E03140F6
:10CB5000114320F823102846BDE8F08F43F40073FA
:10CB60007BE743F4C06378E743F4806375E74B7871
:10CB7000002BB0F85030034424D00E7803EBC603EA
:10CB8000CE8826F00106A3F800640B7830F8236005
:10CB9000760608D530F82360264046EA0A0600E00B
:10CBA00061E020F82360CB78012B06D00B7830F8B9
:10CBB0002310394081F02001CAE70B7830F82310A8
:10CBC0003940C5E70F7803EBC703CF8827F001078B
:10CBD000A3F80474B0F850300F78034403EBC70394
:10CBE000B3F80674C7F30907A3F8067403F2064303
:10CBF0000F6900E03DE05FB13E2F0DD84FEA570CC2
:10CC0000FF0701D00CF1010C1F880BEA8C2C0CE003
:10CC10001F8847F400470AE04FEA571CFF0601D17E
:10CC2000ACF1010C1F884EEA8C2C47EA0C071F80E0
:10CC30000F7830F827305B0406D530F827302340D2
:10CC400043EA090320F827300B782BB130F8231082
:10CC5000314081F400517BE70188314081F440513B
:10CC60001143018077E7234048F2801843EA080324
:10CC70001CE7002B06DA30F82C30234043EA090386
:10CC800020F82C3091F800C030F82C305B0606D527
:10CC900030F82C30234043EA0A0320F82C304B783C
:10CCA00013B1012B2DD035E0B0F850300C7803448F
:10CCB00003EBC403B3F80244C4F30904A3F8024429
:10CCC0000C6903F202435CB13E2C0ED84FEA540CBF
:10CCD000E40701D00CF1010C1C880BEA8C2C0DE050
:10CCE0001C8844F400441C8014E04FEA541CE40601
:10CCF00001D1ACF1010C1C884EEA8C2C44EA0C04E6
:10CD0000F1E7B0F850300C78034403EBC4030C8A0D
:10CD1000A3F802444B7813B1012B2DD035E0B0F8C5
:10CD200050300C78034403EBC403B3F80644C4F357
:10CD30000904A3F806440C6903F206435CB13E2CD7
:10CD40000ED84FEA540CE40701D00CF1010C1C88FA
:10CD50000BEA8C2C0DE01C8844F400441C8014E089
:10CD60004FEA541CE40601D1ACF1010C1C884EEAD8
:10CD70008C2C44EA0C04F1E7B0F8504023180C78EE
:10CD800003EBC4030C8AA3F806440C7830F8243073
:10CD9000334083F44053134320F824300DE72DE94A
:10CDA000F04391F80C804F780A7848F6BF7C4BF638
:10CDB0008F7948F2800348F2C0054CF2800648F6AD
:10CDC0008F74B8F1000F28D0002F30F822704FEA8E
:10CDD000474748D0002F05DA30F822702740374304
:10CDE00020F822700A7830F822707F0605D530F8D6
:10CDF000227027402F4320F822700D7830F825202C
:10CE00002240324320F825200C7830F8242002EA12
:10CE10000C021A4320F824201AE07FB130F8226077
:10CE2000760605D530F8226026402E4320F8226091
:10CE30000A7830F8221001EA0C010EE030F8225096
:10CE40006D0405D530F822502540354320F8225096
:10CE50000A7830F8221001EA0901194320F822105B
:10CE60000020BDE8F083002F05DA30F8227027405B
:10CE7000374320F822700A7830F82260760605D50C
:10CE800030F8226026402E4320F822600E7830F8D9
:10CE9000262022402A4320F826200C7830F824202F
:10CEA00002EA09021A4320F82420C1E730F8581F8B
:10CEB00041F40041018000207047012120F8401F0B
:10CEC00000210180818001820846704730F8401FB0
:10CED0004BF68072914301800020704730B54B784B
:10CEE0000A78002B48F68F7530F8223048F280041B
:10CEF00015D05B0607D530F822302B4048F2C0052C
:10CF00002B4320F82230CA78012A1DD00A7830F845
:10CF1000221048F6BF73194081F0200111E05B0434
:10CF200007D530F822302B404CF280052B4320F8F7
:10CF300022300A7830F822104BF68F73194081F4B2
:10CF40004051214320F82210002030BD10B54A780E
:10CF50000978002A48F2800330F8212005D048F6ED
:10CF6000BF74224082F0100204E04BF68F7422401E
:10CF700082F480521A4320F82120002010BD0000C6
:10CF80002DE9F04706460C464878097B4FF000082B
:10CF900048F68F7248F2801748F68F6348F2800A8D
:10CFA000012809D0002971D0E07802286FD001282B
:10CFB0006ED00120BDE8F087A5692069854200D9BF
:10CFC000054691B1E17802291ED0206A401B2062FB
:10CFD000207836F820104906B6F85010314401EB9D
:10CFE000C00075D5A0F8065418E1ABB2E28830460F
:10CFF000616900F0A9F9B6F850002178304400EBDF
:10D00000C100A0F802540FE1216A81427AD9217847
:10D0100036F821001040384326F82100206A401BD2
:10D020002062207836F820104FF6FF7749066178A5
:10D030004FF4004967D511B101292AD030E0B6F884
:10D040005010314401EBC000B0F80614C1F30901DF
:10D05000A0F8061400F206404DB13E2D0CD8690828
:10D06000EA0700D0491C028807EA81210BE0018809
:10D0700041F40041018013E06909EA0600D1491E2C
:10D08000028849EA81210A43028009E0EFE008E1D1
:10D090001DE1B6F85020911901EBC000A0F806542C
:10D0A0006289ABB23046616900F04EF9606928448C
:10D0B00060612169206A884202D9401B206202E037
:10D0C0000546C4F82080607818B101282BD032E0E2
:10D0D0002FE0B6F850002178304400EBC100B0F8E2
:10D0E0000214C1F30901A0F8021400F202405DB17C
:10D0F0003E2D0ED86908EA0700D0491C028807EACD
:10D1000081210DE0A0E018E0018841F40041018098
:10D1100011E06909EA0600D1491E028849EA812125
:10D120000A43028007E0B6F850002178304400EB53
:10D13000C100A0F80254228971E011B1012927D061
:10D140002DE0B6F85010314401EBC000B0F80214E5
:10D15000C1F30901A0F8021400F202404DB13E2DC6
:10D160000CD86908EA0700D0491C028807EA812127
:10D170000BE0018841F40041018010E06909EA06F2
:10D1800000D1491E028849EA81210A43028006E053
:10D19000B6F85010314401EBC000A0F802542289C7
:10D1A000ABB23046616900F0CFF860692844606135
:10D1B0002169206A884202D9401B206202E00546AC
:10D1C000C4F82080607810B1012836D026E0B6F887
:10D1D00050002178304400EBC100B0F80614C1F3D0
:10D1E0000901A0F8061400F206404DB13E2D0CD8FE
:10D1F0006908EA0700D0491C028807EA81210BE090
:10D20000018841F40041018008E06909EA0600D183
:10D21000491E028849EA81210A4302806289ABB231
:10D220003046616900F090F8217836F8210048F620
:10D23000BF72104080F0300053E0B6F850108819EB
:10D24000217800EBC100CDE6227836F822001840A4
:10D2500040EA0A0026F82200B6F85000227830444E
:10D2600000EBC2008BB2A0F802342289D8E7A06993
:10D2700008B9E07878B1217836F82100184040EA02
:10D280000A0000BF26F82100A169206981421ED949
:10D29000081AA0611DE0217836F8210010403843BB
:10D2A000F0E7E069A8B1217836F82100430401D500
:10D2B000430603D444F2400318420AD136F8210051
:10D2C000104048F2C002104326F8210001E0C4F8E3
:10D2D0001880217836F821004BF68F72104080F4C8
:10D2E000405040EA0A0026F82100002062E60021B2
:10D2F000A0F844104BF68071A0F840100020704751
:10D300000148FAF792BC00007C170020B0F84400F6
:10D31000704710B510445C0800F5806008D030F804
:10D32000022B01F8012B120A01F8012B641EF6D121
:10D33000DA0701D00088087010BD11B98021A0F86B
:10D340004C1000207047000010B55B1C10445B08B7
:10D3500000F580600AD000BF11F8012B11F8014BD5
:10D3600042EA042220F8022B5B1EF5D110BDFEE735
:10D3700090F8302142B111B190ED4E0A01E090EDEC
:10D380004D0AD0ED080A07E011B190ED4E0A01E018
:10D3900090ED4D0AD0ED070A30EE600A80ED4F0A9D
:10D3A000B5EEC00AF1EE10FA01DCB1EE400AD0EDA4
:10D3B000570AB4EEE00AF1EE10FA03D29FED350AF7
:10D3C00080ED4F0AD0ED4F1A90ED500A3249F6EE3B
:10D3D000000A31EE800A91F90020002A60EE200A4E
:10D3E00090ED510A0BD005DDF5EEC00AF1EE10FA12
:10D3F00005D30AE0F5EEC00AF1EE10FA05DD90ED76
:10D40000541A01EE200A80ED510AF0EE400A90ED28
:10D41000520AF4EEC00AF1EE10FA02D2B0EE601A2F
:10D4200001E0B0EE401AB1EE402AB4EEC21AF1EEBD
:10D4300010FA07DDF4EEC00AF1EE10FA04D2B0EEF5
:10D44000600A01E0B0EE420A80ED510AD0ED530AC5
:10D4500000F5806201EEA00A80ED560AD2ED050AC1
:10D46000B4EEE00AF1EE10FA01DD012207E0F1EE80
:10D47000600AB4EEE00AF1EE10FA04D2FF220A705C
:10D48000C0ED560A01E000220A70C0ED501A90ED7E
:10D49000560A704700000000C003002003B4019842
:10D4A0004100009850EAC12018BF04204A0D18BF5F
:10D4B00040F0010040F2FF72B2EB515F08BF40F054
:10D4C0000200012808BF052002B070474100080291
:10D4D00018BF04200A0E18BF40F001004FF07F4231
:10D4E00032EA010108BF40F00200012808BF052010
:10D4F00070470907090E002804DB00F1E02080F8DE
:10D500000014704700F00F0000F1E02080F8141DB7
:10D510007047000010B52DED040B86B09DED060B95
:10D5200010EE100A10EE901A8DED000B002818BFB7
:10D530000120084320F00040C0F17F6000F1E0408E
:10D54000C00F21D19DED080B10EE101A10EE900ABD
:10D550008DED000B002918BF0121084320F0004089
:10D56000C0F17F6000F1E040C00F0DD1294907985C
:10D57000B1EB400F04BF0698002842D00998400044
:10D5800004BF089800283CD09DED080B53EC102BED
:10D590009DED060B51EC100B04F09AFDCDE9020154
:10D5A0009DED020B40F2FF7110EE900A8DED000B25
:10D5B00031EA105021D00798039900F0004001F0A3
:10D5C0000041884219D09DED080B8DED040B9DEDB7
:10D5D000020B8DED000B10EE900A059961F31E0011
:10D5E00005909DED041B9DED020B51EC110B53ECCE
:10D5F000102B04F01BFECDE902019DED020B0AB0D9
:10D6000010BD0120F3F75DF80AB0BDE8104001F04D
:10D610003BB900000000E0FF10B52DED028BF0EEED
:10D62000408A18EE900AB0EE608A20F00040C0F107
:10D63000FF40C00F07D118EE100A20F00040C0F1E3
:10D64000FF40C00F2BD018EE101A18EE900A05F00C
:10D6500025F800EE100A10EE100A6FEAD05010F014
:10D66000FF0F04BFBDEC028B10BD18EE900A00F056
:10D67000004110EE100A00F00040814204BFBDECF2
:10D68000028B10BD18EE101A10EE100ABDEC028BC2
:10D6900061F31E0000EE900A30EE600A10BD18EE35
:10D6A000900A4FF07F41B1EB400F1CBF18EE100AFB
:10D6B0005FEA4000C7D10120F3F703F8BDEC028B0D
:10D6C000BDE8104001F010B910B510EE100A2DEDB4
:10D6D000068BB7EE001A10EE901AB0EE418A0022C7
:10D6E000A0F5000CDFEDFE9A4FF00073BCF1FE4F89
:10D6F0004FF07F4403EB410C80F0B481BCF1804FCC
:10D70000C0F02082F74901449FEDF73AB1F5005F80
:10D7100040F2D48200F58021CB0C03F00F0101EE22
:10D72000901AC3F307137F3BA0EBC350B8EEE12A76
:10D7300000EE100A1A44DFEDED2AF0EE411A42EE37
:10D74000221AF0EE613A70EE232A30EE632A12EECE
:10D75000900A00F500606FF30B0001EE900A73EE83
:10D76000E13A33EE804AC1EE223A22EE230A10EE6D
:10D77000100A00F500606FF30B0000EE100A00EED7
:10D78000612A00EE442A62EE232A70EE221A21EE6C
:10D79000A12ADFEDD73A02EE233A23EE023A20EE39
:10D7A000012A22EE811A03EE211A32EE010A10EE4E
:10D7B000100A00F500606FF30B0000EE100A72EE25
:10D7C000401A31EE812A9FEDCB1A60EE011A9FEDCF
:10D7D000CA1A20EE011A9FEDC90A02EE001A31EEB4
:10D7E000810A10EE100A00F500606FF30B0000EEE6
:10D7F000100AC34871EEC01A31EE812A784400EB5A
:10D80000C10090ED003AD0ED011A100101EE100AAE
:10D81000F8EEC12A32EE211A31EE001A31EE031A67
:10D8200031EE221A11EE100A00F500606FF30B00C2
:10D8300009EE100A39EE621A31EE431A31EE400A4F
:10D8400030EE610A32EE40AA10EE900A002100F597
:10D8500000606FF30B0008EE900A084670EEE8AA2D
:10D860004FF0000029EE280A00F00C01F0EEC00A8B
:10D8700010EE900AB0F18B4F0DDD10EE900AB4EB74
:10D88000400F08D310EE100A4FF08B4262F31E00D7
:10D8900008EE900A13E069EE2A0A38EEAA1A4AEE58
:10D8A000010A30EE201A11EE100A00F500606FF345
:10D8B0000B0008EE900A30EE680A70EE209A0C20F9
:10D8C0004FF0000038EEA90AB5EEC00AF1EE10FAEA
:10D8D00034BFFEEE000AF6EE000A30EE800ABDEE1E
:10D8E000C00A10EE100A011100EE101AF8EEC00A7C
:10D8F00000EE100AB8EEC00A38EEC00A30EE290A6F
:10D90000DFED801A9FED801A00EE211ADFED7F1AFD
:10D910007F4900F00F0040EE011A21EE800A7944A1
:10D9200001EB800191ED001A7A49794401EB800105
:10D93000D1ED001A784901EE801A794401EB80009C
:10D94000764990ED000A31EE001AB0EEE00A10EED2
:10D95000100A884215DA10EE100AB4EB400F10D30B
:10D960009FED6F0A30EE800ADFED6E0A20EE200A8E
:10D9700068EE010ABDEC068BBCEEC00A20EE200A60
:10D9800010BD10EE100A6849884243DA10EE100A02
:10D99000B4EB400F3ED3BDEEE00A68EE010A10EE94
:10D9A000100A00EBD0725110C90501F17E5100EE52
:10D9B000101AA0EB6200C00560EE200A00F17E5054
:10D9C00000EE100A60EE808A18EE900AB4EB400F69
:10D9D0000FD10220F2F775FE00F08EFF10EE101A44
:10D9E00018EE100ABDEC068B61F31E0000EE100A63
:10D9F00010BD18EE900A400011D018EE900AFFF703
:10DA000065FD042808BF00F07FFFB0EE680ABDEC9A
:10DA1000068B10BDF5EEC00AF1EE10FA0FD202200F
:10DA2000F2F74FFE00F070FF10EE101A18EE100A19
:10DA3000BDEC068B61F31E0000EE100A10BD022043
:10DA4000F2F73FFE00F058FF10EE101AB0EE480A51
:10DA500010EE100ABDEC068B61F31E0000EE100AFA
:10DA600010BD00BFBCF1804F6CD300BF00F1FF437D
:10DA7000B3F1FE4F24D200BFB0EEC00A10EE100A80
:10DA8000C1F3C7537F2B0DDB972BBFF63BAEC3F122
:10DA900096034FF0010C0CFA03F3A3F1010C1CEAFE
:10DAA000010F08D00120F2F70CFEBDEC068BBDE89B
:10DAB000104000F019BF0B4218BFBFEE008A21E6EC
:10DAC00043001CBF4FF08073B3EB400F34D96FF0AD
:10DAD0001A02DFED161A20EE210A10EE100A27E0D6
:10DAE00000000000001080C0ABAAAA3E0000803DEC
:10DAF0007EE24C3E00B03842D49AB8BB3BAA3842D2
:10DB000000500000FC596337C9FF753A1872313D67
:10DB10009E4F0000D24F0000424F00000000FC4228
:10DB20000000FE420000004B000040430000004D9A
:10DB300010F0004FA0D1E5E5A0F50003B3F1FE4FD2
:10DB400021D2DFE503EB4103B3F1007F11D3F5EE02
:10DB5000C00AF1EE10FA05D1430018BFB4EB400F34
:10DB600076D883E701F0004141F0FC5100EE901AB5
:10DB70007CE7B3F1807F06D210EE903AA3F5000364
:10DB800000EE903A72E720F000426FF0FF4C604CDC
:10DB900002EB0C03A34210D321F000439C44A445A4
:10DBA0000BD3B0F17E5F18BF5FEA410C50D0B2F1E9
:10DBB000FF4F98BFB3F1FF4F05D9BDEC068BBDE811
:10DBC000104000F08EBEB0F1FF4F0FD0C1F3C7522E
:10DBD0007F2A09DB972A11DAC2F19602012303FAA0
:10DBE00002F2531E0B4205D0002208E011F0004F54
:10DBF00055D128E00A4218BF012200D1022210F5B7
:10DC0000000F13D028B3B0F1004F26D010F1814F90
:10DC10004FD04FF0FE42B2EB400F94BF01200020E6
:10DC2000012202EBE171884239D10CE011F0004F82
:10DC300002D0012A38D032E0012A02BF9FED350A16
:10DC4000BDEC068B10BD9FED340ABDEC068B10BDFC
:10DC50002FE011F0004F0CD121E0B1F1FF4F1ED0A9
:10DC600011F5000F05D011F0004F15D00AB1012AAF
:10DC700008D00220F2F725FDBDEC068BBDE8104070
:10DC800000F022BE0220F2F71CFD00F01DFEBDECEC
:10DC9000068BB1EE400A10BD0AB1012A04D0B0EEE5
:10DCA000690ABDEC068B10BDBDEC068B9FED1B0A0F
:10DCB00010BDBDEC068BB7EE000A10BD30EE410A78
:10DCC000B5EE001A9FED172A00EE413AB6EE001AA3
:10DCD00060EE001A00EE431A61EEC11A9FED101AB1
:10DCE00020EE011A20EE020A9FED0F2A01EE820AB1
:10DCF00071EE001A11EE900A00F500606FF30B0050
:10DD000009EE100A31EE491A31EE00AA9CE5000036
:10DD1000FFFF3F00000080FF0000807F00000080C8
:10DD200000B0B841D49A38BB3BAAB84100B510EE58
:10DD3000101A2DED028B81B0524A6846B2EB410FAA
:10DD40002ED94FF0E640B0EB410F94BF00204FF0CA
:10DD5000FF3000900098B0EE408A00286ADB10F097
:10DD6000010F4BD068EE080A9FED471A9FED470A56
:10DD700000EE810A9FED461A10F0020F00EE801AA5
:10DD8000B7EE000A00EE810A02BF01B0BDEC028BC3
:10DD900000BD00BF01B0B1EE400ABDEC028B00BD7A
:10DDA0003C4B21F00042934241D911F0004FDFED8E
:10DDB0003A0A20EE201ADFED390A19BF31EE601A57
:10DDC00071EE200A31EE201A71EE600ABDEEE01A03
:10DDD00011EE100A9FED321A00F0030000EEC10AA6
:10DDE0009FED301A009000EEC10A9FED2F1A00EE51
:10DDF000C10A9FED2E1A00EEC10AABE728EE080A11
:10DE00009FED2B1ADFED2B0A10F0020F40EE410AB6
:10DE10009FED291A00EE201A61EE000AB0EE480AC2
:10DE200008EE200AB6D101B0BDEC028B00BD00F0B7
:10DE300073FD8FE718EE100A4000B0F17F4F0DD24E
:10DE400018EE100AFFF742FB042808BF00F05CFD43
:10DE5000B0EE480A01B0BDEC028B00BD09D1012033
:10DE6000F2F72FFC01B0BDEC028B5DF804EB00F083
:10DE70003BBD01B0B0EE480ABDEC028B5DF804EB8F
:10DE800000F02CBDB61F927EB93AB2BACA9F2A3DA5
:10DE9000DDFFFFBE490E494683F9223F0000004BDB
:10DEA0000000C93F00A0FD390020A2331A61342CC4
:10DEB000336D4C39DA82083CA0AA2ABE00B52DED9C
:10DEC000048BB0EE409AF0EE609A83B051EC190BDF
:10DED00004F0B8F941EC180B18EE100A18EE901A7D
:10DEE0008DED008B002818BF0120084320F0004072
:10DEF000C0F17F6000F1E040C00F14D019EE101A9D
:10DF000019EE900A8DED009B002918BF01210843EE
:10DF100020F00040C0F17F6000F1E040C00F04BF7E
:10DF20000120F2F7CEFBB0EE480A03B0F0EE680A2B
:10DF3000BDEC048B00BD10B52DED028BB1EEC08A97
:10DF400018EE100A20F00040C0F1FF40C00F0AD0C8
:10DF500010EE100A20F00040C0F1FF40C00F04BFD7
:10DF60000120F2F7AEFBB0EE480ABDEC028B10BD0B
:10DF700010B51D499FED1A1B2DED020B84B00598BD
:10DF800020F000408842DCBF01209DED040B21DD24
:10DF90001649884209D1049840B94FF00100F2F7C0
:10DFA00090FB00F071FC06B010BD05DB9DED040B8D
:10DFB00000F05EFC06B010BD68469DED040B00F05D
:10DFC00017F800F001000121A1EB40009DED021BBC
:10DFD0009DED000B00F0A4FA06B010BD000000009B
:10DFE0000000000000000000FB21E93F0000F07F7E
:10DFF0002DE9F14F04462DED020B2DED088B8AB073
:10E000009FEDE70B80ED020B139EE74826F00045DD
:10E0100085420ADC9DED120B002084ED000B0AB056
:10E02000BDEC088B03B0BDE8F08FE0489FEDE0AB9E
:10E030009FEDE1BBA84247DDE14F9FEDE39B9FEDE4
:10E04000E48B9DED120B53EC1A2B51EC100B002EB0
:10E050001CDD04F0C3F941EC100BBD4208D053ECB9
:10E060001B2B51EC100B04F0B9F9C4E900010BE0D3
:10E0700053EC192B51EC100B04F0B0F953EC182BA6
:10E0800004F0ACF9C4E900010120C8E703F0CEFCBC
:10E0900041EC100BBD4208D053EC1B2B51EC100B84
:10E0A00003F0C4FCC4E900010BE053EC192B51EC64
:10E0B000100B03F0BBFC53EC182B03F0B7FCC4E9C6
:10E0C00000014FF0FF30AAE7C348A84279DB9DED7D
:10E0D000120B51EC100B00F0C5FE41EC180B9FED3C
:10E0E000C00B53EC102B03F0FBFE9FEDBF1B53EC5A
:10E0F000112B03F09BFC03F099FE074603F0C5FECD
:10E1000041EC190B53EC1A2B03F0EAFE53EC182BDD
:10E1100004F08CF841EC180B53EC1B2B51EC190B51
:10E1200003F0DEFEDFF8C8A241EC100B4FEA1558F1
:10E130000125FA4453EC102B51EC180B04F04EF966
:10E14000032DC4E900013DD0C1F30A5005EB451190
:10E15000A8EB00001139814234DA0AEB051BB0EE5E
:10E1600048AA9BED000BF0EE68AA53EC102B51EC83
:10E17000190B03F0B5FE41EC1B0B51EC1A0B53ECE1
:10E180001B2B04F02BF941EC180B51EC1A0B53EC40
:10E19000182B04F023F953EC1B2B04F01FF99BED13
:10E1A000020B41EC1A0B53EC102B51EC190B03F042
:10E1B00097FE53EC1A2B04F011F941EC100B6D1C77
:10E1C000B8E70EE0002EA8BF3846BFF628AF94EDA2
:10E1D000000B51EC100B03F0EBFBC4E9000178429B
:10E1E0001DE7C6F3130040F4801EC6F30A50A0F2E8
:10E1F000F530471100F01F05C5F12000DDF848B0EB
:10E2000008900020069007900520EC467949002DE3
:10E2100007EB0002794408BF51F8221009D051F8E9
:10E22000223001EB8201AB404A68089922FA01F1E1
:10E230001943A1FB0E26A1FB0B131A449A4234BFCB
:10E240000123002303EB06080CEB8003D3E901A6AE
:10E250000E448E4234BF0121002192448A4411B100
:10E26000924502D903E0924501D2012100E000214C
:10E27000C3E901A641444CF82010011EA0F10100A1
:10E28000C4DC029800F10050850F0298DDE90367B5
:10E290008000DDF8148003F0F8FD41EC1A0B3046E5
:10E2A00003F00AFE9FED541B53EC112B03F018FEF4
:10E2B00041EC1B0B384603F0FFFD9FED511B53EC67
:10E2C000112B03F00DFE41EC180B404603F0F4FD5A
:10E2D0009FED4D1B53EC112B03F002FE41EC190B8B
:10E2E00051EC180B53EC192B03F0A0FB53EC1B2B38
:10E2F00003F09CFB53EC1A2B03F098FBCDE90801CB
:10E30000002008909DED080B53EC1A2B51EC100BDC
:10E3100004F064F853EC1B2B04F060F853EC182B5A
:10E3200004F05CF853EC192B03F080FF9FED381BD1
:10E3300053EC112B03F0D4FD9FED370B41EC180B80
:10E3400053EC102B9DED080B51EC100B03F0C8FDA6
:10E3500053EC182B03F06AFB9FED310B41EC180BCB
:10E3600053EC102B9DED080B51EC100B03F0B8FD96
:10E3700053EC182B03F05AFB41EC100B139810F0E0
:10E38000004F06D06D4251EC100B03F011FB41EC35
:10E39000100B284684ED000B41E600000000000051
:10E3A0000000000000000000FB21E93F7CD9024092
:10E3B00000004054FB21F93F3163621A61B4D03D43
:10E3C000FB21F93F000000000000601A61B4D03D5D
:10E3D0007370032E8A19A33BFB2139410000000012
:10E3E00083C8C96D305FE43F000000000000E03FDB
:10E3F00052480000A0470000000000000000103E4E
:10E40000000000000000103C000000000000103A76
:10E41000182D4454FB21F93D3326A611460B113C1F
:10E4200000000054FB21F93D70B504462DED028B30
:10E430004D1E00EBC500B0EE408AF0EE608A90ED14
:10E44000000B35F0060017D053EC182B51EC100BD5
:10E4500003F046FD41EC100B6D1E04EBC50090ED82
:10E46000001B51EC100B53EC112B03F0DFFA41ECC5
:10E47000100B35F00600E7D1022D36D0042D1CD04C
:10E48000062D1CBFBDEC028B70BD53EC182B51EC5C
:10E49000100B03F025FD94ED0A1B53EC112B03F038
:10E4A000C5FA53EC182B03F01BFD94ED081B53EC3D
:10E4B000112B03F0BBFA41EC100B53EC182B51EC71
:10E4C000100B03F00DFD94ED061B53EC112B03F024
:10E4D000ADFA53EC182B03F003FD94ED040B53EC51
:10E4E000102B03F0A3FA41EC100B53EC182B51EC5A
:10E4F000100B03F0F5FC94ED021B53EC112B03F011
:10E5000095FA53EC182B03F0EBFC94ED001B53EC45
:10E51000112B03F08BFABDEC028B41EC100B70BD9C
:10E52000F1B506462DED040BBD482DED0C8B8AB0E0
:10E53000B0EE418AF0EE618A179D25F000449FED10
:10E54000BABB9FEDBBCB844208DA9DED160B51ECB4
:10E55000100B03F06BFC002800F0E980B64FA742D7
:10E5600031DC002D0DDA9DED160B51EC100B03F094
:10E570001FFACDE9160151EC180B03F019FA41EC22
:10E58000180B9FEDAF0B53EC102B9DED160B51ECC0
:10E59000100B03F04BFE53EC182B9FEDAB0BCDE9AA
:10E5A000040151EC100B03F019FF41EC100B53EC7C
:10E5B000102B9DED040B51EC100B03F037FA9FED7F
:10E5C000A48BCDE916019DED160B53EC102B51ECED
:10E5D000100B03F085FCCDE904019DED040B53EC19
:10E5E000102B51EC100B03F07BFC41EC190B9A48FB
:10E5F0000621B0EE490AF0EE690A7844FFF714FFED
:10E600009648B0EE40DAF0EE60DAB0EE490AF0EE8D
:10E61000690A06217844FFF707FF9DED041B51ECC2
:10E62000100B53EC112B03F05BFC9DED040B41EC44
:10E630001A0B53EC102B9DED160B51EC100B03F045
:10E640004FFC41EC190B53EC1A2B51EC1D0B03F052
:10E65000EDF953EC192B03F043FC53EC182B03F0AA
:10E66000E5F99DED041B53EC112B03F039FC53EC41
:10E67000182B03F0DBF941EC180B9FED790B51ECF3
:10E68000190B53EC102B03F02BFC53EC182B03F05D
:10E69000CDF941EC190B9DED160B53EC192B51ECF8
:10E6A000100B03F0C3F941EC180BA74269DC3046AC
:10E6B00003F0EBFB41EC1A0B51EC180B53EC1A2B4B
:10E6C00003F0B4F941EC1B0B53EC182B51EC180B75
:10E6D00003F006FC53EC1B2B03F050FA53EC192B00
:10E6E00003F07CFE9DED161B53EC112B03F09EFDF9
:10E6F0009FED5D1B53EC112B03F0F2FB53EC1A2B37
:10E7000003F094FD41EC180B022000EAA570C0F163
:10E71000010003F0BAFB53EC182B03F0E1FB00BF40
:10E7200041EC100B0AB0BDEC0C8B05B0F0BD711CB8
:10E730001698214308430CD09DED160B012E1CBFEB
:10E7400053EC102B51EC1C0B10D000BF03F016FA49
:10E75000E6E79DED160B51EC100B00F083FB41EC4E
:10E76000100B51EC1B0B53EC102BEFE751EC100B83
:10E77000FEF794FE042808BF00F096F89DED160BF6
:10E78000D0E7012E04BFB0EE480AF0EE680AC9D007
:10E790008DED048B002404949DED040B53EC102BA1
:10E7A0009DED160B51EC100B03F040FD53EC192BB3
:10E7B00003F03CFD41EC190B53EC182B51EC1C0BF6
:10E7C00003F0DCF941EC180B8DED008B00949DED0E
:10E7D000040B53EC102B9DED000B51EC100B03F0D0
:10E7E0007FFB53EC1B2B03F021F99DED000B41EC5B
:10E7F0001A0B53EC192B51EC100B03F071FB53EC7B
:10E800001A2B03F013F953EC182B03F069FB9DED61
:10E81000001B53EC112B03F009F981E70000000005
:10E820000000303E00000000000000000000F03F4B
:10E83000000000000000F0BF2894E53F0000000049
:10E84000182D4454FB21E93F075C143326A6813C74
:10E850000000000000000000724400008844000036
:10E86000635555555555D53F000000000000004048
:10E8700010B553EC102B51EC100B03F0D7F841EC12
:10E88000100B10BD000000009FED050B10B553EC00
:10E89000102B51EC100B03F071F941EC100B10BD73
:10E8A00000000000000000009FED050B10B553ECC8
:10E8B000102B51EC100B03F013FB41EC100B10BDAF
:10E8C0000000000000000010DFED030AB7EE001AA0
:10E8D00081EE200A704700000000000030EE000AC0
:10E8E000704730EE200A7047DFED020A80EEA00A82
:10E8F00070470000000000009FED020A20EE000AB1
:10E9000070470000000000709FED020A20EE000A30
:10E9100070470000000000102DE9F0014FF07F4229
:10E92000B2EB410F9FBF4FF0FF310160BDE8F00136
:10E9300070474FF0004242EA0123C1F3C752783AD0
:10E94000551112F01F0C434CCCF120067C44C1F34E
:10E95000C752A2F178024FEA621204EB820254F825
:10E96000254008BFD2E9015612D0556804FA0CF4CC
:10E9700025FA06F73C43976805FA0CF527FA06F8DE
:10E98000D26807FA0CFCF24045EA08054CEA020698
:10E99000A4FB034CA5FB0352A6FB03631D449D424D
:10E9A00034BF012600261319334416B1934202D90D
:10E9B00003E0934201D2012200E00022624402F10E
:10E9C000200C9206DC0C42EA443200EE102A5B0373
:10E9D000DFED210AF8EEC01A00EE103A4FEA9C1C57
:10E9E00011F0004FB8EE400AC0F800C020EE201A27
:10E9F00000EE105ADFED190AB8EE400A20EE200AA8
:10EA000071EE810A70EE800A10EE902A02F5006223
:10EA10006FF30B0200EE902A70EEE11A31EEC11A8C
:10EA2000DFED101A30EE411A9FED0D0A20EE800A3C
:10EA300001EE210A9FED0C1A00EE810A04BFBDE829
:10EA4000F0017047CCF180510160BDE8F001B1EEFA
:10EA5000400A704700410000000000360000802C92
:10EA600022AAFD29DB0FC92F0000C92F30380A2840
:10EA700001D2012070470020704700009FED163A38
:10EA8000F6EE002A60EE833A40EE623A63EEA14A67
:10EA9000DFED123A20EEA34A60EE233A40EE014A3F
:10EAA00020EEC11A00EE624A40EEE23A20EE030A7E
:10EAB00000EEE20A03EEE11A44EE024A9FED084A34
:10EAC00000EE421A64EE844AC0ED004A21EE040AC8
:10EAD00081ED000A70470000D7B35D3FD7B35DBF3B
:10EAE000ABAA2A3F2DE9F0410B4C00250E46C4E9A4
:10EAF0000025C4E9025325616561A5610746E5610A
:10EB00003846F7F789F80028FAD032463846BDE88B
:10EB1000F0410149F6F764BFD02F00207047000094
:10EB200010B511EE900A2DED068BB0EE418AF0EE95
:10EB3000608AB0EE40AA03F03BFD6AEE0A0A28EEB6
:10EB4000A81A41EC190B80EE810ADFED150A08EED8
:10EB5000480A20EE200A10EE100A03F029FD41ECCD
:10EB6000100BFFF7ABF99FED0F1B51EC100B53ECA3
:10EB7000112B03F0B5F99FED0D1B53EC112B03F096
:10EB8000AFF953EC192B02F0F9FF02F01DFF00EE74
:10EB9000100ADFED080ABDEC068B20EE200A10BD3E
:10EBA0000000C8429A9999999999B93F00000000CC
:10EBB00080842E416F12833A30B54FF6FF75B1F85D
:10EBC000CC10D0F8CC40A5EB810105EA840489B2D1
:10EBD000611A00EE901ADFED3A2AB8EEE01AB5EEAF
:10EBE000C01AF1EE10FA01D231EE221AF7EE000A45
:10EBF000DFED341A30EE202AC1EE820AFDEEC11A92
:10EC0000F8EEE11A81EEA03AFDEEC31A11EE901A69
:10EC100001EE904AF8EE611A81EEA23A01EE901AE6
:10EC2000F8EEE11A63EE202A41EEA02A72EEC11A34
:10EC300081EEA01A01EE903AF8EEE11AC1EEA02A98
:10EC400071EE620A10EE903AB3F17C5F01DD491E6D
:10EC500005E010EE903AB3F13F4F00D9491CF7EEB2
:10EC6000000A002930EE200ABDEEC00A02DA10EEDA
:10EC7000103A194410EE103ABCEEC20A91FBF3F4BC
:10EC800003FB141410EE101AC1F34E03A11A99429B
:10EC900006DD00EE101AB8EEC00A30EE420A08E0B7
:10ECA0005A42914209DA00EE101AB8EEC00A32EE6A
:10ECB000000ABDEEC00A10EE101AC0E9361430BDCD
:10ECC00000FF7F47000080472DE9F0414FF0E0252D
:10ECD0000446AF69F7F75EFD0646AA204443BC42EE
:10ECE0000CD900BFF7F756FDB042FBD00849381BDE
:10ECF0000844A9698142FCD8BDE8F0813C1BA869A1
:10ED0000A042F9D9F7F746FDB042F8D0F4E7000089
:10ED10001098020010B510F8012B064B04E000BF5C
:10ED200010F8014B9A5C6240491E11F0FF01F7D1C7
:10ED3000985C10BDDD00002020EE012ADFED132AD3
:10ED400000EEE12A20EEA23A80ED002AB6EE002A7B
:10ED500000EE423A63EE013A9FED0D3A20EE034A8F
:10ED600020EE833A00EEC24A00EE423A20EE220A3A
:10ED700000EEC20A23EE011A44EE613A00EE611A77
:10ED8000C1ED003A82ED001A70470000D7B35D3F35
:10ED9000D7B35DBF254910B50978002945D100F5E5
:10EDA00080619FED230AB6EE001A80ED240A80ED03
:10EDB000230A80ED4F0A80ED500A80ED510A80ED64
:10EDC000560A80ED4D0A80ED3B0A80ED3C0A80ED4D
:10EDD000400AD0ED040AC0ED390A81ED000AF6EED2
:10EDE000000AC0ED1D0AC0ED1E0AC0ED1F0A80ED2D
:10EDF000200A80ED210A80ED220A80ED180A80EDBC
:10EE0000190A80ED460A80ED440A80ED4A0AF6EEC2
:10EE1000000AB6EE000AFAF70DFDFAF735FD0549CE
:10EE20000020086004490220086010BD680300202B
:10EE3000000000003400002064030020074810B5E3
:10EE400002780021802A00D8017005480160FAF795
:10EE50002BFDBDE81040FAF79CBC000068030020C1
:10EE60006403002082B0CDE9000121F00040019050
:10EE70009DED000B02B051EC100B7047F8EE400A0C
:10EE80009FED031A9FED030A10EE810A7047000000
:10EE900000000034F6E8FD4230EE413A30EE410A1F
:10EEA00061EE822AB2EE004A02EE203A12EE600AC9
:10EEB00062EE823A21EE844AB5EEC03AF1EE10FAE3
:10EEC00002DDB0EE431A01E0B0EE401AB5EEC03AF2
:10EED00024EE014A02EEA24AB1EEC41AF1EE10FA93
:10EEE00001DDB0EE430AB4EEE30AF1EE10FA04D805
:10EEF00083EE020A70EE200A11E031EE620AB6EEED
:10EF0000001AB5EEC03A20EE010AF1EE10FA02DD69
:10EF1000B7EE001A01E0BFEE001A40EE010AF5EE6E
:10EF2000C00AF1EE10FA02DDB0EE600A01E0B1EEC7
:10EF3000600AB4EEE20AF1EE10FA04D861EEE00ADB
:10EF400080EEA20A7047F5EEC00AF1EE10FA02DD7B
:10EF5000B7EE000A01E0BFEE000AB1EE400A7047CA
:10EF60000121B4EEC10A01FA00F0F1EE10FA01DD60
:10EF7000401E7047B4EEE00AF1EE10FA01D2002014
:10EF8000704731EE601A70EE600A401E00EE100A03
:10EF9000B8EEC00A20EE800AC0EE010ABDEEE00A1B
:10EFA00010EE100A7047000070B5054600F0A8F892
:10EFB000034C2061284600F0A3F8606170BD00009A
:10EFC0007C03002010B504462DED088B9FED451AFB
:10EFD00020EE011A81EE200A10EE100A03F0E8FA82
:10EFE00041EC100BFEF7C4FF51EC100B02F0ECFCEF
:10EFF00008EE900A28EEA88A18EE100A03F0D8FA54
:10F000009FED390A41EC190B68EE808A18EE900AE0
:10F0100003F0CEFA9FED35AB53EC1A2B02F006FD50
:10F0200053EC192B02F002FD41EC100B51EC1A0BC2
:10F0300053EC102B02F0A2FD02F0C6FC09EE100A00
:10F04000F0EE000A19EE100A28EE090A60EE200A16
:10F0500084EC020A84ED020A03F0AAFA41EC1B0BCD
:10F0600018EE100A03F0A4FA53EC1A2B03F0B6F9C9
:10F070009FED201B53EC112B02F032FF53EC1B2BA6
:10F0800002F02EFF02F0A0FCE06019EE100A03F07F
:10F090008FFA41EC190B18EE100A03F089FA41ECD3
:10F0A0001B0B18EE900A03F083FA53EC1A2B03F0B3
:10F0B000BDF853EC1B2B02F0B9FC53EC192B02F0FA
:10F0C0000FFF02F081FC9FED0D0A206184ED060A1E
:10F0D00084ED050A84ED080A84ED070ABDEC088B6F
:10F0E00010BD0000DB0F4940F304B53F00000000F5
:10F0F0000000F03F000000000000004000000000A1
:10F1000070B505461020F1F751F9041E0ED06E00BF
:10F110003046F1F74BF9206048B13146F1F72DFA4E
:10F12000A5800020E0802072E060204670BD20466F
:10F13000F1F76BF9002070BD70B50C462DED028B18
:10F14000B0EE408A90ED000A054660EE000A91EDAF
:10F15000000A40EE000AB0EE600AFEF7ECFEB4EEE4
:10F16000C80AF1EE10FA0FDDD5ED000A60EE880A4C
:10F1700080EE801A85ED001AD4ED000A60EE880A50
:10F1800080EE801A84ED001ABDEC028B70BD000089
:10F190002DED088B82B0F8F745F9FCF773F9FBF712
:10F1A0007BFAFBF70BFAFBF79BF8FBF703F9FBF78E
:10F1B00061F9FBF7A9F9FBF71FFAFBF703FBFBF774
:10F1C0006DFCFBF793FCFBF7CBFCFBF701FD142078
:10F1D000FFF7EAFE0021FE48FAF74AF8FAF7D9FAF3
:10F1E000FC48807808B172B6FEE7FB484FF0000893
:10F1F0000068F948001D0068F74808300068FBF710
:10F2000025FFF64DD5F83803072802D30120C5F8AD
:10F210003803F34EF34C95F8380386F80C04606815
:10F2200020F00040C0F1FF409FEDEF8A002801D59B
:10F2300084ED018AA06820F00040C0F1FF40002862
:10F2400001D584ED028AD4F8B800F7EE008A20F0E8
:10F250000040C0F1FF40002801D5C4ED2E8AE34FE5
:10F2600094ED2E0AE24887ED0E0A006A411C00D098
:10F2700008B902F023FAE868A94600EB8000D94DEE
:10F2800080003862D5ED200ABA469FEDDA9ADA4856
:10F290004FF4804480EE890A214680ED000ACF4871
:10F2A000B0EE480AD0F8AC23D448F3F717FFCB48A8
:10F2B000B0EE480A2146D0F8AC23D148F4F736F82E
:10F2C000C648B0EE480A2146D0F8AC23CD48F4F742
:10F2D00049F9B0EE490AC948F3F750FF00BF00BF33
:10F2E00000BF00BF00BFB0EE490AC548F4F762F89E
:10F2F000BB48F4F759FAC448F3F72CFEC348B84F9B
:10F30000BE4EC0F80080B548B4494446007887F83E
:10F31000A40095ED010A06F1EC0086ED020A95EDD8
:10F32000020A4FF4807286ED040A14315C36F1F75C
:10F33000F2F895ED210A07F58060C8EE800AC0ED6D
:10F34000060A95ED1F0AC8EE800AC0ED070A4FF4C1
:10F350007A70F6F7C3FAB0EE490AA848F3F70EFF41
:10F3600000BF00BF00BF00BF00BFB0EE490AA44805
:10F37000F4F720F8994895ED2E0AA149D0F8A83263
:10F38000D0F8A42230EE680A9C48FFF715FCF06F15
:10F39000B0679F48F5F7FAFFB6EE001AF6EE000ADE
:10F3A000B6EE000AFAF746FAFAF76EFA8C4800F061
:10F3B000CFFB97F80C04052873D0D9F804109548B2
:10F3C00000F02EFC9348F6F784FF002201219148BB
:10F3D000F6F796FA9048006800EE100AF8EE400A38
:10F3E0009FED8E1A9FED8E0A8B4900EE810A143133
:10F3F000BCEEC00A10EE100A0860FAF755FAB6EE35
:10F40000001AF6EE000AB6EE000AFAF713FA74488C
:10F41000FFF714FD4FF480318248F7F7CDFE8248A4
:10F420000470F0EE00AAF6EE009A9FED80AADFF8D5
:10F4300000B2DFF800820120F6F750FA7E4D2878FE
:10F4400038B1C8F800406648FFF7F8FC2C7001F0AE
:10F450002DFD7A4E3078C0B1C8F800406048FFF703
:10F46000EDFC704D2868C16821F00101C160694858
:10F47000F6F745FFFBF708FE2868C16841F0010177
:10F48000C1606448F6F725FF34706D4E307800286F
:10F490007ED060480474F6F779FC20B172B6FEE7BE
:10F4A000FFE764218BE7DAF83C0028B90120CAF8AD
:10F4B0003C004B48FFF76EFC49480221B1EE040ABC
:10F4C00080F80C1480ED398AC0ED4D8A80ED3D8ABC
:10F4D00080ED3F0A80ED5A8AC8F80010484BD3E906
:10F4E00033052A1A4548D0F8CC1000EE101A3D49D1
:10F4F000B8EEC00AD1ED2E0A30EEE81A20EE011A5D
:10F5000081EE200A01EE102AB8EEC11A30EE410A4F
:10F51000BDEEC00A10EE102A12F5FA7F00DA2A4476
:10F52000954200DA521BBDEEE00A50F8D43F10EECF
:10F53000101A93FBF1F501FB153100EE101A016072
:10F54000B8EEC01A10ED010AF8EEC01A61EE211AE9
:10F5500081EEA01A00EE902AF8EEE00A71EE600A41
:10F5600004E000BFB8EEC01A71EE200AF5EEC00A42
:10F57000F1EE10FAF6D3DAF84C005546401CCAF802
:10F580004C009AED140A30EE200A8AED140A00E0CD
:10F59000F8E0BDEEE09A19EE100A01B210B2009048
:10F5A00001F04CFF114FCD20623738700220787087
:10F5B0000098B8700098000AF87019EE100A3871B7
:10F5C00019EE100A000A7871DC20F871082339E07E
:10F5D0005808002094030020107AFF1FF430002008
:10F5E000F8090020F42F0020000000000000002097
:10F5F00000F0010800409C46A4030020080F0020F2
:10F6000024110020401300209C0D002070030020D6
:10F6100074040020300600202C2C0140A4707D3F93
:10F620000000484394060020AA0300200000804602
:10F63000BC03002064030020A8030020A9030020CD
:10F64000AB030020D9F804203946FD4802F5E062FA
:10F65000FFF748FAE86C42F2107188427EDB3470A2
:10F6600000EE100AD5ED140AB8EEC01A80EE810A39
:10F6700085ED140AB5EEC00AF1EE10FA08D2F14891
:10F68000D0ED340AF8EEE00A30EE800A85ED140A77
:10F69000EC48ED4E90ED340A96ED2E1AB8EEC00A05
:10F6A000C0EE010A95ED140AFDF7B6FFE74885EDB7
:10F6B000140A96ED2E1AD0F8D00000EE900AF8EE5B
:10F6C000E01A61EE2A0A81EEA02AB4EEC02AF1EE19
:10F6D00010FA08D200EE900AF8EEE00AC0EE811AA5
:10F6E00030EE610A13E0414201EE901AF8EEE11AA1
:10F6F00081EEA02AB4EEC02AF1EE10FA09DD00EE88
:10F70000900AF8EEE00AC0EE811A31EE800A85ED2B
:10F71000140A10EE100A02F04BFF41EC100B01200E
:10F7200053EC102B01F096FFC8F80040C848FFF7D3
:10F7300085FB95ED140A4E46BDEEC00A89EDAA0A76
:10F74000EC6485ED148AC34D2868C16821F001017D
:10F75000C160FBF799FC2868C16800E010E041F047
:10F760000101C160CD203870FE207870DC20F87176
:10F7700072680823B849B24802F5E062FFF7B2F9AF
:10F78000FAF73AFFB5480078F0B3AD480474F6F7DD
:10F79000FDFA08B172B6FEE7AB4E09F52972AB4926
:10F7A00096ED2E0A0CCA30EE680AA648FFF704FA56
:10F7B000A44D95ED360AF8EEC00A96ED2E0A40EEFD
:10F7C000290A60EE8A0A80EE801ABDEEC10A10EEA8
:10F7D000100A01B2B5F8CC0000B201F02FFED5F846
:10F7E000D810D5F8F401814204D0BAF80620521C92
:10F7F000AAF80620D5F8F021D5F8D400904206D01A
:10F80000BAF808305B1C00E02DE0AAF80830C5E922
:10F810007C019148CD2200EE101A02700322427042
:10F82000B5F8CC208270120AC270F8EEC00A96EDCC
:10F830002E0A082340EE290A60EE8A0A80EE801A1A
:10F84000BDEEC10A10EE101A0171090A4171DC21E6
:10F85000C171D9F804200146794802F5E062FFF74A
:10F8600041F9FAF7C9FE7E4E307800287ED0D8F8EC
:10F8700000004546002879D171480474F6F786FAED
:10F8800008B172B6FEE7012001F0ECFAB6EE001AFC
:10F89000F6EE000AB6EE000AF9F7CCFFF9F7F4FF2E
:10F8A000F9F77CFF3220F6F719F8F9F783FF9FED9F
:10F8B0006DBAB0EE4B1ADFED6CBAF0EE6B0A9FED4D
:10F8C0006B9AB0EE490AF9F7B5FFF9F7DDFF614829
:10F8D0000068C16821F00101C1605948F6F7F9FCE0
:10F8E000B0EE4B1AF0EE6B0AB0EE490AF9F7A2FF40
:10F8F000F9F7CAFF4F46B0EE480A4FF4804151482D
:10F90000D9F8AC23F3F7EAFB51494E48F3F76EF907
:10F910004F494C48F2F776FD4D490090387881F810
:10F92000A4004948CD21082390ED010A454880ED07
:10F93000020A49480170FF214170DC21C1717A68D7
:10F9400001463F4802F5E062FFF7CCF84148006805
:10F95000C16841F00101C1603948F6F7BAFCB0EE68
:10F960004B1AF0EE6B0AB0EE490A00E00FE0F9F72F
:10F9700061FFF9F789FF34702C603548FFF75EFAB4
:10F98000F9F707FF009801F06DFAFAF735FE3848ED
:10F99000007848B1D8F80000454628B9286858B121
:10F9A0002868072800D02868324E307848B3D8F845
:10F9B0000000454660B129E08AED158A8AED0A8A81
:10F9C0002348CAF82440FFF7E5F907202860EBE751
:10F9D0002868B0B94FF4FA673846F0F7E7FCCBF87F
:10F9E00000003846F0F7E2FC234908601848CAF8DE
:10F9F0002440FFF7CFF93078012803D0307802286F
:10FA000002D003E0092000E00A2028609AF80300F1
:10FA1000E0B300271848006850F8270002F0C8FD3E
:10FA20000546DBF800000E4650F8270002F0C0FD46
:10FA300041EC110BCDE9005653EC112B0FA026E041
:10FA400030060020080F0020F42F00202411002091
:10FA5000F80900209406002062000020AC0300207A
:10FA6000AA030020CDCCCC3DCDCC4C3E3333333F2C
:10FA7000B0030020B1030020B8030020492C252E3C
:10FA800035662C252E35662C5100000012E000F062
:10FA90008DFA1420F5F722FF7F1CB7F5FA7FB9DB4A
:10FAA000DBF80000F0F7B1FC28480068F0F7ADFC87
:10FAB0008AF80340DAF818105046491CCAF81810A2
:10FAC0009AF8022082B303783BB1027982B142698D
:10FAD00091427FF7B0AC047123E0D9F804200A25E5
:10FAE00092FBF5F305FB1322027001220271EEE78F
:10FAF000C268914205DA00BF4FF090464FF008050A
:10FB0000B56107DD056915448D4203DD4FF0904670
:10FB10000825B56205692A448A42BFF68CAC5B1E93
:10FB20000370CAF8184086E4FFE7D8F80010404692
:10FB300039B100680228F6D14FF090410820886161
:10FB400079E44FF090410820886274E4B803002003
:10FB50002DE9F0474FF0000890B0814647464646F1
:10FB600066243C2229496846F0F7D5FCB6EE001A17
:10FB7000F6EE000AB6EE000AF9F75CFE00254FF635
:10FB8000FF7A2348F4F75EFC0120F5F7A7FE514603
:10FB90001F48F4F7C1FB09211D48F4F7A5FB804479
:10FBA00009211C48F4F7A0FB6D1C0744A542E8DBC3
:10FBB0001948009069461648F4F7CCF80025144817
:10FBC000F4F740FC0120F5F789FE51461048F4F7A0
:10FBD000A3FB09210E48F4F787FB6D1C0644A542E0
:10FBE000EDDB0E48009069460948F4F7B3F898FB3E
:10FBF000F4F1C9F8B81097FBF4F1C9F8BC1096FB02
:10FC0000F4F1C9F8C01010B0BDE8F087C4270108AE
:10FC10000804002074040020020030044000201971
:10FC200010B588B000240120CDE902400490C1F352
:10FC30000A000590019440F2FF70069001A9074860
:10FC4000F5F7F3FE08B1F3F7B1FC00231A461946A5
:10FC500002480094F5F717FF08B010BD30060020E9
:10FC60002DE9F04105460C4691EDE91AD1EDEA0A7D
:10FC700091ED040A1020FFF773F9064694EDEB1A94
:10FC8000D4EDEC0A94ED070A0C20FFF769F907465A
:10FC9000154894ED160A94EDED1AD0ED210A0C20CA
:10FCA00020EE200AD4EDEE0AFFF75AF90F4A0021A0
:10FCB00052680AB194F80C142970310A6970AE7058
:10FCC0003909E970390101EB20212971687108486F
:10FCD0000078A87194ED5D0ABCEEC00A10EE100A1F
:10FCE000E871BDE8F0810000F42F002060030020DF
:10FCF000680300202DE9F047264D04460E4695ED99
:10FD0000061AD5ED050A91ED040A1020FFF728F92F
:10FD1000074695ED091AD5ED080A96ED070A0C205D
:10FD2000FFF71EF996ED160AD5ED210A804695EDEE
:10FD30000F1A20EE200AD5ED0E0A0C20FFF710F95D
:10FD4000054696ED5E0A08209FED131ADFED130AB3
:10FD5000FFF706F9814696ED030A08209FED101A79
:10FD6000DFED100AFFF7FCF8380A207067704FEAE1
:10FD70001810A0704FEA081141EA1520E0700A48F7
:10FD8000257184F805900088010AA171E071BDE831
:10FD9000F0870000F42F002000005743000020C22D
:10FDA00000007F43000000006C030020F0EE400ADA
:10FDB00021B390ED010AD0ED051A90ED001A90EDF7
:10FDC000062A20EE210AD0ED082A01EE200A90ED45
:10FDD000021A01EE020A90ED032A90ED071A02EED4
:10FDE000410A90ED042AC0ED061AC0ED050A80ED27
:10FDF000081A02EE620A80ED070A7047B0EE600A48
:10FE000070470000F0B590ED160A00F58063654973
:10FE1000D3ED110AB0EEC00A0022B4EEE00A0C885D
:10FE2000F1EE10FA154610DB90ED070AD3ED120A39
:10FE3000B0EEC00AB4EEE00AF1EE10FA05D84E6852
:10FE400044F48074761C4E6002E024F480744D60AB
:10FE50000C80554CD4F88442E60616D590ED030A82
:10FE6000D3ED0C0AB4EEE00AF1EE10FA01D2022250
:10FE70000FE0D3ED0D0AB4EEE00AF1EE10FA04DD66
:10FE80000E88012246F0020602E00E8826F00206E5
:10FE90000E80660725D590ED000AF0EEC00A93EDBE
:10FEA0000E0AF4EEC00AF1EE10FA01DD062209E0B6
:10FEB000D0ED010AF0EEE00AF4EEC00AF1EE10FA1D
:10FEC00004DD07220E8846F004060DE0D0ED020A9C
:10FED000F0EEE00AF4EEC00AF1EE10FA01DD0822BD
:10FEE000F0E70E8826F004060E8026070AD590ED6E
:10FEF0005D0AD3ED0F0AB4EEE00AF1EE10FA01DD6F
:10FF000009222EE0E60711D090ED040AD0EDE90AAF
:10FF1000B4EEE00AF1EE10FA06DCD0EDEA0AB4EE37
:10FF2000E00AF1EE10FA01D20D221AE0A60714D56C
:10FF300090ED070AD0EDEB0AB4EEE00AF1EE10FA0C
:10FF400006DCD0EDEC0AB4EEE00AF1EE10FA04D2D1
:10FF50000E880E2246F0100602E00E8826F01006EB
:10FF60000E80A60607D5D0F84C644F68BE4202D278
:10FF70000F224D6013E0E4050DD590ED5E0AD3ED40
:10FF8000100AB4EEE00AF1EE10FA04DD088812223D
:10FF900040F0080002E0088820F0080008801046C1
:10FFA000F0BD00006C030020F43000200FB440F2DC
:10FFB000014110B503AB0548029AF0F74DFA01462E
:10FFC0000248F2F709FA10BC5DF814FBF434002083
:10FFD0002DE9F05F0C46017890F801C0837967291C
:10FFE00048D1C179762945D1F84DDFF8E4B3F94A13
:10FFF0004FF0010905F5806605F56977B7EE000A4F
:020000040801F1
:10000000DFEDF50A9FEDF51AF5494FF4FA7E01F19F
:10001000800ABCF1440F2DD2DFE80CF02E27F1301E
:10002000224BF02C2C2CEFEEEDECEBEAE9E8E7E6C6
:10003000E5E4E3E2E1E0DFDEDDDCDBDAD9D8D7D6E8
:10004000D5D4D3D2D1D0CFCECDCCCBCA2CC9C8C772
:10005000C6C5C4C3C2C1C0BFBEBDBCBBBAB9B8B7B8
:10006000002C07D14846DF4921E0002C02D1DE49AF
:1000700081F80090BDE8F09FDC49F9E7817879B11B
:10008000012910D00229F5D1002CF3D1D8490B70E9
:10009000D849B0F803200A80D74940790880E9E7B9
:1000A0004846D64903E0002CE4D1D54948460870BB
:1000B000E0E7012CDED081780023D24DD24CFF291D
:1000C0004DD0E9B3D14DD24E01294CD0FE294BD0B1
:1000D0001A294AD01B29CDD184F80090C178012972
:1000E00044D0022943D0032942D0042941D0052914
:1000F00040D006293FD007293ED008293DD0092904
:100100003CD00A293BD00B293AD00C2939D00D29F3
:1001100038D00E2937D00F2936D0102970D01129A8
:100120006FD012296ED013296DD014296CD01529E7
:100130006BD016296AD0172969D0182968D000E039
:1001400067E0192971D01A2970D01B2992D190F932
:100150000400C2F88002BDE8F05FFAF795BF2B708B
:1001600084F8009086E758E05BE060E019E11CE16C
:100170001FE122E125E14DE150E153E156E159E172
:100180005CE160E164E168E16CE1F8E3F8E3F8E385
:10019000F8E3F8E3F8E3F8E3F8E3F8E3F8E3F8E387
:1001A000F8E3F8E3F8E3F8E3F8E3F8E3F8E3F8E377
:1001B000F8E3F8E380E36BE3A0E3F5E3F5E3CEE3F4
:1001C000BDE3ACE353E340E32EE31CE30AE3F8E2D0
:1001D000E6E2D4E2C2E2B0E29EE28CE27AE268E2D7
:1001E00052E241E225E212E2FFE1ECE1D9E1C6E1AF
:1001F000B3E1A0E18DE17BE1E8E372E1FCE36DE1D5
:1002000035E139E13DE141E145E149E14DE151E1CE
:1002100055E185F8009023702CE785F80090337045
:1002200028E72B7086F8009024E74DE151E184F82F
:100230000090C178012938D002293AD003293CD056
:1002400004293ED0052940D0062942D0072944D0B0
:10025000082946D0092948D00A294AD00B294CD070
:100260000C294FD00D2952D00E2955D00F2958D026
:1002700010295BD011295ED0122961D0132964D0D6
:10028000142967D015296AD016296DD0172974D082
:10029000182977D019297AD01A297DD01B29BBD1EA
:1002A00090F90400C2F8A40355E70079C2F83C03B2
:1002B000E0E60079C2F84003DCE60079C2F84403C6
:1002C000D8E60079C2F84803D4E60079C2F84C03B6
:1002D000D0E60079C2F85003CCE60079C2F85403A6
:1002E000C8E60079C2F85803C4E60079C2F85C0396
:1002F000C0E60079C2F86003BCE690F90400C2F8D9
:100300006403B7E690F90400C2F86803B2E690F916
:100310000400C2F86C03ADE690F90400C2F8700363
:10032000A8E690F90400C2F87403A3E690F904006B
:10033000C2F878039EE690F90400C2F87C0399E6BF
:1003400090F90400C2F8800394E690F90400C2F822
:1003500084038FE690F90400C2F888038AE690F9D6
:100360000400C2F88C0385E690F90400C2F89003FB
:1003700080E602E006E00AE00EE090F90400C2F830
:10038000940377E690F90400C2F8980372E690F9B6
:100390000400C2F89C036DE690F90400C2F8A003C3
:1003A00068E60079C2F8180264E60079C2F81C0217
:1003B00060E60079C2F820025CE60079C2F8240207
:1003C00058E60079C2F8280254E60000F809002037
:1003D000080F0020F430002000409C460000000080
:1003E000F42F0020AF030020A8030020A903002061
:1003F000B1030020B2030020B4030020AA030020B0
:10040000B0030020AB030020AD030020AC030020AC
:10041000AE0300200079C2F82C022BE60079C2F866
:10042000300227E60079C2F8340223E60079C2F8E8
:1004300038021FE60079C2F83C021BE690F904007E
:10044000C2F8400216E690F90400C2F8440211E630
:1004500090F90400C2F848020CE690F90400C2F8D2
:100460004C0207E690F90400C2F8500202E690F947
:100470000400C2F85402FDE590F90400C2F85802E5
:10048000F8E590F90400C2F85C02F3E590F9040085
:10049000C2F86002EEE590F90400C2F86402E9E5F2
:1004A00090F90400C2F86802E4E590F90400C2F88B
:1004B0006C02DFE590F90400C2F87002DAE590F909
:1004C0000400C2F87402D5E590F90400C2F878027D
:1004D000D0E590F90400C2F87C02CBE501F0EEF81B
:1004E000C3E5012C99D1042B97D1FD490A2015E2CF
:1004F000FC4A012C01D1042B08D0D0F8020008647A
:1005000091ED100A012C85ED330A86D111460C209D
:1005100004E2F44A121D012C01D1042B08D0D0F8BA
:100520000200486491ED110A012C85ED350A84D151
:1005300011460D20F2E1EB4A0832012C01D1042BC7
:1005400008D0D0F80200886491ED120A012C85EDE4
:10055000340A86D111460E20E0E1E24A0C32012C29
:1005600001D1042B08D0D0F80200C86491ED130A21
:10057000012C85ED360A88D111460F20CEE1D94AEB
:100580001032012C01D1042B08D0D0F802000865EC
:1005900091ED140A012C85ED380A85D11146102001
:1005A000BCE1D04A1432012C01D1042B08D0D0F880
:1005B0000200486591ED150A012C85ED570A87D197
:1005C00011461120AAE1C74A1832012C01D1042B8F
:1005D00008D0D0F80200886591ED160A012C85ED4F
:1005E000410A92D11146122098E1BE4A1C32012CD8
:1005F00001D1042B08D0D0F80200C86591ED170A8C
:10060000012C85ED370A92D111461320FCE3B54A3F
:100610002032012C01D1042B08D0D0F8020008664A
:1006200091ED180A012C85ED520A92D11146142041
:10063000EAE3AC4A2832012C01D1042B11D0D0F8C6
:100640000200886691ED1A0AB5EEC00AF1EE10FAC2
:1006500003D2B1EE400A81ED1A0A86ED050A012C9B
:1006600089D111461520CFE3012C01D1042B08D0EC
:10067000D0F80200486091ED010A012C8BED020ACE
:100680008BD11620091DBFE3964A383A012C01D1BF
:10069000042B0BD0D0F80200886091ED020A92483A
:1006A0008BED040A012C80ED040A88D11146172035
:1006B000AAE38C4D2C3D012C01D1042B07D0D0F89E
:1006C000020048613846F2F745FC012C89D12946E1
:1006D000182099E3834D283D012C01D1042B07D02C
:1006E000D0F8020088613846F2F734FC012C8AD138
:1006F0002946192088E37B4D203D012C01D1042B94
:1007000007D0D0F8020008623846F2F723FC012C2B
:100710008BD129461A2077E3724D1C3D012C01D163
:10072000042B07D0D0F8020048623846F2F712FCDA
:10073000012C95D129461B2066E36A4D183D012CFA
:1007400001D1042B07D0D0F8020088623846F2F7B6
:1007500001FC012C84D129461C2055E3614D143D38
:10076000012C01D1042B07D0D0F80200C862384612
:10077000F2F7F0FB012C98D129461D2044E3594D96
:10078000103D012C01D1042B07D0D0F802000863E2
:100790003846F2F7DFFB012C87D129461E2033E3D0
:1007A000504D0C3D012C01D1042B07D0D0F8020094
:1007B00048633846F2F7CEFB012C87D129461F202B
:1007C00022E3484D3035012C01D1042B07D0D0F85D
:1007D000020008673846F2F7BDFB012C87D1294695
:1007E000202011E33F4D3435012C01D1042B07D0DB
:1007F000D0F8020048673846F2F7ACFB012C87D1ED
:100800002946212000E3374D083D012C01D1042B5E
:1008100007D0D0F8020088633846F2F79BFB012C22
:1008200087D129462220EFE22E4D2D1F012C01D128
:10083000042B07D0D0F80200C8633846F2F78AFBD1
:10084000012C87D129462320DEE2012C01D1042B83
:100850000BD0D0F80210154651602448FFF7E0F99C
:10086000012C88D1291D2420CEE2111DFBE720494F
:10087000012C01D1042B09D0D0F80200D06000EB8C
:1008800080001C4A8000012C106085D12520BBE22D
:100890001949012C01D1042B0CD0154AD0F80200C3
:1008A0000C3A012CC2F8AC030F4ACBF8E400C2F8B2
:1008B000E40093D12C20A7E20A4A3C32012C01D15A
:1008C000042B0AD0D0F80200C867D1ED1F0A012C12
:1008D00080EE201A86ED071A91D111462D2093E261
:1008E0006C0000203430002024110020300600204D
:1008F0000031002020000020A0340020FE4A012CFE
:1009000001D1042B08D0D0F80200C86691ED1B0A73
:10091000012C85ED1A0A94D111462B2074E2F64978
:100920003031012C01D1042B07D0F34AD0F802005A
:100930006C3A012CC2F89C0093D1262064E2EE4967
:100940003431012C01D1042B07D0EB4AD0F802003E
:100950006C3A012CC2F8A00097D1272054E2E64956
:100960002831012C01D1042B07D0E34AD0F8020032
:100970006C3A012CC2F8940087D1282044E237E277
:1009800021E201E2DEE1C9E1A1E186E16CE157E1AA
:100990003DE12DE11DE101E1EBE0D5E0BFE0A9E0A3
:1009A00093E07DE05FE047E027E0FFE7D2492C31AC
:1009B000012C01D1042B07D0CF4AD0F802006C3AA9
:1009C000012CC2F8980087D129201DE2CB49012CC7
:1009D00001D1042B0ED0CA4BD0F80200C3F8380363
:1009E000072801D3C2F8389392F8380385F80C042D
:1009F000012C90D10B2007E244E0012C01D1042B03
:100A000017D0BD4AD0F802006C3AC2F8800091EDD0
:100A1000200AB5EEC00AF1EE10FA03D2B1EE400A98
:100A200081ED200A80EE201AB648012C80ED001AD4
:100A300092D151462A20E7E1AF4A1832012C01D168
:100A4000042B0DD0AC4BD0F802006C3B012CC3F84A
:100A50008400D1ED210A80EE201A86ED061A8BD192
:100A600011462E20D0E1A5497831012C01D1042B6B
:100A700006D0A34AD0F80200012CC2F8B003A2D1DC
:100A80002F20C1E18078FE283FF412ACFF289AD1D4
:100A9000D1ED2E0ABDE8F05F30EEC00A00F0EABEEC
:100AA000954A1C32012C01D1042B0BD0924BD0F86B
:100AB00002006C3B012CC3F8880091ED220A86ED00
:100AC0000D0A96D1114631209EE18B4A2032012C2D
:100AD00001D1042B0BD0884BD0F802006C3B012CC9
:100AE000C3F88C0091ED230A86ED0C0AA0D11146C3
:100AF000322089E1804A2432012C01D1042B0BD011
:100B00007D4BD0F802006C3B012CC3F8900091EDB6
:100B1000240A86ED0E0A8BD11146332074E1764A01
:100B20003C32012C01D1042B0BD0734BD0F80200C6
:100B30006C3B012CC3F8A80091ED2A0A86ED0F0A40
:100B40008DD1114634205FE16B4A4032012C01D136
:100B5000042B0BD0684BD0F802006C3B012CC3F87F
:100B6000AC0091ED2B0A86ED110A88D11146352093
:100B70004AE1614A4432012C01D1042B0BD05E4B77
:100B8000D0F802006C3B012CC3F8B00091ED2C0AA8
:100B900086ED120A95D11146362035E1564A483283
:100BA000012C01D1042B11D0534BD0F802006C3B27
:100BB000012CC3F8B40091ED2D0A20EE200ABCEE02
:100BC000C00A10EE100AC5F84C048FD11146372028
:100BD0001AE14A49B439012C01D1042B06D0484A04
:100BE000D0F80200012CC2F8840294D138200BE125
:100BF0004249B039012C01D1042B06D0404AD0F82B
:100C00000200012CC2F8880285D13920FCE03B4962
:100C1000AC39012C01D1042B10D0394BD0F8020093
:100C2000C3F88C02704500DD7046C2F88C020028C3
:100C300000DA0020C2F88C02012C96D13A20E3E0C1
:100C40002E49A839012C01D1042B0BD02C4BD0F804
:100C50000200C3F89002002800DA0020C2F89002D7
:100C6000012C97D13B20CFE02449A439012C01D19C
:100C7000042B10D0224BD0F80200C3F89402704528
:100C800000DD7046C2F89402002800DA0020C2F8A5
:100C90009402012C99D13C20B6E01849A039012CCE
:100CA00001D1042B11D0164BD0F80200C3F89802E2
:100CB000002800DA002000EE100AC2F89802012C89
:100CC000B8EEC00A86ED140A8FD13D209CE00B4D92
:100CD0009C3D012C01D1042B1DD00949D0F8020004
:100CE000C1F89C02002800DA002000EE100AC2F8C9
:100CF0009C02B8EEC00A07E0603000202C340020CF
:100D0000F4300020A40300208BED7B0A4048FEF75E
:100D100059F9012C91D129463E2075E03D49012C1D
:100D200001D1042B0CD0D0F802003B4A00EE100A8F
:100D3000012CC2F8A002B8EEC00A86ED300A90D1AC
:100D40003F2061E0354A012C01D1042B19D0334BEF
:100D5000D0F80200BC3BC3F8BC0091ED2F0AB5EE01
:100D6000C00AF1EE10FA01D281ED2F1A2C4BD1F806
:100D7000BC00984203DDB1EE040A81ED2F0A012C7C
:100D800088D1114640203FE0244A121F012C01D196
:100D9000042B15D0214BD0F80200BC3BC3F8B8009F
:100DA00091ED2E0AB5EEC00AF1EE10FA01D281EDF6
:100DB0002E1A1C4891ED2E0A012C80ED000AA9D1B3
:100DC0001146412020E0154A121D012C01D1042BAF
:100DD0000BD0124BD0F80200BC3B012CC3F8C00072
:100DE00091ED300A86ED100A94D1114642200BE0B5
:100DF00009490831012C01D1042B04D0D0F802009C
:100E00009060012C86D14320BDE8F05F00F00CB863
:100E10000011002094330020F4300020B030002076
:100E20000000A040380000201CB500230B4A0093AE
:100E3000019352688DF800208DF801000868CDF804
:100E400002008DF80630FF208DF807000823694660
:100E5000034802F5C062FDF745FE1CBDF4300020DA
:100E6000300600201CB500210E4A00910191526805
:100E70008DF8002003238DF801308DF802008DF8E5
:100E800004108DF805108DF80610FF208DF8031062
:100E90008DF8070008236946034802F5C062FDF794
:100EA00021FE1CBDF43000203006002010B5FE49A4
:100EB0000C20FAF7BDF80821FC48F1F78DFA0F2055
:100EC000F4F70CFDF8490D20091DFAF7B1F80821D7
:100ED000F648F1F781FA0F20F4F700FDF2490E20F1
:100EE0000831FAF7A5F80821F048F1F775FA0F2054
:100EF000F4F7F4FCEC490F200C31FAF799F80821CB
:100F0000EA48F1F769FA0F20F4F7E8FCE6492B20EC
:100F10002C31FAF78DF80821E448F1F75DFA0F203B
:100F2000F4F7DCFCE04910201031FAF781F80821D1
:100F3000DE48F1F751FA0F20F4F7D0FCDA4911201E
:100F40001431FAF775F80821D848F1F745FA0F205F
:100F5000F4F7C4FCD44912201831FAF769F80821D3
:100F6000D248F1F739FA0F20F4F7B8FCCE49132034
:100F70001C31FAF75DF80821CC48F1F72DFA0F2063
:100F8000F4F7ACFCC84914202031FAF751F80821D5
:100F9000C648F1F721FA0F20F4F7A0FCC24915204A
:100FA0002831FAF745F80821C048F1F715FA0F2063
:100FB000F4F794FCBC4916203C39FAF739F80821BB
:100FC000BA48F1F709FA0F20F4F788FCB649172060
:100FD0003839FAF72DF80821B448F1F7FDF90F2058
:100FE000F4F77CFCB04918202C39FAF721F80821D5
:100FF000AE48F1F7F1F90F20F4F770FCAA49192077
:101000002839FAF715F80821A848F1F7E5F90F2073
:10101000F4F764FCA4491A202039FAF709F80821EA
:10102000A248F1F7D9F90F20F4F758FC9E491B208C
:101030001C39F9F7FDFF08219C48F1F7CDF90F2085
:10104000F4F74CFC98491C201839F9F7F1FF0821F6
:101050009648F1F7C1F90F20F4F740FC92491D20A2
:101060001439F9F7E5FF08219048F1F7B5F90F2099
:10107000F4F734FC8C491E201039F9F7D9FF082108
:101080008A48F1F7A9F90F20F4F728FC86491F20B8
:101090000C39F9F7CDFF08218448F1F79DF90F20AD
:1010A000F4F71CFC804920203031F9F7C1FF0821FA
:1010B0007E48F1F791F90F20F4F710FC7A492120CE
:1010C0003431F9F7B5FF08217848F1F785F90F2099
:1010D000F4F704FC744922200839F9F7A9FF082124
:1010E0007248F1F779F90F20F4F7F8FB6E492320E5
:1010F000091FF9F79DFF08216C48F1F76DF90F20E2
:10110000F4F7ECFB6A492420F9F792FF08216748BD
:10111000F1F762F90F20F4F7E1FB6549252008316A
:10112000F9F786FF08216148F1F756F90F20F4F727
:10113000D5FB60490A20F9F77BFF08215B48F1F7EE
:101140004BF90F20F4F7CAFB5B492C20F9F770FF2D
:1011500008215648F1F740F90F20F4F7BFFB524938
:101160002D203C31F9F764FF08215048F1F734F99C
:101170000F20F4F7B3FB4C492A204031F9F758FF10
:1011800008214A48F1F728F90F20F4F7A7FB464950
:101190002E204431F9F74CFF08214448F1F71CF99F
:1011A0000F20F4F79BFB44492F20091DF9F740FF5E
:1011B00008213E48F1F710F90F20F4F78FFB3E4964
:1011C0003020091FF9F734FF08213848F1F704F9F6
:1011D0000F20F4F783FB38490B207439F9F728FF07
:1011E00008213248F1F7F8F80F20F4F777FB2E4981
:1011F00026205C31F9F71CFF08212C48F1F7ECF8A8
:101200000F20F4F76BFB284927206031F9F710FF16
:1012100008212648F1F7E0F80F20F4F75FFB224998
:1012200028205431F9F704FF08212048F1F7D4F8B9
:101230000F20F4F753FB1C4929205831F9F7F8FE29
:1012400008211A48F1F7C8F80F20F4F747FB1649B0
:1012500031204831F9F7ECFE08211448F1F7BCF8C9
:101260000F20F4F73BFB104932204C31F9F7E0FE38
:1012700008210E48F1F7B0F80F20F4F72FFB0A49C8
:1012800033205031F9F7D4FE08210848F1F7A4F8CB
:101290000F20F4F723FB044934206831F9F7C8FE26
:1012A000082102480AE000003430002098030020A2
:1012B000F83000206C000020A0340020F1F78CF8FA
:1012C0000F20F4F70BFB59493520F9F7B1FE08213F
:1012D0005748F1F781F80F20F4F700FB5349362007
:1012E000091DF9F7A5FE08215148F1F775F80F20FF
:1012F000F4F7F4FA4D4937200831F9F799FE08213F
:101300004B48F1F769F80F20F4F7E8FA494938201B
:10131000F9F78EFE08214648F1F75EF80F20F4F742
:10132000DDFA44493920091DF9F782FE08214048B9
:10133000F1F752F80F20F4F7D1FA3E493A2008317C
:10134000F9F776FE08213A48F1F746F80F20F4F74E
:10135000C5FA38493B200C31F9F76AFE08213448B8
:10136000F1F73AF80F20F4F7B9FA32493C2010317E
:10137000F9F75EFE08212E48F1F72EF80F20F4F75A
:10138000ADFA2C493D201431F9F752FE08212848C6
:10139000F1F722F80F20F4F7A1FA26493E20183180
:1013A000F9F746FE08212248F1F716F80F20F4F766
:1013B00095FA20493F201C31F9F73AFE08211C48D4
:1013C000F1F70AF80F20F4F789FA18494020103194
:1013D000F9F72EFE08211648F0F7FEFF0F20F4F76C
:1013E0007DFA124941200C31F9F722FE08211048FC
:1013F000F0F7F2FF0F20F4F771FA0C494220143194
:10140000F9F716FE08210A48F0F7E6FF0F20F4F777
:1014100065FA09494320F9F70BFE08210448F0F763
:10142000DBFFBDE810400F20F4F758BAA0300020D1
:101430009803002078330020FC30002003B583B0EF
:101440009B208DF80000B9208DF807009DF80C0056
:101450008DF801009DF80D008DF802009DF8100038
:101460008DF803009DF811008DF8040008216846EE
:10147000F0F7B2FF05B000BD10B560EEC00A9FEDF9
:10148000070AFCF721F9F7EE000AF0EE001A30EE39
:10149000201A81EE810A30EE600A10BD54F82D400A
:1014A00001EE100A70EEC00A0120B8EEC11A8840A1
:1014B000401E21EE201A00EE900AF8EEE01AC1EE6E
:1014C000210A30EE800A70472DE9F0470C460646A7
:1014D00040215A48EFF773F85948DFF868815A4DB0
:1014E0008088A8F80000C0000838C1B253484FF007
:1014F00002094030006810280DD0202847D040282D
:101500007DD0602805D1032084F80C043068C4F82D
:101510003401BDE8F08770184C4FC0794FF0904A05
:10152000FC2810D00021FD281AD0FE2825D0FB2849
:10153000EFD130780028ECD170780028E9D1444808
:1015400001703980E5E72046FDF724FCC8F80490D7
:10155000388840F0010038800820CAF81800D8E721
:10156000C8F804102046FDF769FC388820F0010017
:1015700038800820CAF82800CBE795ED2E0ABDE890
:10158000F047F7EE000A30EE600A00F073B984F815
:101590000C947018D5ED060A018886784ABAC1788D
:1015A00095ED050A0B0943EA0619037901F00F01CD
:1015B00043EA0128817946790B09C07901F00F01CE
:1015C00040EA012743EA061610211046FFF768FF9C
:1015D00084ED390AD5ED090A95ED080A0C21484633
:1015E000FFF75EFF84ED4D0AD5ED0B0A95ED0A0A73
:1015F0000C214046FFF754FF84ED3D0A00E014E063
:10160000D5ED0D0A95ED0C0A0C213046FFF748FF89
:1016100084ED3F0AD5ED0F0A95ED0E0A0C213846F0
:10162000FFF73EFF84ED5A0A73E7012084F80C04AB
:10163000306844F8E40F706820656AE7682F00207E
:10164000F430002060030020F42F00206C03002001
:10165000680300200FB404212DE9F0479DF8200015
:1016600001EB80063046EEF7A1FE8046454609AC08
:1016700000279DF820900AE0E41D24F00704B4EC54
:10168000020B51EC100B00F09FF901C57F1C4F4578
:10169000F2DB08EB0600002100F8041D41708021F8
:1016A00081707F21C17031464046F0F795FE40467B
:1016B000EEF7ABFEBDE8F0075DF814FB30B49FED2C
:1016C0005B0A5B4880ED000A9FED5A0A80ED020A32
:1016D000DFED590AC0ED100AC0ED120A9FED571A4E
:1016E00080ED111A80ED131A9FED551A80ED141A32
:1016F00080ED151A80ED161A9FED521A00F1600167
:1017000080ED171AB3EE0E1AF1EE041AB2EE0E2A9D
:1017100081EC031ABAEE092A80ED052AB2EE092AF5
:1017200080ED062A9FED482A80ED082A9FED472A82
:1017300080ED092A80ED0A0A9FED452A80ED0B2AEB
:1017400080ED0C0AC0ED0D1A80ED1C0A9FED412AB8
:10175000A03180ED1D2ABBEE0E2A80ED0E2A0D1D54
:1017600080ED0F1A012200234FF47A7485E81C00E3
:10177000B1EE002AC1F8243380ED202A0224B7EE0E
:10178000082AC1F8384380ED1B2A80ED251A9FED09
:10179000321A0E2480ED261AB2EE041A80ED271AB2
:1017A000C0ED281A80ED290A9FED2C0AC1F8AC4340
:1017B00080ED1F0AB7EE000A80ED210ADFED281A3E
:1017C000C1F8B023C0ED221A80ED231A9FED251A2F
:1017D00080ED241AC0ED2A1A9FED231A521F80EDC6
:1017E000301A9FED221A01F5227C80ED2B1AC0EDF4
:1017F0002C0A80ED2D0AC1F88422C8224FF4FA7415
:1018000044F620658CE83400AD10C1E9A525C1E996
:10181000A742B0EE040A80ED2F0A9FED150A80ED75
:101820002E0AC1F8A43230BCF9F72EBC00409A440D
:10183000F42F002000000000CDCCCC3DE71D273B5D
:101840006F12833A9A99193F000082C200008242C7
:101850000000FA43CDCC4C3D0AD7A33B0000104218
:101860000000A042000048420000B4420000644171
:1018700000001C422DE9F0412D4C2E4D2E4F2DED38
:10188000028BF0EE408A3CE02D489FED2C0ADFF8F9
:10189000B48080ED390A00202B4EC4F8D40088EDC6
:1018A000020AC6F8A40206F5297600BF00BF00BFF1
:1018B00000BF00BF9FED258A1D48B0EE480AF1F732
:1018C0005DFC00BF00BF00BF00BF00BFB0EE480A14
:1018D0001F48F1F76FFD00BF00BF00BF00BF00BF92
:1018E0000022B0EE680A1A4911487368FDF764F9DE
:1018F000D4F8DC00306094ED030A88ED020A84ED30
:10190000040A94ED030AD4ED040A30EE600AD5ED22
:10191000070A20EE200AB0EEC00A10EE100AB84204
:10192000B2DC0C4901200870BDEC028BBDE8F081EF
:10193000080F0020F80D00206F12833A000000000D
:10194000F8090020F42F0020F430002000409C46CD
:1019500024110020A903002010B500290AD008781E
:10196000002807D005487844EFF748FF002801D049
:10197000002010BD0248784410BD00008E1A0000FF
:10198000861A000010B500290AD00878002807D070
:1019900005487844EFF732FF002801D0002010BD41
:1019A0000248784410BD00007E1A0000761A00003C
:1019B00081F00041704780F00040704721F0004105
:1019C000704720F00040704721F00042A2F16052C1
:1019D000B2F5801F01F0004328BFD2F17F6C0BD914
:1019E0005FEA001C43EAC20242EB507018BF704726
:1019F00028BF20F001007047B2F5801FBCBF184619
:101A000070474FEA410C1CF5001F02D2084600F057
:101A1000BFBE70B500F00EFB00000089FFF7F6BFF7
:101A20004FF00040A0F580007047000010B591EA2B
:101A3000030F48BF83F0004300F1D884841A71EB90
:101A4000030C05D2121943EB0C03001B61EB0C01D4
:101A5000DFF824E14FEA1154A4EB135C1EEA430FB4
:101A600018BF9EEA445F73D023EA0E03DCF1200E18
:101A700021EA045143F4801332D322FA0CFE10EB16
:101A80000E0023FA0CFE41EB0E01CCF1200E03FAFE
:101A90000EFE10EB0E0051F10001B1F5801FCCF1EC
:101AA000200E32D201EB045112FA0EF2BDE81040C2
:101AB00058BF7047401C38BF5FEA420218BF7047EA
:101AC000002814BF20F0010041F100014FEA41035A
:101AD00013F5001F38BF7047A1F1C04100F0A0BB53
:101AE000012A43EB0302ACF1200CDCF11F0E32BFE4
:101AF0004FF0000E23FA0CF310EB030041EB0451FE
:101B0000B4EB115FD0D0A1EB045101F5801149086D
:101B10005FEA300001EB04510ED350F1000038BFF2
:101B200012FA0EFE08D1BDE81040C9E7401C38BFCC
:101B30005FEA4202CAD1C3E7BDE810404FEA410361
:101B400013F5001F38BF7047A1F1C04100F068BB1A
:101B50009EEA445F08D011EA5E0FBDE8104004BF62
:101B600001F0004100207047BDE8104070B500F062
:101B700061FA00BF64FBBE3E0000E0FF2DE9C041FA
:101B800030B4DFF8A0C23CEA111418BF3CEA1314C9
:101B900000F0EC8081EA03051CEA111444EAD574D4
:101BA00018BF1CEA131500F0C780A4EB05044FF022
:101BB000004545EAC12145EAC32341EA505143EAC1
:101BC000525304F17F74994204F500344FEAC02067
:101BD0004FEAC22208BF904200F09C804FEA136592
:101BE0000FF24016765D4FEA134506FB05F7C7F185
:101BF000807706FB07F74FEAD737A7FB03687642E3
:101C0000C8F58038A7FB06CE38BFA8F1010807FB4E
:101C100008E64FF0000EA6FB028CE6FB03CEDCF1DB
:101C2000000CCEF1004E38BFAEF1010EA6FB0C58F1
:101C30004FF000074FF00005E6FB0E87A1FB08C63A
:101C4000A0FB07CE16EB0E0645F10005E1FB07658C
:101C500015F1E04E7EBFA4F580345FEA46066D4183
:101C600016F1800745F100054FEA17274FEA06668F
:101C700047EA0567A6F1DE46B6F1805F4FEA152513
:101C80001FD9384624F0010C05EBC471BCF1FE6F7E
:101C900001EB0C1102D8F0BCBDE8008124425CBF0E
:101CA00001F5801E9EEAC47F02D4F0BCBDE800812D
:101CB000244238D4F0BCA1F1C041BDE8004100F09D
:101CC000AFBA4FEAD22242EA43524FEAD323A7FBEC
:101CD00002864FEAD02040EA415007FB03661EEA25
:101CE0000E0F4FEAD12105FB026658BFA6EB005646
:101CF000B6EB00564FEA520E4EEAC37E18EB0E0EBC
:101D000056EB530EBDD518EB02085E417F1C55F112
:101D10000005B6E74FF480154FF000074FF00006BE
:101D20004FF00008ADE7F0BC4FF0000001F1C041FA
:101D300001F00041BDE8008111EA0C1F0CEA131507
:101D400000D00CE013EA0C1F00F025804FF00000DB
:101D5000F0BC81EA030101F00041BDE80081F0BC64
:101D6000BDE8004181EA030100F05ABAF0BCBDE8C9
:101D7000004170B500F05EF9097EFC3E00F007B846
:101D800081EA03014FF0000001F00041704781EA51
:101D9000030100F045BAF0BCBDE800414FF000007F
:101DA00021497047FFFDFBF9F7F5F4F2F0EEEDEB9A
:101DB000E9E8E6E4E3E1E0DEDDDBDAD8D7D5D4D349
:101DC000D1D0CFCDCCCBCAC8C7C6C5C4C2C1C0BF95
:101DD000BEBDBCBBBAB9B8B7B6B5B4B3B2B1B0AF9B
:101DE000AEADACABAAA9A8A8A7A6A5A4A3A3A2A17F
:101DF000A09F9F9E9D9C9C9B9A999998979796953A
:101E000095949393929191908F8F8E8E8D8C8C8BD5
:101E10008B8A89898888878786858584848383825D
:101E2000828181800000FF070000F87F4FEA4103B4
:101E30004FEA5353A3F58063D3F11E03C8BFD3F118
:101E4000210C0CDD4FF0004242EAC12242EA50521E
:101E500032FA03FC8CEAE17CACEBE1707047102BAA
:101E6000C4BF0020704703F5787CBCF1FF3F04D06D
:101E70006FF0004282EA2100704770B500F0DAF896
:101E80004992248000207047F2E710F0004248BFDA
:101E90004042B0FA80F310FA03F10AD0C3F11D03F7
:101EA00003F580634FEA415002EB035202EBD1216C
:101EB00070474FF000007047B0FA80F310FA03F15A
:101EC0000AD0C3F11D0303F580634FEA41504FEA86
:101ED000035202EBD12170474FF000007047000021
:101EE000DFF848C170B51CEA111E1EBF1CEA1315AD
:101EF0009EEA0C0F95EA0C0F00F06F8081EA030454
:101F000023EA4C134EEAD47E21EA4C1141F48011AD
:101F100043F48013AE44A1FB024CA0FB0365AEF179
:101F20007F7E361955EB0C05A1FB034C4CF10003E9
:101F3000A0FB021C16EB0C06654153F1000309429D
:101F400018BF46F0010613F4007F0BD14FEA0331AE
:101F50004FEA0530340341EA155140EA16506FF05C
:101F600003020AE04FEAC3214FEAC520F40241EA26
:101F7000555140EA56506FF0020202EB2E4201EB3F
:101F8000025585EACE710AD05FEA440C18BF24F0EE
:101F9000004450F1000041F1000120EAD47040F209
:101FA000FE7C624500D270BDA84214BF4FF0804451
:101FB0004FF04044002E08BF0024BEF1806FA8BF40
:101FC000A1F1C041BDE8704080F22A814FF00000CD
:101FD00001F1C04101F0004170479EEA0C0F0CEA8C
:101FE000131518BF95EA0C0F06D04FF0000081EAD8
:101FF000030E0EF0004170BD00F01CF88900013E98
:1020000000F007B800F009B84FEA430C5FEA5C5CE7
:1020100008D081EA030100F003B94FEA410C5FEAFE
:102020005C5CF6D14FF00000014970470000FF07EB
:102030000000F87F0EF1020E2EF0030E5EF8046B26
:10204000364205D4012A43EB030515F5001F12D8CB
:10205000012841EB010C1CF5001F0CD80ED14FEAF2
:10206000D17C15F5001F0CEB4C0C0CF1020C08BFD9
:102070004CEBD37C04E04FF0080C01E04FEAD37C3A
:102080000CEB4C0526FA05F606F00706B6F1040C33
:1020900006D20EEB860CBDE870404CF0010C604798
:1020A000DFE80CF0090B02024FF000414FF0000096
:1020B000A1F5002170BD19461046012851EB01041D
:1020C00018BFD4F5001484BF002001F0004170BD9A
:1020D000DFF844C170B53CEA111418BF3CEA13158F
:1020E00000F08F8011F1004F1CEA13150CEA111457
:1020F00068BF45F0050518BF11EA0C1F00F0798094
:102100002E4621EA4C1123EA4C1341F4801143F48A
:102110008013A5F58035AC423DDD801A9941A4F5C8
:10212000803609D54042C1F1000134BFB1F101014F
:10213000B1F1000185F0010511F4F01F08D011F490
:10214000801FE8D1400041EB0101A4F58034F6E79F
:1021500021F00041B1FA81F6202E04BFB0FA80FED2
:102160000EF12006A6F10B06B6F1200EA4EB0644F4
:102170000CD2C6F1200E01FA06F120FA0EF641EA61
:102180000601CEF1200600FA06F003E000FA0EF197
:102190004FF00000BFE750EA410E23D04FEA244E33
:1021A000BEEB254F0FDB994208BF904204D00AD303
:1021B000520043EB0303B0E74FEA1646B6EB144F69
:1021C00008BF85F00105B4F5803401EB041181EA04
:1021D000C57100DB70BD01F1C0414FF0000001F09E
:1021E000004170BD4FEA45714FF0000001F0004121
:1021F00070BD1CEA131F09D04FF0000001F0004130
:1022000070BDFFF717FF00BFEDFFFF3EBDE8704058
:102210004FF00000014970470000FF070000F87F01
:102220000808A0F500114FEA3101704791EA030F49
:1022300010B581F000413FF501AC83F0004300F0A0
:10224000D5B800002DE9F04101F5801CBCF5001F58
:10225000C0F2A9804FEA115C21EA0C510CF1FD0C8F
:1022600041F480115FEA5C0C0CF5C07C01D34000A6
:10227000494130A4890241EA905187028E0E0A0C2E
:10228000A45D04FB04F602FB06F6C6F14046A4FB7F
:102290000662F60D46EA422606FB06F4A4FB01237D
:1022A0005242C3F1404338BF5B1EA6FB02420024EA
:1022B000E6FB0324D20B42EA4446A6FB0623A1FB1D
:1022C00002E2A3FB07E4E3FB61426442C2F1404E39
:1022D00038BFAEF1010EA6FB04234FF00002E6FB6F
:1022E0000E32A2FB03463400E2FB6264A1FB06E669
:1022F000A4FB07E8E4FB61687642C8F1405838BFA8
:10230000A8F10108A2FB06E4A3FB08E5E2FB685480
:10231000A1FB05E6A7FB04E8E1FB648618F12005B4
:1023200056F10006A809A8F11B08B10908F03F08FA
:10233000B8F10A0F40EA86601CD901EB0C51BDE8E8
:10234000F08100BFFCF5EEE8E2DDD8D3CFCBC7C308
:10235000C0BDB9B6B4B1AEACA9A7A5A3A19F9D9BC2
:102360009A9896959392908F8D8C8B898887868585
:1023700084838281A0FB006800FB01F208EB420825
:10238000B8EB872807D5341858EB0104D5D5401C85
:1023900051F10001D1E7341A78EB0104CDD4401E8D
:1023A00071F10001C9E75FEA4C0C5FEA9C5C0DD15A
:1023B00005D34FF0000001F00041BDE8F081BDE819
:1023C000F04170B5FFF736FE6DDBFFBEBDE8F041B2
:1023D0004FF00000004970470000F87F10B591EA07
:1023E000030F48BF83F000433FF528AB841A71EB1D
:1023F000030C07D212198CF0004C43EB0C03001BAA
:1024000061EB0C01DFF8A4E14FEA1154A4EB135C7B
:102410001EEA430F18BF9EEA445F00F0B08023EA33
:102420006E03524221EA0451C3EB6E0338BF5B1EB8
:10243000DCF1200E25D322FA0CFE10EB0E0043FA3D
:102440000CFE41EB0E01CCF1200E03FA0EFE10EB58
:102450000E0051F10001CCF1200E29D412FA0EF237
:1024600001EB0451BDE8104058BF7047401C1CBF31
:10247000B2F1004F704700280CBF491C20F001004A
:10248000704712EB020E43EB030218BF4FF0010E30
:102490004EEA4202ACF1200CDCF11E0E54D943FA94
:1024A0000CFE10EB0E0051F1FF31CCF11E0ED5D514
:1024B0000EF1010E12FA0EFE404141EB010101EB5B
:1024C000445C5FEA5C5C10D910EBDE7001EB0451F8
:1024D00038BFBEF1004FBDE8104018BF704700285C
:1024E0000CBF491C20F00100704730D24FEAD42CB9
:1024F00011F5001124F400641BD0B1FA81F20B3AFB
:10250000A41AA41ED2F12003914030FA03F3194318
:10251000904001EBCC71002C01EB0451BDE8104060
:10252000A8BF704701F1C0414FF0000001F0004129
:102530007047B0FA80F310FA03F100D110BDE41A2D
:10254000173C4805C90AE4E701EB045110BD4910E6
:1025500001EB0451BDE810404FEA300002E04FF0BB
:10256000000170474A0008BF0042F8D0B2F5001FD2
:1025700028BF704701F000414FF0000070479EEA0D
:10258000445F07D011EA5E0FBDE8104004BF002190
:1025900000207047BDE8104070B5FFF74BFD00BF4D
:1025A00040DFF63E83F00041104670470000E0FF38
:1025B00043004FEAD30C4FEA3C0C43401FBF400797
:1025C0000CF1605113F0FE4F70471CF0006F03D107
:1025D00000200CF0004170470CF0004343EA5070BB
:1025E00010B540EACC0000F00EF800BF00000092E9
:1025F0004FEA0001FFF714BE4FF000414FF000001A
:10260000A1F5002170470EF1020E2EF0030E5EF8C8
:10261000044B244204D44FEA4102B2F17F4F11D857
:102620004FEA4003B3F17F4F0CD80ED14FEAD07C74
:10263000B2F17F4F0CEB4C0C0CF1020C08BF4CEBD1
:10264000D17C04E04FF0080C01E04FEAD17C0CEBA8
:102650004C0324FA03F404F00704B4F1040C06D28A
:102660000EEB840CBDE810404CF0010C6047DFE835
:102670000CF0070802024FF00040A0F5800010BDEA
:102680000846420018BFD2F1807288BF00F00040B7
:1026900010BD4FF04070E1EE100A70474FF07F4CD4
:1026A0003CEA410318BF3CEA400200F062804FF46C
:1026B0007F0C10F0004F0CEAD11318BF43F0050354
:1026C0001CEAD01218BF13EA0C0F00F057804FF02D
:1026D000004C4CEA00204CEA0121A3F580339A42D9
:1026E00010DDB0F1004F23F0020306D3401A43F08F
:1026F0000203BCBF404283F001034FEA4000A2F551
:102700008032ECE74FEA224CBCEB234F08DB8842D7
:1027100006D31CD0A0EB4100C0F1000083F0010300
:1027200040001DD217D40DD0B0FA80FC0CF1010C82
:1027300000FA0CF0A2EB0C42D2F1000C12DB4FEAD3
:10274000C37070474FEA437000F00040704713F0C9
:10275000020FE5D0DEE7B2F580324FEA4000EBDD54
:10276000002AE9DD4FEAC21242EA502040EAC37073
:10277000704710B5FFF747FFEDFFFF3E1CEAD11F82
:1027800002D000F000407047004870470000C07F52
:10279000FF2141EAD050C0057047EEF7ECBBEEF7E1
:1027A00021BD0001020304050607080C10141820BF
:1027B0003040000000000000000001020304060792
:1027C000080900000004002A0100000000000000C9
:1027D00000000000000000000000000000000000F9
:1027E00000000000010000000100000000000000E7
:1027F00000000000000000000000000000000000D9
:1028000000000000000000000000B33FB2BE7D3AAF
:1028100000002E40DFCF513800007E40BF51FABA91
:1028200000E0A44019DAC3BA00E0C840C2ED8AB99A
:102830000040EB40CD1F2CBA001006412AFFFABA27
:1028400000C01541DFCFD13700D024419A97703AAC
:102850000050334189478E3600404141E75B9D3847
:1028600000B04E41C00A98B900A05B41558F943A20
:1028700000306841DA92C0BA0040744162B3C63A8F
:102880000000803F00A0853F00908B3F00C0913F3B
:102890000030983F00F09E3F00F0A53F0050AD3F54
:1028A0000000B53F0000BD3F0060C53F0020CE3FA7
:1028B0000040D73F00C0E03F00C0EA3F0020F53FA6
:1028C000000000007D36AC397D3C3839EBDCF43853
:1028D000320A7E39124C26399B6AED39A4EE8339CF
:1028E0007F661E39F6398A392B426539A48211393F
:1028F0005B991F39C3EECD39DDE7C637A5A22F3965
:102900000000803FC3AA853FC2958B3FD3C3913F50
:10291000F037983F32F59E3FD7FEA53F3F58AD3F79
:10292000F304B53FA408BD3F2A67C53F8C24CE3FC2
:10293000FD44D73FDFCCE03FC7C0EA3F7D25F53FF0
:1029400000000000000000003031323334353637EB
:1029500038394142434445464030580030313233E3
:1029600034353637383961626364656640307800E3
:102970000400000800000000000000020001000048
:10298000100000000000000000004054FB21F93F4F
:102990003163621A61B4D03D0000601A61B4D03D69
:1029A0007370032E8A19A33B0000002E8A19A33BE3
:1029B000C14920259A837B390000000000000000F7
:1029C0006E83F9A22915444ED15727FCC0DD34F59A
:1029D000999562DB4190433CAB6351FE61C5BBDE20
:1029E0003A6E24B7E0D24D42EA2E49061C92D10934
:1029F0001CEB1DFE3EA729B1F53582E88444BB2EB1
:102A000026709CE9417E5FB439D69139F4395383FD
:102A10008B5F849C3B28F9BDFF97F81F0F9805DE5C
:102A20008B112FEF1F6D0A5ACF7E366DB709CB275A
:102A3000663F464F2DEA5F9EC7BA27757BF1E5EBEF
:102A4000F739073DEA92528AB15FFB6B085D8D1F33
:102A5000000000006E83F9A22915444ED15727FCCF
:102A6000C0DD34F5999562DB4190433CAB6351FE88
:102A70007AFE10111111C13F37D60684F464963FD7
:102A8000280356C9226D6D3F0165F2F2D844433FD9
:102A9000A69237A0887E143F735360DBCB75F3BEDC
:102AA000FE41B31BBAA1AB3F93846EE9E326823F9C
:102AB0001583E0FEC8DB573F68108D1AF726303FBC
:102AC000E9A7F0320FB8123FD47ABF74702AFB3EE8
:102AD0003031323334353637383961626364656694
:102AE000787000303132333435363738394142432B
:102AF000444546585000000002400000000000A07D
:102B00000000000005400000000000C800000000B8
:102B10000C4000000000409C000000001940000034
:102B20000020BCBE0000000034400000BFC91B8E66
:102B300000000004B5400000504BCFD06607E2CF44
:102B4000010000006C4100003E8251AADFEEA73474
:102B500001000000D9420000DCB5A0E23A301F9726
:102B6000FFFFFFFFB4450000FD25A0C8E9A3C14F4A
:102B7000FFFFFFFFFF3F000000000080000000009B
:102B8000FF3F00000000008000000000205354417F
:102B9000525420524F544154494E4720414E4420F4
:102BA00043414C49425241544521212121212121B7
:102BB0002121212121212121212121212121212105
:102BC000212121212121212121200A0D0A0D00008E
:102BD00000000000920E493CB10AC93C2BC3163DCF
:102BE0002EFB483D752B7B3D04A9963D80B6AF3D3D
:102BF00036BDC83D2FBCE13D73B2FA3D87CF093EDB
:102C00008340163EB5AB223EA2102F3ECF6E3B3E18
:102C1000C2C5473E0115543E135C603E7F9A6C3E30
:102C2000CCCF783EC07D823E938E883E229A8E3EE7
:102C300032A0943E86A09A3EE59AA03E128FA63E10
:102C4000D47CAC3EEF63B23E2A44B83E491DBE3E42
:102C500015EFC33E53B9C93ECA7BCF3E4136D53E80
:102C600080E8DA3E4F92E03E7533E63EBBCBEB3E6A
:102C7000EA5AF13ECBE0F63E275DFC3EE4E7003F3A
:102C80003D9C033F824B063F9BF5083F6B9A0B3FF1
:102C9000DA390E3FCDD3103F2A68133FD9F6153FDE
:102CA000C07F183FC6021B3FD17F1D3FCBF61F3FA1
:102CB0009967223F25D2243F5636273F1594293F56
:102CC0004AEB2B3FDE3B2E3FBB85303FC9C8323F2E
:102CD000F304353F233A373F4268393F3B8F3B3F50
:102CE000F9AE3D3F67C73F3F70D8413F01E2433FE8
:102CF00003E4453F65DE473F12D1493FF8BB4B3FF8
:102D0000029F4D3F207A4F3F3D4D513F4918533F61
:102D100031DB543FE595563F5348583F6AF2593FDF
:102D20001A945B3F532D5D3F05BE5E3F2146603FD9
:102D300097C5613F5A3C633F59AA643F880F663F7D
:102D4000D86B673F3CBF683FA7096A3F0C4B6B3F9E
:102D50005E836C3F93B26D3F9ED86E3F73F56F3FBD
:102D60000809713F5213723F4714733FDD0B743FE4
:102D70000BFA743FC6DE753F07BA763FC58B773FC7
:102D8000F853783F9812793F9DC7793F02737A3F95
:102D9000BE147B3FCDAC7B3F283B7C3FC9BF7C3F13
:102DA000AC3A7D3FCCAB7D3F23137E3FB0707E3F7E
:102DB0006DC47E3F580E7F3F6D4E7F3FAB847F3F9B
:102DC0000FB17F3F97D37F3F43EC7F3F11FB7F3FA6
:102DD0000000803F11FB7F3F43EC7F3F97D37F3F55
:102DE0000FB17F3FAB847F3F6D4E7F3F580E7F3FDB
:102DF0006DC47E3FB0707E3F23137E3FCCAB7D3FE2
:102E0000AC3A7D3FC9BF7C3F283B7C3FCDAC7B3F8C
:102E1000BE147B3F02737A3F9DC7793F9812793F7A
:102E2000F853783FC58B773F07BA763FC6DE753FCC
:102E30000BFA743FDD0B743F4714733F5213723F1C
:102E40000809713F73F56F3F9ED86E3F93B26D3F97
:102E50005E836C3F0C4B6B3FA7096A3F3CBF683FEA
:102E6000D86B673F880F663F59AA643F5A3C633F5F
:102E700097C5613F2146603F05BE5E3F532D5D3FD4
:102E80001A945B3F6AF2593F5348583FE595563FC5
:102E900031DB543F4918533F3D4D513F207A4F3F5E
:102EA000029F4D3FF8BB4B3F12D1493F65DE473F84
:102EB00003E4453F01E2433F70D8413F67C73F3FCE
:102EC000F9AE3D3F3B8F3B3F4268393F233A373FA6
:102ED000F304353FC9C8323FBB85303FDE3B2E3F50
:102EE0004AEB2B3F1594293F5636273F25D2243FE6
:102EF0009967223FCBF61F3FD17F1D3FC6021B3F84
:102F0000C07F183FD9F6153F2A68133FCDD3103F35
:102F1000DA390E3F6B9A0B3F9BF5083F824B063F19
:102F20003D9C033FE4E7003F275DFC3ECBE0F63EDF
:102F3000EA5AF13EBBCBEB3E7533E63E4F92E03EA4
:102F400080E8DA3E4136D53ECA7BCF3E53B9C93E12
:102F500015EFC33E491DBE3E2A44B83EEF63B23E64
:102F6000D47CAC3E128FA63EE59AA03E86A09A3E47
:102F700032A0943E229A8E3E938E883EC07D823E41
:102F8000CCCF783E7F9A6C3E135C603E0115543E78
:102F9000C2C5473ECF6E3B3EA2102F3EB5AB223E90
:102FA0008340163E87CF093E73B2FA3D2FBCE13D08
:102FB00036BDC83D80B6AF3D04A9963D752B7B3D1F
:102FC0002EFB483D2BC3163DB10AC93C920E493C2D
:102FD00000000000920E49BCB10AC9BC2BC316BD4B
:102FE0002EFB48BD752B7BBD04A996BD80B6AFBD39
:102FF00036BDC8BD2FBCE1BD73B2FABD87CF09BED7
:10300000834016BEB5AB22BEA2102FBECF6E3BBE14
:10301000C2C547BE011554BE135C60BE7F9A6CBE2C
:10302000CCCF78BEC07D82BE938E88BE229A8EBEE3
:1030300032A094BE86A09ABEE59AA0BE128FA6BE0C
:10304000D47CACBEEF63B2BE2A44B8BE491DBEBE3E
:1030500015EFC3BE53B9C9BECA7BCFBE4136D5BE7C
:1030600080E8DABE4F92E0BE7533E6BEBBCBEBBE66
:10307000EA5AF1BECBE0F6BE275DFCBEE4E700BF36
:103080003D9C03BF824B06BF9BF508BF6B9A0BBFED
:10309000DA390EBFCDD310BF2A6813BFD9F615BFDA
:1030A000C07F18BFC6021BBFD17F1DBFCBF61FBF9D
:1030B000996722BF25D224BF563627BF159429BF52
:1030C0004AEB2BBFDE3B2EBFBB8530BFC9C832BF2A
:1030D000F30435BF233A37BF426839BF3B8F3BBF4C
:1030E000F9AE3DBF67C73FBF70D841BF01E243BFE4
:1030F00003E445BF65DE47BF12D149BFF8BB4BBFF4
:10310000029F4DBF207A4FBF3D4D51BF491853BF5D
:1031100031DB54BFE59556BF534858BF6AF259BFDB
:103120001A945BBF532D5DBF05BE5EBF214660BFD5
:1031300097C561BF5A3C63BF59AA64BF880F66BF79
:10314000D86B67BF3CBF68BFA7096ABF0C4B6BBF9A
:103150005E836CBF93B26DBF9ED86EBF73F56FBFB9
:10316000080971BF521372BF471473BFDD0B74BFE0
:103170000BFA74BFC6DE75BF07BA76BFC58B77BFC3
:10318000F85378BF981279BF9DC779BF02737ABF91
:10319000BE147BBFCDAC7BBF283B7CBFC9BF7CBF0F
:1031A000AC3A7DBFCCAB7DBF23137EBFB0707EBF7A
:1031B0006DC47EBF580E7FBF6D4E7FBFAB847FBF97
:1031C0000FB17FBF97D37FBF43EC7FBF11FB7FBFA2
:1031D000000080BF11FB7FBF43EC7FBF97D37FBF51
:1031E0000FB17FBFAB847FBF6D4E7FBF580E7FBFD7
:1031F0006DC47EBFB0707EBF23137EBFCCAB7DBFDE
:10320000AC3A7DBFC9BF7CBF283B7CBFCDAC7BBF88
:10321000BE147BBF02737ABF9DC779BF981279BF76
:10322000F85378BFC58B77BF07BA76BFC6DE75BFC8
:103230000BFA74BFDD0B74BF471473BF521372BF18
:10324000080971BF73F56FBF9ED86EBF93B26DBF93
:103250005E836CBF0C4B6BBFA7096ABF3CBF68BFE6
:10326000D86B67BF880F66BF59AA64BF5A3C63BF5B
:1032700097C561BF214660BF05BE5EBF532D5DBFD0
:103280001A945BBF6AF259BF534858BFE59556BFC1
:1032900031DB54BF491853BF3D4D51BF207A4FBF5A
:1032A000029F4DBFF8BB4BBF12D149BF65DE47BF80
:1032B00003E445BF01E243BF70D841BF67C73FBFCA
:1032C000F9AE3DBF3B8F3BBF426839BF233A37BFA2
:1032D000F30435BFC9C832BFBB8530BFDE3B2EBF4C
:1032E0004AEB2BBF159429BF563627BF25D224BFE2
:1032F000996722BFCBF61FBFD17F1DBFC6021BBF80
:10330000C07F18BFD9F615BF2A6813BFCDD310BF31
:10331000DA390EBF6B9A0BBF9BF508BF824B06BF15
:103320003D9C03BFE4E700BF275DFCBECBE0F6BEDB
:10333000EA5AF1BEBBCBEBBE7533E6BE4F92E0BEA0
:1033400080E8DABE4136D5BECA7BCFBE53B9C9BE0E
:1033500015EFC3BE491DBEBE2A44B8BEEF63B2BE60
:10336000D47CACBE128FA6BEE59AA0BE86A09ABE43
:1033700032A094BE229A8EBE938E88BEC07D82BE3D
:10338000CCCF78BE7F9A6CBE135C60BE011554BE74
:10339000C2C547BECF6E3BBEA2102FBEB5AB22BE8C
:1033A000834016BE87CF09BE73B2FABD2FBCE1BD04
:1033B00036BDC8BD80B6AFBD04A996BD752B7BBD1B
:1033C0002EFB48BD2BC316BDB10AC9BC920E49BC29
:1033D00000000080203501080000002008040000E3
:1033E0001402000824370108080400206075010059
:1033F000700200081C00000043000000F8FFFFFFFF
:103400000C0000000E0000000F0000002E00000065
:103410001001000043000000F8FFFFFF00404040A3
:103420004040404040404141414141404040404097
:103430004040404040404040404040404005020243
:103440000202020202020202020202020220202002
:10345000202020202020200202020202020290905E
:10346000909090901010101010101010101010105C
:1034700010101010101010100202020202028888B0
:1034800088888888080808080808080808080808BC
:1034900008080808080808080202020240000000A4
:1034A000000000000000000000000000000000001C
:1034B000000000000000000000000000000000000C
:1034C00000000000000000000000000000000000FC
:1034D00000000000000000000000000000000000EC
:1034E00000000000000000000000000000000000DC
:1034F00000000000000000000000000000000000CC
:1035000000000000000000000000000000000000BB
:1035100000000000000000000000000000000000AB
:1035200011A2023241325A0354720112029519015A
:1035300026EF19644A1007011509101829A9320449
:103540003208293A32204A402A2324F45A1438AA4D
:10355000013A00FF0097B92EE5725CCB5DCAE473B7
:10356000B82F0196BA2D03945FC8E671E7705EC963
:103570000295BB2CE3745ACD0691BF28BE29079053
:103580005BCCE27559CEE077BC2B05920493BD2A43
:10359000E17658CF51C6E87FB4230D9A0C9BB52233
:1035A000E97E50C7EB7C52C50E99B720B6210F9823
:1035B00053C4EA7DB2250B9C57C0EE79EF7856C113
:1035C0000A9DB324089FB126ED7A54C355C2EC7B03
:1035D000B027099EA2351B8C47D0FE69FF6846D1F3
:1035E0001A8DA334188FA136FD6A44D345D2FC6BE3
:1035F000A037198E41D6F86FA4331D8A1C8BA532D3
:10360000F96E40D7FB6C42D51E89A730A6311F88C2
:1036100043D4FA6DF3644ADD1681AF38AE391780B2
:103620004BDCF26549DEF067AC3B15821483AD3AA2
:10363000F16648DF1087A93EF5624CDB4DDAF46392
:10364000A83F1186AA3D13844FD8F661F7604ED982
:103650001285AB323C13CDBD140801BF1B080D040D
:103660001A2D041A85041BDDBC0412BE420817047F
:10367000030904120114020202164022AF40572629
:103680000201020301031A1A03136D231B086904C4
:103690001A65041A91041AD50481130A0632021A13
:1036A0004043111C0902434F1125C03209041B017C
:1036B000020B13052416100105240110090104242E
:1036C0000202052406170107058203081C100904DD
:1036D00085320A1D07050102432C070581070938B9
:1036E000442A40072A8107112B0907440A3B044456
:1036F0001339BE140885BD4C08E5BFEC1AD90C136C
:10370000FDBC1B085B08C11A21281A15041A2D04D8
:103710001A090401380808110102030405060740CC
:043720000255C80086
:04000005080001D915
:00000001FF
