:020000040800F2
:10400000107A01206D43000809EE000849DF00081E
:1040100075ED0008D16200083F190108000000009A
:1040200000000000000000000000000061F4000833
:10403000E370000800000000F1F200086DF40008D1
:104040008743000887430008874300088743000828
:104050008743000887430008874300088743000818
:104060008743000887430008874300081D70000845
:10407000297000083570000887430008874300084E
:104080008743000887430008F16100088743000860
:10409000C1180108874300088743000887430008C8
:1040A00087430008874300088743000887430008C8
:1040B00061F600086DF60008874300088743000892
:1040C00087430008874300088743000887430008A8
:1040D000874300088743000887430008110201084E
:1040E0008743000887430008874300088743000888
:1040F0008743000887430008874300088743000878
:104100008743000887430008874300088743000867
:104110008743000887430008874300088743000857
:104120008743000887430008874300088743000847
:104130008743000887430008874300088743000837
:10414000874300088743000887430008C9D8000850
:104150008743000887430008874300088743000817
:104160008743000887430008874300088743000807
:1041700087430008874300088743000887430008F7
:1041800087430008874300088743000887430008E7
:104190008743000800000000C57500088743000839
:1041A00087430008874300088743000887430008C7
:1041B00087430008874300088743000887430008B7
:1041C00087430008874300088743000887430008A7
:1041D000874300088743000800F002F800F0B6F8B3
:1041E0000AA090E8000C82448344AAF10107DA4552
:1041F00001D100F0ABF8AFF2090EBAE80F0013F0EE
:10420000010F18BFFB1A43F001031847E8380100FB
:10421000083901000A444FF0000C10F8013B13F07C
:10422000070408BF10F8014B1D1108BF10F8015B0F
:10423000641E05D010F8016B641E01F8016BF9D102
:1042400013F0080F1EBF10F8014BAD1C0C1B09D159
:104250006D1E58BF01F801CBFAD505E014F8016BCB
:1042600001F8016B6D1EF9D59142D6D3704700005D
:104270000023002400250026103A28BF78C1FBD86F
:10428000520728BF30C148BF0B6070476E2900F04D
:104290001383702900F05D84662912F0F885652982
:1042A00012F0F585672912F0F285612912F0F18587
:1042B00003681B0A28BF41F08001692900F0C08211
:1042C000642900F0BD82752900F0BA826F2900F0E0
:1042D000EA83782900F02984E92900F08583E4291C
:1042E00000F08283F52900F07F83EF2900F0E78357
:1042F000F82900F028840368DB0928BF41F0800119
:10430000632901F04D81732901F05281E32901F005
:104310005D81F32901F06281002070471FB512F022
:1043200032FD9DE8030000F0E7F901F0B1F9040067
:104330000020002111F0A0FE401C60600020002140
:1043400011F084FEE0601FBD10B510BD01F072F9E0
:104350001146FFF7E3FF0FF099FA01F04FFA03B4AB
:10436000FFF7F2FF03BC01F07FFA00000948804725
:1043700009480047FEE7FEE7FEE7FEE7FEE7FEE747
:10438000FEE7FEE7FEE7FEE704480549054A064B5F
:1043900070470000E5F40008D9410008103B0020F8
:1043A000107A0120107B0020107B002070B506469B
:1043B00000F086F9056806F10B0020F00704B4420E
:1043C0009CBF002070BD2B466A68BAB11068A0423D
:1043D00010D304F1080188423CBF5068586007D3ED
:1043E0005168101941601168091B01605860146020
:1043F000101D70BD13465268002AE7D12146284699
:1044000000F066F90028DED170BD70B50446051FC6
:1044100000F056F90068002C14BF446870BD002CF1
:1044200018BFAC423CBF20466468F8D301680A1844
:10443000AA4218BF456003D12A68054611440160AD
:1044400028684119A1421CBF6C6070BD6168696039
:1044500021680844286070BD53EA020C00F06980AE
:104460002DE9F04B4FF00006002B1FBFB3FA83F588
:1044700003FA05F424FA05F65E4012BF1643B2FAB9
:1044800082F502FA05F4C5F120051EBF22FA05FCEB
:1044900044EA0C04203556EA044C4FEA144418BF91
:1044A000641C4FF000084FF00009904271EB030CC0
:1044B00039D3002919BFB1FA81F701FA07F6B0FA2A
:1044C00080F700FA07F6C7F120071EBF20FA07FCA5
:1044D00046EA0C062037B6FBF4FCA7EB0507103FB5
:1044E00007F01F0BCBF120060CFA0BFB2CFA06F69B
:1044F00044BFB3460026202FA4BF5E464FF0000BFA
:104500005BEA060C08BF4FF0010B19EB0B09ABFB84
:10451000027C48EB0608C01B06FB02CC0BFB03CC5D
:1045200071EB0C01C1E70B46024641464846BDE827
:10453000F08B13B54FF000004FF00001AFF3008097
:10454000BDE81C40704700007CB51D4616460C00B7
:10455000009001D02044401E074B7B442A46694608
:104560000190304600F0C1F905461CB100206946B3
:1045700000F0CEF928467CBDBD030000032A40F2BE
:10458000308010F0030C00F0158011F8013BBCF1F5
:10459000020F624498BF11F801CB00F8013B38BF0D
:1045A00011F8013BA2F1040298BF00F801CB38BF1B
:1045B00000F8013B11F0030300F02580083AC0F039
:1045C000088051F8043B083A51F804CBA0E80810E1
:1045D000F5E7121D5CBF51F8043B40F8043BAFF314
:1045E0000080D20724BF11F8013B11F801CB48BF6E
:1045F00011F8012B24BF00F8013B00F801CB48BFA4
:1046000000F8012B704710B5203AC0F00B80B1E8DC
:104610001850203AA0E81850B1E81850A0E81850F7
:10462000BFF4F5AF5FEA027C24BFB1E81850A0E800
:10463000185044BF18C918C0BDE810405FEA827C1A
:1046400024BF51F8043B40F8043B08BF7047D20731
:1046500028BF31F8023B48BF11F8012B28BF20F8D2
:10466000023B48BF00F8012B70474FF0000200B535
:10467000134694469646203922BFA0E80C50A0E885
:104680000C50B1F12001BFF4F7AF090728BFA0E833
:104690000C5048BF0CC05DF804EB890028BF40F8FF
:1046A000042B08BF704748BF20F8022B11F0804F41
:1046B00018BF00F8012B7047704770477047000023
:1046C00000487047B83A00207047704770477047FD
:1046D00038B504460A4600206946AFF3008000283A
:1046E00008BF38BD02460099204600F009FB0120B2
:1046F00038BD012000F096BFF8B5AFF30080054645
:1047000000200C46102000BF0646A819A0420DD973
:10471000324669460020AFF30080070008BF00F072
:1047200081FF0098A04218BF0546C419FFF7C8FFD3
:1047300005600746F01D20F007004619284600F0E6
:104740000AF8B44208BFF8BDA21B31463868BDE87C
:10475000F84000F0D5BA00210160C0E901107047AF
:104760001020704710B500F0C7FA006810BD10B5F2
:10477000044600F0C1FA046010BD70B504468569B6
:104780000068C10601D5302600E02026C00707D00A
:1047900070BDD4E9012130469047206A401C206258
:1047A0006D1EF6D570BD70B5044685690078C007EA
:1047B00007D170BDD4E9012120209047206A401C18
:1047C00020626D1EF6D570BD09684A0501D540B25C
:1047D0007047C905FCD500B2704709684A0501D584
:1047E000C0B27047C905FCD580B2704770B50C46A1
:1047F0000546012A05D02878800600D5EA690023FD
:1048000002E0012305E05B1C934202D2E05C002839
:10481000F9D1A869E618C01AA861286A1844286264
:104820002846FFF7AAFF04E0D5E9012114F8010B9F
:104830009047B442F8D32846FFF7B5FF70BD00009B
:104840002DE9F0410646002410687529314616A569
:1048500010D0FFF7B9FF002802DA404213A507E0A5
:1048600031688A0701D512A502E0490704D511A5D0
:10487000012401E0FFF7B1FF00210A2206F124071D
:1048800009E0B0FBF2FCB0FBF2F302FB1C0030309D
:1048900078541846491C0028F3D123462A4630464E
:1048A000BDE8F04100F08BBA000000002D000000D0
:1048B0002B0000002000000011680268006A530508
:1048C00001D508700AE0D30501D5088006E013067B
:1048D00003D5C217C1E9000200E00860012070475B
:1048E00001694A1C02610878704700B58FB0CDE9B4
:1048F00001310021059105497944CDE903101146A4
:10490000684600F031F90FB000BD0000E5FFFFFF81
:104910000A6802F8010B0A607047D1E900239A4245
:1049200002D2531C0B601070704700002DE9FF5F2E
:1049300015468A460446DFF8AC80F8440027D8E9DB
:1049400000103E46CDE9001010E03AF816106A4615
:1049500002A800F047FE411C07D02178890603D544
:10496000E269391891420DD80744761C20788006F8
:1049700002D5E069B84205DDAE42E6DB3AF8160042
:104980000028E2D1A069C01BA0612046FFF7F5FE18
:10499000D8E90010CDE90010002017E03AF818100F
:1049A0006A4602A800F01EFEB0F1FF3F81460BD020
:1049B00000250DF1080B05E0D4E901211BF80500E5
:1049C00090476D1C4D45F7D308F10100B042804679
:1049D000E4DB206A384420622046FFF7E4FEBDE8AD
:1049E000FF9F0000262701002DE9F0418046D21DDF
:1049F00022F007020025D2E90002F52915A614D0FD
:104A0000011E72F1000106DA0023D0EB030063EB14
:104A1000020211A608E0D8F800108B0701D50FA6F6
:104A200002E0490701D50EA601251146002408F130
:104A3000240704E000F07EF930323A55641C50EA55
:104A40000102F7D12B46324621464046BDE8F041EF
:104A500000F0B5B9000000002D0000002B000000A0
:104A60002000000030B4002100F1240408E002F02E
:104A70000705D208303542EA4372DB086554491C09
:104A800052EA0305F3D10468002310A2250707D5D5
:104A9000A40600D421B1C46901230DA2641EC4611F
:104AA00030BC00F08CB910B5044621461068FFF701
:104AB00094FE02462046BDE810400023D2E7D21DF6
:104AC00022F00701D1E90023CCE70000000000003C
:104AD00030000000F0B40D460188090502D5214CD4
:104AE0007C4402E01F4C7C440E34002100F124067B
:104AF00008E002F00F071209E75D42EA03721B09A2
:104B00007754491C52EA0307F3D1027800231207B5
:104B100004D5702D06D009B1022311342246F0BC11
:104B200000F04DB901231034F8E770B504460D4686
:104B300021461068FFF751FE024629462046BDE88F
:104B400070400023C6E7D21D22F00703D3E90023FB
:104B5000C0E70368126843F0200303600823C361C1
:104B60000023B7E7882501002DE9F05F8946044658
:104B70004FF0000ADFF874B1FB44C0F820A02046D3
:104B8000E1688847002874D0252806D0D4E901219F
:104B90009047206A401C2062F1E700265F462046CD
:104BA000E16888472028054607DB312D05D27819B2
:104BB00010F8200C08B10643F1E7B00701D526F044
:104BC0000406C4F81CA00027C4F818A02A2D09D098
:104BD00028460EF0B7FA38B304EB8708303DC8F822
:104BE000185019E059F8041B204604EB8702916124
:104BF000E1688847012F054618D1E069002820DACE
:104C000026F020061DE0D8F8180000EB800005EB28
:104C100040003038C8F818002046E168884705464B
:104C20000EF090FA0028EED1012F0AD02E2D08D1D7
:104C30002046E16888477F1C0546022F46F0200683
:104C4000C4DBA069002803DA404246F00106A061F7
:104C5000F00701D026F010066C2D0BD0682D09D07E
:104C60004C2D39D06A2D35D0742D35D07A2D33D0D6
:104C700016E038E0E1682F4620468847B8420546EE
:104C800009D16C2F26D04FF48060E168064320469E
:104C90008847054604E06C2F1AD04FF48070064315
:104CA0000DB3A5F14100192802D8203546F400665D
:104CB0004A462946204626604E46FFF7E7FA80B16D
:104CC00001280BD0F61D26F0070000F1080956E771
:104CD0004020E4E78020D8E70020D6E706F1040969
:104CE0004DE7284652E7206ABDE8F09F18250100ED
:104CF00000487047B03A002000487047B03A0020A2
:104D0000034640688C46002818BF88423CBF0346D3
:104D10004068F8D318681844884207D00CF10300A3
:104D200020F00700001D411A521A0146081D0A60B2
:104D3000FFF76BBB30B5B0F10A024FEA900E71F18C
:104D400000034EEA817EB0EB0E0061EB91014FEA69
:104D5000101E4EEA017E10EB0E0041EB11114FEADE
:104D6000102E4EEA016E10EB0E0041EB11214FEABE
:104D7000104E4EEA014E10EB0E0041EB114140186F
:104D800041F100014FEAD00040EA41704FEAD10101
:104D900010EB80054FEA810444EA907444EB01046F
:104DA0006D1944EB0404521BA3414FF0000348BFAC
:104DB0000A3200D530BD401C41F1000130BD2DE963
:104DC000F0470D4699469246044600F124080168D2
:104DD000880604D5E06921F01001216000E001207F
:104DE000A84201DD471B00E00027A1697A1902EB08
:104DF0000900081AA0612078C00602D42046FFF7F7
:104E0000BCFC002608E0D4E901211AF8060090470E
:104E1000206A401C761C20624E45F4DB2078C006D8
:104E20000AD52046FFF7A9FC06E0D4E9012130208D
:104E30009047206A401C2062381EA7F10107F4DC6D
:104E400007E0D4E9012118F805009047206A401CCA
:104E50002062281EA5F10105F3DC2046FFF7A3FC24
:104E60002078000602D50220BDE8F0870120FBE78C
:104E700070472DE9FF4F0C461E464FF0FF378BB0B1
:104E8000D2E90001DDF860800A908A46C1F30A5534
:104E900005B93D46002108464FF00000BAF1000F69
:104EA00000F4400005DA00EB80004FF4400101EA15
:104EB00050004FEA9059B9F1010F00DDB9460A9848
:104EC00050EA4A000ED044F61050A5F2FF35454393
:104ED0002F14B8F1000F1ED07542291E1EDDC9F136
:104EE00000021CE0B8F1010F4FF0000001D03021AA
:104EF00003E0F24305E02154401CB042FBDB3046A6
:104F00000022002121540B99C1F80880C1E900203A
:104F10000FB0BDE8F08FBD1B6D1CDEE74A4600DA1E
:104F2000694206A800F0F8FB06AB93E8070003AB64
:104F300083E8070050460A9900F092FD8DE80700CB
:104F4000A0F500501F3800900398002D0ADD42F2B2
:104F50001F014A460844002303A90390684600F055
:104F6000FBFF09E0A0F500504A461F38002303A9C3
:104F70000390684601F005F88DE807000004000C76
:104F800003D04FF0FF30410800E01046B8F1000FA9
:104F900003D00022009215461EE0751E05D4FFF7CF
:104FA000C9FE303262556D1EF9D5B3460122084361
:104FB00002D000227F1C04E02078302801D100229A
:104FC0007F1E002A099784D01DE0112D07DAFFF714
:104FD000B1FE303262556D1C50EA0102F5D1084332
:104FE00002D00098C8B10EE00021681E05E0235CE5
:104FF000625C63542254401E491C8142F7DBAB467D
:10500000A81B401E0990002004F80B000B98099A79
:10501000C0F80880C0E9002B7AE711264FF000089D
:1050200057E72DE9F04F88460446D21D22F00701CC
:1050300091B0D1E90001CDE90A010CF099FD0246D9
:105040000B98C00F01D02D2007E02068810701D503
:105050002B2002E0202101EAC000032A099001D0A0
:10506000072A05DB03464146204600F015FB0BE10D
:105070002078800601D5E06900E00620B8F1650FD0
:10508000814606D0B8F1660F18D0B8F1670F70D11D
:1050900031E00020B9F1110F009001DB112301E094
:1050A00009F101030AAA01A90CA8FFF7E2FEDDE954
:1050B0000C70002609F10105834647E001204B46AC
:1050C00000904FF000470AAA01A90CA8FFF7D1FEF3
:1050D000DDE90DB00C995D46002610B909F101001B
:1050E0000D18B9EB050003D4C0F1FF3609F1010535
:1050F000A5EB09002BE0B9F1010F01DA4FF001092E
:105100000020B9F1110F0090484601DD112300E0A5
:1051100003460AAA01A90CA8FFF7ABFEDDE90C7053
:105120004D4600268346207800070AD4AB4500DAB6
:105130005D4601A8012D04DD411911F8011C30293B
:1051400007D04F4502DA17F1040F04DA0120824636
:105150000FE06D1EEEE7002F02DCED1B3E4403E086
:10516000781CA84200DD7D1CB81B00F1010A4FF03D
:1051700000472078000703D4AA4501DB4FF0FF3A2F
:105180000021B7F1004F0DF143088DF8431024D0F2
:1051900002202B23002F01DA7F422D230A21021E39
:1051A000A0F1010000DC5FB197FBF1FC97FBF1F28D
:1051B00001FB1C7C17460CF1300C08F801CDEEE722
:1051C000A8F1010003702188090501D5452100E0FF
:1051D0006521A0F1010800F8011C09980FA9A1EBB5
:1051E0000807FF1D00B10120411901EBEA70A16918
:1051F0003844081A401EA0612078C00602D4204618
:10520000FFF7BBFA099828B1D4E901219047206A39
:10521000401C20622078C00622D52046FFF7ADFA58
:105220001EE0002E04DBB34502DD01A8805D00E036
:105230003020D4E901219047206A401C2062761C6E
:10524000AAF101005FEA000A0AD100F021FAC06861
:105250000168405CD4E901219047206A401C20622B
:10526000281EA5F10105DCDC07E0D4E9012118F8CE
:10527000010B9047206A401C2062381EA7F10107ED
:10528000F3DC2046FFF78FFA032011B041E600005F
:105290002DE9F04F04460D46D21D22F0070089B0DB
:1052A000D0E90097484639460CF062FC0246F80FF8
:1052B00001D02D2307E02068810701D52B2302E0D0
:1052C000202101EAC0038DF820300BB1012000E05D
:1052D0000020032A824601D0072A04DB2946204603
:1052E00000F0DAF93FE12078800601D40D2500E0D6
:1052F000E569C7F30A560D2D49DA00214FEA175B1D
:1053000008464FF00000002F00F4400007DA00EBE1
:1053100080004FF4400100EBD07001EA600081157D
:10532000012901DD4FF0FF3100224FEA850CBCF16D
:10533000180F06D31346ACF118004FF08052C2404C
:1053400003E04FF4801323FA0CF30CF10C0CBCF1C6
:10535000200F04D3ACF1200C09FA0CF001E007FA9D
:105360000CF000294FF0004801DD18B90FE00ED114
:1053700040450CD319EB02095F4121B9404502D1E8
:105380009F4329EA0209BBEB175F00D0761C2088F7
:10539000000502D57B48784402E07A487844193801
:1053A00008AA302302F80A30037C0AF10101002E1A
:1053B0000AF1020A53546A4602DC4FF0300101E060
:1053C0004FF031014FF001088DF8001002D0A6F225
:1053D000FF3603E059EA470100D06B4E002D02DC96
:1053E0002178090704D54FF002082E218DF801100D
:1053F000C44600210BE0C7F303433F01C35C491CD3
:105400006D1E02F80830052908F1010801DA002DA7
:10541000F1DC00210CE000EB1973491C1B786D1EB8
:10542000082902F808304FEA091908F1010801DAE1
:10543000002DF0DC21688B0602D516E0A8F10108EA
:10544000E04505DD02EB080313F8013C302BF5D0F5
:10545000B8F1000F09DD02EB080313F8013C2E2B15
:1054600003D1090701D4A8F10108002D05DD3E2173
:1054700002F808106D1E08F10108407C002E02F8A9
:10548000080008F1010804DA2D20764202F808002D
:1054900002E02B2002F808000A214FF47A708642BD
:1054A00008F101080BDB96FBF0F3303302F808300B
:1054B00096FBF0F308F1010800FB136601E0642E8F
:1054C0000CDB642096FBF0F3303302F8083096FBD7
:1054D000F0F308F1010800FB136601E00A2E06DB79
:1054E00096FBF1F0303002F8080008F1010896FB55
:1054F000F1F001FB1060303002F80800A16908F1FA
:10550000010808EB050202EB0A00081AA0612078E6
:10551000C00602D42046FFF730F9216A08AE01EB3D
:105520000A00206204E0D4E9012116F8010B90473B
:10553000BAF1010AF7D22078C00602D52046FFF75B
:105540001CF96E4609E016F8010B3E280FD0D4E98D
:1055500001219047206A401C2062B8F10108F2D274
:105560002046FFF720F909B00320BDE8F08F206A3C
:105570002844206203E0D4E90121302090476D1EC9
:10558000EBD3F8E7691E010002FCFFFF10B5436989
:1055900013B1AFF3008001E0FFF728F9012010BD3F
:1055A000127800F124010A7000224A700122EDE70E
:1055B00011684FF0FF32E9E710B5436913B1AFF35B
:1055C000008001E0FFF7B2F9012010BD128800F160
:1055D000240182840022C2840122EDE711684FF089
:1055E000FF32E9E770B516460C46054600F048F86C
:1055F000036893F80101012806D0FF2C0FD8185D2D
:1056000068B101202C7070BDD3F8070132462146E5
:1056100003F2071303442846BDE8704018474FF0D3
:10562000FF3070BD10B500F0F7F8BDE8104000F095
:10563000EEB870477546FFF75BFBAE46050069465E
:10564000534620F00700854618B020B5FEF79CFEB3
:10565000BDE820404FF000064FF000074FF0000873
:105660004FF0000B21F00701AC46ACE8C009ACE8F4
:10567000C009ACE8C009ACE8C0098D46704700001D
:1056800010B500F005F8001D10BD00BFED090100C8
:1056900000487047D03A00202DE9F0411F460446EB
:1056A00003260168072A01F4006004DB08B116A58F
:1056B00005E016A503E008B115A500E015A521F049
:1056C00010002060A069C01EA0610FB1401EA06143
:1056D0002046FFF752F84FB1D4E9012138469047F0
:1056E000206A401C2062C01C206206E0206AFAE7A3
:1056F000D4E9012115F8010B9047761EF8D2204617
:10570000FFF751F8BDE8F0814E414E006E616E002A
:10571000494E4600696E66002DE9F04781461646FF
:105720008AB0354878440DC88DE80D003248784479
:10573000801C03AC0DC884E80D0041F69B30084482
:10574000372190FBF1F290FBF1F5A5F1800501FB0B
:1057500012041B3C02D56442012000E00020DFF867
:1057600098A080460027FA44AAF1BE0A0EE0E0079E
:105770000AD03246684607EB470101230AEB810154
:1057800000F0FFFB8DE8070064107F1C002CEED1B9
:10579000194F7F44AE3F19E0E80715D007EB04101E
:1057A0000DF1180A90E80E008AE80E00C068F04279
:1057B00001D1981908903246012306A903A800F0E8
:1057C000E0FB03AB83E807006D10641C002DE3D100
:1057D0004FF0010332466946B8F1000F03A802D02A
:1057E00000F0BAFB01E000F0CCFBC9E90001C9F808
:1057F00008200AB0BDE8F0876C1B010010B5044614
:10580000AFF300802046BDE81040FEF7A8BD002899
:1058100001D000F029B8704710B5012805D000214B
:1058200003A000F027F8012010BD09A1F8E700004F
:1058300053494752544D454D3A204F7574206F6679
:105840002068656170206D656D6F727900000000E1
:105850003A2048656170206D656D6F727920636FC5
:10586000727275707465640001491820ABBEFEE762
:105870002600020070B505460C460A2000E06D1CAB
:1058800000F052F835B128780028F8D102E0641C05
:1058900000F04AF814B120780028F8D1BDE8704033
:1058A0000A2000F041B800004FF0013C50F8042BF2
:1058B00051F8043B9A4221D1A2EB0C03934313EA23
:1058C000CC1317D150F8042B51F8043B9A4215D150
:1058D000A2EB0C03934313EACC130BD150F8042B27
:1058E00051F8043B9A4209D1A2EB0C03934313EA0B
:1058F000CC13DBD04FF00000704700BFD01A01BAC4
:10590000B1FA81F101F0180122FA01F0CB40C1F1A6
:105910002001DBB2C0B2C01A2CFA01F3D11A9143B4
:1059200011EAC311E6D1704708B569468DF8000049
:105930000320ABBE08BD00009FED221A9FED222A76
:1059400020EE010AB5EE001A30EE010ABDEEC01AD3
:1059500011EE100AB5EE400AF1EE10FAB8BF0138A8
:1059600001EE100AB8EEC11A30EE410A20EE020A2A
:10597000BDEEC01A9FED152A11EE100A002130EE7F
:10598000021AB1EB502F47F2F0211CBF0020B0EEFD
:10599000410AC0F6010101EE100A01EB8001B8EEE8
:1059A000411A30EE410A91ED001A91ED012AB7EE4D
:1059B000003A33EE403A23EE011A20EE020A31EEAD
:1059C000000A704783F9223E00000044000000C432
:1059D0009FED201A9FED202A20EE010ABDEEC01A8D
:1059E00011EE100AB5EE400AF1EE10FAB8BF013818
:1059F00001EE100AB8EEC11A30EE410A20EE020A9A
:105A0000BDEEC01A9FED152A11EE100A002130EEEE
:105A1000021AB1EB502F47F2F0211CBF0020B0EE6C
:105A2000410AC0F6010101EE100A01EB8001B8EE57
:105A3000411A30EE410A91ED001A91ED012AB7EEBC
:105A4000003A33EE403A23EE011A20EE020A31EE1C
:105A5000000A704783F9223E00000044000000C4A1
:105A60005FEA400C08BF91F0000F4FEA8C234FEA29
:105A7000C12243EA51514FEA1C5018BF00F5F040D3
:105A80004FEA300018BF41F000415FEA6C5C00F063
:105A90002980BCF1FF3F08BF40F080407047130CE5
:105AA00006BF12044FF0100C4FF0000C130E04BF91
:105AB00012020CF1080C130F04BF12010CF1040CBC
:105AC000930F04BF92000CF1020CD30F04BF5200DD
:105AD0000CF1010C11464FF00002A0F11F00A0EBE9
:105AE0000C00704711F0004F08BF704731F00041C3
:105AF0003FF4D5AF0B0C06BF09044FF0100C4FF06C
:105B0000000C0B0E04BF09020CF1080C0B0F04BFB4
:105B100009010CF1040C8B0F04BF89000CF1020C7D
:105B2000CB0F04BF49000CF1010CCCF12003A0EB1A
:105B30000C0022FA03F302FA0CF241EA030100F12D
:105B40000100704720F07F4C80EA030023F07F477C
:105B5000ACEB070303F57C5300F0004003F1FF03B7
:105B60002DE980494FEA154B09B44FEA144325EA61
:105B70000B4E24EA03480FF2042606EB13274908CC
:105B80003E785FEA320203FB0667C7F5000707FBB2
:105B900006F64FEA54374FEAD64606F1020607FBEF
:105BA000066CCCF1005C4FEA1C472CEA074C07FB63
:105BB00006F40CFB06F504EB15464FEA961634BFC7
:105BC00000204FF000404FEAD13706FB07FC4FEAB8
:105BD0001C4C0CFB0BF7D21B03FB0CF761EB070112
:105BE0000CFB0EF7B0EB074072EB17420CFB08F70B
:105BF00034BFA2EB0742B2EB074261EB17414FEA19
:105C00000C444FEA910706FB07FC4FEA1C4C0CFBC7
:105C10000BF7B0EBC74072EB573203FB0CF734BF06
:105C2000A2EBC742B2EBC74261EB57310CFB0EF758
:105C3000B0EBC70072EB57720CFB08F734BFA2EB56
:105C4000C702B2EBC70261EB5771039F4FEA816154
:105C500041EA921104EBCC044FEAD1374FEA826259
:105C600006FB07FC42EA90124FEA80604FEA1C4CA8
:105C70000CFB0BF7D21B03FB0CF761EB07010CFBD2
:105C80000EF7B0EB074072EB17420CFB08F734BF7E
:105C9000A2EB0742B2EB074261EB17414FEA8C558A
:105CA0004FEA910704EB9C2406FB07FC4FEA1C4CCF
:105CB0000CFB0BF7B0EBC74072EB573203FB0CF752
:105CC00034BFA2EBC742B2EBC74261EB57310CFBCA
:105CD0000EF7B0EBC70072EB57720CFB08F734BF3E
:105CE000A2EBC702B2EBC70261EB577115EB4C2573
:105CF0004FEA816141EA92114FEA82624FEAD1375D
:105D000042EA901206FB07FC44F100044FEA80606F
:105D10004FEA1C4C0CFB0BF7D21B03FB0CF761EB9F
:105D200007010CFB0EF7B0EB074072EB17420CFBC0
:105D300008F734BFA2EB0742B2EB074261EB174111
:105D400015EB1C154FEA813141EA92414FEA82324C
:105D500042EA90424FEA80304FEA0C7644F1000468
:105D600048EA03434EEA0B484FF0000EB2EB080C32
:105D700071EB030724BF624639464EEB0E0E4FF01F
:105D8000000B0018524149414BEB0B0BB2EB080CD6
:105D900071EB03077BF1000B24BF624639464EEBE3
:105DA0000E0E4FF0000B0018524149414BEB0B0B0C
:105DB000B2EB080C71EB03077BF1000B24BF6246CA
:105DC00039464EEB0E0E51EA020718BF46F00106A7
:105DD00016EB0E7655F1000254F1000103D5BDE833
:105DE0008901BDE80088BDE88901BDE80048B61911
:105DF000524141EB0101A3F10103704780807F7E96
:105E00007D7C7B7A79787776767574737271717030
:105E10006F6E6E6D6C6C6B6A6A69686867666665E2
:105E20006464636362616160605F5F5E5E5D5D5C70
:105E30005C5B5B5A5A5959585857575656555555E1
:105E40005454535352525251515050504F4F4F4E41
:105E50004E4D4D4D4C4C4C4B4B4B4A4A4A4949498F
:105E600048484847474747464646454545444444D1
:105E7000444343434342424242414141002B9C46FA
:105E800030D477002BD01CB54FEA370703B44FF05E
:105E900010004FF01001BAF1000F06D0BCF1000F56
:105EA000DCBF40F0080040F008014FF000000FBCDC
:105EB000BDE810400BF1010BBBF1010F08BF5FEA19
:105EC000170722BF12F1010211F101014FF0004149
:105ED00043F1000300F0004043EA00007047F9D3AB
:105EE0005708D0E746EA064613F1400F4FEA164638
:105EF0001FDD13F1200FDFBF16430A4600212033B8
:105F00005B42BED0C3F1200746EA064602FA07F715
:105F10004FEA164646EA0706C3F1200722FA03F2C3
:105F200001FA07F721FA03F14FF0000342EA0702F2
:105F3000A7E746EA020646EA06464FEA164646EA5A
:105F40000106BCBF46EA0646360C4FF000034FF090
:105F500000024FF0000194E72DE9804C9A469346E9
:105F600070B491E8380007C831EA400C48BF34EA01
:105F7000430C03D5FFF7E6FDFFF780FFF0BCBDE85B
:105F8000008C2DE9804C9A46934670B491E8380015
:105F900007C810F0804F08BF13F0804F03D100F006
:105FA00005F8FFF76BFFF0BCBDE8008C20F07F47E1
:105FB00080EA030023F07F4C07EB0C03A3F57C532E
:105FC00000F00040A3F1FE0392F0000F00F0B38058
:105FD00095F0000F00F077802DE901494FEA11405C
:105FE0004FEA144621EA004800FB06FC24EA064773
:105FF00008FB06F607FB08F800FB07F718EB064856
:106000004CEB164C4FEA124B18EB07484FEA15467B
:106010004CEB174022EA0B4E0BFB06FC25EA064729
:106020000EFB06F607FB0EFE0BFB07F71EEB064EFC
:106030004CEB164C4FF000061EEB074E4CEB174B8B
:1060400018EB0B0840F1000018EB0E0B58EB0008A2
:1060500040F100008F1A4FF000013CBFC943661B9E
:1060600014BFB5EB040C00213CBFC943F61B4FEA3B
:1060700017444EEA8E0E27EA04454FEA1C4704FBFC
:1060800007622CEA074C05FB07F70CFB05F604FB3F
:106090000CFC16EB074642EB174216EB0C4642EBA4
:1060A0001C421BEB060658EB0202414146EA9E06E3
:1060B00001D5BDE80189B619524141EB0101A3F1B7
:1060C0000103BDE801894FEA14454FEA114724EA6C
:1060D000054621EA074C05FB07F406FB07F70CFB16
:1060E00006F105FB0CFC11EB074144EB17444FEAAA
:1060F000124711EB0C4144EB1C4422EA074C05FB10
:1061000007F206FB07F70CFB06F605FB0CFC16EB8B
:10611000074642EB174216EB0C4642EB1C456A1849
:1061200054F1000148BF7047B619524141EB0101DB
:10613000A3F10103704795F0000F37D04FEA1142E9
:106140004FEA144721EA024624EA074C02FB07F112
:1061500006FB07F70CFB06F402FB0CFC14EB0744F0
:1061600041EB17414FEA154714EB0C4441EB1C413E
:1061700025EA074C02FB07F506FB07F70CFB06F6C2
:1061800002FB0CFC16EB074645EB174516EB0C46DD
:1061900045EB1C42121951F1000148BF7047B61976
:1061A000524141EB0101A3F1010370474FEA14454D
:1061B0004FEA114724EA054621EA074C05FB07F19F
:1061C00006FB07F70CFB06F24FF0000605FB0CFC84
:1061D00012EB074241EB174112EB0C4251EB1C4111
:1061E00048BF7047921841EB0101A3F101037047CA
:1061F00010B5044802F078FDBDE81040024802F0F6
:1062000073BD00000C04002078040020F8B504469B
:10621000002000902068816811F0010F4AD1816848
:10622000254A114237D18168D5432940491C8160F4
:106230002068B0F1A04F02D02049884201D1204807
:1062400000E02048806800F0E07000020DD51E4894
:106250001E490068B0FBF1F0401C00EB40008000DC
:1062600000E0401E00900028FBD104F00FFB064622
:106270001BE0816811F0010F03D181682940491C9E
:10628000816004F003FB801B02280ED9206800689F
:10629000C043C00709D0E06D40F01000E065206EFB
:1062A00040F0010020660120F8BD20680168C94364
:1062B000C907DED10020F8BD3F000080000100507A
:1062C0000003005000070050D0000020400D0300E4
:1062D000FEE770B58AB006464FF080400024039375
:1062E0000092CDE901048012CDE904404000CDE9DF
:1062F00006040D46304603F04BFC0028FAD02A462F
:106300006946304603F028FB0AB070BD70B58AB00C
:106310000024CDE9002406464FF48010CDE9044066
:10632000CDE902434000CDE906040D46304603F0B6
:106330002FFC0028FAD02A466946304603F00CFBB1
:106340000AB070BD70B51A4D04462888401C80B252
:106350000521B0FBF1F2288001FB120018B90021E1
:10636000204608F0C7FF94ED4E1AD4ED411A95ED82
:10637000010A71EE610AF4EEC00AF1EE10FA02DDD4
:1063800031EE400A08E0B1EE402AF4EEC20AF1EE26
:1063900010FA04D231EE000A84ED4E0A01E0C4ED99
:1063A0004E1A2046BDE8704000210BF02BBB0000C8
:1063B000A8030020002070470020704710B500227D
:1063C000044905480AF0A3F8044903480AF096F87E
:1063D000002010BDBC270020EC1A0020BC1F0020AC
:1063E00070B50C460C4905460868401C08602946F3
:1063F0000A482268FEF7C2F82068082803D1002165
:1064000006480EF051F9294605480AF077F8044885
:106410000AF03CF8002070BD5C020020A439002086
:10642000EC1A002000207047094A10B5D2F8BC22AF
:10643000D2F814220AB1012010BD0A4601460448D0
:106440000AF065F8BDE8104001480AF0CAB800003B
:10645000EC1A00202DE9F05F05462DED0C8BADF513
:10646000564D0E464FF428644FF0280AFE4890ED32
:10647000EB0AB8EEC00A9FEDFDAA20EE0A0ADFED96
:10648000FC0A4DF24C204FF48071C0EE20BA6844F3
:10649000FEF7EBF84DF24C304FF400716844FEF714
:1064A000E4F8DFEDF48AF448F3EE080AF34F90EDD8
:1064B0002F0A0DF57050F6EE00AA20EE200AD6ED58
:1064C000030A80EE20CAB0EE680A80EDC70AC0ED6C
:1064D000C3AA87ED000AFFF77BFA3846B0EE409A70
:1064E00090ED000AFFF728FA0DF540534DF24C21CC
:1064F00005F1F000B0EE408A4FF480726944C3F8B1
:10650000440FFEF780F843F61C726A4402F108015A
:10651000081FF0EE681AB0EE4C1AF0EE490AB0EE21
:10652000480A0CF071FF0DF5705343F60C726A4483
:1065300002F1080196ED030A081FD3EDC71A93ED87
:10654000C91AD3EDC80A07F051FE96F8A8009FEDCE
:10655000CC8A00280DF5705090EDC40A20EE081A80
:1065600006D090EDC50A60EE080A90EDC30A05E07A
:1065700090EDC30A60EE080A90EDC50A20EE080A05
:1065800007F058F9BFA00EF07DF84FF4FA6003F061
:1065900061F9DFEDCACA2846B0EE6C0A00F02AFEA7
:1065A000C7480EF06FF8C7A00EF06CF84FF0000966
:1065B000F2EE049ADFF8C482002700BF98ED000ACB
:1065C00030EE2B0A88ED000AFFF702FAB0EE409A8F
:1065D00098ED000AFFF7B0F943F61C726A4402F125
:1065E0000801081FF0EE681AB0EE4C1AF0EE490AE6
:1065F0000CF00AFF0DF5705343F60C726A4402F179
:10660000080196ED030A081FD3EDC71A93EDC91AC6
:10661000D3EDC80A07F0EAFD96F8A80000280DF5AA
:10662000705090EDC40A20EE081A06D090EDC50A0D
:1066300060EE080A90EDC30A05E090EDC30A60EE33
:10664000080A90EDC50A20EE080A07F0F3F8642066
:106650000CF0B4FE7F1C5745B0DBB0EE6C0A284648
:1066600000F0C8FDDFF800B295ED030AD5ED040A8D
:106670009BEDEBDA814830EE209AF8EECD0AD0EDB2
:1066800000DA02A901EB89008DEEA00A42F6082289
:106690006A4430EE490A80ED000AB5F8D01022F8BD
:1066A000191019EE100A10F0FDFAF8EECD0A07469F
:1066B00088468DEEA00A10EE100A10F0F3FA41ECB5
:1066C000100BCDE9007853EC102B8AA00DF0DAFF07
:1066D0009BEDEB0A6948CD23F8EEC00A90ED001A55
:1066E000001D81EE200A037005234370082320EE6D
:1066F000290ABDEEC00A10EE101A29EE290A81708F
:10670000090AC170BDEEC00A10EE102A0271110A0A
:106710004171DC21C171DBF804200146794802F5A2
:10672000E0620CF04BFD09F10109A145FFF642AF13
:106730004FF00009DFF84481002700BF98ED000A00
:1067400030EE6B0A88ED000AFFF742F9B0EE409A8E
:1067500098ED000AFFF7F0F843F61C726A4402F164
:106760000801081FF0EE681AB0EE4C1AF0EE490A64
:106770000CF04AFE0DF5705343F60C726A4402F1B8
:10678000080196ED030A081FD3EDC71A93EDC91A45
:10679000D3EDC80A07F02AFD96F8A80000280DF5E9
:1067A000705090EDC40A20EE081A06D090EDC50A8C
:1067B00060EE080A90EDC30A05E090EDC30A60EEB2
:1067C000080A90EDC50A20EE080A07F033F86420A5
:1067D0000CF0F4FD7F1C5745B0DBB0EE6C0A284688
:1067E00000F008FD95ED030AD5ED040A9BEDEBDA08
:1067F000224830EE209AF8EECD0AD0ED00DA43F6CA
:106800004C7169448DEEA00A01EB89004BF64C52A5
:106810006A4430EE490A80ED000AB5F8D01022F83B
:10682000191019EE100A10F03DFAF8EECD0A0746DD
:1068300088468DEEA00A10EE100A10F033FA41ECF3
:10684000100BCDE9007853EC102B2AA00DF01AFFA5
:106850009BEDEB0A0948F8EEC00A90ED001A81EEB4
:10686000200A20EE290A4FE0A4310020DB0FC940A6
:106870000000D24700000000A4300020D403002014
:106880009A99193F202D2D2D2D2D2D2D2D2D2D2D6E
:106890002D2D2D2D2D2D2D2D2D2D53544152542D7B
:1068A0002D2D2D2D2D2D2D2D2D2D2D2D2D2D2D2D18
:1068B0002D2D2D2D200A0D0A0D00000017B751387F
:1068C000AC7201082043757272656E7420416E6768
:1068D0006C65203A20526F746F7220416E676C6550
:1068E000203A2052617720456E636F646572200AFA
:1068F0000D0A0D00732C252E34662C252E34662CA3
:106900006500000094060020BDEEC00A001DCD23E6
:1069100010EE101A29EE290A037005234370BDEE0C
:10692000C00A8170090A10EE102AC1700271110AA2
:106930004171DC21C171DBF804200146082399482C
:1069400002F5E0620CF03AFC09F10109A145FFF6FD
:10695000F1AEB6EE001AF6EE000AB6EE000A06F048
:1069600069FF43F64C77B0EE688A0020F0EE000A2B
:1069700002A96F4401EB8002884692ED000A221AB8
:1069800007EB8202401C12ED011AA04230EE011A00
:1069900000EE104AB8EEC00A60EE201A81EE210A1D
:1069A00030EE088AE6DBDFF800A29AEDEB0AB8EEDB
:1069B000C00A20EE080A10EE100A10F073F941EC3C
:1069C000100B9FED7A1B0BF00FF951EC100B0FF031
:1069D00075FB00EE100AB5EEC00AF1EE10FA01D216
:1069E00030EE0A0A734846F64C1185ED020A80ED36
:1069F000010A00204246694402EB800393ED000A3D
:106A0000231A07EB830353ED010A01EB8003401CBB
:106A100030EE200AA04220EE2A0A83ED000AEBDBCA
:106A200000279FED658A49F24C398B46E9440021E5
:106A3000621E5B4609EB8708C819403801D520441F
:106A400002E0904200DD001B03EB800098ED000A9D
:106A5000D0ED000A491C802900EE880A88ED000A62
:106A6000EADB802F18DA03EB8700D8ED000A90EDFF
:106A7000000A70EE600A9AEDEB0AB8EEC00A20EE4A
:106A8000800A0BF0BDFC4DF24C3120EE0B0A69443C
:106A900001EB870080ED000A00EE104AD8ED000AF5
:106AA0007F1CB8EEC01AA74280EE810A70EE288AD9
:106AB000BDDB0DF50050B0F9081A4BF64C50684498
:106AC00000EB440030F9020C084400EBD070471092
:106AD0003AA00DF0D7FD45A00DF0D4FD4DF24C28A5
:106AE000CB460024E844D14604EBE7127F2A00DDC0
:106AF000803AD9F8AC1361430BEB8100214690ED4D
:106B0000000A70EE680A95ED350AB8EEC00A20EE6C
:106B1000800AC0EE0A0ABDEEE00A10EE100A03B2C7
:106B200028F812303EA00DF0ADFD641C802CDBDB9C
:106B30000DF540504FF480752A4644464146D0F842
:106B4000440FFDF760FD18482A4621461430FDF732
:106B50005AFD96F8A810C9F8001008F07BFB142025
:106B600002F078FE32A00DF08DFD142002F072FECE
:106B70000DF520509DED020AD0ED810A2E4930EE30
:106B8000600AB0EEC00A10EE100A884206DD03204B
:106B90000DF5564DBDEC0C8BBDE8F09F02200DF5B8
:106BA000564DF7E794060020A43100200000006055
:106BB000FB211940A43000200000003C0A0D2045B4
:106BC0006E636F646572206E6F6E2D6C696E6561A9
:106BD0007269747920636F6D70656E736174696F2B
:106BE0006E207461626C650A0D0000002053616DB7
:106BF000706C65204E756D626572203A204C6F6F27
:106C00006B757020496E646578203A204C6F6F6B0D
:106C100075702056616C75650A0D0A0D0000000044
:106C2000256420202025642020202564200A0D00D2
:106C3000732C732C652C65000000C0402DE9F04FCB
:106C40000C462DED088B89B0074606F01DFE9FED22
:106C5000C58AC548F3EE080AC44D90ED2F0AB0EE80
:106C6000489A20EE200AD4ED030A8DED028A80EEC8
:106C700020AAB6EE000A8DED050A85ED008AB0EE79
:106C8000480AFEF7A5FEF0EE408A95ED000AFEF7F1
:106C900053FE02AA04A903A8F0EE491AB0EE4A1A5C
:106CA000F0EE680A0CF0B0FB94ED030A05AA07A900
:106CB00006A8DDED021A9DED041ADDED030A07F0CA
:106CC00095FA9DED060ADFEDAA8A20EE281A9DEDC1
:106CD000070A60EE280A9DED050A20EE280A06F054
:106CE000A9FD4FF4FA6002F0B5FD9FEDA2BA384657
:106CF000B0EE4B0A00F07EFA012002F0ABFDDFEDB2
:106D00009EAA9E4E95ED000A37E000BFFEF760FE9A
:106D1000F0EE409A95ED000AFEF70EFE02AA04A9D5
:106D200003A8F0EE491AB0EE4A1AF0EE690A0CF028
:106D30006BFB94ED030A05AA07A906A8DDED021A6C
:106D40009DED041ADDED030A07F050FA012002F070
:106D500081FD9DED060A20EE281A9DED070A60EEE2
:106D6000280A9DED050A20EE280A06F063FD95ED40
:106D7000000A30EE2A0A85ED000A10EE100AB04231
:106D8000C4DBDFF8E8A185ED008ADFF8F4910AF1B1
:106D9000040A4FF0DC0BA846A0E000BFFEF718FE87
:106DA000F0EE409A98ED000AFEF7C6FD02AA04A98B
:106DB00003A8F0EE491AB0EE4A1AF0EE690A0CF098
:106DC00023FB94ED030A05AA07A906A8DDED021A24
:106DD0009DED041ADDED030A07F008FA012002F028
:106DE00039FD9DED060A20EE281A9DED070A60EE9A
:106DF000280A9DED050A20EE280A06F01BFDB0EEDC
:106E00004B0A384600F0F6F997ED030AD7ED040A6D
:106E100070EE209A19EE900A0FF044FF99EDEB0AFC
:106E200098ED001A0546F8EEC00A0E4681EE200ADB
:106E300010EE100A0FF036FF41EC100BCDE90056B2
:106E400053EC102B4FA00DF01DFC99EDEB0A98EDC3
:106E5000001ACD23F8EEC00A8AF8003001238AF820
:106E6000013081EE200AF2EE040A40490823091D90
:106E700020EE200ABDEEC00A10EE102A29EEA00A6C
:106E80008AF80220120A8AF80320BDEEC00A10EE2A
:106E9000100A8AF80400000A8AF805008AF807B088
:106EA000D9F804203B4802F5E0620CF087F998ED30
:106EB000000AB5EEC00AF1EE10FA02DDF0EE400A6B
:106EC00001E0F1EE400A10EE900A3349884201DAFF
:106ED000B0EE698A30EE2A0A88ED000A98ED000AC1
:106EE000264A10EE101A9142FFF658AFB5EE001A7E
:106EF000F5EE000AB5EE000A06F09CFC97ED030AD9
:106F0000D7ED040A30EE200A30EE480AB5EEC00A8A
:106F1000F1EE10FA01DD012600E00026142002F057
:106F200099FC1EA00DF0AEFBCD218AF80010FD21CA
:106F30008AF801108AF807B00C49D9F804204D46A8
:106F40000823091D134802F5E0620CF037F91420FC
:106F500002F080FC84F8A8602E6009B0BDEC088BBC
:106F6000BDE8F08F00000000A4300020D403002012
:106F70009A99193F17B751380AD7233CDB0F49417B
:106F8000A4310020732C252E34662C252E34662C3B
:106F90006300000094060020ACC52737732C732CC7
:106FA000632C63001C4991ED060A80ED000A91ED07
:106FB000050A80ED010A91ED090A80ED020A91EDC2
:106FC000080A80ED030A91ED0B0A80ED060A91EDA7
:106FD0000A0A80ED070A91ED0D0A80ED080A91ED8D
:106FE0000C0A80ED090A91ED0F0A80ED040A91ED7B
:106FF0000E0A80ED050A91ED0B0A80ED0A0A91ED6B
:107000000A0A80ED0B0A91ED1D0A80ED0E0A91ED42
:107010000A0A80ED0F0A7047A4300020014802F0F0
:1070200000BB0000BC050020014802F0FABA0000D5
:1070300084090020014802F0F4BA00001C06002078
:107040000D4902688A4201D20C4901E00B49203106
:10705000D2B21423083AB2FBF3F2436C02F01F02DF
:1070600023F003031944816404498031C164012180
:10707000914001657047000008040240000802408A
:107080000179074A02EB81024265054A4432491EF2
:10709000826501F01F0201219140C1657047000027
:1070A000FC08024030B5D0E913456560446D14B169
:1070B000D0E91645656090F8444004F01F050124AE
:1070C000AC40056C6C60046863608368102B0368D7
:1070D00003D099600068C26030BD9A600068C160EA
:1070E00030BD70472DE9F04116462DED028BB0EE14
:1070F000408A0F460446002506F090FBC4F8D47081
:10710000C4F8E86084ED028A4FF6FF70C4F8D850E6
:10711000C4F8EC0084ED048A9FED2D8A002084EDF4
:10712000058A84ED068A84ED078AC4F8D05000BF32
:1071300004EB8001401C81ED088A2828F8DB2548F3
:10714000DFED250A90EDA70A04F5FE70B8EEC00A3F
:1071500084ED7C0A0CF0D0FA9FED200AF0EE008A54
:1071600084ED890AB1EE040A84ED8A0A9FED1C0AB7
:1071700084ED8B0A9FED1B0B0BF00AFA9FED1B1B96
:1071800053EC102B51EC110B0EF0CAFF0EF096FFD2
:1071900000EE100A0BF039FA94ED891AC1EE000ADC
:1071A00094ED8A0A20EE280A20EE200A84ED8C0A4B
:1071B00020EEA00AD4ED8B0A20EE200A84ED8D0A81
:1071C00084ED908A84ED8F8ABDEC028BBDE8F0815E
:1071D00000000000A431002000409C467C59C445BA
:1071E00017B75138000000000054A4400000000010
:1071F0000080494010B504462DED028BB0EE408A68
:1072000008F0ACF957480278DFED571AD4F8D010DF
:107210008AB100EE101A0022B8EEC00A60EE210A10
:1072200094ED350AB8EEC01A80EE810A84ED050AA5
:1072300084ED060A027000EE101AD4ED050A4B4BDD
:10724000B8EEC00AC4ED060AD4F8D40020EE211A24
:1072500000EE100AB8EEC02A81EE020A84ED050A9B
:1072600030EE601A11EE102A9A4203DDD4F8D820CD
:10727000521E07E011EE102A12F17F5FD4F8D820D9
:1072800002D9521CC4F8D820424300EE902AB8EE2E
:10729000E02A00EE901AF8EEE00A72EE200A20EEE4
:1072A000A12A00EE900AF8EEE02AC2EE220AC4ED0E
:1072B000000AC4ED030A00EE900AD4F8E820F8EEC4
:1072C000E00A514391FBF0F381EEA02A00FB13107A
:1072D00000EE900A2649F8EEE02AD4ED020A42EECA
:1072E000220AF5EEC00AF1EE10FA02D270EEA10AFF
:1072F00005E010EE900A884201DD70EEE10A02EE30
:10730000102AD4ED302A9FED1B3AB8EEC22A11EEB6
:10731000100A194922EE822A8842C2EE032AB7EEE9
:10732000083AB0EE602A02EE832A84ED012A02D9DF
:1073300071EE210A06E011EE100A1049884204DDC0
:1073400071EE610A60EE880A01E061EE080A04F558
:107350000970C4ED310A07F00BFF84ED300ABDEC73
:10736000028B10BDDC000020DB0FC9400000404054
:10737000DB0FC94000409C46DB0FC9BFDB0FC93F94
:107380002DE9F04116462DED028BB0EE408A0F46F6
:107390000446002506F048FAC4F8D470C4F8E86042
:1073A00084ED028A4FF6FF70C4F8D850C4F8EC00A0
:1073B0009FED120A84ED048A84ED050A84ED060A25
:1073C00084ED070A0020C4F8D05000BF04EB800110
:1073D000401C81ED080A2828F8DB0948DFED090A7E
:1073E00090EDA70A04F5FE70B8EEC00A84ED7C0AA1
:1073F000BDEC028BBDE8F0410CF07EB9000000004E
:10740000A431002000409C4670B504465348D0F893
:10741000B013D4F8D4000029D4F8D01002D1411A06
:10742000C4F8D0104E4A53789FED4E1A8BB100EE3F
:10743000901A0023F8EEE00A60EE811A00EE900A3E
:10744000B8EEE02AC1EE820AC4ED050AC4ED060AD0
:10745000537001EE901AD4ED050A434DF8EEE11A8F
:10746000C4ED060A21EE812A01EE900AF8EEE12A27
:10747000C2EE221AC4ED051A71EEE00AD4F8D82043
:1074800010EE903AAB4201DD521E05E010EE903A4C
:1074900013F17F5F02D9521CC4F8D820424301EE99
:1074A000902AB8EEE12A01EE901AF8EEE11A72EE97
:1074B000211A21EE812A01EE900AF8EEE12AC2EEAD
:1074C000221AC4ED001AC4ED031A01EE900AD4F892
:1074D000E820F8EEE11A4A4392FBF0F181EE212A0E
:1074E00000FB112001EE900AF8EEE12AD4ED021A19
:1074F00042EE221AF5EEC01AF1EE10FA02D271EE47
:10750000811A06E011EE900A1849884201DD71EEF9
:10751000C11A10EE900A1649C4ED011A884202D928
:1075200070EE810A06E010EE900A1249884201DDF1
:1075300070EEC10A20EE800AD4ED7C0AF5EEC00A96
:10754000F1EE10FA01DD012100E0002104F5FE70EA
:107550000CF0AAFF84ED300A70BD0000A4310020B9
:10756000DC000020DB0FC94000004040DB0FC940B9
:10757000DB0FC9BFDB0FC93FC0F8E820C0F8D4104B
:10758000002380ED020A4FF6FF71C0F8D830C0F832
:10759000EC1080ED040A9FED090A194680ED050AFA
:1075A00080ED060A80ED070AC0F8D03000EB8102BA
:1075B000491C82ED080A2829F8DB7047000000000A
:1075C00072B6FEE7014802F0EABA00009406002015
:1075D000F0B5D1E901650C692C430D68C6B145F0E1
:1075E00080452C43D1E90665354391F820704E69FA
:1075F000406D46EA076635438E8903EBC30300EB13
:10760000C30045EA0645E0E8024500230B4D0FE0C4
:1076100044EA8544E6E7D418D65CE77846EA07668C
:10762000A77864783F0447EA0424264340C01B1D22
:10763000CC682C5D9C42EED8F0BD0000966E01082F
:10764000144A117F1448012901D003290FD103687E
:1076500023F400730360036843F40063036003686A
:1076600023F400630360036843F40073036002299A
:1076700001D003290BD1016841F4805101600168F8
:1076800021F480510160016841F4806101600020B3
:107690001077704794000020002002400C490A6ACD
:1076A000520210D5C20703D04A6942F004024A616F
:1076B000800703D5486940F400404861486940F4B8
:1076C000803048617047486948F204021043F4E78B
:1076D000002002400E4A136A5B0201D5C90703D09D
:1076E000516921F4006102E0516941F40061516186
:1076F0005169C0B221F47E7141EAC0005061506905
:1077000040F002005061506940F480305061704791
:1077100000200240054910B54C6944F001044C6159
:107720000260BFF36F8F436010BD00000020024075
:10773000094A10B55469402344F480245461EFF39E
:10774000108272B610C95B1E10C013F0FF03F9D18E
:1077500082F3108810BD00000020024070B506467C
:1077600003F094F80546134C07E000BF03F08EF8D1
:10777000401BB04201D9032070BD2069C003F5D47D
:1077800020694CF2FA3108400CD00B494A68024398
:107790004A60010F01D0A169A161010100D02061FF
:1077A000012070BD2069C00701D0012020610020A8
:1077B00070BD0000002002409400002070B5B3EEC0
:1077C000080A2DED028B044680ED030A9FED710A35
:1077D00080ED250A80ED240A6F48D0ED100AC4ED33
:1077E000340AD0ED120AC4ED350AD0ED170AC4ED03
:1077F000380AD0ED110AC4ED360AD0ED130AC4EDF3
:10780000370A84ED330A84ED320AD0ED140AC4ED50
:10781000390AD0ED250AC4ED540AD0ED260AC4ED8C
:10782000550AD0ED180AC4ED530AD0ED150AC4ED7F
:10783000580AD0ED270AC4ED3E0AD0ED280AC4ED5F
:10784000400AD0ED160AC4ED420AF2EE0E0AC4ED6B
:10785000480AF1EE040AC4ED4A0ADFED500AC4ED0D
:10786000490ADFED4F0A0021C4ED4C0A84F83411B7
:10787000D0ED190A04F58065C4ED2B0AD0ED1A0A83
:10788000C5ED060AD0ED1B0AC4ED1B0A84ED1C0AE7
:1078900084ED1A0A84ED190A90ED220A85ED0E0A8C
:1078A00090ED230A85ED0D0A90ED240A85ED0F0A6F
:1078B00090ED2A0A85ED100A90ED300A85ED110A47
:1078C00090ED2D0A9FED378A20EE080ABCEEC00A23
:1078D00010EE101AC4F8501490ED2B0A85ED120A20
:1078E00090ED2C0A85ED130A90ED3A0A85ED150A04
:1078F00090ED310A85ED160A90ED360A85ED170AEE
:1079000090ED330A85ED180A90ED350A85ED190AD8
:1079100090ED320A244885ED1A0A90EDA60AB8EED9
:10792000C00A85ED1B0AD0EDA80AF8EEE00AC5ED05
:10793000370AD0EDA70A04F58E60F8EEE00AC5ED2F
:10794000380AF0EE480A0BF0D7FE95ED1B0AF0EE70
:10795000480A04F294400BF0CFFE95ED1B0AF0EEBE
:10796000480A04F597600BF0C7FE95ED370AF0EE74
:10797000480A04F2E4400BF0BFFE95ED380AF0EE41
:10798000480ABDEC028B04F5A160BDE870400BF025
:10799000B3BE000000000000A43000206F12833A44
:1079A000CDCCCC3D00409C46A43100202DE9F041D7
:1079B00004462DED028B90F8A8309FEDF00AD0F828
:1079C000B010D0F8BC00D4F8C020091AD4F8B40024
:1079D00000EE901A801A01EE100AF8EEE00AB8EEF6
:1079E000C11A60EE800A21EE000AC4ED000A43B11C
:1079F000F1EE600A84ED020A30EEC00A84ED010A5D
:107A000007E084ED010AB1EE400A30EE600A84ED31
:107A1000020A94ED060AFDF7DBFFB0EE408A94ED12
:107A2000060AFDF789FFD64AF0EE408A136804F192
:107A30003001081F0026D34D9FEDD35A062B48D0A6
:107A40001268F0EE480A94EC031A072AB0EE680AAE
:107A500063D00BF07FFBCD49D5ED010A5FF001004B
:107A600091ED040A70EEC00AC5ED010AC0F10402EE
:107A700001EB820292ED000AC0F1050201EB8202E5
:107A8000401C82ED000A0528F0DB94ED0C0AB1EEF3
:107A9000041A81ED000A70EE200AC5ED010AC0EE5D
:107AA000811AC4ED171AD4ED320A94ED0B1A30EE98
:107AB000C12A84ED282AD4ED330A94ED1B1A70EE06
:107AC000C01AF4EEC11AF1EE10FA29D2B0EE610A32
:107AD00028E094EC031AF0EE480AB0EE680A0BF0C6
:107AE00039FB84ED1A5AB5F9020000EE100AB8EE1F
:107AF000C00ADFEDA70A20EE200AFDF769FFF7EEC6
:107B0000080A20EE200A84ED190A6888401C00B299
:107B10006880282800DB6E80BEE00BF01BFBBBE01A
:107B2000B0EE410AF1EE410AB4EEE00AF1EE10FACD
:107B300007DDF4EEC11AF1EE10FA04D2B0EE611ACC
:107B400001E0B0EE601A84ED291AB5EEC01AF1EE2C
:107B500010FA01DCB1EE411A94ED390AB4EEC01A04
:107B6000F1EE10FA01D284ED295AB5EEC02AF1EEF9
:107B700010FA01DCB1EE422AB4EEC02AF1EE10FA9E
:107B800001D284ED285AD4ED241AD4ED360A94EDAE
:107B9000280A40EE801AC4ED241A94ED252A94EDAB
:107BA000371AD4ED290A01EE202A84ED252A94ED16
:107BB000383AD4ED032A23EE221AB4EEE11AF1EE9C
:107BC00010FA02DDF0EE613A01E0F0EE413A23EE08
:107BD000624AF4EEC43AF1EE10FA07DDB4EEE11AAF
:107BE000F1EE10FA04DCF0EE411A01E063EE621AE5
:107BF000B4EEC21AF1EE10FAC4ED241A02DDF0EE72
:107C0000423A01E0F0EE413A23EE624AF4EEC43A21
:107C1000F1EE10FA07DDB4EEC21AF1EE10FA04DD4F
:107C2000B0EE421A01E023EE621A84ED251A94EDBB
:107C3000342A22EE000A84ED270A94ED352A30EE2C
:107C4000210A62EE200AC4ED260A84ED190A70EEBC
:107C5000810A20EE000AC4ED1A0A00EEA00A0AF01A
:107C6000D4FC84ED1D0A94ED030ADFED4A0A20EEF0
:107C7000200A10EE100A0FF015F89FED471B53EC89
:107C8000112B0EF0A7FC0EF019FA00EE100A04F109
:107C90006801081F0BF0CEFD04F18C02111FD4ED1A
:107CA0001A1A94ED191A081FF0EE480AB0EE680A85
:107CB0000BF0AAFB04F18400021FD0EC030A111F91
:107CC00094ED030A0C3806F091FA3548354D94EDE1
:107CD0001E1A00684FF00108022710B3D4ED1F0AE6
:107CE00094ED200A05F0A6FDD4ED1E0A94ED1F0ABE
:107CF000F4EEC00AF1EE10FA06DB94ED201AF4EE71
:107D0000C10AF1EE10FA22DAB4EEE00AF1EE10FA4E
:107D10002BDBD4ED200AB4EEE00AF1EE10FA26DAFD
:107D200023E0D4ED200A94ED1F0A05F083FDD4ED85
:107D30001E0A94ED1F0AF4EEC00AF1EE10FA08DBF9
:107D400094ED201AF4EEC10AF1EE10FA01DB2F7067
:107D50000FE0B4EEE00AF1EE10FA08DBD4ED200AF1
:107D6000B4EEE00AF1EE10FA01DB2E7001E085F8C6
:107D700000802F70BDEC028BBDE8F081FFFF24BDB9
:107D80007C030020D400002000000000E409002053
:107D90007CD9203E36CD133FCDCCCCCCCCCCEC3FE7
:107DA000A431002074000020704700002DE9F84F36
:107DB0004FF000090446CDF800900D4694F8582085
:107DC000DFF8EC8361694F464846012A0AD0012654
:107DD000F84A84F8586041B1296A012905D0A36E98
:107DE000EBB129E00220BDE8F88F6868092838D196
:107DF000A96A4FF4785041B12B6801F07C0100EA88
:107E000053400843E96A084302E0296800EA514008
:107E10002368D96C11400143D964606621E0C4E94C
:107E20001971A96A286A31B101F07C01401E08432A
:107E3000E96A084300E0401E29682B79C1F3846198
:107E400003F01F0399400143A06E401EA066636EBD
:107E500043EA0103636604D12168C86C10401843EB
:107E6000C864206806F02EF958B995F8250098B135
:107E70002068C16895F8262021F4401141EA42515A
:107E8000C160206806F026F98246206806F01AF9DB
:107E90005AEA00000DD0FCE095F8260095F8241071
:107EA000400540EA01512068C26822F440121143A3
:107EB000E6E7A86A30B1E86A20B195F82500012804
:107EC0005ED003E095F82500012804D02068C16841
:107ED00021F0007103E02068C16841F00071C160C9
:107EE00095F83000012852D02068016921F0020184
:107EF0000161AA6829682068B2F1004F38D006F005
:107F000004F92068416921F00041416120686969F4
:107F1000C268C2F3C102520091402A69042A45D0C6
:107F200000EB82002B68026EDFF88CC203F0F8438E
:107F300002EA0C020B431A4342F00041016620683A
:107F40002A69A96900EB8200026E22F080720A435E
:107F50000266297F22682869012924D05FF0000188
:107F600002EB8000026E22F000720A43026690E08B
:107F7000002206F0CAF82068416941F00041C4E7D8
:107F8000E06D40F02000E0654FF00109A8E7D5E979
:107F90000D01084321680A6922F4FF7242F00202CF
:107FA00010430861A5E74FF00071D9E7002106F002
:107FB0007FF8400320684FF0000172D006F078F897
:107FC00090FAA0F0B0FA80F1286842036ED090FADF
:107FD000A0F0B0FA80F0814204D10022114620685E
:107FE00006F0AAF80121206806F062F84003206834
:107FF0004FF001015DD006F05BF890FAA0F0B0FA06
:1080000080F12868420359D090FAA0F0B0FA80F0CD
:10801000814204D100220121206806F08DF802215E
:10802000206806F045F8400320684FF0020148D070
:1080300006F03EF890FAA0F0B0FA80F1286842030A
:1080400044D090FAA0F0B0FA80F0814204D100222E
:108050000221206806F070F80321206806F028F855
:10806000400320684FF0030133D006F021F890FA66
:10807000A0F0B0FA80F1286842032FD090FAA0F067
:10808000B0FA80F0814204D100220321206806F07A
:1080900053F82068816811F0010F22D0B5E000E0AC
:1080A00004E006F005F8C0F384618DE7C0F3846056
:1080B00091E705F0FDFFC0F38461A2E7C0F384609F
:1080C000A6E705F0F5FFC0F38461B7E7C0F384606D
:1080D000BBE705F0EDFFC0F38461CCE7C0F384603B
:1080E000D0E72A7B296850F8B03FC1F3120C23EA8D
:1080F0000C0302F0180C314A22FA0CF20A40134326
:108100000360E96841457DD1286841031BD090FA9E
:10811000A0F1B1FA81F1491C01F01F0109294FEAD0
:10812000403131D8002911D090FAA0F1B1FA81F193
:1081300001F1010101F01F0106FA01F609D100BFAA
:10814000C0F3846109E0C0F38461E4E7C0F38461B3
:10815000EEE790FAA0F1B1FA81F101F1010101F02D
:108160001F0146EA816102D1C0F3846003E090FA06
:10817000A0F0B0FA80F000F1010000F01F0000EB69
:10818000400041EA00513AE000290ED090FAA0F1F7
:10819000B1FA81F101F1010101F01F0106FA01F6C6
:1081A0000ED100BFC0F384610EE0C0F38461F1E73B
:1081B00000007F400040100400F0FF03FFFF0700B5
:1081C00090FAA0F1B1FA81F101F1010101F01F0172
:1081D00046EA816102D1C0F3846003E090FAA0F026
:1081E000B0FA80F000F1010000F01F003A4A00EB05
:1081F000400002EB005041EA000141F00071AA6822
:10820000206800E001E005F080FF34482B6803425D
:108210005ED022684FF0A04C3148324E324D62455C
:1082200001D0AA4201D1014600E031468968DFF859
:10823000BC8001F0E071434503D0DFF8B4804345D2
:1082400020D15FEA01281DD4624505D0294B9A420E
:108250003ED1AA4200D0304641F40001826822F0AB
:10826000E0720A438260244824490068B0FBF1F0C0
:10827000801C00EB4000800000E0401E00900028C1
:10828000FBD125E0DFF8788043450FD15FEAC118C4
:108290000CD4AA4202D11B4B9A4219D0624502D09B
:1082A000AA4200D0304641F080710CE0DFF85880DF
:1082B00043450DD14B020BD4AA4209D0624500D0F0
:1082C000304641F48001826822F0E0720A43826005
:1082D00084F85870484686E5000020FE00000880BB
:1082E000000300500007005000010050000021C3AF
:1082F0001000C09000060050D0000020400D030088
:10830000000052C700050050000084CB10B50921C1
:10831000074800F015F8074C0921C4F8B4000648D6
:10832000B03400F00DF8054920600220487010BDFF
:108330000C040020F8090020780400200000002030
:108340000068A1F580710F390ED0B1F5837F08D098
:10835000B1F5037F02D0D0F880007047D0F88C00D0
:108360007047D0F888007047D0F88400704700004C
:108370002DE9F047044600684FF0A049DFF804A15A
:108380000F46484501D0504501D13F4800E03F48E5
:10839000806800F01F06A069082805D05FF020055E
:1083A00002F074FA804618E04025F9E7781C14D0F2
:1083B00002F06CFAA0EB0800B84200D86FB9206850
:1083C0000068284209D1E06D40F00400E06500201B
:1083D00084F858000320BDE8F08720680068284230
:1083E000E4D02168C86C10F4C07F0CD00023C868AA
:1083F00010F4406F09D00022DFF894C025485145A1
:1084000005D1C84608E00123F1E70122F4E7614500
:1084100001D1804600E08846884508D03EB1062E4E
:1084200005D0072E03D0514503D1484604E0C86863
:1084300003E0614500D00846C068E66D46F400568A
:10844000E66523B9830112D48AB182040FD40A6885
:1084500052060CD582020AD4E26D22F48052E26503
:10846000E26DD20503D4E26D42F00102E265402DD7
:1084700001D0202002E0400401D4602008600020E8
:10848000A9E7000000010050000300500007005061
:108490000005005000040050704700002DE9F04135
:1084A000044600684FF0A0453E4FA84201D0B842B4
:1084B00001D13D4900E03D49896801F01F0605F002
:1084C00001FE08BB2168C868C96C00F0004011F4C7
:1084D000C07F00D190B194F85800012814D0012039
:1084E00084F858002046FDF791FE01004FF000028D
:1084F0000CD084F858200846BDE8F081E06D40F0CB
:108500002000E0650120F7E70220F5E7E06DC005F7
:1085100004D5206E20F00800206600E02266E06DA1
:1085200042F20103984340F48050E0652068204BFC
:10853000DFF880C0B84201D1AE4604E0984201D1D4
:10854000E64600E08646864500D02EB9D4F85CE0C9
:108550002EF4801EC4F85CE04FF0600EC0F800E01E
:1085600084F858202068B84204D0984201D165466A
:1085700000E00546854209D046B1062E06D0072EFA
:1085800004D0E06D40F48010E065B4E7C26812F0FA
:10859000007FB0D18268084B1A4042F00802826026
:1085A000A9E7000000010050000300500007005040
:1085B0000005005000040050C0FFFF7F2DE9F0418E
:1085C000044600684FF0A0454C4FA84201D0B84285
:1085D00001D14B4900E04B49896801F01F0605F0C5
:1085E00071FD08BB2168C868C96C00F0004011F437
:1085F000C07F00D190B194F85800012814D0012018
:1086000084F858002046FDF701FE01004FF00002FB
:108610000CD084F858200846BDE8F081E06D40F0A9
:108620002000E0650120F7E70220F5E7E06DC005D6
:1086300004D5206E20F00800206600E02266E06D80
:1086400042F20103984340F48050E06520682E4BCD
:10865000DFF8B8C0B84201D1AE4604E0984201D17B
:10866000E64600E08646864500D02EB9D4F85CE0A8
:108670002EF4801EC4F85CE04FF0600EC0F800E0FD
:1086800084F858202068C268920203D5426842F4F8
:1086900080624260A06908282068426807D022F002
:1086A000400242602068426842F0200206E022F068
:1086B000200242602068426842F040024260206826
:1086C000B84204D0984201D1654600E00546854293
:1086D00009D046B1062E06D0072E04D0E06D40F436
:1086E0008010E06597E7C26812F0007F93D182683E
:1086F000074B1A4042F0080282608CE700010050EC
:108700000003005000070050000500500004005016
:10871000C0FFFF7F704770472DE9F04F044690F887
:1087200058009BB00F464FF0000B012812D00120DB
:1087300084F8580000261796189620684FF0A04835
:10874000DFF81C91DFF81CA1474D404506D12846B3
:10875000009508E002201BB0BDE8F08F48450AD123
:108760005046CDF800A005F0B5FC0090206805F05B
:10877000B1FC40B109E0E06D40F02000E06584F814
:1087800058600120E7E7009850B1E06D40F020000C
:10879000E0654FF0010B00BF84F858605846DAE7F7
:1087A00020684146884201D0A84201D12F4800E00C
:1087B0002F48D7F800C02F4B40F61F72BCF1000FB6
:1087C0002DD0D0F808C094F838802CF4604C4CEAD6
:1087D000483CD7F804804CEA080CC0F808C0D4F82C
:1087E00000C08C4501D0AC4504D18968AB6801F06C
:1087F000010109E0D9F80810DAF8085001F0010188
:1088000005F001059B68294303F001031943C3D117
:10881000BB68396819438368934319431DE087682F
:1088200027F46047876027688F4201D0AF4204D1A8
:108830008968AB6801F0010109E0D9F80810DAF89D
:10884000085001F0010105F001059B68294303F080
:1088500001031943A0D18168914381609CE7000026
:1088600000040050000500500001005000030050BB
:1088700000070050000600502DE9F84F002704467D
:10888000009790F85800DFF81C840D46B94601287F
:1088900011D0012684F85860206805F017FC60B1FB
:1088A000E06D40F02000E0655FF0010784F858902B
:1088B0003846BDE8F88F0220FBE7D5E900210C23FC
:1088C000206803EA91131844036B01F01F014FF075
:1088D0001F0C0CFA01FCC2F3846223EA0C038A40E9
:1088E00013430363206805F0F1FB8246206805F01E
:1088F000E5FB5AEA00003CD1AA6829682068B2F179
:10890000004F37D005F0F2FB2068416921F00041AB
:10891000416120686969C268C2F3C1025200914096
:108920002A69042A31D000EB82002B68026EDFF83E
:1089300078C303F0F84302EA0C020B431A4342F0F7
:108940000041016622682869A96902EB8000026E75
:1089500022F080720A430266297F22682869012971
:1089600010D0002102EB8000026E22F000720A4358
:1089700002667DE0002205F0B9FB2068416941F004
:108980000041C5E74FF00071ECE7002105F08AFBDC
:10899000400320684FF0000172D005F083FB90FA8D
:1089A000A0F0B0FA80F1286842036ED090FAA0F0EF
:1089B000B0FA80F0814204D100221146206805F00F
:1089C000B3FB0121206805F06DFB400320684FF0E8
:1089D00001015DD005F066FB90FAA0F0B0FA80F1DD
:1089E0002868420359D090FAA0F0B0FA80F0814292
:1089F00004D100220121206805F096FB02212068A5
:108A000005F050FB400320684FF0020148D005F00C
:108A100049FB90FAA0F0B0FA80F12868420344D0F4
:108A200090FAA0F0B0FA80F0814204D10022022135
:108A3000206805F079FB0321206805F033FB400333
:108A400020684FF0030133D005F02CFB90FAA0F022
:108A5000B0FA80F1286842032FD090FAA0F0B0FA63
:108A600080F0814204D100220321206805F05CFBE4
:108A70002068816811F0010F22D0ACE000E004E032
:108A800005F010FBC0F384618DE7C0F3846091E7CB
:108A900005F008FBC0F38461A2E7C0F38460A6E799
:108AA00005F000FBC0F38461B7E7C0F38460BBE767
:108AB00005F0F8FAC0F38461CCE7C0F38460D0E736
:108AC0002A7B296850F8B03FC1F3120C23EA0C034B
:108AD00002F0180C754A22FA0CF20A4013430360A4
:108AE000E968414577D1286841031CD090FAA0F18C
:108AF000B1FA81F1491C01F01F0109294FEA403107
:108B000032D8002912D000BF90FAA0F1B1FA81F159
:108B100001F1010101F01F0106FA01F609D100BFC0
:108B2000C0F3846109E0C0F38461E3E7C0F38461CA
:108B3000EEE790FAA0F1B1FA81F101F1010101F043
:108B40001F0146EA816102D1C0F3846003E090FA1C
:108B5000A0F0B0FA80F000F1010000F01F0000EB7F
:108B6000400041EA005132E000290ED090FAA0F115
:108B7000B1FA81F101F1010101F01F0106FA01F6DC
:108B800006D100BFC0F3846106E0C0F38461F1E761
:108B900090FAA0F1B1FA81F101F1010101F01F0198
:108BA00046EA816102D1C0F3846003E090FAA0F04C
:108BB000B0FA80F000F1010000F01F003C4A00EB29
:108BC000400002EB005041EA000141F00071AA6848
:108BD000206805F08BFA37482B6803423FF466AEF5
:108BE00021684FF0A04C3448344E354D614501D0DA
:108BF000A94201D1024600E032469268DFF8C48003
:108C000002F0E072434503D0DFF8BC80434521D138
:108C10005FEA02281ED4614506D02C4B99427FF4AE
:108C200045AEA94200D0304642F40001826822F0ED
:108C3000E0720A438260264826490068B0FBF1F0E2
:108C4000401C00EB4000800000E0401E0090002827
:108C5000FBD12BE6DFF8808043450FD15FEAC218D5
:108C60000CD4A94202D11D4B9942F2D0614502D0E9
:108C7000A94200D0304642F080710CE0DFF86080FD
:108C80004345E6D15302E4D4A942E2D0614500D085
:108C9000304642F48001826822F0E0720A4382602A
:108CA00004E6000000007F4000F0FF03FFFF070024
:108CB000000020FE00000880000300500007005064
:108CC00000010050000021C31000C09000060050B9
:108CD000D0000020400D0300000052C700050050E6
:108CE000000084CB704770472DE9F84F04460068B8
:108CF000066845684FF0A048DFF89092404501D0E3
:108D0000484501D1A24800E0A248806800F01F0752
:108D1000B0070ED5A8070CD5E06DC00603D4E06DF2
:108D200040F40060E0652046FFF73EF8216802202D
:108D30000860DFF864B2DFF864A2700701D5680745
:108D400003D430073FD528073DD5E06DC00603D4D6
:108D5000E06D40F40070E065206805F0BFF960B395
:108D60002068484501D1424604E0584501D15246A9
:108D700000E00246824208D03FB1052F05D0092FFE
:108D800003D0484503D1414606E0C16805E0584597
:108D900001D1514600E00146C96889040DD401683B
:108DA00009070AD505F092F958B3E06D40F01000BC
:108DB000E065206E40F0010020662046FFF792FF3C
:108DC00021680C200860B00601D5A80603D47006FF
:108DD0005FD568065DD5E06DC00603D4E06D40F454
:108DE0000050E0652068C16C11F4C07F1AD00021EA
:108DF000009105F073F902462068484514D14346B6
:108E000017E02068416821F00C014160E06D20F41A
:108E10008070E065E06DC004CFD4E06D40F00100EB
:108E2000E065CAE70121E3E7584501D1534600E078
:108E30000346834208D03FB1062F05D0072F03D049
:108E4000484503D1414606E0C16805E0584501D1D7
:108E5000514600E00146C968009BA3B18B0102D5D1
:108E60008AB18A040FD4026852060CD589020AD44A
:108E700005F024F9F0B3E06D40F01000E065206EDD
:108E800040F0010020662046FFF740FA216860208C
:108E9000086030060BD5280609D5E06D40F4803017
:108EA000E065204600F094F9216880200860F00514
:108EB0000CD5E8050AD5E06D40F40030E0652046A9
:108EC000FFF728FC21684FF480700860B0050CD5CE
:108ED000A8050AD5E06D40F48020E0652046FFF744
:108EE0001AFC21684FF400700860F00631D5E806DE
:108EF0002FD500E009E0E06BE8B12068EFB3404512
:108F000001D0484512D1224811E02068416821F083
:108F100060014160E06D20F48050E065E06DC005C7
:108F2000B1D4E06D40F00100E065ACE7194880681D
:108F300000F4604050B1E06D40F48060E065206E68
:108F400040F0020020662046FFF7CDFE2168102089
:108F50000860700517D5680515D5E06D40F48040B0
:108F6000E065206E40F00800206621684FF48060C4
:108F700008602046BDE8F84F00E001E0FFF78CBA3A
:108F8000C068C007D6E7BDE8F88F000000010050B8
:108F9000000300500007005000050050000400507E
:108FA000F8B54FF0000504002E46009502D0E06DA4
:108FB00010B107E00120F8BD204600F00BF926664D
:108FC00084F8586020688168C1F3407119B18168E4
:108FD000734A1140816020688168C1F3007189B9CA
:108FE0008168704A114041F0805181606E486F493C
:108FF0000068B0FBF1F04000801C00E0401E0090D3
:109000000028FBD120688168C1F3007141B9E16D8E
:1090100041F01001E165216E41F001012166012559
:1090200005F054F8E16DC90600D430B1E06D40F0B0
:109030001000E06501252846F8BDE06D20F4807041
:1090400040F00200E0652068816811F0010F27D12F
:109050004FF0A043564A984201D0904204D19968FB
:10906000966801F001010AE052498968524E01F008
:109070000101B66806F001063143504EB66806F0AD
:10908000010631430CD1984201D0904201D14C48A5
:1090900000E04C486168826822F47C120A438260D6
:1090A000E168E06B627F0843A16841EA423108430E
:1090B00094F8241040EA0140012904D1218D424A4C
:1090C00002EB41410843E16A29B101F47871226B56
:1090D000014342EA01002268D1683C4B1940014338
:1090E000D16020680169626B21F040611143016128
:1090F000206804F0E3FF70BB207F94F838102268EA
:10910000800340EA4100D16844F2020399430143DD
:10911000D16020690028206801690AD041F48031BB
:109120000161206850F8C01F22696FF30D011143DF
:1091300007E021F480310161206850F8C01F6FF30F
:109140000D01016094F8400001280CD020680169ED
:1091500021F001010161606901282068016B21F0A3
:109160000F0111D013E0D4E911010843D4E913121F
:109170001143084321680A6940F2FC739A43104383
:1091800040F001000861E6E7226A521E11430163C4
:10919000E06D20F0020040F00100E0654BE70000C8
:1091A000C0FFFF5FC0FFFF7FD0000020400D030025
:1091B000000100500004005000050050000600505F
:1091C00000030050000700500000FEFF0740F0FFC2
:1091D000704700002DE9F04F9BB00646142115A8FA
:1091E000FBF743FA54216846FBF73FFA4FF400417E
:1091F000306800258A037A4FDFF8E8A17A4C4FF0F7
:1092000001094FF00308B0F1A04F10D0774B9842FE
:1092100065D168461192009102F06EFF08B1FEF729
:10922000CFF93868401C3860012835D03CE06846EA
:109230001192009102F060FF08B1FEF7C1F93868A1
:10924000401C3860012807D1E06C40F40050E06415
:10925000E06C00F400501A90E06C40F00400E06410
:10926000E06C00F004001A90E06C40F00100E06453
:10927000E06C15A900F001001A900420444681E832
:109280003100504601F0D8F915A94FF09040CDF8C3
:109290005490CDE9164515E0E06C40F40050E064D0
:1092A000E06C00F400501A90E06C40F00400E064C0
:1092B000E06CCDF8549000F00400CDE916851A90CA
:1092C00015A9504601F0B8F900220121122002F040
:1092D00033F9122002F023F91BB0BDE8F08F444BA4
:1092E0004FF080099901CA034FF4807A4FF4806BE4
:1092F000984235D168461292009102F0FDFE08B105
:10930000FEF75EF97868401C7860012807D1E06CB0
:1093100040F48040E064E06C00F480401A90E06C1F
:1093200040F00200E064E06CCDF8548000F00200F0
:10933000CDE916851A9015A92E4801F07DF92F4C1C
:109340002D4820602520C4E9010504F10C0080E8C7
:10935000200EE561204625623AE07465A662BBE70F
:10936000274B9842B8D168461292009102F0C4FE91
:1093700008B1FEF725F97868401C7860012807D10C
:10938000E06C40F48040E064E06C00F480401A90AF
:10939000E06C40F00200E064E06C179500F0020021
:1093A0001A904FF45040CDE9150815A9114801F065
:1093B00043F9124C1048603C283820602620C4E94C
:1093C000010504F10C0080E8200EE56120462562CD
:1093D00000F084F90028C0D0FEF7F2F8BDE70000E5
:1093E0007C000020000800480010024000010050EE
:1093F0000004005000040048300002401C06002019
:10940000000500502DE9F041044600684FF0A045EA
:10941000444FA84201D0B84201D1434900E043493A
:10942000896801F01F0604F051FE18B102210846B8
:10943000BDE8F08194F8580001280CD0012084F890
:1094400058002046FCF7E2FE01004FF0000204D075
:1094500084F85820EBE70220EAE7E06D40F601636C
:10946000984340F48070E0652068314BDFF8C4C059
:10947000B84201D1AE4604E0984201D1E64600E090
:109480008646864500D02EB9D4F85CE02EF4801EC6
:10949000C4F85CE0D4F85CE05FEACE4E06D5D4F8C0
:1094A00060E02EF0060EC4F860E000E022664FF0A7
:1094B0001C0EC0F800E084F858202068B84201D1A2
:1094C0002A4604E0984201D1624600E00246824208
:1094D0000ED06EB1052E0BD0092E09D0E26D42F4EC
:1094E0008012E265B84213D0984210D165460FE071
:1094F000C268920105D5E26D22F4005242F4805216
:10950000E26582680C4B1A40121D82608FE70546A7
:10951000E86880018BD5E06D20F4005040F4805065
:10952000E06584E700010050000300500007005090
:109530000005005000040050C0FFFF7F10B590F8F8
:10954000253000210122022B03D00421C163012117
:1095500022E003681C6824F00E041C60836C1C6805
:1095600024F480741C6003681C6824F001041C60EF
:1095700090F84430046C03F01F0302FA03F36360B5
:10958000D0E913345C60436D33B11C6824F48074FB
:109590001C60D0E916345C6080F82520002280F839
:1095A0002420084610BD70B590F825200024012124
:1095B0002346022A07D00422C26380F8251080F8CF
:1095C0002430012429E00268156825F00E05156095
:1095D0000268156825F001051560826C156825F490
:1095E0008075156090F84420056C02F01F0201FAA6
:1095F00002F26A60D0E913255560426D32B11568F8
:1096000025F480751560D0E91625556080F8251081
:1096100080F82430816B01B18847204670BDC06B53
:109620007047F0B4016C0C6801680D6890F8442034
:1096300002F01F06042202FA06F3234211D06B0740
:109640000FD50B689B0603D40B6823F004030B6053
:1096500090F8441001F01F018A40016C4A60016BD0
:109660001DE0022303FA06F727424FF0000C4FF0EB
:10967000010218D0AF0716D50C68A40605D40C68F3
:1096800024F00A040C6080F8252090F8441001F0C2
:109690001F018B40016C4B6080F824C0C16A002917
:1096A0001AD0F0BC08470823B340234214D02B073C
:1096B00012D50B6823F00E030B6090F84410036C76
:1096C00001F01F0102FA01F15960C26380F8252000
:1096D00080F824C0416BE2E7F0BC704770B504002D
:1096E0000CD02B4A21681420914209D2294A0A44FD
:1096F000B2FBF0F08000606427480AE0012070BDF2
:10970000234A52420A44B2FBF0F0800060642048D1
:1097100008382064022084F825000A6847F6F070B3
:109720008243D4E902031843D4E904352B43184398
:10973000A3691843E3691843236A18431043086078
:109740002046FDF77DFCA0680025B0F5804F00D1D4
:109750006560A16C20790860D4E9130141606068FC
:10976000401E032808D82046FDF78AFC606D05607E
:10977000D4E91601416002E06565A565E565E5632C
:10978000012084F8250084F82450002070BD0000DA
:1097900008040240F8FFFDBF0000024070B5044617
:1097A00090F82400002501280CD0012084F8240022
:1097B00094F825600020012E06D084F824000225AC
:1097C000284670BD022070BD022684F82560E06343
:1097D0002068066826F0010606602046FDF762FC58
:1097E000206B00282068016802D041F00E0106E0DD
:1097F00021F0040101602068016841F00A01016064
:10980000A06C0168C90303D5016841F4807101604F
:10981000606D18B1016841F48071016020680168D1
:1098200041F001010160CBE7094810B54FF0FF316D
:109830008163002282630164026481628262C16288
:10984000C2620163026301F03FFE002010BD000010
:109850000010024070B5044601F018F80546601C7F
:1098600002D004484068044401F010F8401BA042B4
:10987000FAD370BD8800002030B590F85C30012B21
:1098800007D0022B05D0016E41F0020101660120D4
:1098900030BD0468A36D4D0701D0DD071DD011F068
:1098A000380F01D09D0718D511F4E07F01D05D0776
:1098B00013D511F4F05F01D01D070ED511F4604FE0
:1098C00001D0DD0609D511F4403F01D09D0604D535
:1098D00011F47C0F05D05D0603D4E56D45F001055C
:1098E000E5654C0701D0DC071DD111F0380F01D020
:1098F0009C0718D411F4E07F01D05C0713D411F455
:10990000F05F01D01C070ED411F4604F01D0DC06CB
:1099100009D411F4403F01D09C0604D411F47C0F0B
:1099200006D05B0604D50368DC6D44F00204DC65F8
:109930000B0604D5036853F8DC4F14431C60CB05B9
:1099400004D5036853F8E04F14431C600068426D6F
:109950000A434265002030BD70B5044690F85C00B3
:10996000022803D0206E40F0080007E02068D0F8FD
:10997000C4309B0205D5206E40F4007020660120A3
:1099800070BDD0F8C400C0F301452B462046FDF75A
:109990001FFE21680120A840C1F8CC00A06500206E
:1099A00070BD10B590F85C20012A07D0022A05D0BE
:1099B000016E41F002010166012010BD0A687AB112
:1099C0000B7B0A690C7A42EA43734A69406C496826
:1099D00042EA847200EBC100C0E90032002010BDF1
:1099E0000B7A4A690C8A42EA83720B7B006CDB06B5
:1099F000496843EA04431A4340F82120EEE730B5B2
:109A000090F85C50039C012D05D0016E41F00401DB
:109A10000166012030BD0901006841EA820141EA86
:109A2000430150F8802F214322F03F02114301608F
:109A3000002030BD90F85C30012B05D0016E41F064
:109A40000401016601207047006842EA0121816437
:109A50000020704790F85C10012905D0016E41F09C
:109A600004010166012070470068C16841F40001EB
:109A7000C16000207047704770470000F0B590F853
:109A80005C400025022C03D0016E41F0080160E02B
:109A90000468402946D0D4F89860360756D0D4F8E8
:109AA0009860F60104D5D4F88060F60500D501254C
:109AB000D4F89840C4F301246619C46C06EBC605BB
:109AC00004EBC504256815F080455560256843D032
:109AD00025F06045156025682C4F05F00055956010
:109AE00020CC05F00045156134F8045BADB2D561BA
:109AF00054F8045CC5F30345D56054F8045C05F4E0
:109B00008015556154F8045C05F40015956154F80E
:109B1000045CC5F30665156254F8045CED0F5562EC
:109B2000002522E0D4F8906036070FD0D4F890607A
:109B3000F60104D5D4F88060B60500D50125D4F827
:109B40009040C4F301246619846CB7E7016E41F4B8
:109B5000807101660120F0BDC5F38A45BAE700BFF8
:109B600014F805C003F805C06D1CD2F80CC017F836
:109B70000CC0AC45F4D80068402903D0C0F89C6004
:109B80000020F0BDC0F89460FAE70000966E01086E
:109B90000068D0F8C40000F00700704770472DE956
:109BA000F05F04460068016D426D01F4E05102EA85
:109BB0000108016D426D01F0070102EA0109016D22
:109BC000426D01F0380102EA010A016D476D01F4AE
:109BD00071010F40016D426D01F46021456D02EA93
:109BE000010B016DCE43710607D4E943490604D445
:109BF000402101652046FFF7D1FFF0050ED4E84370
:109C0000C0050BD42068D0F8D820D0F8E01011405F
:109C10004FF480720265204600F080FBB8F100002E
:109C200005D0216808654146204600F079FBB9F16E
:109C3000000005D0216808654946204600F0B6F9C5
:109C4000BAF1000005D0216808655146204600F0B1
:109C500013FBB00509D4E843800506D421684FF40E
:109C600000700865204600F05CFB30060DD4E84328
:109C700000060AD42068D0F8D420D0F8DC101140B7
:109C800080220265204600F04AFBB00409D4E84374
:109C9000800406D421684FF400500865204600F087
:109CA0003CFB300409D4E843000406D421684FF497
:109CB00000400865204600F02FFB70040AD4E843FA
:109CC000400407D421684FF480400865206E40F0BE
:109CD00080002066BBF1000005D021680865594668
:109CE0002046FFF7C9FE27B120680765206E38437C
:109CF0002066206E002802D02046FFF7BCFEBDE89B
:109D0000F09F00002DE9F041040006D0DFF8F48157
:109D100094F85C00002518B107E00120BDE8F0814F
:109D200084F85D50204600F0F9F82068816921F040
:109D30001001816100F0AAFD0646032705E000BF7F
:109D400000F0A4FD801B0A2811D820688069000754
:109D5000F6D42068816941F00101816100F096FD2F
:109D600006460BE000F092FD801B0A2806D9206E03
:109D700040F00100206684F85C70CEE720688069BE
:109D8000C007EFD02068816941F00201816121683C
:109D9000414502D15C4960680860207C0128206848
:109DA000816937D041F040018161607C01282068E1
:109DB000816932D021F480418161A07C0128206832
:109DC00081692DD041F48051816120688169A26848
:109DD00021F44071114381612068816921F0A4015F
:109DE00081612068016921F010010161E0680128AA
:109DF00019D010B302281BD02068816941F080017E
:109E000081612068016941F010010161E068032867
:109E10000ED012E021F04001C6E741F48041CBE7CB
:109E200021F48051D0E72068816941F0040103E00A
:109E30002068816941F020018161207EE26940064D
:109E40006FF0FF0101EB0222A0F100701043226AC3
:109E5000A38A521E10430A0202EB034318432368ED
:109E6000D861A068B0F5407F10D1D4E90A0301EBB6
:109E70000321401E0843216B131303EB0111084318
:109E8000A18C02EB014108432168C860206850F8AA
:109E9000C01FE26B114301601D4A21681B489142BB
:109EA00000D11C481C4A914201D100F5D4602064C5
:109EB00051F8802FA38E22F4F81242EA03420A607E
:109EC00000F170016164216851F8802F94F83830F6
:109ED00022F0706242EA03620A6000F1B001A164FC
:109EE000D831E164D831216518316165D83100E09D
:109EF00020C08842FCD3A5652566012084F85C005B
:109F000000200BE7006400400065004000A4004012
:109F10000068004050A70040006C004010B59CB0A5
:109F20000446142115A8FAF7A0FB54216846FAF755
:109F30009CFB1B492068884230D18014009040036C
:109F40000E90684602F0D8F808B1FDF739FB1548C5
:109F5000816D41F000718165816D01F000711A9190
:109F6000C16C41F00201C164C06C15A900F002008F
:109F70001A90602015900220169000201790032060
:109F8000189009201990084800F056FB0022012182
:109F9000562001F0D1FA562001F0C1FA1CB010BDD4
:109FA0000068004000100240000400482DE9F0471E
:109FB000C9077DD0A14B402103F18002FFF75EFD70
:109FC00018B1BDE8F047FDF7FBBA9D4800249B4956
:109FD00004609C489C4D803104700B686A689B4FFC
:109FE0009648934202D1CE68082E1ED0DFF84C82EC
:109FF00040F2FF79012608F140084B4504D1D1F821
:10A000000CC0BCF1040F52D0934204D1D1F80CC063
:10A01000BCF1020F7ED002F5C06C634571D1BDE882
:10A02000F047012185480AF03FBB0178FF293FD165
:10A030004178FF293CD18178FF2939D1C178FF29A6
:10A0400036D10179FF2933D14179FF2930D1817986
:10A05000FF292DD1C079FC2807D0FD2813D0FE2878
:10A0600026D17B4807F064FD05E0B868022802D0DD
:10A07000784809F0F7F97148764940300AF06EF9EE
:10A0800008236A6842E0734809F04CFA6B4871494A
:10A0900040300AF063F96949082340316E486A6824
:10A0A00009F08CF8BDE8F0476A48FDF787BB00E08F
:10A0B00080E0417891427DD1817800297AD1C078C1
:10A0C000032877D16548F7EE000A90ED2E0A30EEAE
:10A0D000600A0BF049FF88F80040297988F80110E0
:10A0E0005C4988F802605E4A91ED040AB0EEC00A4D
:10A0F00010EE101A914205DC032188F8031003E0EA
:10A1000008E01CE088F8034004234A464B495248C3
:10A1100040314EE00178E0295FD1407801285CD1E0
:10A12000A02188F8001088F8016088F8024088F8BB
:10A13000034088F8044088F805400623E6E702F566
:10A14000E062AA46934255D10178AB2945D14178C6
:10A15000012934D002293BD0424F434DDFF80C9106
:10A1600003293CD0042938D1C079BA2835D13948DF
:10A1700009F0D8F93C70CD2188F80010042188F846
:10A180000110298888F80210090A88F80310B9F824
:10A19000001088F80410090A88F80510DC2188F8F6
:10A1A00007102649DAF80420082340312A4802F52E
:10A1B000E06200E011E0BDE8F04708F0FFBFC079C1
:10A1C000BA280AD1BC60234809F0ACF9284803E05A
:10A1D000C079BA2801D127480670BDE8F087C07958
:10A1E000BA28FAD11B4809F03DF93E702C80A9F835
:10A1F0000040F2E7C8680F28EFD1486858B1B0F1C5
:10A20000804FEAD17A68BDE8F0470C490F23403906
:10A210001148FCF75EB80F4908480BF0D5FC074819
:10A220000C4940300AF0E4F83A88BDE8F0470349A9
:10A23000082340310848FCF769B80000FC2F0020D3
:10A240001C00002002000020A43100207403002024
:10A2500068110020F809002094060020A430002096
:10A260000AD7233CB4030020060000200800002089
:10A27000B2030020B3030020704790F85C1001295E
:10A2800005D0016E41F004010166012070470221F2
:10A2900080F85C1001688A6922F001028A6100215D
:10A2A00001660846704710B590F85C200021022A2C
:10A2B00004D0016E41F0080101660FE00268936965
:10A2C00043F001039361032302680AE00A2907D9D6
:10A2D000016E41F00101016680F85C30012010BD83
:10A2E000491C9469E407F1D09469002124F010041A
:10A2F0009461026802E00A29EAD8491C946924079B
:10A30000F9D4916941F00201916100218165012137
:10A3100080F85C10002010BD704770477047704790
:10A32000704770472DE9F05F05463348894601784C
:10A3300001290CD00126804606704FF47A7B5846DE
:10A34000FDF70CFA07004FF0000A03D04FE002209F
:10A35000BDE8F09F51464046C8F804A0274C22684B
:10A3600092050AD52168490505D5216821F4806147
:10A370002160032109E0067708E02268520504D530
:10A38000216821F480612160022101772868012879
:10A3900007D04FF0FF31C9F8001040F2FA3BAE6829
:10A3A0001EE06868FDF77AF95846FDF7D7F90746C9
:10A3B000606948F204018843606116E030466968CC
:10A3C000FDF788F94FF47A70FDF7C8F90700606966
:10A3D00020EA0B00606102D0C9F8006005E0761C3D
:10A3E000D5E902010844B042E8D8FDF729F988F818
:10A3F00000A03846ACE70000940000200020024096
:10A40000054901204A6942F000424A614969002930
:10A4100000DA002070470000002002402DE9FF5FB5
:10A42000254C0646904620789A4601280BD00120FC
:10A4300020704FF47A7B5846FDF790F907004FF0F3
:10A44000000904D02AE0022004B0BDE8F09F48468D
:10A45000C4F80490194D2968490504D5286820F4EA
:10A46000806028600220207726B1012E09D0022EBC
:10A4700007D00CE0424653460198FDF74BF9012600
:10A4800012E041460198FDF753F9022E0AD05846D2
:10A49000FDF764F94FEA0007FDF7D2F884F8009061
:10A4A0003846D1E74FF480265846FDF757F907465E
:10A4B0006869B0436861EFE7940000200020024023
:10A4C000064900204A69002A07DA054A8A60054AD7
:10A4D0008A604969002900DA0120704700200240A3
:10A4E00023016745AB89EFCD2DE9F84F0023012605
:10A4F000DFF828C10F278AE006FA03F414EA010204
:10A500007ED023F003056544AA46D5F808909D0740
:10A510004FEA157E07FA0EF505EA090B0095B0F132
:10A52000904F05D03E4DA84205D14FF001081CE0E8
:10A530004FF0000819E03B4DA84202D14FF002084D
:10A5400013E0394DA84202D14FF003080DE0374D1A
:10A55000A84202D14FF0040807E0354DA84202D1CD
:10A560004FF0050801E04FF0060808FA0EF8D8454C
:10A5700026D1DFF8C080D8F8009029EA0209C8F88F
:10A58000009008F10408D8F8009029EA0209C8F8F8
:10A590000090DFF8A08008F10C08D8F8009029EAB4
:10A5A0000209C8F80090A8F10408D8F800509543B3
:10A5B000C8F80050009ADAF808509543CAF80850D5
:10A5C000D0F800804FEA4309032202FA09F248EA70
:10A5D0000208C0F80080DD0800EB8505AA46D5F822
:10A5E00020804FEA43794FEAD96907FA09F528EA4A
:10A5F0000508CAF82080C5689543C560456800E035
:10A6000004E0A54345608468944384605B1C31FA90
:10A6100003F27FF471AFBDE8F88F00000000014045
:10A620000004004800080048000C004800100048E2
:10A6300000140048000401402DE9F04FDFF820929B
:10A64000002301260324A9F1040B85B00F2709F18B
:10A65000040AABF1040EFAE006FA03F52A407CD0B6
:10A6600091F804C00CF0030CBCF1010F02D0BCF156
:10A67000020F26D1D0F808C0CDF800C04FEA430C35
:10A6800004FA0CF8CDF810C0DDF800C02CEA080C74
:10A69000CDF800C0D1F80C80DDF810C008FA0CF835
:10A6A000DDF800C048EA0C08C0F80880D0F804C003
:10A6B0002CEA050C0D79C5F300159D4045EA0C0503
:10A6C00045600D79ED43AD070ED0C5684FEA4308EC
:10A6D00004FA08FC25EA0C05D1F808C00CFA08FCBD
:10A6E0004CEA050CC0F80CC00D7905F00305022DED
:10A6F00016D1DD0800EB850CCDF808C0DCF8208011
:10A700005D074FEAD56C07FA0CF528EA05080D69D4
:10A7100005FA0CF5DDF808C045EA0805CCF820502C
:10A7200005684FEA430CCDF808C004FA0CFC25EA92
:10A730000C0591F804C00CF00308DDF808C008FA15
:10A740000CF848EA0508C0F800804D6815F4403F51
:10A750007CD0444DD5F860C000E077E04CF0010CAF
:10A76000C5F860C02D6E23F0030C05F001050095BF
:10A770003D4D65440295AD684FEA837C4FEA1C78F5
:10A7800007FA08FC25EA0C05B0F1904F06D0DFF877
:10A79000DCC0604505D14FF0010C20E04FF0000C0B
:10A7A0001DE0DFF8CCC0604502D14FF0020C16E08E
:10A7B000DFF8C0C0604502D14FF0030C0FE0DFF8B6
:10A7C000B8C0604502D14FF0040C08E0DFF8ACC01F
:10A7D000604502D14FF0050C01E04FF0060C0CFA79
:10A7E00008FC4CEA050C029DC5F808C0D9F80050D9
:10A7F000CC46D1F8048095435FEAC82800D51543BC
:10A80000CCF80050DAF80050D446D1F804809543D3
:10A810005FEA882800D51543CCF80050DBF80050DB
:10A82000DC46D1F8048095435FEA883800D51543AB
:10A83000CCF80050DEF80050F446D1F8048095437F
:10A840005FEAC83800D51543CCF800505B1C0A6895
:10A8500032FA03F57FF400AF05B0BDE8F08F0000D9
:10A8600008040140001002400000014000040048BC
:10A8700000080048000C0048001000480014004880
:10A880000AB18161704781627047000001488068A9
:10A890007047000088000020704770477047000034
:10A8A0002DE9F04F4FF0A0402DED028B83B04FF417
:10A8B0000071C1644FF44061C0F84C11E748FDF7E6
:10A8C0007DFE0322E649E74807F03AF89FEDE68A65
:10A8D000E648B0EE480AFCF78DFCE448E44F90ED02
:10A8E000310AD7ED080AA7F5806620EE200A86ED2A
:10A8F000080A90ED300A20EE200A86ED070A90ED56
:10A90000010ADC4886ED060AB0EE480AFCF77CFD39
:10A91000D848D34CD84D90ED030AD0ED040A603CE2
:10A9200030EE600AD4ED170A30EE200A86ED040AF4
:10A930002868DFF848A3DFF848934FF0010B02289E
:10A9400012D028684FF000089FEDCE8A092836D033
:10A9500028680A2833D029684FF47A7006297CD0F9
:10A96000296807297AD05DE1DAF89002616B8842A4
:10A9700002D802F047FF04E002F038FF606B401C91
:10A980006063C14809F0BCFD0500C04800886081D3
:10A990000BD0BD4808F0C6FDBD4989F8005060895C
:10A9A00008804FF0904108208862B74803F0EAFA27
:10A9B000B548FCF7FBFFE069401CE06132E1296823
:10A9C000B4489FEDB50AD4ED090A0088B34FB8EE3C
:10A9D000601A00EE900A0929F8EE601AC1EE210A09
:10A9E00020EE800A09D0FAF7F3FFB5EEC00AF1EEC7
:10A9F00010FA0CDDF7EE000A0BE0FAF7E9FF3888F1
:10AA000000EE900AF8EE600A20EE200A08E0FFEE61
:10AA1000000A388800EE100AB8EE400A20EE800ADC
:10AA2000994886ED330A86ED328AFCF7BFFF9C48D1
:10AA3000616A96ED330A006800EB810080ED000A40
:10AA40009848616A96ED0C0A006800EB810080ED81
:10AA5000000A606A401C606201E00EE08DE0B0F523
:10AA6000F97F09D9884808F05DFDC5F800808E4956
:10AA700081F8008084F803B0D4E096ED0B0ADFED96
:10AA80008B0A20EE200AD6ED180A9FED891A41F2B2
:10AA9000883200EE810A86ED180A616A914235D942
:10AAA000A1F59852893A43F697239A422FD2D4EDD2
:10AAB000160AB4EEE00AF1EE10FA01DD84ED160A92
:10AAC000D4ED0B0AB4EEE00AF1EE10FA01D284EDF7
:10AAD0000B0AB1FBF0F200FB1210002816D194ED26
:10AAE000150AD4ED160A30EE200A84ED150A94ED0D
:10AAF0000A0AD4ED0B0A30EE200A84ED0A0A84ED2E
:10AB0000168A84ED0B8A206B401C206384E044F697
:10AB10002060814230D394ED150AD4ED0A0AB2EEDA
:10AB20000C1A30EE600AF6EE000A20EE200AC0EEA3
:10AB3000010A97ED0A1ADFED5F1AB7EE080A08F06E
:10AB400057FB87ED0B0A504808F0ECFCC5F8008075
:10AB5000594981F80080F86A0CF0A4F805460E46C1
:10AB6000B86A0CF09FF841EC100BCDE9005653EC9D
:10AB7000102B52A009F086FD4EE0616AB7EE000A84
:10AB800081420FD286ED190A86ED1A8AB1F5487F07
:10AB900042D996ED0B0AD4ED150A30EE200A84ED69
:10ABA000150A39E0A1F2E93040F2E732904211D2C1
:10ABB000B0EE000A86ED190A86ED1A8AB1F5E16F4A
:10ABC0002AD996ED0B0AD4ED0A0A30EE200A84ED5C
:10ABD0000A0A21E0B1F5FA6F1AD9D4ED0A0A94ED08
:10ABE000151A062070EEC10A80EE201A9FED370A72
:10ABF00021EE000A87ED0A0A84ED158A84ED0A8A9F
:10AC0000C4F8248084ED168A84ED0B8A286003E062
:10AC100086ED198A86ED1A8A606A401C60621A48BD
:10AC2000FCF7C4FED4E90701884212DD9AF88402D9
:10AC300000060ED5A07801280BD099F800004D46EB
:10AC4000002806D184F802B00F4808F06BFC1020F1
:10AC5000287003B0BDEC028BBDE8F08F0C0400201F
:10AC6000600000205005002000409C46240F00207A
:10AC7000F80D0020681100207C030020A431002082
:10AC80008003002000000000F80900208403002059
:10AC90008C030020BA030020DB0FC940BC03002056
:10ACA000C0030020C4030020B90300209CC4A03EC0
:10ACB000B29D2F3F79594445B80300204C2C252ED6
:10ACC00036662C252E36662C5200000000004743C5
:10ACD0007047704770477047704710B590F8DC2098
:10ACE000012A21D0012280F8DC20022380F8DD3007
:10ACF0004B1C1BD00368D3F8CC4344F00204C3F8C8
:10AD0000CC430368D3F8CC4324F00C040C43C3F8C1
:10AD1000CC430168D1F8CC3343F00103C1F8CC3304
:10AD200080F8DD20002010BD022010BD0168D1F8A0
:10AD3000CC3323F00203C1F8CC33EAE770B590F8C6
:10AD4000DD30022B3CD090F8DC30012B38D00125CF
:10AD500000F8DC5F022343701388948803F4E05307
:10AD6000C4F308041C4313896FF07E4603F4007398
:10AD70002343148A04F480441C43938903F400435E
:10AD80002343948A06EA04441C43936903F0007346
:10AD90002343146AD26904F080441C4302F0004249
:10ADA000224350F8DC3CB82404EBC1141959054E79
:10ADB000314011431951457000210170084670BDA2
:10ADC000022070BD0020003C7047704770477047FC
:10ADD000704770477047FF2903D0062903D002F05F
:10ADE00031BF02F0ABBD02F046BE000038B5040032
:10ADF00056D0022084F8DD000025C4F8E050C4F8E5
:10AE0000E450C4F8E850C4F8EC50C4F8F050C4F86A
:10AE1000F450C4F8F850207AC0071BD021492068AC
:10AE2000884208D12048016E41F080610166006EC1
:10AE300000F0806000902168086820F44042208A79
:10AE400000F44040104320F44052A08A00F44050E7
:10AE500010430860204600F029F8207A800708D5C2
:10AE60002168086820F44072A08900F44070104303
:10AE70000860012084F8DD0084F8DC505FF00001F8
:10AE8000C1EBC10004EB8000491C8561C56105620E
:10AE900045628562C9B205630629F1D9002038BD33
:10AEA000012038BD006801400010024008B500686C
:10AEB0000B49884212D10B48016E41F08061016656
:10AEC000006E002200F0806000900121432000F01D
:10AED00033FBBDE80840432000F021BB08BD000063
:10AEE00000680140001002402DE9F04186B00446A0
:10AEF00014216846F9F7B9FB1E492068884235D10C
:10AF00001D48C16C41F00401C164C16C01F0040131
:10AF10000591C16C41F00101C164C06C022500F0D3
:10AF200001000590C02000900024CDE901540D26B9
:10AF3000DFF84880CDE9034669464046FFF77CFBD1
:10AF40004FF440770097CDE901540320CDE9034049
:10AF500069464046FFF770FB0097CDE90154CDE903
:10AF6000034669464FF09040FFF766FB06B0BDE828
:10AF7000F081000000680140001002400008004815
:10AF8000704770477047704770B50D460446FFF72D
:10AF90007DFC064607E0681C05D0FFF777FC801BA8
:10AFA000A8420DD865B12068D0F88803C043C0031B
:10AFB000F1D4012084F8DD00002084F8DC0070BDAD
:10AFC000072084F8DD00032070BD7047704770B51E
:10AFD00090F8DD30022B1DD090F8DC30012B19D019
:10AFE000012380F8DC30022480F8DD40EC25046881
:10AFF00005EBC1156159CE0605D54FF6C076B143B4
:10B0000032400A43625180F8DD30002180F8DC10C4
:10B01000084670BD022070BD7047704770B590F84B
:10B02000DD30022B23D0022380F8DD30062920D02A
:10B030008023046803EBC115635923F00706936866
:10B04000334323F01806D3683343635194250468CF
:10B0500005EBC115136863519824036804EBC11113
:10B0600052685A50012180F8DD10002070BD022086
:10B0700070BD0368196821F007049168214321F02D
:10B080001804D16821431960036811685961516837
:10B0900002689161E6E72DE9F04F90F8DD40022C5F
:10B0A00025D090F8DC40012C21D04FF0010980F828
:10B0B000DC90022480F8DD4000274FF0070C0629C1
:10B0C00018D09C2404EBC116012A39D08024A8256D
:10B0D0004FF4005A4FF4405B05EBC11504EBC1146B
:10B0E000022A2FD0042A45D0082A0BD144E002209E
:10B0F000BDE8F08F012A0AD0022A0CD0042A0ED013
:10B10000082A10D080F8DDC080F8DC700EE00268FC
:10B110001968D1610AE002681968516206E00268A4
:10B120001968916202E002681968D16290F8DD1036
:10B13000072948D080F8DD9080F8DC700020D7E740
:10B14000196835E04FF0A408D0F800C008EBC11131
:10B150001A684CF801205968002901680A5922F43C
:10B1600040522ED00A5101680A59D3F804C042EA6D
:10B170000C0218E0196821E04FF0AC08D0F800C0CC
:10B1800008EBC1111A684CF80120596800290168C0
:10B190000A5922F4404214D00A5101680A59D3F8DE
:10B1A00004C042EA8C020A515968514503D199689A
:10B1B00002689151BAE75945B8D19968026851516E
:10B1C000B4E70A51B2E7012092E710B590F8DC200D
:10B1D000012A0ED0012200F8DC2F0223437050F820
:10B1E000DC3C1C680C431C60427000210170084666
:10B1F00010BD022010BD0000F0B590F8DC20012A3F
:10B2000038D0012480F8DC40022280F8DD2002687A
:10B21000D2F8903345682B43C2F89033CA0305D562
:10B220000268D368D0F8C8502B43D3600022DFF8FF
:10B2300048C08C255CF822300B420CD0066805EB28
:10B24000C213F758C2EBC20E00EB8E0EDEF820E000
:10B2500047EA0E07F750521CD2B2062AEAD3026818
:10B2600013680B43136080F8DD40002180F8DC1088
:10B270000846F0BD0220F0BDB400002010B590F8E3
:10B28000DC20012A0ED0012200F8DC2F02234370BB
:10B2900050F8DC3C1C688C431C604270002101703B
:10B2A000084610BD022010BD70B5044690F8DD00C0
:10B2B000022811D094F8DC0001280ED0012584F872
:10B2C000DC50022084F8DD00204602F04CFC84F8BB
:10B2D000DD50002084F8DC0070BD022070BD10B588
:10B2E00090F8DC20012A10D0012200F8DC2F022384
:10B2F000437050F8DC3CD3F894430C43C3F89443B8
:10B30000427000210170084610BD022010BD10B52A
:10B3100090F8DC20012A10D0012200F8DC2F022353
:10B32000437050F8DC3CD3F898430C43C3F898437F
:10B33000427000210170084610BD022010BD2DE9A9
:10B34000F041044690F8DD0015460E46022826D04E
:10B3500094F8DC00012821D0012784F8DC70022059
:10B3600084F8DD00062E1CD0204602F01FFDC6EB3F
:10B37000C60004EB80002968016269684162A9681F
:10B380008162E968C162296901633146204602F0A1
:10B39000A1FA062E15D0E86A40B112E00220BDE8FD
:10B3A000F0811146204602F01DFBE0E78021206875
:10B3B00001EBC6114258EB6D22F4007242EA4322BF
:10B3C000425084F8DD70002084F8DC00E7E72DE9C6
:10B3D000F041044690F8DD00022824D094F8DC0007
:10B3E00001281FD0012584F8DC50022084F8DD00FC
:10B3F000EC20266800EBC113F058176820F010000D
:10B4000040EA071020F480175068384320F4803752
:10B41000D068384320F40037906838439769012F8B
:10B4200003D00CE00220BDE8F08120F00407106991
:10B43000384320F002075069384340F00100F050D3
:10B44000204602F047FA84F8DD50002084F8DC0042
:10B45000E9E7000002488168426811448160704752
:10B460008800002010B50024032000F085F80F208C
:10B4700000F008F808B1012401E000F027F82046A8
:10B4800010BD000070B50E4E05460024706898B1DE
:10B490004FF47A71B1FBF0F00A490968B1FBF0F0A2
:10B4A00001F018FB40B9102D06D200222946501E8B
:10B4B00000F042F8356000E00124204670BD000035
:10B4C00088000020D0000020704700000A4882B0A9
:10B4D000016E41F001010166016E01F00101009170
:10B4E000816D41F080518165806D00F08050009049
:10B4F00002B000F0F9BD00000010024000280DDB92
:10B5000000F01F02012191404009800000F1E0207D
:10B51000C0F88011BFF34F8FBFF36F8F70470028C3
:10B5200009DB00F01F02012191404009800000F179
:10B53000E020C0F800117047F0B40E4B1B680C46B9
:10B54000C3F30223C3F10705042D00D90425191DF7
:10B55000072901D2002300E0DB1E012606FA05F1CF
:10B56000491E214099409E40761E16403143F0BC52
:10B5700006F029BB0CED00E0064900F00702086860
:10B580004FF6FF03184040EA0220034A10430860C8
:10B59000704700000CED00E00000FA050122016890
:10B5A000C0F8D022002280F8C82231F8540F40F0B1
:10B5B00001000880088840F00200088010467047AB
:10B5C00070B50F4D044669B101290AD1D4F8D802EB
:10B5D00005F000FB607A002803D0286840F00600E0
:10B5E000286070BD607A28B103F042FF286820F01F
:10B5F00006002860D4F8D802BDE8704005F079BA9A
:10B6000010ED00E010B50C0607D501F0070101EBC5
:10B61000810100EBC100103005E001EB810100EB7E
:10B62000C10000F5A87099B232B101220273018104
:10B63000190C4181002010BD00220273C180F9E77E
:10B6400001EB810200EBC202D0F8D802526A05F089
:10B6500026B901EB810200EBC202D0F8D802D2F881
:10B66000642105F070B910B5040006D0032084F8F9
:10B670009102206806F047F908B1012010BD20466C
:10B6800000F00CFC002084F8910210BD70B5044657
:10B690000B0601F0070000EB800104EBC1014FF045
:10B6A00001024FF0000502D54A74103103E081F821
:10B6B000515101F5A871087094F89002012808D042
:10B6C00084F89022206805F044FE84F8905200200F
:10B6D00070BD022070BD70B5044601F00F002279E4
:10B6E000904201D9012070BD0B0601F0070000EB6C
:10B6F000800104EBC1014FF001024FF0000502D5BB
:10B700004A74103103E081F8515101F5A8718D7030
:10B71000087094F89002012808D084F890222068DC
:10B7200005F0BDFE84F89052002070BD022070BD6F
:10B730002DE9F04704685FEA42480B788D69B4F858
:10B7400050804FF0000C4BF68F7748F2800648F699
:10B750008F7948F2C00A444428D540F2024808EBE9
:10B76000C30834F80840C4F30904A54203D32D1BD1
:10B770008D6102D00BE0C1F818C0D0F800C03CF8D1
:10B7800023503D4085F4005535432CF82350520694
:10B7900009D50B78056835F8232002EA090242EA48
:10B7A0000A0225F8232074B30A8927E040F20648EC
:10B7B00008EBC30834F80840C4F30904A54203D3D6
:10B7C0002D1B8D6102D00BE0C1F818C0D0F800C06D
:10B7D0003CF823503D4085F4005535432CF8235068
:10B7E000520609D40D78036833F8252002EA0902CD
:10B7F00042EA0A0223F825202CB14A8949690068E7
:10B80000234606F066F82046BDE8F0872DE9F05F94
:10B81000054600680C465FEA42681646D1F818C033
:10B820002278B0F8508048F6BF7A48F2800B48F68C
:10B830008F774CF280094FF6FF734FF4004E4FF0B4
:10B84000000140447DD540F2024808EBC20830F8C0
:10B850000800C0F30900844514D9BCEB000CC4F8FF
:10B8600018C010D0760408D5D5F800C03CF8226086
:10B870003E4046EA09062CF8226094F82420012A6A
:10B8800060D076E1A161607810B1012813D01AE090
:10B890002868B0F85030184400EBC200B0F8022419
:10B8A000C2F30902A0F80224B0F8022442F40042D4
:10B8B000A0F8022407E02868B0F85030184400EBE4
:10B8C000C200A0F802146278286812B1012A11D0CF
:10B8D00018E0B0F850100844217800EBC100B0F82F
:10B8E0000614C1F30901A0F80614B0F8061441F4D7
:10B8F000004105E0B0F850201044227800EBC2006F
:10B90000A0F80614E07802280BD12278296831F8D3
:10B91000220000EA0A0080F0200040EA0B0021F833
:10B92000220021782846FFF78BFE700408D5217885
:10B930002A6832F82100384040EA090022F8210044
:10B94000C3E04DE0626902446261E2690244E2617F
:10B950002669226AB24202D33046111A03E084F803
:10B9600024100AB110462162617811B101292BD04F
:10B9700033E02968B1F850201144227801EBC2016C
:10B98000B1F80224C2F30902A1F8022401F2024133
:10B9900058B13E280ED84208C60700D0521C0E8867
:10B9A00003EA822216430E8017E00A8842F400421E
:10B9B0000A8012E04209C30600D1521E0B884EEAEB
:10B9C000822213430B8008E02968B1F8502011440B
:10B9D000227801EBC201A1F8020483B22289C4E0FB
:10B9E00040F2064808EBC20830F80800C0F309002E
:10B9F000844514D3BCEB000CC4F818C010D07604F6
:10BA000008D4D5F800C03CF822603E4046EA09065A
:10BA10002CF8226094F82420012A59D0A9E0A161D1
:10BA2000607810B1012813D01AE02868B0F85030BF
:10BA3000184400EBC200B0F80224C2F30902A0F8D7
:10BA40000224B0F8022442F40042A0F8022407E0E5
:10BA50002868B0F85030184400EBC200A0F8021477
:10BA60006278286812B1012A11D018E0B0F850109D
:10BA70000844217800EBC100B0F80614C1F30901B5
:10BA8000A0F80614B0F8061441F4004105E0B0F83F
:10BA900050201044227800EBC200A0F80614E07891
:10BAA00002280BD121782A6832F8210000EA0A0026
:10BAB00080F0200040EA0B0022F82100217828467F
:10BAC000FFF7BEFD70047FF532AF0020BDE8F09FA8
:10BAD000626902446261E2690244E2612669226AA3
:10BAE000B24203D33046111A216204E00AB1104673
:10BAF000216284F824106278296812B1012A2AD0C0
:10BB000031E0B1F850201144227801EBC201B1F8C4
:10BB10000624C2F30902A1F8062401F2064158B135
:10BB20003E280ED84208C60700D0521C0E8803EAF1
:10BB3000822216430E8016E00A8842F400420A80F0
:10BB400011E04209C30600D1521E0B884EEA822240
:10BB500013430B8007E0B1F850201144227801EB29
:10BB6000C201A1F80604628983B26169286805F000
:10BB7000D3FE2278296831F8220000EA0A0080F01A
:10BB8000300040EA0B0021F822009EE701F0070197
:10BB900001EB810100EBC100D0F86C0170472DE989
:10BBA000F04104460F0601F0070000EB800104EBB2
:10BBB000C1014FF001064FF0000502D54E7410315F
:10BBC00003E081F8515101F5A871022B0870C2F30E
:10BBD0000A000861CB7000D10D7194F89002012821
:10BBE00009D084F89062206805F0FEF9284684F8B0
:10BBF0009052BDE8F0810220FBE710B501F0070488
:10BC000004EB840100EBC101C1E959230022C1F812
:10BC10006C2181F8512181F85041006801F5A8712B
:10BC200005F08EFC002010BD70B5044601F0070041
:10BC30002279904201D9012070BD0B064FF000051A
:10BC40004FF0010206D500EB800104EBC1014A74FC
:10BC5000103107E001EB810104EBC10181F8515182
:10BC600001F5A8718A70087094F89002012808D034
:10BC700084F89022206805F04AFC84F89052002055
:10BC800070BD022070BD10B501F0070404EB840103
:10BC900000EBC101C1E90923012281F834200B63C3
:10BCA0000023CB624A7401F8104F006805F048FC8D
:10BCB000002010BD10B50446006805F007FE010421
:10BCC00004D52046BDE8104003F0B0B841050ED5BC
:10BCD000206830F8441F21F480610180204600F084
:10BCE00023F92046BDE81040002100F049B9410485
:10BCF00005D5206830F8441F21F480417DE081049F
:10BD000005D5206830F8441F21F4005175E0C104C6
:10BD10001FD5206830F8401F21F004010180206801
:10BD200030F8401F21F00801018094F8C802012872
:10BD300006D1002084F8C80201462046FFF740FCE7
:10BD4000204600F005F9206830F8441F21F48051A6
:10BD500053E0010512D5206830F8401F41F008017A
:10BD60000180206830F8441F21F4006101802068C0
:10BD700030F8401F41F0040101800AE0010629D596
:10BD8000206830F8441F21F08001018094F8C80237
:10BD900018B1204600F038F910BD206830F8401F77
:10BDA00041F004010180206830F8401F41F0080193
:10BDB0000180012084F8C8022068B0F854003C21BA
:10BDC00001EA9000C4F8CC022046BDE810400121F1
:10BDD000FFF7F6BB810509D5206830F8441F21F430
:10BDE00000710180204600F0C7F810BDC005FCD5E9
:10BDF000206830F8441F21F48071018010BD0000DC
:10BE000070B5040004D094F89102002510B106E04A
:10BE1000012070BD84F89052204600F051F80320B4
:10BE200084F89102206805F032FB002001260BE027
:10BE300000EB800104EBC1014E740874CD740D62F7
:10BE40004D62401CC0B28D6221798142F0D8002041
:10BE500012E000BF00EB800104EBC10181F85151F9
:10BE600081F8500181F85351C1F86051C1F8645113
:10BE7000401CC0B2C1F8685121798142EAD894E8E7
:10BE8000070005F0FBFA257384F89162A07A012877
:10BE900002D12046FFF782FB002070BD00680649F2
:10BEA000884207D10548816D21F400018165142085
:10BEB000FFF724BB70470000005C00400010024008
:10BEC00010B596B0044654216846F8F7CEFB1449E5
:10BED0002068884222D14014009000200F906846CC
:10BEE00000F00AF908B1FBF76BFB0E48816D41F4D5
:10BEF00000018165806D002200F400001590012191
:10BF00001320FFF719FB1320FFF709FB0022012183
:10BF10001420FFF711FB1420FFF701FB16B010BD32
:10BF2000005C00400010024070B5044640790125D5
:10BF3000022801D0FBF744FB2946D4F8D80204F0CC
:10BF4000F2FDD4F8D802BDE8704004F0A5BD0000B1
:10BF500010B50446407A30B10648016821F0060168
:10BF6000016003F085FAD4F8D802BDE8104004F06F
:10BF7000C0BD000010ED00E0D0F8D80204F0C3BD51
:10BF800010B5044690F8900201280AD0012084F8E8
:10BF900090022173206805F0B0FC002084F8900224
:10BFA00010BD022010BDD0F8D82200F52671104631
:10BFB00004F0C5BD10B5044690F8900201280CD0DD
:10BFC000012084F89002206805F071FC206805F0DB
:10BFD00047FA002084F8900210BD022010BD10B571
:10BFE000044690F8900201280CD0012084F89002B9
:10BFF000206805F04CFA206805F039FA002084F832
:10C00000900210BD022010BD10B50446D0F8D80231
:10C0100004F0E0FD607A002804D00348016841F094
:10C020000601016010BD000010ED00E02B492C4B13
:10C030000A6832214A432B4940B1B0F5007F0868B5
:10C0400029D020F4C06040F480602CE00868C0F380
:10C050004120022804D051F8800F20F4807022E0A3
:10C06000D1F8800020F48070C1F88000086820F4C6
:10C07000C06040F400700860B2FBF3F0401C00E0C8
:10C08000401E4A69520501D50028F9D1486940058A
:10C090000AD503207047C0F34120022806D051F88A
:10C0A000800F40F48070086000207047D1F8800055
:10C0B00040F48070C1F88000086820F4C06040F44B
:10C0C00000700860B2FBF3F0401C00E0401E4A69BB
:10C0D0005205DBD50028F9D1D8E70000D0000020B8
:10C0E00040420F00007000400248816841F48041E6
:10C0F00081607047007000402DE9F84304460068F5
:10C100000026BB4D00035ED5A86D0027C00008D4F3
:10C11000A86D40F08050A865A86D012700F0805000
:10C120000090DFF8D092D9F8001041F48071C9F87E
:10C130000010FEF7ABFB804606E000BFFEF7A6FB53
:10C14000A0EB080002282BD8D9F80000C005F5D5CF
:10C15000D5F8900010F4407014D0216D814211D0B8
:10C16000D5F89000D5F8901020F4407041F480315B
:10C17000C5F89010D5F8901021F48031C5F89010D2
:10C18000C5F89000C00711D0FEF780FB804641F251
:10C19000883907E0FEF77AFBA0EB0801494501D991
:10C1A00003260BE0D5F890008007F3D5D5F8900072
:10C1B000216D20F440700843C5F890001FB1A86DB0
:10C1C00020F08050A8652078C00707D0D5F88800F7
:10C1D000616820F003000843C5F8880020788007D4
:10C1E00007D5D5F88800A16820F00C000843C5F8F1
:10C1F00088002078400707D5D5F88800E16820F04E
:10C2000030000843C5F888002078000707D5D5F826
:10C210008800216920F0C0000843C5F88800207814
:10C22000C00607D5D5F88800616920F4407008433E
:10C23000C5F888002078800607D5D5F88800A16960
:10C2400020F440600843C5F888002078400607D5F0
:10C25000D5F88800E16920F440500843C5F888000B
:10C260002078000607D5D5F88800216A20F44040E0
:10C270000843C5F888002088C00507D5D5F8880090
:10C28000616A20F440300843C5F8880020688003C4
:10C2900007D5D5F89C00A16A20F003000843C5F833
:10C2A0009C002088800507D5D5F88800E16A20F435
:10C2B00040200843C5F88800208840050FD5D5F8F0
:10C2C0008800216B20F440100843C5F88800206BDB
:10C2D000B0F5801F03D1E86840F48010E860208842
:10C2E00000050FD5D5F88800616B20F440000843A5
:10C2F000C5F88800606BB0F5800F03D1E86840F4A2
:10C300008010E8602088C0040FD5D5F88800A16BA4
:10C3100020F040700843C5F88800A06BB0F1807F22
:10C3200003D1E86840F48010E86020884FF0006195
:10C3300080040ED5D5F88800E26B20F040601043F1
:10C34000C5F88800E06B884203D1E86840F48010AB
:10C35000E860208840040ED5D5F88800226C20F0D3
:10C3600040601043C5F88800206C884203D1E8681B
:10C3700040F48010E860208800040FD5D5F88800CC
:10C38000616C20F040500843C5F88800606CB0F143
:10C39000805F03D1E86840F48030E8602068C00323
:10C3A0000FD5D5F88800A16C20F040400843C5F8AF
:10C3B0008800A06CB0F1804F03D1E86840F4803071
:10C3C000E860206840030FD5D5F89C00E16C20F4AC
:10C3D00040100843C5F89C00E06CB0F5001F03D185
:10C3E000E86840F48010E8603046BDE8F88300005B
:10C3F00000100240007000402DE9F0470E46050095
:10C400004FF0000725D0DFF8AC81D8F8000000F02D
:10C410000F00B0420CD2D8F8001021F00F013143C8
:10C42000C8F80010D8F8000000F00F00B04210D19A
:10C430002968614CC80741F2883A5AD06868DFF829
:10C440007C91032808D0022820682DD040050028C0
:10C450002CDB0120BDE8F08720688001F9D5E06879
:10C4600000F00302E068C0F30310401C032A19D057
:10C47000534A00BFB2FBF0F0E268C2F30622504319
:10C48000E268C2F34162521C5200B0FBF2F0484530
:10C4900017D9A06810F0F00F0CD0880711D5A86844
:10C4A00040B10EE0474AE5E78003D0E700F0B6F878
:10C4B000484506D9A06820F0F00040F08000A06058
:10C4C0008027A068696820F003000843A060FEF799
:10C4D000DDF9814606E000BFFEF7D8F9A0EB0901BF
:10C4E00051453AD8A068696800F00C00B0EB810FA4
:10C4F000F2D12868810714D5400703D5A06840F41D
:10C50000E060A0602878000705D5A06820F460509E
:10C5100040F4E060A060A068A96820F0F000084343
:10C5200004E0802F03D1A06820F0F000A060D8F8CC
:10C530000010404601F00F01B14216D9016821F008
:10C540000F0131430160FEF7A1F9074607E000BF84
:10C55000FEF79CF9C11B514501D903207AE7D8F8B1
:10C56000000000F00F00B042F2D12878400705D556
:10C57000A068E96820F4E0600843A060287800071C
:10C5800006D5A068296920F4605040EAC100A06087
:10C5900000F044F8A1680C4AC1F30311515C01F0AA
:10C5A0001F01C8400949086009480068BDE8F04714
:10C5B000FEF768BF002002400010024000B4C4042F
:10C5C0000024F40040787D01CE6E0108D0000020E8
:10C5D000880000200548064900688968054AC1F3BB
:10C5E0000221515C01F01F01C8407047D0000020BB
:10C5F00000100240DE6E010805480649006889689F
:10C60000054AC1F3C221515C01F01F01C8407047C7
:10C61000D000002000100240DE6E0108184910B55D
:10C620008868C0F381021748012A0BD08A68164B2C
:10C63000C2F38102022A06D08A68C2F38102032A69
:10C6400003D0002010BD184610BDCA6802F00304D4
:10C65000CA68C2F30312521C032C02D0B0FBF2F0E2
:10C6600001E0B3FBF2F0CA68C968C2F30622504386
:10C67000C1F34161491C4900B0FBF1F010BD00005D
:10C68000001002400024F40040787D012DE9F843B9
:10C6900004007AD02078F84DC00747D0A868E96830
:10C6A00000F00C0001F003010C2802D0082817D07C
:10C6B00001E0032914D06068B0F5803F17D0B0F5D1
:10C6C000A02F286817D020F480302860286820F434
:10C6D000802028606068E0B1FEF7D8F8064614E0D4
:10C6E0002868800322D560680028D2D01EE0286820
:10C6F00040F48030EDE740F480202860F7E700BF89
:10C70000FEF7C4F8801B642870D828688003F7D52A
:10C710000CE0FEF7BBF8064605E000BFFEF7B6F8F2
:10C72000801B6428F0D828688003F7D4207880071D
:10C730004CD5A868E96800F00C0001F003010C2852
:10C7400002D004280DD001E002290AD0E0680028B8
:10C7500028682BD040F480702860FEF797F80646D2
:10C7600019E02868400502D5E068002891D0686883
:10C77000217C20F0FE4040EA01606860BF4800680C
:10C78000FEF780FE002800D120E072E1FEF77EF87F
:10C79000801B0228B8D828684005F7D56868217C36
:10C7A00020F0FE4040EA016068600FE020F48070F5
:10C7B0002860FEF76BF8064605E000BFFEF766F856
:10C7C000801B0228A0D828684005F7D420780007ED
:10C7D00029D560690028D5F8940013D040F00100F5
:10C7E000C5F89400FEF752F8064606E090E000BF58
:10C7F000FEF74CF8801B022886D8D5F894008007F5
:10C80000F6D510E020F00100C5F89400FEF73EF8E0
:10C81000064604E0FEF73AF8801B022878D8D5F8DF
:10C8200094008007F6D42078400761D5A86D0026D3
:10C83000C00008D4A86D40F08050A865A86D0126FE
:10C8400000F0805000908E480168C90511D401683D
:10C85000804641F480710160FEF718F8074604E055
:10C86000FEF714F8C01B022852D8D8F80000C00503
:10C87000F6D5A068012815D00528D5F8900016D067
:10C8800020F00100C5F89000D5F8900020F00400D9
:10C89000C5F89000A06841F28838B8B1FDF7F6FFFE
:10C8A00007460EE0D5F8900040F00100F0E740F0B8
:10C8B0000400C5F89000F5E7FDF7E8FFC11B41450E
:10C8C00026D8D5F890008007F6D50CE0FDF7DEFFFE
:10C8D000074604E0FDF7DAFFC11B414518D8D5F83B
:10C8E00090008007F6D41EB1A86D20F08050A86596
:10C8F0002078800629D5A0690028D5F8980013D0A3
:10C9000040F00100C5F89800FDF7C0FF064606E0BC
:10C9100075E000BFFDF7BAFF801B02286FD8D5F87D
:10C9200098008007F6D510E020F00100C5F89800C7
:10C93000FDF7ACFF064604E0FDF7A8FF801B0228C8
:10C940005DD8D5F898008007F6D4E069F0B3A968FF
:10C95000C1F3810103295DD00228286820F080708E
:10C96000286003D0FDF792FF04464BE0FDF78EFFF1
:10C97000064604E0FDF78AFF801B02283FD828689E
:10C980008001F7D4F4E908016FF00F0202EB011106
:10C990000843218A5204490802EB4151A26841EA46
:10C9A00002210843217D4FF07E42490802EB41619C
:10C9B0000843217B40EAC160E968324A11400843DC
:10C9C000E860286840F08070286000E05EE0E86879
:10C9D00040F08070E860FDF759FF044605E000BFB5
:10C9E000FDF754FF001B022809D828688001F7D5FD
:10C9F0004CE000BFFDF74AFF001B022802D90320CC
:10CA0000BDE8F88328688001F4D4E8681E4908402E
:10CA1000E8603BE00128F3D0E868226A00F00301F7
:10CA2000914226D1616A00F0F00209011039914269
:10CA30001FD1A26A00F4FE41B1EB022F19D194F884
:10CA40002C2000F07841B1EBC26F12D1218E00F49E
:10CA5000C00249084905A1F50011914209D194F895
:10CA6000341000F0C06049084906A1F1007181420C
:10CA70000CD00120C4E70000001002408800002014
:10CA8000007000400C809F01FCFFEEFE0020B7E725
:10CA90000C4A01680C48914207D1016E21F4805183
:10CAA0000166E0214FF0904009E0084A914208D128
:10CAB000816D21F4004181654FF4E0510448FDF798
:10CAC00013BD70470030014000100240003C0040A0
:10CAD0000008004810B5401EB0F1807F01D301204E
:10CAE00010BD4FF0E02460610F21601705F06BF876
:10CAF0000020A06107202061002010BD7047704712
:10CB00007047704770477047F0B590F83C20012A95
:10CB100043D0012580F83C50022280F83D20036874
:10CB20005A689C681E4E1F4FDFF87CC0B34203D08A
:10CB3000BB4201D0634504D122F4700E4A6842EA38
:10CB40000E02DFF868E002EA0E02D1F800E04EEAD9
:10CB5000020EC3F804E00268B24212D0B2F1804F74
:10CB60000FD0134B9A420CD0124B9A4209D0124B61
:10CB70009A4206D0BA4204D0104B9A4201D0624584
:10CB800004D1896824F080031943916080F83D50F6
:10CB9000002180F83C100846F0BD0220F0BD0000E6
:10CBA000002C014000340140005001408FFFFFFD88
:10CBB0000004004000080040000C0040004001401C
:10CBC000704770472DE9F04104460068C668056962
:10CBD0004FF00007A90713D5B10711D5F91E016160
:10CBE00001202077206880698007204602D0FFF767
:10CBF000E8FF04E000F0F6F8204600F0E7F92777B8
:10CC0000680716D5700714D521686FF00400086115
:10CC1000022020772068806910F4407F204602D0EF
:10CC2000FFF7CFFF04E000F0DDF8204600F0CEF97A
:10CC30002777280715D5300713D521686FF008002E
:10CC40000861042020772068C0698007204602D050
:10CC5000FFF7B7FF04E000F0C5F8204600F0B6F992
:10CC60002777E80616D5F00614D521686FF0100076
:10CC70000861082020772068C06910F4407F2046B2
:10CC800002D0FFF79EFF04E000F0ACF8204600F071
:10CC90009DF92777E80708D0F00706D021686FF0E4
:10CCA00001000861204600F01DFA280601D4A804FE
:10CCB00008D5300606D521686FF402500861204679
:10CCC000FFF71DFFE80508D5300606D521686FF48B
:10CCD000807008612046FFF711FF680608D57006CE
:10CCE00006D521686FF040000861204600F0FBF98E
:10CCF000A80608D5B00606D521686FF020000861A7
:10CD00002046FFF7FDFEE80208D5F00206D52168AF
:10CD10006FF4801008612046FFF7F4FEA80208D5E2
:10CD2000B00206D521686FF4001008612046FFF7B5
:10CD3000E8FE680208D5700206D521686FF480000D
:10CD400008612046FFF7DFFE28020AD5300208D529
:10CD500021686FF4000008612046BDE8F041FFF74C
:10CD60002FBFBDE8F081000010B586B00446142145
:10CD70006846F7F77AFC2368002217480221B3F1CE
:10CD8000804F15D0154CA34210D1C36C43F0020361
:10CD9000C364C06C00F00200059010208DE807000D
:10CDA000CDE9032169460E48FDF746FC06B010BDEB
:10CDB000C36C43F00103C364C06C00F00100059034
:10CDC0004FF400408DE807000120CDE903206946BB
:10CDD0004FF09040E8E700000010024000040040DF
:10CDE00000040048704770B5044690F83C000026E7
:10CDF0000D4601280BD0012084F83C000C2A4AD0B3
:10CE000007DC82B1042A20D0082A06D131E00220B2
:10CE100070BD102A53D0142A63D00126002084F854
:10CE20003C00304670BD206802F0A6FC2068816995
:10CE300041F0080181612068816921F0040181616C
:10CE4000206881692A69114311E0206802F0EAFC38
:10CE50002068816941F4006181612068816921F461
:10CE600080618161206881692A6941EA02218161CA
:10CE7000D4E7206802F026FD2068C16941F008016E
:10CE8000C1612068C16921F00401C1612068C169E4
:10CE90002A69114311E0206802F064FD2068C1692D
:10CEA00041F40061C1612068C16921F48061C16100
:10CEB0002068C1692A6941EA0221C161AEE72068A0
:10CEC00002F0A0FD2068016D41F0080101652068B5
:10CED000016D21F0040101652068016D2A6911438B
:10CEE00011E0206802F0CAFD2068016D41F4006184
:10CEF00001652068016D21F4806101652068016D84
:10CF00002A6941EA0221016588E710B5040003D0CF
:10CF100094F83D0010B107E0012010BD002084F816
:10CF20003C00204600F022F8022084F83D00211D3C
:10CF3000206802F0A1FB012084F8480084F83E003C
:10CF400084F83F0084F8400084F8410084F84200EF
:10CF500084F8430084F8440084F8450084F84600CF
:10CF600084F8470084F83D00002010BD08B5016832
:10CF70001448B1F1804F14D0134A914220D1816DF1
:10CF800041F002018165806D002200F002000090F6
:10CF900011461D20FEF7D0FA1D20BDE80840FEF71F
:10CFA000BEBA816D41F001018165806D002200F003
:10CFB0000100009011461C20FEF7BEFA1C20ECE791
:10CFC00008BD00000010024000040040704700004F
:10CFD00070B50446022269B1042912D0082917D07D
:10CFE0000C291CD0102921D094F84300012824D00A
:10CFF000012070BD94F83E000128F9D184F83E204C
:10D000001DE094F83F000128F2D184F83F2016E09B
:10D0100094F840000128EBD184F840200FE094F808
:10D0200041000128E4D184F8412008E094F842004E
:10D030000128DDD184F8422001E084F84320012258
:10D04000206802F08BFB1D4920681D4A1D4B1E4DB8
:10D0500088420BD0904209D0984207D01B4EB04274
:10D0600004D01B4EB04201D0A84203D1466C46F416
:10D07000004646642068884211D0B0F1804F0ED03F
:10D08000144988420BD01449884208D01349884279
:10D0900005D0904203D0984201D0A84207D18168C0
:10D0A0000F4A1140062906D0B1F5803F03D0016830
:10D0B00041F001010160002070BD0000002C014022
:10D0C0000034014000400140005001400044014054
:10D0D000004801400004004000080040000C0040EF
:10D0E000070001007047704790F88410012918D09C
:10D0F000012180F884102421C0F8881001680A6892
:10D100000B6823F001030B6022F0005100224266FD
:10D11000036819602021C0F8881080F88420104628
:10D120007047022070477047704770B5044690F80A
:10D13000840001281DD0012084F884002420C4F834
:10D14000880020680568026822F0010202602068F9
:10D15000826822F060620A438260204602F0CCFCC2
:10D16000206805602020C4F88800002084F884002E
:10D1700070BD022070BD70B5044690F8840001288F
:10D180001DD0012084F884002420C4F88800206881
:10D190000568026822F0010202602068826822F0BD
:10D1A00060420A438260204602F0A6FC20680560C7
:10D1B0002020C4F88800002084F8840070BD02207C
:10D1C00070BD7047704770B50446D0F88800D4F839
:10D1D0008C60216889684FF01005090618D5212850
:10D1E00016D12068083050E8001F21F0800140E887
:10D1F0000012002AF5D1E06F38B1FCF79FF920B199
:10D20000E06FFCF70CFA202823D0204602F0FEFD48
:10D210002068806840061AD5222E18D12068083070
:10D2200050E8001F21F0400140E80012002AF5D12B
:10D23000D4F8800040B1FCF781F928B1D4F880001F
:10D24000FCF7EDF9202804D0204602F0B5FD0020BF
:10D2500070BDC4F89050032070BD70472DE9F041B7
:10D2600003680446D86919689A6840F60F05284291
:10D270004FF000054FF002060AD187067ED501F077
:10D28000200702F0805C57EA0C0777D0616F42E11B
:10D29000B64FDFF8DCC2174001EA0C0C57EA0C0C61
:10D2A0006CD05FEAC07C0CD05FEAC15C09D54FF05E
:10D2B000010CC3F820C0D4F8903043F00103C4F847
:10D2C0009030830709D5D30707D023681E62D4F8AE
:10D2D000903043F00403C4F8903043070AD5D307D5
:10D2E00008D0266804233362D4F8903043F0020358
:10D2F000C4F8903003070CD501F020033B4308D05D
:10D30000266808233362D4F8903043F00803C4F849
:10D31000903003050BD54B0109D526684FF4006307
:10D320003362D4F8903043F02003C4F89030D4F83E
:10D330009030002B3DD0800609D501F0200002F08E
:10D340008051084303D0616F09B120468847D4F863
:10D35000900021688968490602D410F0280F2AD06D
:10D36000204602F029FD2068806840061ED520680E
:10D37000083050E8001F21F0400100E021E040E8C3
:10D380000012002AF3D1D4F8800078B17949816382
:10D39000D4F88000FCF707F900280AD0D4F8800000
:10D3A000816B00E02046BDE8F04108472046FFF7CA
:10D3B00054FFBDE8F0812046FFF74FFFC4F89050BE
:10D3C000F7E7D4F86CC02027BCF1010F7ED15FEAEB
:10D3D000C06C7BD55FEAC16C78D5102018622068DC
:10D3E0008068400651D5D4F880100A68506800045F
:10D3F000000C3ED0B4F85C3083423AD9A4F85E0009
:10D400000868006880062CD4216851E8000F20F4D9
:10D41000807041E80002002AF6D12068083050E808
:10D42000001F21F0010140E80012002AF5D1206818
:10D43000083050E8001F21F0400140E80012002AA7
:10D44000F5D1C4F88C70E566216851E8000F20F032
:10D45000100041E80002002AF6D1D4F88000FCF761
:10D460006DF82667B4F85C00B4F85E10401A81B21B
:10D4700007E0B4F85C1081429BD11068800698D513
:10D4800026672046FFF74FFE93E7B4F85C00B4F838
:10D490005E10401A81B2B4F85E00002889D00029DD
:10D4A00087D0226852E8000F20F4907042E8000311
:10D4B000002BF6D12D4BDB432068083050E8002FBD
:10D4C0001A4040E8002CBCF1000F00E00EE0F3D160
:10D4D000C4F88C70E5666567206850E8002F22F07C
:10D4E000100240E80023002BF6D1C9E7C60209D597
:10D4F000560207D54FF4801018622046BDE8F0416F
:10D50000FFF760BE03060AD501F0800302F40002B3
:10D51000134304D0A16F00297FF444AF49E74206CA
:10D5200011D54A060FD52046016851E8002F22F098
:10D53000400241E80023002BF6D1C0F888708567CF
:10D5400000F04EF935E7020206D54A0004D5204620
:10D55000BDE8F041FFF735BEC00195D5002993DA4B
:10D560002046BDE8F041FFF7DFBD000001000010DC
:10D5700020010004B1FC000810B5040003D0D4F869
:10D58000880010B107E0012010BD002084F884005D
:10D59000204600F027F82420C4F88800206801689D
:10D5A00021F001010160A06A10B1204602F0C6FA24
:10D5B000204602F043FC0128E6D02068416821F4AF
:10D5C000904141602068816821F02A0181602068D3
:10D5D000016841F0010101602046BDE8104002F001
:10D5E00011BB000070B59CB00646142115A8F7F7D2
:10D5F0003CF854216846F7F738F8264930688842E5
:10D6000045D104200025009003956846FEF774FD7F
:10D6100008B1F9F7D5FF2049886D40F4802088656E
:10D62000886D00F480201A90C86C40F00200C86435
:10D63000C86C15A900F002001A904FF440601590D4
:10D640000220CDE916051890072019901348FCF721
:10D65000F3FF144C124820601C20C4E9010580200F
:10D66000C4E903506561A561E56120462562FCF7C8
:10D6700035F808B1F9F7A4FFC6F88040002211463A
:10D680002720A662FDF758FF2720FDF748FF1CB0B2
:10D6900070BD000000480040001002400004004837
:10D6A0001C0002408409002030B4D0F88C30202BBC
:10D6B00002D0022030BC7047A9B1A2B10023C366DA
:10D6C0000A4C0368A3420BD05B681B0208D50468B0
:10D6D00054E8003F43F0806344E80035002DF6D164
:10D6E00030BC02F0F7BC0120E4E7000000800040FD
:10D6F0000A4910B588420FD10846FFF764FD084A71
:10D700000849094801F0F6FE0B2207490348FFF7D4
:10D71000CBFF06490120087010BD0000F008002072
:10D7200068110020240F0020A43A0020840000206B
:10D7300070472DE9F8430446D0F88800984616460D
:10D740000D46202802D00220BDE8F883A5B19EB185
:10D750000020C4F890002120C4F888001834FDF798
:10D7600095F8A6878146E68754F8100C2027183CC8
:10D77000B0F5805F02D003E00120E5E7206910B139
:10D780002E46002510E000260EE08021204602F003
:10D79000F5FCC0B9DEB116F8010B21688862B4F857
:10D7A0005600401EA4F85600B4F856004B464FF001
:10D7B0000002CDF800800028E7D14FF0400120465C
:10D7C00002F0DCFC40B1C4F888700320BCE735F8F7
:10D7D000020BC0F30800E0E7C4F888700020B3E74C
:10D7E00070474FF4FA7001074863704704484FF0E0
:10D7F0008041D0F88C02C0F5FA7048637047000091
:10D80000A431002004484FF08041D0F89402C0F5C4
:10D81000FA70486370470000A431002001490820D5
:10D8200088617047000400480149042088617047FE
:10D83000000C0048F7EE001A124831EEC02A9FEDA6
:10D84000100A026822EE002ABCEEC22A12EE101A5A
:10D85000C2F89C1071EEE00A006860EE800AFCEEEF
:10D86000E00A10EE901AC0F89C1271EEC10A20EE88
:10D87000800ABCEEC00A10EE101AC0F81C137047E4
:10D8800000D08446F806002010B54FF4C4010548C6
:10D89000FDF79BFCBDE8104040F603710148FDF721
:10D8A0001EBD0000F806002010B54FF4C401054865
:10D8B000FDF7E4FCBDE8104040F603710148FDF7B8
:10D8C00026BD0000F806002006210148FDF783BAB6
:10D8D000F8060020072930D2DFE801F00A10161CF4
:10D8E000222804000068D0F8841341F0010122E0EE
:10D8F0000068D0F8841341F002011CE00068D0F801
:10D90000841341F0040116E00068D0F8841341F05C
:10D91000080110E00068D0F8841341F010010AE01B
:10D920000068D0F8841341F0200104E00068D0F8CA
:10D93000841341F04001C0F88413704770B5064667
:10D940000068D0F88853D0F89043E90707D0E10782
:10D9500005D00121C0F88C133046FDF736FAA80730
:10D9600008D5A00706D531680220C1F88C033046DF
:10D97000FDF72CFA680708D5600706D53168042042
:10D98000C1F88C033046FDF722FA280708D5200796
:10D9900006D531680820C1F88C033046FDF718FA27
:10D9A000E80608D5E00606D531681020C1F88C03DA
:10D9B0003046FDF70EFA680608D5600606D53168D0
:10D9C0004020C1F88C033046FDF704FAA80608D5BC
:10D9D000A00606D531682020C1F88C033046FDF73B
:10D9E0001CFB70BD70B503681A68D3F8A0534C696E
:10D9F00022F020022646144324F0C002202E2BD011
:10DA00008C69022C28D0032C2BD0042C2ED022F091
:10DA1000E00200BF22F40064CA69224322F4806459
:10DA20000A6A224322F0C0644A6A224322F0006458
:10DA30008A6A2243CC6A22F0404242EA840222F0FF
:10DA400000544A6B096B224325F4803421431A6049
:10DA50000068C0F8A01370BD22F0C00242F020029E
:10DA6000D8E722F0800242F04002D3E722F04002E1
:10DA700042F08002CEE72DE9F04704460068D0F876
:10DA80008883D0F890734668C5685FEAC8314FF064
:10DA900001090DD5F9030BD54FF48031C0F88C1373
:10DAA00084F8DD90002084F8DC002046FDF714F9AE
:10DAB0005FEA883009D5B80307D521684FF40030F4
:10DAC000C1F88C032046FCF7E7FEF00708D0E80712
:10DAD00006D02168C1F8089006212046FCF7E0FE38
:10DAE000B00708D5A80706D521680220886006215E
:10DAF0002046FDF7EDF8700708D5680706D52168C0
:10DB00000420886006212046FDF7E3F8300708D599
:10DB1000280706D521680820886006212046FDF7E1
:10DB2000D9F8F00608D5E80606D5216810208860E7
:10DB300006212046FDF74AFAB00607D5A80605D506
:10DB40002168202088602046FDF766FA700608D517
:10DB5000680606D521684020886006212046FDF72A
:10DB600034FABDE8F087F0B50024E426056806EB3A
:10DB7000C11755F807C0B82606EBC116AE59402AA2
:10DB800020D00EDC082A2CD006DC012A1AD0022A6A
:10DB900027D0042A31D115E0102A13D0202A2CD105
:10DBA0001FE0B2F5007F1CD005DC802A19D0B2F549
:10DBB000807F22D106E0B2F5806F03D0B2F5006F0E
:10DBC0001BD10EE04FF0BC0E0EEBC11E5A6845F89B
:10DBD0000E204FF0C00E05680EEBC1119A686A5016
:10DBE0000BE0C42404EBC1145A682A51C825046808
:10DBF00005EBC1119A6862501024FE21A1401A68F9
:10DC00002CEA010CA240D96842EA0C02A14011435F
:10DC10001A69D3F814C01546A2400A430CFA04FC52
:10DC200099694CEA020CA14041EA0C01082D06D189
:10DC3000B20504D4B20102D4DA69A24011430068EB
:10DC4000C151F0BD2DE9F0410746884600688422A5
:10DC500002EBC81146588C2202EBC81145584FF010
:10DC60008802F30702EBC81407D0E90705D00121A9
:10DC7000015141463846FCF713FEB00708D5A80706
:10DC800006D539680220085141463846FDF720F88C
:10DC9000700708D5680706D5396804200851414641
:10DCA0003846FDF716F8300708D5280706D5396835
:10DCB0000820085141463846FDF70CF8F00608D513
:10DCC000E80606D539681020085141463846FDF768
:10DCD0007DF9700608D5680606D5396840200851D8
:10DCE00041463846FDF771F9300608D5280606D5B5
:10DCF00039688020085141463846FCF7CEFDF005D2
:10DD000009D5E80507D539684FF4807008514146B8
:10DD10003846FCF7C3FDB00509D5A80507D5396815
:10DD20004FF40070085141463846FDF72AF9700556
:10DD300009D5680507D539684FF480600851414618
:10DD40003846FDF71DF9300509D5280507D539688E
:10DD50004FF40060085141463846FDF714F9F004CD
:10DD600009D5E80407D539684FF480500851414679
:10DD70003846FDF707F9B00409D5A80407D5396876
:10DD80004FF40050085141463846FCF7A4FF700498
:10DD900009D5680407D539684FF4804008514146D9
:10DDA0003846FDF711F8BDE8F08100002DE9F04F8D
:10DDB0008024036804EBC117DC5924F07044DC5163
:10DDC0000568EC59E82303EBC1139E4655F803C0E0
:10DDD000E42303EBC1139B4655F803A0D5F8A03309
:10DDE000566924F020043443202E24D09669022E54
:10DDF00021D0032E24D0042E27D024F4D07400BFC9
:10DE000024F40066D469344324F48066146A3443ED
:10DE100024F0C066546A344324F00066946A3443A4
:10DE200024F07046D46A3443566B24F40034B6F1BF
:10DE3000005F0FD010E024F4C07444F02004DFE74A
:10DE400024F4807444F08004DAE724F0800444F47D
:10DE50008074D5E744F4003424F04008946B2CF02F
:10DE60003F0C264644EA080424F48028946D44EAD2
:10DE70000804DFF8D08004EA0804D2F8508048EAA9
:10DE8000040992F83C40D2F8408004F03F0444EA90
:10DE90000C0424F0004448EA0408546C2AF4807C02
:10DEA00044EA0C04D2F848C0BCF5606F02D0BCF55F
:10DEB000F05F01D1402E03D124F4F0544CEA040465
:10DEC00024F48046D46C3443566D062927D2DFE80B
:10DED00001F003090F151B21126B23F4003343EAF1
:10DEE00042031CE0126B23F4802343EA820316E012
:10DEF000126B23F4002343EAC20310E0126B23F4F5
:10DF0000801343EA02130AE0126B23F4001343EA7E
:10DF1000421304E0126B23F4800343EA821345F8B2
:10DF20000790056845F80E80056845F80B40D42435
:10DF3000026804EBC11156500068C0F8A033BDE878
:10DF4000F08F0000FFFF06FEFEE70000F0B50023A3
:10DF50000A24302537261F4611E000BFB4EB107F9E
:10DF600002D905EB107C01E006EB107C01F813C030
:10DF700001EB430C00015B1C8CF80170DBB2934297
:10DF8000ECD3F0BD70B5444E04462DED028B3078D5
:10DF9000411C3170717888423ED994F810049FED8D
:10DFA0003F8A04F58065072872D2DFE800F07162CD
:10DFB00004520A386600204600F0C6F894ED410A83
:10DFC0001FE0D4ED5B0A95ED060AF4EEC00AF1EE0F
:10DFD00010FA02D2F0EE601A01E0F0EE401AB1EE53
:10DFE000401AF4EEC11AF1EE10FA07DDF4EEC00AA1
:10DFF000F1EE10FA2AD2B0EE600A27E0B0EE410A44
:10E0000024E0D5ED070A20EE200A84ED330A00BF94
:10E0100084ED328A00203070BDEC028B70BDD4EDEF
:10E020005B0A95ED060AF4EEC00AF1EE10FA02D290
:10E03000B0EE601A01E0B0EE401AF1EE401AB4EE14
:10E04000E11AF1EE10FAD1DCB0EE610A84ED5B0A60
:10E05000D7E7134894ED4E0AB2EE041AD0ED200A29
:10E0600001F0B8FA84ED4F0A0021204603F0CAFC03
:10E070000AE02046F8F766F906E0B0EE000A84ED03
:10E08000FA0A204601F08CF994ED570AB9E7FFE748
:10E0900084ED338ABCE70000D400002000000000BB
:10E0A000A430002000EB8100006E00F0F8407047C3
:10E0B00000EB8100006E00F0F84070478068C0F30C
:10E0C000C00070478068C0F3C00070478068C0F32C
:10E0D000800070478068C0F380007047C06810F40B
:10E0E000406F01D00020704701207047042303EAED
:10E0F000D15310B518444369C1F3045107248C402F
:10E10000A3438A401343436110BD042303EAD15360
:10E1100010B518444369C1F3045107248C40A3434C
:10E120008A401343436110BD00EB8100016E21F072
:10E13000004111430166704700EB8100016E21F040
:10E14000004111430166704790ED4E0AD0ED070A79
:10E1500030EE600AB5EEC00AF1EE10FA02DDF0EE24
:10E16000400A01E0F1EE400A90ED581AF4EEC10ABF
:10E17000F1EE10FA01D29FED1C0AD0ED3A0A90EDB3
:10E18000041A00F5806170EEC10A90ED3E1A60EE4F
:10E19000810A90ED401A41EE000A90ED5B0A30EEE4
:10E1A000800A80ED410AD1ED060AB4EEE00AF1EEF4
:10E1B00010FA02D2B0EE401A01E0B0EE601AF1EEB1
:10E1C000601AB4EEE11AF1EE10FA07DDB4EEE00ADF
:10E1D000F1EE10FA04D3B0EE600A01E0B0EE610A8D
:10E1E00080ED410A7047000000000000F4EEC10A13
:10E1F00030B5F1EE10FA07D2F4EEE10AF1EE10FAC2
:10E200000AD2B0EE602A09E0B4EEE11AF1EE10FA9B
:10E2100002D2B0EE412A01E0B0EE612AF4EEC10A6A
:10E22000F1EE10FA07DDF4EEE10AF1EE10FA0ADD84
:10E23000F0EE602A09E0B4EEE11AF1EE10FA02DD28
:10E24000F0EE412A01E0F0EE612A2C4B72EE222A18
:10E25000B6EE002A2A4CDFED2B3A62EE822A30EE2F
:10E26000E23AC3EE000A9FED283A70EE820A10EE01
:10E27000905A9D4203DD10EE905AA54206DA10EE48
:10E28000905A9D4204DCF0EE430A01E0F0EE630A8E
:10E2900031EE621AC0ED000AC1EE000A70EE820A89
:10E2A00010EE900A984203DD10EE900AA04206DAC2
:10E2B00010EE900A984204DCF0EE430A01E0F0EE22
:10E2C000630A31EEE21AC1ED000AC1EE000A30EE37
:10E2D000820A10EE100A984203DD10EE100AA042E6
:10E2E00006DA10EE100A984204DCB0EE430A01E0B0
:10E2F000B0EE630A82ED000A30BD00000AD7233C6D
:10E30000A4707D3FA4707D3F0AD7233C2DE9F041E6
:10E310009AB000241794189420210FA81994F6F7A6
:10E32000A4F93C216846F6F7A0F92B484FF0A0412C
:10E33000042501604FF44031C0E90114C460046158
:10E34000C0E90545047744770126066280F8244039
:10E35000C462046380F83840C46380F84040FAF730
:10E360001FFE08B1F9F72CF9CDE9176417A91A486F
:10E370001994FAF7D1F908B1F9F722F9174F10A952
:10E3800006204FF07F080F9781E81101CDE9135463
:10E390000FA91148FAF770FA08B1F9F711F901A9B4
:10E3A0000920009781E81101CDE904548DF824403B
:10E3B0008DF8254008968DF826400A940B948DF828
:10E3C000304069460448F9F7F1FC002801D0F9F71C
:10E3D000F7F81AB0BDE8F0810C0400200200300408
:10E3E0002DE9F04198B020210FA8F6F73EF93C2125
:10E3F0006846F6F73AF928482649002401604FF4A8
:10E400004031C0E90114C46004250461C0E9054538
:10E41000047744774FF00108C0F8208080F824404A
:10E4200080F83840C46380F84040C4620463FAF75F
:10E43000B7FD08B1F9F7C4F8184E10A906207F27D8
:10E440000F9681E89100CDE913540FA91248FAF70D
:10E4500013FA08B1F9F7B4F801A90920009681E888
:10E460009100CDE904548DF824408DF82540CDF875
:10E4700020808DF826408DF830400A946946064881
:10E480000B94F9F793FC002801D0F9F799F818B02C
:10E49000BDE8F08100010050780400204000201900
:10E4A00030B58BB0002408940994202168460A9462
:10E4B000F6F7DBF823482249042501604FF4403188
:10E4C000C0E9011485610121C460C0E904410477F9
:10E4D00041770321016280F82440C462046380F81C
:10E4E0003840C46380F84040FAF75AFD08B1F9F7A4
:10E4F00067F808A913480894FAF70EF908B1F9F774
:10E500005FF8114800900620CDE901047F200594B2
:10E51000CDE9030569460B48FAF7AEF908B1F9F7FA
:10E520004FF80A4800900C20019069460548FAF718
:10E53000A3F9002801D0F9F743F80BB030BD000073
:10E5400000040050E4040020020030042000F01415
:10E5500030B589B020216846F6F787F82548244968
:10E56000002401604FF44031C0E9011404258561A5
:10E570000121C460C0E904410477417703210162AD
:10E5800080F82440C462046380F83840C46380F893
:10E590004040FAF705FD08B1F9F712F81648009067
:10E5A0000620CDE901047F200594CDE903056946E5
:10E5B0001048FAF761F908B1F9F702F80F4800902E
:10E5C0000C20019069460B48FAF756F908B1F8F7A4
:10E5D000F7FF0B4800901220019069460548FAF7B2
:10E5E0004BF9002801D0F8F7EBFF09B030BD00006F
:10E5F00000050050500500200800900C1000C010CD
:10E600002000F014154808B5816C41F004018164C4
:10E61000816C01F004010091816C41F00101816481
:10E62000806C002200F00100009011460B20FCF7E6
:10E6300083FF0B20FCF773FF002211460C20FCF730
:10E640007BFF0C20FCF76BFF002211460D20FCF72E
:10E6500073FFBDE808400D20FCF761BF00100240C9
:10E6600070B5264C24480025C4E900054FF44070DD
:10E67000C4E90205012626746574A5740A20C4E95C
:10E6800005060D20E0610320C4E908061820C4E94E
:10E690000A600920C4E90C05A5632046E563FBF781
:10E6A00031FB08B1F8F78CFF144802211838C66016
:10E6B0000560C0E9015140F2FF71C0E90451014613
:10E6C0001830FBF76EF908B1F8F77AFFE56A606A6F
:10E6D00045430A48FBF7BEF9002229460748FBF7E5
:10E6E000A9F90648FBF7C9FDBDE8704000220121E9
:10E6F0000248FBF7C1B80000006800409406002003
:10E700002DE9F04387B014216846F5F7AEFF49487C
:10E71000C16C41F02001C164C16C01F02001059180
:10E72000C16C41F00401C164C16C01F004010591A8
:10E73000C16C41F00101C164C16C01F0010105919E
:10E74000C16C41F00201C164C16C01F0020105918C
:10E75000C16C41F00801C164C06C4FF0904900F0F9
:10E7600008000590002210214846FCF789F8324F36
:10E77000002208213846FCF783F8DFF8C080002229
:10E7800004214046FCF77CF810200090012500246D
:10E79000CDE90154694648460394FBF74DFF08262E
:10E7A0000096CDE90154694638460394FBF744FFCF
:10E7B00004200090CDE90154694640460394FBF7DC
:10E7C0003BFF4FF4406000900220CDE90104072098
:10E7D000CDE9034069463846FBF72EFF182000902C
:10E7E000CDE90154694648460394FBF725FF00969E
:10E7F000CDE90154694648460394FBF71DFFA80282
:10E800000090CDE90154694648460394FBF714FF94
:10E810002C03694648460094FBF70EFF0022214670
:10E820004846FCF72DF8C820FBF714F807B0BDE800
:10E83000F08300000010024000040048000C004873
:10E8400070B5B8B0002429942A942B9460216846AE
:10E850002C94F5F70AFF349435941C212DA8369496
:10E86000F5F703FF242120A8F5F7FFFE202118A8C3
:10E87000F5F7FBFEA848A749C0E900148460FCF73F
:10E88000B5FA08B1F8F79CFE0C21A348FCF725FA6D
:10E8900008B1F8F795FE0A219F48FCF775FB08B10F
:10E8A000F8F78EFE48F2D040CDE929040320082570
:10E8B000CDE92B0529AA06219748FCF7AFFB08B143
:10E8C000F8F77EFE4120CDE9000401260294CDE94F
:10E8D0000346059406940794C0060894CDE90940C0
:10E8E0008000CDE90C400B946A4606218A481794B3
:10E8F000FCF725FD08B1F8F763FE48F26C40349050
:10E9000034AB012206218448FCF7C5FB08B1F8F7B7
:10E9100057FE44F26820299029AA00217E48FCF77E
:10E920007DFB08B1F8F74CFE30942DAA00217A48FF
:10E930002D963394FCF74BFD08B1F8F741FE002209
:10E9400011467548FCF743FB08B1F8F739FE01940E
:10E950004FF48076CDE9104600940F941020CDE955
:10E960001440800316900E9412946A4600216A485F
:10E97000FCF7E5FC08B1F8F723FE6A460421664877
:10E980001294FCF7DCFC08B1F8F71AFE6A46052180
:10E9900061481294FCF7D3FC08B1F8F711FE42F27B
:10E9A0003410349034AB012200215B48FCF773FB38
:10E9B00008B1F8F705FE4FF4406020904FF47A70EC
:10E9C000CDE92104CDE9244023942694279420AA5C
:10E9D000002151482894FCF7B1F908B1F8F7F0FD8F
:10E9E00020AA04214C48FCF7A9F908B1F8F7E8FD82
:10E9F00020AA05214848FCF7A1F908B1F8F7E0FD85
:10EA0000CDE918451A941B941C941D941E9418ABC0
:10EA10000122002140481F94FCF746FC08B1F8F79A
:10EA2000CFFD18AB324604213B48FCF73DFC08B152
:10EA3000F8F7C6FD18AB4FF4806205213648FCF7A5
:10EA400033FC08B1F8F7BCFD18AB022200213248B4
:10EA5000CDE91945FCF728FC08B1F8F7B1FD18AB72
:10EA60004FF4007204212C48FCF71EFC08B1F8F7A3
:10EA7000A7FD18AB4FF4006205212748FCF714FCF2
:10EA800008B1F8F79DFD29AA04212348FCF7C6FA2E
:10EA900008B1F8F795FD2DAA04211F48FCF797FC53
:10EAA00008B1F8F78DFD002204211B48FCF78FFA0E
:10EAB00008B1F8F785FD34AB012204211648FCF7B4
:10EAC000EAFA08B1F8F77CFD29AA05211248FCF7FB
:10EAD000A5FA08B1F8F774FD2DAA05210E48FCF738
:10EAE00076FC08B1F8F76CFD002205210A48FCF716
:10EAF0006EFA08B1F8F764FD34AB0122052106482F
:10EB0000FCF7C9FA08B1F8F75BFD0348FCF7ECF92C
:10EB100038B070BD00680140F80600207047000062
:10EB200010B58AB00024079408941C216846099403
:10EB3000F5F79BFD16484FF0804101601021C0E9B8
:10EB4000011440F2F311C0E9031480218161FEF742
:10EB5000DCF908B1F8F734FD079407A90C480994CB
:10EB6000FDF7D2FF08B1F8F72BFD6020CDE90004D6
:10EB700002940022694606480494FEF734F908B16D
:10EB8000F8F71EFD0248FEF7EFF80AB010BD0000CE
:10EB90005808002010B58AB00024079408941C215E
:10EBA00068460994F5F761FD154814490160A921EB
:10EBB000C0E90114C721C0E903148461FEF7A5F977
:10EBC00008B1F8F7FDFC079407A90D480994FDF773
:10EBD0009BFF08B1F8F7F4FC6020CDE90004029433
:10EBE0000022694606480494FEF7FDF808B1F8F7DC
:10EBF000E7FC0348FEF7B8F80AB010BD0004004077
:10EC0000A40800201E4810B51C4901601D49416040
:10EC1000002181600C22C160C0E904128161C161E0
:10EC2000016241628162FEF7A7FC08B1F8F7C8FCF7
:10EC300000211348FEF79FFA08B1F8F7C1FC002144
:10EC40000F48FEF772FA08B1F8F7BAFC0C48FEF765
:10EC50004BFA08B1F8F7B4FC094894300068016831
:10EC600021F0040101604FF47A70FAF7F3FDBDE87A
:10EC700010400B2204490248FEF716BD0048004030
:10EC8000F0080020A0252600A43A002030B5224C30
:10EC900087B0A06B40F40000A063A06B20F40000DC
:10ECA000A0631E4802F08DF908B1F8F789FC1B48F3
:10ECB00001F007FD08B1F8F783FCE06C40F00100BB
:10ECC000E064E06C4FF4805400F001004FF0904598
:10ECD0000590002221462846FBF7D2FD1421684604
:10ECE000F5F7C3FC0021012000940391CDE9010157
:10ECF00069462846FBF7A0FC002221462846FBF780
:10ED0000BFFD6420FAF7A6FD012221462846FBF745
:10ED1000B7FD07B030BD000000100240EC1A002023
:10ED200010B500220F49104801F094FD08B1F8F722
:10ED300047FC0E490C4801F075FF08B1F8F740FC9C
:10ED40000B49094801F0B6FB08B1F8F739FC064851
:10ED500001F0E2FF002803D0BDE81040F8F730BC16
:10ED600010BD0000F4010020EC1A00203C0300203C
:10ED700048020020FEE7000000EE100ADFED190A4D
:10ED80009FED1B1AB8EE400A174800B520EE200A86
:10ED9000DFED160A80ED010A70EEC00A20EE011ABE
:10EDA000C0ED030A81EE200ADFED120A80ED000AB1
:10EDB00020EE200A04F0DAFBDFED0F0A9FED0F1AB8
:10EDC00060EE200A9FED0E0A00EE810AB7EE001AEF
:10EDD000C1EE000A9FED0B0A30EEC00A80ED020A78
:10EDE00000BD0000A306533AFC0300203333534018
:10EDF00000007A4417B7D1381572313F16A584390F
:10EE0000C8CE5B3B33938843FEE7000000EE100A58
:10EE10009FED041AF8EE400A9FED030A10EE810AF6
:10EE2000704700009D11A53D000048422DE9F84FB4
:10EE3000044640F68F7A40F2064B48F60F784FF0C2
:10EE400000098BE1B0F8441011F00F053AD030F80A
:10EE5000256031047DD530F8251001EA0A0141F022
:10EE6000800120F8251005EB850004EBC00797F81A
:10EE70005C0107F5A87700286CD0F87802286AD0E2
:10EE80003978226832F8210048F68F73184048F22A
:10EE9000C003184322F821003878D4F800C03CF8A9
:10EEA00020104904BCF8501001EB0C027ED540F252
:10EEB000024101EBC000105A8005800D009076D011
:10EEC0003A89A7E0C9062AD4018801EA080141F479
:10EED00000410180206804F11005B0F85010227C38
:10EEE000014440F2024000EBC200085AC0F309009E
:10EEF000E062616A0844606200212046FCF7A0FBE2
:10EF0000207B00289DD0A86900289AD1207B40F062
:10EF100080012068A0F84C1084F80C901EE1018854
:10EF200004F5A8750A051ED5B0F850100A182978FE
:10EF30000BEBC100105A04F52671C0F30903EB6115
:10EF4000EA88206802F0C5FC2168088800EA0A0007
:10EF500002E07BE03FE04EE040F080000880204689
:10EF6000FDF721F8FAE00904D8D5018801EA0A0181
:10EF700041F0800101802068B0F850102A780844E0
:10EF80000BEBC201405A83059B0DEB610DD0696903
:10EF900059B1EA88206802F09CFCE9696869084474
:10EFA000686100212046FCF754FB01E02AE028E0DC
:10EFB000206801880A050DD4C1F30131032909D065
:10EFC00001884BF68F72114081F4405148F2800263
:10EFD00011430180C2E02068B0F850103B780A1855
:10EFE0000BEBC301515A8905890D009117D0FA889E
:10EFF0007969009B11E0324639462046FCF798FBC0
:10F0000000900CE00BEBC000105A8005800D0090C2
:10F0100005D07A8903466046796902F05AFCF9699D
:10F0200000980844F8617869009908447861B869E3
:10F0300018B139690098814204D939782046FCF723
:10F0400008FB03E03946206802F07AFA30062DD535
:10F0500005EB850004EBC001206830F8252002EAAA
:10F06000080242F4004220F82520C87C1031012813
:10F070001DD0F0056ED42068B0F8502013180A781F
:10F0800040F2024000EBC200185A8A69C0F309003E
:10F09000824258D9121A8A6157D04A6902444A6199
:10F0A000CA691044C861206802F04AFA56E0C1F803
:10F0B00018900A7B48461AB3720622D54A7812B1D4
:10F0C000012A14D041E02068B0F8502010440A789A
:10F0D00000EBC200B0F80224C2F30902A0F8022437
:10F0E000B0F8022442F40042A0F802242DE0226885
:10F0F000B2F850301A440B7802EBC302A2F80204B3
:10F1000023E04B78226813B1012B13D01DE0B2F835
:10F11000500010440A7800EBC200B0F80624C2F395
:10F120000902A0F80624B0F8062442F40042A0F830
:10F1300006240AE0B2F850301A440B7802EBC302FE
:10F14000A2F8060401E0C1F8189009782046FCF7FF
:10F1500077FA03E032462046FCF758FB2068B0F807
:10F16000441009043FF56EAE0020BDE8F88F0000A2
:10F1700090ED071A1D4ADFED1E1A70EE410A10EEDF
:10F18000901A914202DD70EEE10A06E010EE901A4C
:10F19000184A914201D370EEA10A90ED060A90ED53
:10F1A000042A154A02EE200A80ED060AD0ED032A51
:10F1B000B0EE402A02EEA02A80ED052AD0ED020A28
:10F1C00002EE201A11EE101A80ED071A914202DBAE
:10F1D00071EE610A06E0B5EEC01AF1EE10FA03D244
:10F1E00071EE210AC0ED070A70470000DB0F4940AD
:10F1F000DB0FC940DB0F49C0DB0FC940054A67235D
:10F2000013707623D37150700868C2F8020010465C
:10F2100070470000A003002010B50B480B4A0021E6
:10F2200002EB810350F8044B491C1C604029F7DBBA
:10F23000074A002102EB810350F8044B491C1C6073
:10F24000FF29F7DD10BD000000F00108A430002008
:10F25000A43100202DE9FF47214C72B6FBF730F9AD
:10F26000002001211F228DE807001E4E03917060CF
:10F270001C496846091DFBF755F87068401CF7D11A
:10F28000DFF864900025B04609EB8500D0E90067FF
:10F2900032463B4621460020FBF7C0F888F80000C4
:10F2A0000028F5D10834AD1C402DEDDBDFF83C80A3
:10F2B000002500BF08EB8500D0E9006732463B46D9
:10F2C00021460020FBF7AAF80028F7D10834AD1C2E
:10F2D000FF2DEFDDFBF794F862B6BDE8FF87000075
:10F2E00000F0010890030020A4300020A431002089
:10F2F0007047000090ED040A11B1D0ED3B0A01E027
:10F30000D0ED3A0A30EEC00A80ED3C0AB0EE401A69
:10F31000B5EEC01AF1EE10FA02DDB0EE410A01E0DE
:10F32000B1EE410AD0ED420AB4EEE00AF1EE10FA75
:10F3300001DC9FED1A1A00F5806180ED3C1A90ED1A
:10F340003E0AD0ED400AD0ED071A20EE010A00EE89
:10F35000E10A80ED410AD1ED050AB4EEE00AF1EED2
:10F3600010FA02D2B0EE402A01E0B0EE602AF1EECF
:10F37000601AB4EEE12AF1EE10FA07DDB4EEE00A0D
:10F38000F1EE10FA04D3B0EE600A01E0B0EE610ACB
:10F3900080ED410A80ED3D1A70470000000000003A
:10F3A00070B590ED4E0AD0ED070A00F580652B4E42
:10F3B00030EE600A044685ED000A96F90000D5EDAE
:10F3C000010A00280BD005DDB5EEC00AF1EE10FAF7
:10F3D00005D308E0B5EEC00AF1EE10FA03DD70EED9
:10F3E000800AC5ED010AD4EDFB0A95ED011A00EE85
:10F3F000810A84EDFF0AD4EDFC0A06F0BDFBD4EDD2
:10F40000FD0A95ED001A20EE200AD4EDFB0A00EE6D
:10F41000810AD4EDFE0A94EDFF1A00EE810AD4EDC4
:10F42000FA0A20EE200A84ED570AD5ED060AB4EE5A
:10F43000E00AF1EE10FA03DBC4ED570A01200BE0FD
:10F44000F1EE600AB4EEE00AF1EE10FA03D8C4ED72
:10F45000570AFF2000E00020307070BDF803002044
:10F4600070470178407841EA00207047FBF7F2BF0F
:10F4700000B593B038216846F5F7F7F814210EA8C7
:10F48000F5F7F3F80020FCF7D1FD222000904FF4AF
:10F4900080700390402004900120069002200421F7
:10F4A000CDE908015521CDE90A1007900621CDE9E3
:10F4B0000C106846FDF7EAF808B172B6FEE70F20B7
:10F4C0000E9003200F9000201090119012900421B4
:10F4D0000EA8FCF791FF002801D072B6FEE713B02A
:10F4E00000BD00000248016841F4700101607047EE
:10F4F00088ED00E0F0B50E46154604460A2103F0FB
:10F50000C3FEA27A014613488A4202D121786A29B1
:10F5100003D08168491C8160F0BDE178A778C907F4
:10F520006378C90B41EA07211943A37962795B0724
:10F530005B0B43EA02222379C9081A43C6F8D010AC
:10F540005109054AC5F8D010012111704168491CC4
:10F550004160F0BDE800002004000020F8B518A0CC
:10F56000184D00680090297817480024F1B1047004
:10F570004178491CC9B24170012916D1134E44701B
:10F580004FF6FF73346074603481B47201226946AF
:10F590000F48FEF7CEF8346074603481B4720B22E9
:10F5A00031460B48FEF780F82C70F8BD0178491CF5
:10F5B000C9B201700529F8D9012129700470F8BD7C
:10F5C0006A00000084000020E8000020A43A002027
:10F5D000F0080020214800B5B0EE605AF0EE400A75
:10F5E00090ED000ADFED1B5AD0ED014AF0EE401A13
:10F5F0009FED192A45EEA41AC0ED001AF0EE411A4B
:10F60000B0EE601AF0EE640A03F0BEFF45EE804AE9
:10F61000C0ED014AF5EEC04AF1EE10FA02DDB0EE9F
:10F62000640A01E0B1EE640AB4EEC50AF1EE10FA24
:10F630000DDDF5EEC04AF1EE10FA02DDB7EE000A7C
:10F6400001E0BFEE000A20EE050A80ED010A90ED10
:10F65000000A00BD17B751386F12833AE00300204B
:10F660000148FDF7AFBA0000580800200148FDF737
:10F67000A9BA0000A40800202DE9F04F02682E4B23
:10F680002E4E2F4FDFF8BCC02F4C304D4FF0804B2B
:10F6900098420BD0584509D0B04207D0B84205D0A7
:10F6A000604503D0A04201D0A84204D122F07008E6
:10F6B0004A6842EA0802DFF89880DFF89890DFF89D
:10F6C00098A0984211D058450FD0B0420DD0B84202
:10F6D0000BD0604509D0A04207D0404505D0484531
:10F6E00003D0504501D0A84203D122F44076CA6825
:10F6F00032434E6922F08002324302608A68C2625D
:10F700000A688262984209D0A04207D0404505D0DD
:10F71000484503D0504501D0A84201D10969016391
:10F72000012141610169C90703D0016921F001018B
:10F730000161BDE8F08F0000002C01400004004092
:10F7400000080040000C004000340140005001401F
:10F7500000400140004401400048014010B501F064
:10F760001F030121046A99408C430462016A9A4094
:10F770001143016210BD00002DE9F047056A026ADD
:10F7800022F001020262436882691F4C25F00205E3
:10F7900022400C6822F0030214438A681C4E2A435C
:10F7A0001A4D1C4FDFF870C0DFF87090DFF870A0C2
:10F7B000A84209D0B04207D0B84205D0604503D076
:10F7C000484501D0504506D122F00808CA6842EAEF
:10F7D000080222F00402A84209D0B04207D0B84281
:10F7E00005D0604503D0484501D0504505D14D694D
:10F7F00023F440731D438B692B4343608461496844
:10F8000041630262BDE8F0878FFFFEFF002C0140DC
:10F8100000340140004001400044014000480140E4
:10F8200000500140F0B5056A026A22F0100202623F
:10F83000426883691C4C1E4E23400C6823F44073BD
:10F8400043EA042425F020038D681A4F43EA051388
:10F85000164DA84203D0B04201D0B84207D1D1F82A
:10F860000CC023F0800343EA0C1323F04003A842AA
:10F870000CD0B0420AD0104DA84207D00F4DA8427C
:10F8800004D00F4DA84201D0B84207D14D6922F4EF
:10F89000406242EA85028D6942EA850242608461E3
:10F8A000496881630362F0BDFF8FFFFE002C0140B9
:10F8B000003401400050014000400140004401403C
:10F8C00000480140F0B5056A026A22F480720262C3
:10F8D0004368C2691C4C1E4E22400C6822F0030291
:10F8E000144325F400728D681A4F42EA0522174D21
:10F8F000A84203D0B04201D0B84207D1D1F80CC021
:10F9000022F4006242EA0C2222F48062A8420CD067
:10F91000B0420AD0104DA84207D0104DA84204D0E2
:10F920000F4DA84201D0B84207D14D6923F440538E
:10F9300043EA05138D6943EA05134360C4614968CE
:10F94000C1630262F0BD00008FFFFEFF002C01408A
:10F95000003401400050014000400140004401409B
:10F9600000480140F0B5056A026A22F48052026242
:10F970004268C3691C4C1E4E23400C6823F440733C
:10F9800043EA042425F400538D681A4F43EA0533F3
:10F99000164DA84203D0B04201D0B84207D1D1F8E9
:10F9A0000CC023F4004343EA0C3323F48043A84201
:10F9B0000CD0B0420AD0104DA84207D00F4DA8423B
:10F9C00004D00F4DA84201D0B84207D14D6922F4AE
:10F9D000404242EA85128D6942EA85124260C46162
:10F9E000496801640362F0BDFF8FFFFE002C0140F7
:10F9F00000340140005001400040014000440140FB
:10FA00000048014030B5056A026A22F48032026281
:10FA10004268036D124C23400C681C4325F40033EC
:10FA20000D8943EA05430F4DA8420ED00E4DA84262
:10FA30000BD00E4DA84208D00D4DA84205D00D4D5B
:10FA4000A84202D00C4DA84204D14D6922F4803264
:10FA500042EA05224260046549688164036230BD60
:10FA60008FFFFEFF002C01400034014000400140A8
:10FA700000440140004801400050014030B5046A94
:10FA8000026A22F4801202624268036D134D24F46C
:10FA900000142B400D6843EA05230D8944EA055400
:10FAA0000F4DA8420ED00F4DA8420BD00E4DA842CC
:10FAB00008D00E4DA84205D00D4DA84202D00D4DE4
:10FAC000A84204D14D6922F4802242EA8522426094
:10FAD00003654968C164046230BD0000FF8FFFFE0A
:10FAE000002C01400034014000400140004401402E
:10FAF000004801400050014030B5416EB9B1026884
:10FB000091689268C1F342610B4B520F9C5CE50017
:10FB100003F10804A25CB5FBF2F2A0F86A205A5C7B
:10FB2000615CD200B2FBF1F1A0F8681030BD012198
:10FB3000A0F86A10F8E70000BE6E010890F82810DF
:10FB4000090706D501684A68836B22F400421A430C
:10FB50004A6090F82810C90706D001684A68C36A4D
:10FB600022F400321A434A6090F82810890706D51B
:10FB700001684A68036B22F480321A434A6090F8A5
:10FB80002810490706D501684A68436B22F4802291
:10FB90001A434A6090F82810C90606D501688A6899
:10FBA000C36B22F480521A438A6090F828108906A9
:10FBB00006D501688A68036C22F400521A438A60F1
:10FBC00090F82810490611D501684A68436C22F460
:10FBD00080121A434A60416CB1F5801F06D101685A
:10FBE0004A68836C22F4C0021A434A6090F82810D5
:10FBF000090606D501684A68C06C22F40022024357
:10FC00004A6070472DE9F84300260446C0F890602A
:10FC1000FAF73CFE8046206800684FF02005000798
:10FC20006FF07E4713D543460022290420460097F3
:10FC300000F0A4FA58B1216851E8000F20F08000CC
:10FC400041E80002002AF6D1C4F8885021E020687B
:10FC50000068400722D5434600224FF48001204629
:10FC6000009700F08BFAC8B1216851E8000F20F42A
:10FC7000907041E80002002AF6D12068083050E870
:10FC8000001F21F0010140E80012002AF5D1C4F85C
:10FC90008C5084F884600320BDE8F883C4F8885051
:10FCA000C4F88C5044F86C6F666026760020F3E749
:10FCB00010B5806A0021A0F85E10FDF7CEFA10BDE5
:10FCC00070B5846AD4F88800D4F88C5021688968AB
:10FCD0004FF00006090606D5212804D1A4F8566085
:10FCE000204600F093F820688068400606D5222D53
:10FCF00004D1A4F85E60204600F05EF8D4F89000CD
:10FD000040F01000C4F890002046FDF7A6FA70BD40
:10FD100010B50146806A096809684FF0000289063B
:10FD20002DD4A0F85E20036853E8001F21F48071F1
:10FD300043E80014002CF6D10168083151E8003F77
:10FD400023F0010341E80034002CF5D101680831AB
:10FD500051E8003F23F0400341E80034002CF5D186
:10FD60002021C0F88C10C16E012908D1016851E82A
:10FD7000003F23F0100341E80034002CF6D1026765
:10FD8000C16E012902D0FDF7B3FC10BDB0F85C10C4
:10FD9000FDF7C9F910BD10B5806A01210167C16E78
:10FDA000012902D0FDF7C4FC10BDB0F85C10490871
:10FDB000FDF7B9F910BD000010B5026852E8001F48
:10FDC00021F4907142E80013002BF6D10E4B02682B
:10FDD000083252E8001F194042E80014002CF6D106
:10FDE000C16E012908D1016851E8002F22F01002EC
:10FDF00041E80023002BF6D12021C0F88C1000210F
:10FE0000C166416710BD0000FEFFFFEF026852E8C7
:10FE1000001F21F0C00142E80013002BF6D1016859
:10FE2000083151E8002F22F4000241E80023002BA2
:10FE3000F5D12021C0F88810704700002DE9F0416D
:10FE40000446016880682269E369104362690025FD
:10FE50001A431043DFF84CC20A68934B1A4002431E
:10FE60000A6020684168E26821F440511143416012
:10FE70002168A069614501D0226A10438A688B4BD2
:10FE80001A4002438A602068C16A626A21F00F0149
:10FE90001143C1628649236886488B420DD1D0F850
:10FEA000880010F0030006D0012867D0022854D043
:10FEB000032851D164E001204FE07F498B420BD1F0
:10FEC000D0F8880010F00C0047D0042845D008284E
:10FED00052D00C2840D153E078498B420BD1D0F856
:10FEE000880010F0300038D0102847D0202843D0A8
:10FEF000302831D144E072498B420BD1D0F88800D0
:10FF000010F0C00029D0402838D0802834D0C02834
:10FF100022D135E06B498B420ED1D0F8880010F425
:10FF200040701AD0B0F5807F28D0B0F5007F23D084
:10FF3000B0F5407F10D123E063450DD1D0F88800A3
:10FF400010F4406009D0B0F5806F17D0B0F5006FA5
:10FF500012D0B0F5406F13D010205B4A5B4F0026E3
:10FF60004FF40041634539D160B102280DD0042817
:10FF70000DD0082831D10EE00220EEE70420ECE796
:10FF80000820EAE7FCF726FB03E0114603E0FCF754
:10FF900045FB01007BD0606A37F810206768B1FB31
:10FFA000F2F007EB4703834269D8B0EB073F66D80E
:10FFB000002308461946F4F74FFA090241EA106196
:10FFC00002027808101871413A460023F4F744FA07
:10FFD0003F4AA0F54071914257D950E0E3694FF68E
:10FFE000EF788B422BD1092849D2DFE800F00508D1
:10FFF0000D48254848480E00FCF7ECFA01E0FCF7F4
:020000040801F1
:10000000FBFA010001D142E01146606A37F81000A6
:10001000B1FBF0F04100606801EB5001B1FBF0F181
:10002000A1F1100040452AD84FF6F07201EA020013
:10003000C1F34201084328E0FCF7F0FAE1E70928A0
:100040001DD2DFE800F005080D1C1E1C1C1C0E0054
:10005000FCF7C0FA01E0FCF7CFFA010001D116E08D
:100060001146606A37F81000B1FBF0F1606801EBEF
:100070005001B1FBF0F0A0F11001414504D9012578
:1000800005E0FCF7CBFAE8E780B22168C860012000
:10009000A4F86A0024F8680F2846E6602661BDE8E7
:1000A000F081000000800040F369FFCFFFF4FF11F2
:1000B0000038014000100240004400400048004069
:1000C000004C0040005000400024F400A66E0108DF
:1000D000FFFC0F0070B58165A0F85C20002104468C
:1000E000C0F890102220C4F88C00D4F88000F0B141
:1000F0001F4BC362D4F880301E481863D4F8803098
:100100001D485863D4F8800013468163A56D2168AB
:100110002A462431D4F88000F9F740FB38B110208A
:10012000C4F890002020C4F88C00012070BD206924
:1001300040B1216851E8000F40F4807041E80002AE
:10014000002AF6D12068083050E8001F41F0010174
:1001500040E80012002AF5D12068083050E8001F5E
:1001600041F0400140E80012002AF5D1002070BDA6
:1001700011FD000897FD0008C1FC00082DE9F047BB
:10018000994617460D4604464FF00008089E33E096
:10019000701C31D0FAF77AFBA0EB0900B04218D8F6
:1001A000BEB120680168490726D5802D24D0402D96
:1001B00022D0C169C94309070DD40825056220462C
:1001C000FFF7FAFDC4F8905084F884800120BDE860
:1001D000F0870320FBE7C069C04300050CD4216809
:1001E0004FF4006008622046FFF7E6FD2020C4F8C7
:1001F000900084F88480ECE72068C06935EA00004C
:1002000004D00020B842C3D00020E0E70120F9E785
:100210000148FDF723B80000F008002010B50A4699
:10022000024903A000F0E6FA004810BDBC1D002002
:1002300043444320436F6E66696700002DE9F04137
:100240000C46D0F8C422D0F8BC12E9B104EB840605
:1002500000EB86050027AB693BB102EBC602126AD0
:10026000B3FBF2F602FB163282B1C1F81472D0F879
:10027000C00203692BB1D1F80802224601F50471CE
:1002800098470020BDE8F0810320FBE700231A46D1
:100290002146AF6100F0A7FCF3E770B5D0F8BC428F
:1002A00005466CB100F08EFBC4F80C02D5F8C01204
:1002B000D4F80402CA6804F503719047002070BDA9
:1002C000032070BD70B50446812100F0DFFA0025DF
:1002D00025870121204600F0D9FAA4F8785182211F
:1002E000204600F0D3FAA4F84C50A4F84E50D4F8AD
:1002F000BC0248B1D4F8C00204F52F7440688047AE
:10030000206800F06BFE2560002070BD1220088080
:10031000004870471802002010B5D0F8BC4284B1E4
:10032000D0F8C01259B194F80002FF2807D08B68AA
:1003300094F8012221469847FF2084F8000200200B
:1003400010BD032010BD00000A2101800048704745
:10035000640200204321018000487047B40200205D
:100360004321018000487047700200204321018032
:1003700000487047F80200202DE9F04704464FF48A
:10038000077000F02DFE05004FF0000735D0C4F8CF
:10039000BC52207C4FF010084FF40079012680B346
:1003A000402302228121204600F061FB2687402362
:1003B00002220121204600F05AFBA4F87861A4F83B
:1003C0004E80082303228221204600F050FBA4F82F
:1003D0004C60D4F8C00200688047C5F81472C5F8B4
:1003E0001872207CD5F80422A8B1402301212046B0
:1003F00000F049FB0020BDE8F0870220C4F8BC7281
:10040000F9E7FFE74B4602228121204600F02FFB4F
:1004100026874B46CCE74B46E8E7000010B50A4676
:10042000024903A000F0E6F9004810BDBC1D002001
:1004300043444320496E7465726661636500000041
:1004400004200880004870471402002010B50A46B6
:10045000024903A000F0CEF9004810BDBC1D0020E9
:1004600048657263756C65730000000010B50A463C
:10047000024903A000F0BEF9004810BDBC1D0020D9
:1004800048657263756C65730000000010B5D0F8A4
:10049000BC1251B1027C002AD1F8042207D04023BB
:1004A000012100F0F0FA002010BD032010BD4FF430
:1004B0000073F5E719B1C0F8C0120020704703209F
:1004C0007047000010B51A2008800A480168001D16
:1004D0000468001D0068081809D008220649FDF7C5
:1004E00035FD0549042210312046FDF72FFD024855
:1004F000801E10BD9075FF1F2E020020D0F8BC0298
:1005000018B1C0F804120020704703207047D0F8DB
:10051000BC0228B1C0F81022C0F8081200207047B1
:10052000032070472DE9FC410646D0F8BC7200203C
:100530000C468DF80000ADF80400054637B1207870
:1005400010F0600128D0202944D102E00320BDE84A
:10055000FC81E288C2B1000660780AD5D6F8C012E4
:100560008B6839469847E288072A00D9072239461E
:1005700028E087F80002A07987F80102E28839466E
:10058000304600F06CF82AE0D6F8C01260780022FD
:100590008B682146984722E0607830B101281ED050
:1005A0000A2809D00B2815D110E096F89C020328E0
:1005B00010D1022201A905E096F89C02032809D176
:1005C00001226946304600F064F808E096F89C0283
:1005D000032804D02146304600F036F8032528468B
:1005E000B5E710B5D0F8BC12012219B1D1F8143218
:1005F00013B10FE0032010BD0122C1F81422D1F87D
:100600001022C262D1F81032D1F80822812100F004
:10061000EAFA0022104610BD10B5D0F8B8220AB18F
:1006200052689047002010BD134610B50A460021BD
:1006300000F029FA002010BD134610B50A4600212B
:1006400000F0D1FA002010BD10B50446802100F062
:10065000A6FA2046BDE81040002100F0A0BA10B56F
:100660000323C0F89432C0F858211346C0F85C2127
:100670000A46002100F007FA002010BD10B5052140
:10068000C0F8941200231A46194600F0FCF9002025
:1006900010BD10B50223C0F8943282611346C261C6
:1006A0000A46002100F09FFA002010BD10B5042179
:1006B000C0F8941200231A46194600F094FA00205C
:1006C00010BD70B5044600F07CFA012084F89C024D
:1006D000D4F8B802002538B1426821792046904705
:1006E000C4F8B852C4F8C052C4F8B4522046C4F892
:1006F000CC52BDE8704000F05CB9F8B5044600206B
:10070000ADF8000048880D46010A062947D006DCEE
:1007100001290FD0022912D0032962D11DE0072937
:1007200046D00F295DD1D4F8B402C26920E06946F1
:1007300090473BE0D4F8B412207C0A68F7E7207CAD
:1007400002260028D4F8B80205D0C16A6846884756
:100750000146467036E0816AF8E7C0B2062840D20A
:10076000DFE800F003090D111519D4F8B40242684E
:10077000B2B3207CDBE7D4F8B4028268F8E7D4F89F
:10078000B402C268F4E7D4F8B4020269F0E7D4F81E
:10079000B4024269ECE7D4F8B4028269E8E7207C4D
:1007A000F0B9D4F8B802416B68468847014609E0C1
:1007B000207CA8B9D4F8B802016B68468847014686
:1007C00007204870EA888AB1BDF8000040B1824233
:1007D00000D90246ADF800202046FFF75AFFF8BDC9
:1007E000FFE729462046FFF72FFFF8E72046FFF7EF
:1007F0005DFFF4E770B5002300281ED000250446F5
:1008000002E06D1CEDB2641C2678002EF9D10224A2
:1008100004EB450414801278CA545B1C0322CA54AA
:1008200000245B1C06E0CA545B1CDAB28C54521CD8
:10083000D3B2401C0278002AF5D170BD01004FF000
:10084000000004D0012901D0022901D00320704703
:100850000120704778B10023C0F8B832C0F8C03228
:10086000C0F8CC3209B1C0F8B412012180F89C1252
:10087000027000F0ABB80320704710B5D0F8C40286
:10088000FAF729FFBDE81040FFF7D8BF10B5D0F840
:10089000C402FAF7FBFEBDE81040FFF7CFBF70B50A
:1008A0001646044621B194F89C02032841D048E042
:1008B000D4F8941204F114000025022932D1D0E9B1
:1008C00002318B4206D95A1A826031462046FFF720
:1008D000B3FE0FE0994214D14068884211D3D4F896
:1008E000981288420DD2002211462046FFF7A4FE3E
:1008F000C4F8985200231A461946204600F0C3F85F
:1009000010E094F89C02032805D1D4F8B802C1681D
:1009100009B1204688478021204600F040F9204652
:10092000FFF7ACFE94F8A00201280AD184F8A05287
:1009300007E0D4F8B80242691AB12046904700286F
:1009400000D1002070BD10B51346044621B194F8C3
:100950009C02032823D02AE0D4F8941204F5AA704C
:10096000032924D1D0E9021291420AD98A1A82605D
:10097000C068824200D3024619462046FFF754FE63
:1009800015E094F89C02032805D1D4F8B802016957
:1009900009B1204688472046FFF788FE07E0D4F8D3
:1009A000B80282691AB120469047002800D1002081
:1009B00010BD10B5D0F8C402FAF755FEBDE81040DE
:1009C000FFF73CBFD0F8C402FBF7E0B810B51E49F2
:1009D0000446C1F8D802C0F8C4121C4808600820B8
:1009E000087102204871C87100200872487288722C
:1009F000C8720846FBF704FA08B1F6F7E1FD0022D9
:100A0000D4F8C4021823114604F53174FAF7FAFD3C
:100A10005823002280212068FAF7F4FDC023002229
:100A200081212068FAF7EEFD4FF48873002201213E
:100A30002068FAF7E7FD4FF48073002282212068D6
:100A4000FAF7E0FD002010BD10180020005C004007
:100A50000A0601F07F01D0F8C40201EB810100EB2E
:100A6000C10001D5807C704790F85201704710B5E5
:100A70001C461346D0F8C4022246FBF790F8BDE8A6
:100A80001040FFF7DBBE10B5D0F8C402FBF7B5F895
:100A9000BDE81040FFF7D2BE70B50125044680F8CE
:100AA0009C520020C4F894026060C4F8A402D4F8F8
:100AB000B802E0B1D4F8BC1221B1426812B10021F1
:100AC000204690470022402311462046FFF7CFFFE3
:100AD0004026A4F864513346002280212046C4F801
:100AE0006061FFF7C4FFA5840020266270BD03206B
:100AF00070BD90F89C12042903D190F89D1280F8E3
:100B00009C120020704710B5D0F8B81221B190F8AF
:100B10009C22032A02D004E0032010BDC96901B160
:100B20008847002010BD01740020704710B5D0F830
:100B3000C402FBF725FABDE81040FFF77FBE70B591
:100B4000044600F2AA20054600F056F80120C4F839
:100B50009402B4F8B002C4F8980294F8AA0210F013
:100B60001F010AD001290ED0022912D000F0800105
:100B70002046BDE8704000F012B829462046BDE886
:100B8000704000F0CBB829462046BDE8704000F028
:100B9000EFB929462046BDE8704000F049B910B5CC
:100BA000D0F8C402FBF740F8BDE81040FFF746BE9E
:100BB00010B5D0F8C402FBF7FDF9BDE81040FFF70F
:100BC0003DBE10B5D0F8C402FBF709FABDE81040ED
:100BD000FFF734BE90F89C1280F89D12042180F833
:100BE0009C120020704710B5D0F8C402FBF74BF8F8
:100BF000BDE81040FFF722BE70B5054611F8010BA5
:100C00002870087868704C1C2046FEF72AFC688023
:100C1000A41C2046FEF725FCA880A01CFEF721FCA2
:100C2000E88070BD38B504460020ADF8000049B139
:100C3000C4F8B812C96A19B168468847C4F8CC022A
:100C4000002038BD032038BD02460320D2F8B83258
:100C5000002B02D01B681046184770472DE9F04161
:100C60000F462C4E8978002504463170012906D99B
:100C700039462046FFF7E8FC0320BDE8F08194F8F0
:100C80009C0202280CD003281DD039462046FFF7CD
:100C9000DBFC31782046FFF7BFFC03252846ECE754
:100CA00099B320466160FFF7CFFF050004D03946B5
:100CB0002046FFF7C9FCF1E72046FFF7F7FC0320C9
:100CC00084F89C02EAE74FF00208C1B160688842EC
:100CD0001BD0C1B22046FFF79FFC317820466160EF
:100CE000FFF7B2FF050010D039462046FFF7ACFCF5
:100CF00021792046FFF790FC84F89C82CEE784F8A7
:100D00009C8220466160FFF787FC2046FFF7CEFCFF
:100D1000C4E7000060020020FFF74ABF2DE9F04160
:100D20000A78002512F0600208D0202A01D0402A5B
:100D300071D1D0F8B8229268904731E04B78002208
:100D400001260A2B67D2DFE803F0415E6658660889
:100D500005662D29FFF7D1FC5FE004468888D8B9E5
:100D6000C888C8B94888802816D200F07F0794F850
:100D70009C02032810D084F89E7239462046FFF763
:100D8000D5FE2046FFF792FC1FB1022084F89C029A
:100D900043E084F89C6240E020463CE0FFF75EFFC1
:100DA00005463AE0CB88012B35D190F89C32012BD7
:100DB00004D0022B02D0032B2DD104E0826001224B
:100DC00000F1080116E00122011D13E090F89C22B9
:100DD000012A03D0022A01D0032A1CD1CA88022A80
:100DE00019D1C660D0F8A41209B10321C160022252
:100DF00000F10C01FFF74DFC0FE0498801290CD1EF
:100E0000C0F8A46211E090F89C32012B08D0022BAC
:100E100006D0032B04D0FFF717FC2846BDE8F0816D
:100E200049880129F9D1C0F8A422FFF73FFCF4E773
:100E30002DE9F0410D46044628780026097910F086
:100E400060000BD0202801D040286DD1D4F8B80222
:100E50002946826820469047064686E06878A8B30F
:100E6000012822D003287CD194F89C02022802D0C9
:100E7000032876D10BE0002973D0802971D0204659
:100E8000FFF78DFE80212046FFF789FE6DE0688820
:100E900038B931B1802904D0E88810B92046FFF76D
:100EA0007EFE2046FFF702FC5FE094F89C020228D9
:100EB000E1D0032855D16888A8BB480602D0204657
:100EC000FFF7DBFC2046FFF7F1FBBFE7FFE794F8F5
:100ED0009C020027022802D0032842D111E009B168
:100EE00080293ED1080601F07F0000EB800004EB72
:100EF000800101D5143101E001F5AA7102220F60D1
:100F00002BE0080601F00F0000EB800004EB8000EE
:100F10000BD5808C40B101F07F0000EB800004EB2A
:100F2000800514350CE020E01BE0B0F86401C0B18E
:100F300001F07F0000EB800004EB800505F5AA7549
:100F400041B1802906D02046FFF782FD10B1012073
:100F5000286000E02F60022229462046FFF799FB17
:100F600003E029462046FFF76FFB3046BDE8F081DD
:100F700070B50646087800240D4610F0600003D0D6
:100F8000202801D0402817D196F89C02012803D0D0
:100F9000022801D003280FD1287901280CD8D6F8CF
:100FA000B8028268304690470446E888204306D15C
:100FB0003046FFF77BFB02E03046FFF745FB20465B
:100FC00070BD10B50446FFF7FCFDD4F8B80218B1A7
:100FD0004268217920469047002010BD70470000EC
:100FE00000487047F01500202DE9F04F0C780025DF
:100FF00030F8243048F68F121340CA78002A7DD08A
:10100000012A7CD0022A02D0032A79D0012548F295
:101010008002134320F824300E7830F8263048F64A
:101020008F7423403343134320F826300B7B48F260
:10103000C00A48F6BF774CF280094BF68F764FF620
:10104000FF7B4FF4004EE3B3CB7891F800C0022B46
:1010500030F82C307ED048F68F6803EA080313433B
:1010600020F82C30B0F8503091F800C0034403EB66
:10107000CC03B1F808C02CF0010CA3F800C4B0F800
:10108000503091F800C0034403EBCC03B1F80AC020
:101090002CF0010CA3F804C44B7891F800C0002B8D
:1010A00030F82C304FEA43437ED0002B06DA30F87C
:1010B0002C30234043EA090320F82C3091F800C07B
:1010C00000E02EE030F82C305B0606D530F82C30EE
:1010D000234043EA0A0320F82C30CB780C78012B0C
:1010E00030F8243003EA070301D083F020031343D0
:1010F00020F824300B7830F8231002E008E00DE0EF
:1011000009E03140114320F823102846BDE8F08F54
:1011100043F400737BE743F4C06378E743F48063F0
:1011200075E74B78002BB0F85030034424D00E788C
:1011300003EBC603CE8826F00106A3F800640B7803
:1011400030F82360760608D530F82360264046EA5A
:101150000A0600E061E020F82360CB78012B06D07E
:101160000B7830F82310394081F02001CAE70B7862
:1011700030F823103940C5E70F7803EBC703CF8859
:1011800027F00107A3F80474B0F850300F78034437
:1011900003EBC703B3F80674C7F30907A3F8067493
:1011A00003F206430F6900E03DE05FB13E2F0DD82A
:1011B0004FEA570CFF0701D00CF1010C1F880BEA16
:1011C0008C2C0CE01F8847F400470AE04FEA571CBC
:1011D000FF0601D1ACF1010C1F884EEA8C2C47EAC6
:1011E0000C071F800F7830F827305B0406D530F8E5
:1011F0002730234043EA090320F827300B782BB12E
:1012000030F82310314081F400517BE701883140F0
:1012100081F440511143018077E7234048F2801860
:1012200043EA08031CE7002B06DA30F82C30234091
:1012300043EA090320F82C3091F800C030F82C3034
:101240005B0606D530F82C30234043EA0A0320F829
:101250002C304B7813B1012B2DD035E0B0F8503045
:101260000C78034403EBC403B3F80244C4F3090449
:10127000A3F802440C6903F202435CB13E2C0ED881
:101280004FEA540CE40701D00CF1010C1C880BEA66
:101290008C2C0DE01C8844F400441C8014E04FEAC0
:1012A000541CE40601D1ACF1010C1C884EEA8C2CD4
:1012B00044EA0C04F1E7B0F850300C78034403EB37
:1012C000C4030C8AA3F802444B7813B1012B2DD030
:1012D00035E0B0F850300C78034403EBC403B3F8A6
:1012E0000644C4F30904A3F806440C6903F2064358
:1012F0005CB13E2C0ED84FEA540CE40701D00CF13F
:10130000010C1C880BEA8C2C0DE01C8844F4004472
:101310001C8014E04FEA541CE40601D1ACF1010C2E
:101320001C884EEA8C2C44EA0C04F1E7B0F85040DB
:1013300023180C7803EBC4030C8AA3F806440C783A
:1013400030F82430334083F44053134320F82430E2
:101350000DE72DE9F04391F80C804F780A7848F6B4
:10136000BF7C4BF68F7948F2800348F2C0054CF2FF
:10137000800648F68F74B8F1000F28D0002F30F89F
:1013800022704FEA474748D0002F05DA30F8227024
:101390002740374320F822700A7830F822707F0601
:1013A00005D530F8227027402F4320F822700D78A1
:1013B00030F825202240324320F825200C7830F8E0
:1013C000242002EA0C021A4320F824201AE07FB1FC
:1013D00030F82260760605D530F8226026402E438C
:1013E00020F822600A7830F8221001EA0C010EE0A1
:1013F00030F822506D0405D530F822502540354391
:1014000020F822500A7830F8221001EA0901194325
:1014100020F822100020BDE8F083002F05DA30F814
:1014200022702740374320F822700A7830F8226073
:10143000760605D530F8226026402E4320F822603B
:101440000E7830F8262022402A4320F826200C78F7
:1014500030F8242002EA09021A4320F82420C1E7C8
:1014600030F8581F41F4004101800020704730F8E7
:10147000581FC1F30E01018000207047012120F8A0
:10148000401F00210180818001820846704730F8AA
:10149000401F4BF68072914301800020704730B5A9
:1014A0004B780A78002B48F68F7530F8223048F2D6
:1014B000800415D05B0607D530F822302B4048F267
:1014C000C0052B4320F82230CA78012A1DD00A78A3
:1014D00030F8221048F6BF73194081F0200111E066
:1014E0005B0407D530F822302B404CF280052B43AB
:1014F00020F822300A7830F822104BF68F7319400A
:1015000081F44051214320F82210002030BD10B555
:101510004A780978002A48F2800330F8212005D063
:1015200048F6BF74224082F0100204E04BF68F743C
:10153000224082F480521A4320F82120002010BD5E
:101540002DE9F04706460C464878097B4FF0000825
:1015500048F68F7248F2801748F68F6348F2800A87
:10156000012809D0002971D0E07802286FD0012825
:101570006ED00120BDE8F087A5692069854200D9B9
:10158000054691B1E17802291ED0206A401B2062F5
:10159000207836F820104906B6F85010314401EB97
:1015A000C00075D5A0F8065418E1ABB2E288304609
:1015B000616900F0B1F9B6F850002178304400EBD1
:1015C000C100A0F802540FE1216A81427AD9217842
:1015D00036F821001040384326F82100206A401BCD
:1015E0002062207836F820104FF6FF7749066178A0
:1015F0004FF4004967D511B101292AD030E0B6F87F
:101600005010314401EBC000B0F80614C1F30901D9
:10161000A0F8061400F206404DB13E2D0CD8690822
:10162000EA0700D0491C028807EA81210BE0018803
:1016300041F40041018013E06909EA0600D1491E26
:10164000028849EA81210A43028009E0EFE008E1CB
:101650001DE1B6F85020911901EBC000A0F8065426
:101660006289ABB23046616900F056F9606928447E
:1016700060612169206A884202D9401B206202E031
:101680000546C4F82080607818B101282BD032E0DC
:101690002FE0B6F850002178304400EBC100B0F8DC
:1016A0000214C1F30901A0F8021400F202405DB176
:1016B0003E2D0ED86908EA0700D0491C028807EAC7
:1016C00081210DE0A0E018E0018841F40041018093
:1016D00011E06909EA0600D1491E028849EA812120
:1016E0000A43028007E0B6F850002178304400EB4E
:1016F000C100A0F80254228971E011B1012927D05C
:101700002DE0B6F85010314401EBC000B0F80214DF
:10171000C1F30901A0F8021400F202404DB13E2DC0
:101720000CD86908EA0700D0491C028807EA812121
:101730000BE0018841F40041018010E06909EA06EC
:1017400000D1491E028849EA81210A43028006E04D
:10175000B6F85010314401EBC000A0F802542289C1
:10176000ABB23046616900F0D7F860692844606127
:101770002169206A884202D9401B206202E00546A6
:10178000C4F82080607810B1012836D026E0B6F881
:1017900050002178304400EBC100B0F80614C1F3CA
:1017A0000901A0F8061400F206404DB13E2D0CD8F8
:1017B0006908EA0700D0491C028807EA81210BE08A
:1017C000018841F40041018008E06909EA0600D17E
:1017D000491E028849EA81210A4302806289ABB22C
:1017E0003046616900F098F8217836F8210048F613
:1017F000BF72104080F0300053E0B6F850108819E6
:10180000217800EBC100CDE6227836F8220018409E
:1018100040EA0A0026F82200B6F850002278304448
:1018200000EBC2008BB2A0F802342289D8E7A0698D
:1018300008B9E07878B1217836F82100184040EAFC
:101840000A0000BF26F82100A169206981421ED943
:10185000081AA0611DE0217836F8210010403843B5
:10186000F0E7E069A8B1217836F82100430401D5FA
:10187000430603D444F2400318420AD136F821004B
:10188000104048F2C002104326F8210001E0C4F8DD
:101890001880217836F821004BF68F72104080F4C2
:1018A000405040EA0A0026F82100002062E60021AC
:1018B000A0F844104BF68071A0F84010002070474B
:1018C0000148FAF7F7B9000010180020B0F84400FA
:1018D000704710B510445C0800F5806008D030F8FF
:1018E000022B01F8012B120A01F8012B641EF6D11C
:1018F000DA0701D00088087010BD11B98021A0F866
:101900004C1000207047012120F8401F00218180E9
:10191000032101800020704710B55B1C10445B0858
:1019200000F580600AD000BF11F8012B11F8014BBF
:1019300042EA042220F8022B5B1EF5D110BDFEE71F
:10194000416D09680B6823F001030B60416D096864
:101950004A60416D09680A6842F001020A60016844
:101960008868024A1040001D88607047C0FFFF7FF2
:1019700070B50568AB68224C23405B1CAB60C36D3F
:1019800040F60165AB4343F48073C365C36D23F434
:101990008013C365036E23F00603036605681C23EA
:1019A0002B600368DD6845F00105DD60436D1B6851
:1019B0001D6825F001051D60436D1D6DDB6C5D60CC
:1019C000436D93F844501B6C05F01F060125B5408C
:1019D0005D60436D1B685A60436D02681B6840324E
:1019E0009A60426D1268D160416D09680A6842F0E0
:1019F00001020A60016888682040001D886070BD8F
:101A0000C0FFFF7F90F8342142B111B190ED4F0A31
:101A100001E090ED4E0AD0ED090A07E011B190ED1A
:101A20004F0A01E090ED4E0AD0ED070A30EE600A51
:101A300080ED500AB5EEC00AF1EE10FA01DCB1EE0D
:101A4000400AD0ED580AB4EEE00AF1EE10FA03D2E3
:101A50009FED350A80ED500AD0ED501A90ED510AF5
:101A60003249F6EE000A31EE800A91F90020002A90
:101A700060EE200A90ED520A0BD005DDF5EEC00AAB
:101A8000F1EE10FA05D30AE0F5EEC00AF1EE10FA15
:101A900005DD90ED551A01EE200A80ED520AF0EEB8
:101AA000400A90ED530AF4EEC00AF1EE10FA02D2A9
:101AB000B0EE601A01E0B0EE401AB1EE402AB4EE8A
:101AC000C21AF1EE10FA07DDF4EEC00AF1EE10FAD8
:101AD00004D2B0EE600A01E0B0EE420A80ED520A94
:101AE000D0ED540A00F5806201EEA00A80ED570A9D
:101AF000D2ED060AB4EEE00AF1EE10FA01DD0122A1
:101B000007E0F1EE600AB4EEE00AF1EE10FA04D25A
:101B1000FF220A70C0ED570A01E000220A70C0EDF2
:101B2000511A90ED570A704700000000C8030020CA
:101B30000B499FED0A0A81ED3A0A0021C0F8D8103E
:101B4000D0ED050A0749C0ED040A81ED000A0649F7
:101B50000069886005490120087070470000000096
:101B6000F80900205C000020A4300020B103002010
:101B700003B401984100009850EAC12018BF042026
:101B80004A0D18BF40F0010040F2FF72B2EB515F06
:101B900008BF40F00200012808BF052002B07047CE
:101BA0004100080218BF04200A0E18BF40F00100CF
:101BB0004FF07F4232EA010108BF40F002000128E5
:101BC00008BF052070470907090E002804DB00F153
:101BD000E02080F80014704700F00F0000F1E020D2
:101BE00080F8141D7047000010B52DED040B86B071
:101BF0009DED060B10EE100A10EE901A8DED000B05
:101C0000002818BF0120084320F00040C0F17F6089
:101C100000F1E040C00F21D19DED080B10EE101A2D
:101C200010EE900A8DED000B002918BF012108432A
:101C300020F00040C0F17F6000F1E040C00F0DD106
:101C400029490798B1EB400F04BF0698002842D0FD
:101C50000998400004BF089800283CD09DED080B6F
:101C600053EC102B9DED060B51EC100B04F0AAFD6C
:101C7000CDE902019DED020B40F2FF7110EE900ADA
:101C80008DED000B31EA105021D00798039900F038
:101C9000004001F00041884219D09DED080B8DED08
:101CA000040B9DED020B8DED000B10EE900A0599D3
:101CB00061F31E0005909DED041B9DED020B51ECA0
:101CC000110B53EC102B04F02BFECDE902019DED1E
:101CD000020B0AB010BD0120F2F749FD0AB0BDE8C1
:101CE000104001F03DB900000000E0FF10B52DEDFF
:101CF000028BF0EE408A18EE900AB0EE608A20F077
:101D00000040C0F1FF40C00F07D118EE100A20F0CC
:101D10000040C0F1FF40C00F2BD018EE101A18EE93
:101D2000900A05F035F800EE100A10EE100A6FEA7E
:101D3000D05010F0FF0F04BFBDEC028B10BD18EEA9
:101D4000900A00F0004110EE100A00F000408142BD
:101D500004BFBDEC028B10BD18EE101A10EE100A75
:101D6000BDEC028B61F31E0000EE900A30EE600ABB
:101D700010BD18EE900A4FF07F41B1EB400F1CBF31
:101D800018EE100A5FEA4000C7D10120F2F7EFFC1D
:101D9000BDEC028BBDE8104001F012B910B510EE99
:101DA000100A2DED068BB7EE001A10EE901AB0EE69
:101DB000418A0022A0F5000CDFEDFE9A4FF000737F
:101DC000BCF1FE4F4FF07F4403EB410C80F0B48137
:101DD000BCF1804FC0F02082F74901449FEDF73AF3
:101DE000B1F5005F40F2D48200F58021CB0C03F006
:101DF0000F0101EE901AC3F307137F3BA0EBC35012
:101E0000B8EEE12A00EE100A1A44DFEDED2AF0EEFA
:101E1000411A42EE221AF0EE613A70EE232A30EEB9
:101E2000632A12EE900A00F500606FF30B0001EEDA
:101E3000900A73EEE13A33EE804AC1EE223A22EE86
:101E4000230A10EE100A00F500606FF30B0000EE9D
:101E5000100A00EE612A00EE442A62EE232A70EE98
:101E6000221A21EEA12ADFEDD73A02EE233A23EE21
:101E7000023A20EE012A22EE811A03EE211A32EEF6
:101E8000010A10EE100A00F500606FF30B0000EE7F
:101E9000100A72EE401A31EE812A9FEDCB1A60EEE5
:101EA000011A9FEDCA1A20EE011A9FEDC90A02EE2F
:101EB000001A31EE810A10EE100A00F500606FF38F
:101EC0000B0000EE100AC34871EEC01A31EE812AF1
:101ED000784400EBC10090ED003AD0ED011A1001FA
:101EE00001EE100AF8EEC12A32EE211A31EE001A84
:101EF00031EE031A31EE221A11EE100A00F50060DD
:101F00006FF30B0009EE100A39EE621A31EE431A34
:101F100031EE400A30EE610A32EE40AA10EE900A2D
:101F2000002100F500606FF30B0008EE900A0846F0
:101F300070EEE8AA4FF0000029EE280A00F00C012C
:101F4000F0EEC00A10EE900AB0F18B4F0DDD10EEEE
:101F5000900AB4EB400F08D310EE100A4FF08B42FA
:101F600062F31E0008EE900A13E069EE2A0A38EECA
:101F7000AA1A4AEE010A30EE201A11EE100A00F5F4
:101F800000606FF30B0008EE900A30EE680A70EE06
:101F9000209A0C204FF0000038EEA90AB5EEC00AD6
:101FA000F1EE10FA34BFFEEE000AF6EE000A30EE53
:101FB000800ABDEEC00A10EE100A011100EE101AE0
:101FC000F8EEC00A00EE100AB8EEC00A38EEC00AF9
:101FD00030EE290ADFED801A9FED801A00EE211AFB
:101FE000DFED7F1A7F4900F00F0040EE011A21EE6D
:101FF000800A794401EB800191ED001A7A49794415
:1020000001EB8001D1ED001A784901EE801A794484
:1020100001EB8000764990ED000A31EE001AB0EE37
:10202000E00A10EE100A884215DA10EE100AB4EB3E
:10203000400F10D39FED6F0A30EE800ADFED6E0A7D
:1020400020EE200A68EE010ABDEC068BBCEEC00A49
:1020500020EE200A10BD10EE100A6849884243DACB
:1020600010EE100AB4EB400F3ED3BDEEE00A68EE6E
:10207000010A10EE100A00EBD0725110C90501F1EF
:102080007E5100EE101AA0EB6200C00560EE200A3F
:1020900000F17E5000EE100A60EE808A18EE900A81
:1020A000B4EB400F0FD10220F2F761FB00F090FF7C
:1020B00010EE101A18EE100ABDEC068B61F31E002C
:1020C00000EE100A10BD18EE900A400011D018EE74
:1020D000900AFFF765FD042808BF00F081FFB0EE0D
:1020E000680ABDEC068B10BDF5EEC00AF1EE10FAE1
:1020F0000FD20220F2F73BFB00F072FF10EE101A35
:1021000018EE100ABDEC068B61F31E0000EE100AFB
:1021100010BD0220F2F72BFB00F05AFF10EE101A50
:10212000B0EE480A10EE100ABDEC068B61F31E00FB
:1021300000EE100A10BD00BFBCF1804F6CD300BF91
:1021400000F1FF43B3F1FE4F24D200BFB0EEC00A4E
:1021500010EE100AC1F3C7537F2B0DDB972BBFF690
:102160003BAEC3F196034FF0010C0CFA03F3A3F15D
:10217000010C1CEA010F08D00120F2F7F8FABDECBF
:10218000068BBDE8104000F01BBF0B4218BFBFEE2E
:10219000008A21E643001CBF4FF08073B3EB400F71
:1021A00034D96FF01A02DFED161A20EE210A10EE74
:1021B000100A27E000000000001080C0ABAAAA3E71
:1021C0000000803D7EE24C3E00B03842D49AB8BB5D
:1021D0003BAA384250500000FC596337C9FF753A9A
:1021E0001872313DEE4F000022500000924F000067
:1021F0000000FC420000FE420000004B0000404393
:102200000000004D10F0004FA0D1E5E5A0F500035F
:10221000B3F1FE4F21D2DFE503EB4103B3F1007FC1
:1022200011D3F5EEC00AF1EE10FA05D1430018BF44
:10223000B4EB400F76D883E701F0004141F0FC5148
:1022400000EE901A7CE7B3F1807F06D210EE903A50
:10225000A3F5000300EE903A72E720F000426FF021
:10226000FF4C604C02EB0C03A34210D321F000435F
:102270009C44A4450BD3B0F17E5F18BF5FEA410CCC
:1022800050D0B2F1FF4F98BFB3F1FF4F05D9BDEC6D
:10229000068BBDE8104000F090BEB0F1FF4F0FD0AC
:1022A000C1F3C7527F2A09DB972A11DAC2F19602DD
:1022B000012303FA02F2531E0B4205D0002208E06C
:1022C00011F0004F55D128E00A4218BF012200D179
:1022D000022210F5000F13D028B3B0F1004F26D022
:1022E00010F1814F4FD04FF0FE42B2EB400F94BF40
:1022F00001200020012202EBE171884239D10CE07B
:1023000011F0004F02D0012A38D032E0012A02BF7A
:102310009FED350ABDEC068B10BD9FED340ABDEC78
:10232000068B10BD2FE011F0004F0CD121E0B1F170
:10233000FF4F1ED011F5000F05D011F0004F15D042
:102340000AB1012A08D00220F2F711FABDEC068B7F
:10235000BDE8104000F024BE0220F2F708FA00F0B9
:102360001FFEBDEC068BB1EE400A10BD0AB1012A7A
:1023700004D0B0EE690ABDEC068B10BDBDEC068B37
:102380009FED1B0A10BDBDEC068BB7EE000A10BD19
:1023900030EE410AB5EE001A9FED172A00EE413AE1
:1023A000B6EE001A60EE001A00EE431A61EEC11A92
:1023B0009FED101A20EE011A20EE020A9FED0F2A5F
:1023C00001EE820A71EE001A11EE900A00F500602B
:1023D0006FF30B0009EE100A31EE491A31EE00AA34
:1023E0009CE50000FFFF3F00000080FF0000807FB1
:1023F0000000008000B0B841D49A38BB3BAAB84175
:1024000000B510EE101A2DED028B81B0524A6846CD
:10241000B2EB410F2ED94FF0E640B0EB410F94BF25
:1024200000204FF0FF3000900098B0EE408A002866
:102430006ADB10F0010F4BD068EE080A9FED471AD7
:102440009FED470A00EE810A9FED461A10F0020F39
:1024500000EE801AB7EE000A00EE810A02BF01B05A
:10246000BDEC028B00BD00BF01B0B1EE400ABDEC77
:10247000028B00BD3C4B21F00042934241D911F048
:10248000004FDFED3A0A20EE201ADFED390A19BFBE
:1024900031EE601A71EE200A31EE201A71EE600AF8
:1024A000BDEEE01A11EE100A9FED321A00F00300A3
:1024B00000EEC10A9FED301A009000EEC10A9FEDB8
:1024C0002F1A00EEC10A9FED2E1A00EEC10AABE7EB
:1024D00028EE080A9FED2B1ADFED2B0A10F0020FF1
:1024E00040EE410A9FED291A00EE201A61EE000A23
:1024F000B0EE480A08EE200AB6D101B0BDEC028B5E
:1025000000BD00F075FD8FE718EE100A4000B0F135
:102510007F4F0DD218EE100AFFF742FB042808BFC8
:1025200000F05EFDB0EE480A01B0BDEC028B00BDCC
:1025300009D10120F2F71BF901B0BDEC028B5DF867
:1025400004EB00F03DBD01B0B0EE480ABDEC028BDB
:102550005DF804EB00F02EBDB61F927EB93AB2BA18
:10256000CA9F2A3DDDFFFFBE490E494683F9223F3F
:102570000000004B0000C93F00A0FD390020A2333D
:102580001A61342C336D4C39DA82083CA0AA2ABE79
:1025900000B52DED048BB0EE409AF0EE609A83B05A
:1025A00051EC190B04F0C8F941EC180B18EE100AA5
:1025B00018EE901A8DED008B002818BF01200843FB
:1025C00020F00040C0F17F6000F1E040C00F14D067
:1025D00019EE101A19EE900A8DED009B002918BF14
:1025E0000121084320F00040C0F17F6000F1E0408D
:1025F000C00F04BF0120F2F7BAF8B0EE480A03B0EA
:10260000F0EE680ABDEC048B00BD10B52DED028B19
:10261000B1EEC08A18EE100A20F00040C0F1FF4071
:10262000C00F0AD010EE100A20F00040C0F1FF40A9
:10263000C00F04BF0120F2F79AF8B0EE480ABDECD3
:10264000028B10BD0000000010B51D499FED1A1B44
:102650002DED020B84B0059820F000408842DCBFCD
:1026600001209DED040B21DD1649884209D1049813
:1026700040B94FF00100F2F77AF800F071FC06B0B3
:1026800010BD05DB9DED040B00F05EFC06B010BD37
:1026900068469DED040B00F017F800F001000121E1
:1026A000A1EB40009DED021B9DED000B00F0A4FA94
:1026B00006B010BD00000000000000000000000097
:1026C000FB21E93F0000F07F2DE9F14F04462DED9D
:1026D000020B2DED088B8AB09FEDE70B80ED020B0E
:1026E000139EE74826F0004585420ADC9DED120B5B
:1026F000002084ED000B0AB0BDEC088B03B0BDE8F0
:10270000F08FE0489FEDE0AB9FEDE1BBA84247DDD5
:10271000E14F9FEDE39B9FEDE48B9DED120B53EC9E
:102720001A2B51EC100B002E1CDD04F0D1F941ECFA
:10273000100BBD4208D053EC1B2B51EC100B04F0D6
:10274000C7F9C4E900010BE053EC192B51EC100B55
:1027500004F0BEF953EC182B04F0BAF9C4E90001F7
:102760000120C8E703F0DCFC41EC100BBD4208D0AF
:1027700053EC1B2B51EC100B03F0D2FCC4E900010D
:102780000BE053EC192B51EC100B03F0C9FC53EC8C
:10279000182B03F0C5FCC4E900014FF0FF30AAE795
:1027A000C348A84279DB9DED120B51EC100B00F0F1
:1027B000D1FE41EC180B9FEDC00B53EC102B03F036
:1027C00009FF9FEDBF1B53EC112B03F0A9FC03F095
:1027D000A7FE074603F0D3FE41EC190B53EC1A2B6E
:1027E00003F0F8FE53EC182B04F09AF841EC180BA8
:1027F00053EC1B2B51EC190B03F0ECFEDFF8C8A2D5
:1028000041EC100B4FEA15580125FA4453EC102BFC
:1028100051EC180B04F05CF9032DC4E900013DD024
:10282000C1F30A5005EB4511A8EB000011398142B4
:1028300034DA0AEB051BB0EE48AA9BED000BF0EE74
:1028400068AA53EC102B51EC190B03F0C3FE41ECBA
:102850001B0B51EC1A0B53EC1B2B04F039F941EC18
:10286000180B51EC1A0B53EC182B04F031F953EC04
:102870001B2B04F02DF99BED020B41EC1A0B53ECD2
:10288000102B51EC190B03F0A5FE53EC1A2B04F09E
:102890001FF941EC100B6D1CB8E70EE0002EA8BF2D
:1028A0003846BFF628AF94ED000B51EC100B03F047
:1028B000F9FBC4E9000178421DE7C6F3130040F4B8
:1028C000801EC6F30A50A0F2F530471100F01F0534
:1028D000C5F12000DDF848B0089000200690079070
:1028E0000520EC467949002D07EB0002794408BF2A
:1028F00051F8221009D051F8223001EB8201AB408F
:102900004A68089922FA01F11943A1FB0E26A1FB9E
:102910000B131A449A4234BF0123002303EB060829
:102920000CEB8003D3E901A60E448E4234BF012193
:10293000002192448A4411B1924502D903E09245A4
:1029400001D2012100E00021C3E901A641444CF875
:102950002010011EA0F10100C4DC029800F100501B
:10296000850F0298DDE903678000DDF8148003F02D
:1029700006FE41EC1A0B304603F018FE9FED541B87
:1029800053EC112B03F026FE41EC1B0B384603F0F1
:102990000DFE9FED511B53EC112B03F01BFE41EC80
:1029A000180B404603F002FE9FED4D1B53EC112B1C
:1029B00003F010FE41EC190B51EC180B53EC192BE2
:1029C00003F0AEFB53EC1B2B03F0AAFB53EC1A2BCA
:1029D00003F0A6FBCDE90801002008909DED080B4F
:1029E00053EC1A2B51EC100B04F072F853EC1B2B28
:1029F00004F06EF853EC182B04F06AF853EC192B22
:102A000003F08EFF9FED381B53EC112B03F0E2FD1A
:102A10009FED370B41EC180B53EC102B9DED080B81
:102A200051EC100B03F0D6FD53EC182B03F078FBA0
:102A30009FED310B41EC180B53EC102B9DED080B67
:102A400051EC100B03F0C6FD53EC182B03F068FBA0
:102A500041EC100B139810F0004F06D06D4251EC72
:102A6000100B03F01FFB41EC100B284684ED000B0C
:102A700041E600000000000000000000000000002F
:102A8000FB21E93F7CD9024000004054FB21F93F83
:102A90003163621A61B4D03DFB21F93F00000000B0
:102AA0000000601A61B4D03D7370032E8A19A33BF5
:102AB000FB2139410000000083C8C96D305FE43F4D
:102AC000000000000000E03F9A480000E8470000D6
:102AD000000000000000103E000000000000103C5C
:102AE000000000000000103A182D4454FB21F93D6D
:102AF0003326A611460B113C00000054FB21F93D82
:102B000070B504462DED028B4D1E00EBC500B0EEF6
:102B1000408AF0EE608A90ED000B35F0060017D089
:102B200053EC182B51EC100B03F054FD41EC100B3F
:102B30006D1E04EBC50090ED001B51EC100B53EC27
:102B4000112B03F0EDFA41EC100B35F00600E7D144
:102B5000022D36D0042D1CD0062D1CBFBDEC028BDF
:102B600070BD53EC182B51EC100B03F033FD94EDBA
:102B70000A1B53EC112B03F0D3FA53EC182B03F080
:102B800029FD94ED081B53EC112B03F0C9FA41EC1D
:102B9000100B53EC182B51EC100B03F01BFD94EDB4
:102BA000061B53EC112B03F0BBFA53EC182B03F06C
:102BB00011FD94ED040B53EC102B03F0B1FA41EC32
:102BC000100B53EC182B51EC100B03F003FD94ED9C
:102BD000021B53EC112B03F0A3FA53EC182B03F058
:102BE000F9FC94ED001B53EC112B03F099FABDECAA
:102BF000028B41EC100B70BDF1B506462DED040BB8
:102C0000BD482DED0C8B8AB0B0EE418AF0EE618AA2
:102C1000179D25F000449FEDBABB9FEDBBCB8442CE
:102C200008DA9DED160B51EC100B03F079FC00282F
:102C300000F0E980B64FA74231DC002D0DDA9DEDA2
:102C4000160B51EC100B03F02DFACDE9160151ECE7
:102C5000180B03F027FA41EC180B9FEDAF0B53EC68
:102C6000102B9DED160B51EC100B03F059FE53EC9D
:102C7000182B9FEDAB0BCDE9040151EC100B03F0C9
:102C800027FF41EC100B53EC102B9DED040B51EC86
:102C9000100B03F045FA9FEDA48BCDE916019DEDD5
:102CA000160B53EC102B51EC100B03F093FCCDE9F9
:102CB00004019DED040B53EC102B51EC100B03F0B1
:102CC00089FC41EC190B9A480621B0EE490AF0EE56
:102CD000690A7844FFF714FF9648B0EE40DAF0EE48
:102CE00060DAB0EE490AF0EE690A06217844FFF78F
:102CF00007FF9DED041B51EC100B53EC112B03F05F
:102D000069FC9DED040B41EC1A0B53EC102B9DED6F
:102D1000160B51EC100B03F05DFC41EC190B53EC5E
:102D20001A2B51EC1D0B03F0FBF953EC192B03F09C
:102D300051FC53EC182B03F0F3F99DED041B53ECFD
:102D4000112B03F047FC53EC182B03F0E9F941EC8D
:102D5000180B9FED790B51EC190B53EC102B03F072
:102D600039FC53EC182B03F0DBF941EC190B9DED0A
:102D7000160B53EC192B51EC100B03F0D1F941EC6D
:102D8000180BA74269DC304603F0F9FB41EC1A0B43
:102D900051EC180B53EC1A2B03F0C2F941EC1B0B4E
:102DA00053EC182B51EC180B03F014FC53EC1B2BB9
:102DB00003F05EFA53EC192B03F08AFE9DED161B0F
:102DC00053EC112B03F0ACFD9FED5D1B53EC112B6D
:102DD00003F000FC53EC1A2B03F0A2FD41EC180B9E
:102DE000022000EAA570C0F1010003F0C8FB53EC1B
:102DF000182B03F0EFFB00BF41EC100B0AB0BDEC49
:102E00000C8B05B0F0BD711C1698214308430CD003
:102E10009DED160B012E1CBF53EC102B51EC1C0B1F
:102E200010D000BF03F024FAE6E79DED160B51EC3D
:102E3000100B00F08FFB41EC100B51EC1B0B53EC13
:102E4000102BEFE751EC100BFEF792FE042808BFA1
:102E500000F096F89DED160BD0E7012E04BFB0EE02
:102E6000480AF0EE680AC9D08DED048B0024049462
:102E70009DED040B53EC102B9DED160B51EC100B3C
:102E800003F04EFD53EC192B03F04AFD41EC190BF6
:102E900053EC182B51EC1C0B03F0EAF941EC180B26
:102EA0008DED008B00949DED040B53EC102B9DEDEC
:102EB000000B51EC100B03F08DFB53EC1B2B03F0BC
:102EC0002FF99DED000B41EC1A0B53EC192B51EC33
:102ED000100B03F07FFB53EC1A2B03F021F953EC9A
:102EE000182B03F077FB9DED001B53EC112B03F027
:102EF00017F981E7000000000000303E00000000EC
:102F0000000000000000F03F000000000000F0BFE3
:102F10002894E53F00000000182D4454FB21E93FB0
:102F2000075C143326A6813C00000000000000006E
:102F3000BA440000D0440000635555555555D53F5F
:102F4000000000000000004010B553EC102B51ECC5
:102F5000100B03F0E5F841EC100B10BD0000000071
:102F60009FED050B10B553EC102B51EC100B03F03B
:102F70007FF941EC100B10BD0000000000000000C4
:102F80009FED050B10B553EC102B51EC100B03F01B
:102F900021FB41EC100B10BD0000000000000010F0
:102FA000DFED030AB7EE001A81EE200A7047000039
:102FB0000000000030EE000A704730EE200A704733
:102FC000DFED020A80EEA00A70470000000000005A
:102FD0009FED020A20EE000A70470000000000701A
:102FE0009FED020A20EE000A70470000000000106A
:102FF0002DE9F0014FF07F42B2EB410F9FBF4FF040
:10300000FF310160BDE8F00170474FF0004242EA35
:103010000123C1F3C752783A551112F01F0C434CEB
:10302000CCF120067C44C1F3C752A2F178024FEAEA
:10303000621204EB820254F8254008BFD2E901561F
:1030400012D0556804FA0CF425FA06F73C43976849
:1030500005FA0CF527FA06F8D26807FA0CFCF240DC
:1030600045EA08054CEA0206A4FB034CA5FB035203
:10307000A6FB03631D449D4234BF0126002613199D
:10308000334416B1934202D903E0934201D20122A4
:1030900000E00022624402F1200C9206DC0C42EABD
:1030A000443200EE102A5B03DFED210AF8EEC01A6D
:1030B00000EE103A4FEA9C1C11F0004FB8EE400AA7
:1030C000C0F800C020EE201A00EE105ADFED190AF9
:1030D000B8EE400A20EE200A71EE810A70EE800AF6
:1030E00010EE902A02F500626FF30B0200EE902AB8
:1030F00070EEE11A31EEC11ADFED101A30EE411A0E
:103100009FED0D0A20EE800A01EE210A9FED0C1AB8
:1031100000EE810A04BFBDE8F0017047CCF1805198
:103120000160BDE8F001B1EE400A7047484100007F
:10313000000000360000802C22AAFD29DB0FC92FD9
:103140000000C92F30380A2801D201207047002022
:10315000704700009FED163AF6EE002A60EE833AC3
:1031600040EE623A63EEA14ADFED123A20EEA34A46
:1031700060EE233A40EE014A20EEC11A00EE624AA8
:1031800040EEE23A20EE030A00EEE20A03EEE11A14
:1031900044EE024A9FED084A00EE421A64EE844A69
:1031A000C0ED004A21EE040A81ED000A70470000DC
:1031B000D7B35D3FD7B35DBFABAA2A3F70B58AB026
:1031C0000024CDE90024CDE902430D4606460494CF
:1031D0000594069407943046F6F7DAFC0028FAD0F6
:1031E0002A4669463046F6F7B7FB0AB070BD0000C4
:1031F00010B511EE900A2DED068BB0EE418AF0EE7F
:10320000608AB0EE40AA03F04DFD6AEE0A0A28EE8D
:10321000A81A41EC190B80EE810ADFED150A08EEC1
:10322000480A20EE200A10EE100A03F03BFD41ECA4
:10323000100BFFF7ADF99FED0F1B51EC100B53EC8A
:10324000112B03F0C7F99FED0D1B53EC112B03F06D
:10325000C1F953EC192B03F00BF802F02FFF00EE2D
:10326000100ADFED080ABDEC068B20EE200A10BD27
:103270000000C8429A9999999999B93F00000000B5
:1032800080842E416F12833A10B502460020064B0F
:1032900004E000BF12F8014B4440185D0C1EA1F180
:1032A0000101F7DC10BD0000F400002030B54FF63E
:1032B000FF75B1F8D010D0F8D040A5EB810105EA38
:1032C000840489B2611A00EE901ADFED3A2AB8EE52
:1032D000E01AB5EEC01AF1EE10FA01D231EE221A60
:1032E000F7EE000ADFED341A30EE202AC1EE820A32
:1032F000FDEEC11AF8EEE11A81EEA03AFDEEC31A16
:1033000011EE901A01EE904AF8EE611A81EEA23A9F
:1033100001EE901AF8EEE11A63EE202A41EEA02A9F
:1033200072EEC11A81EEA01A01EE903AF8EEE11A9F
:10333000C1EEA02A71EE620A10EE903AB3F17C5F02
:1033400001DD491E05E010EE903AB3F13F4F00D980
:10335000491CF7EE000A002930EE200ABDEEC00A33
:1033600002DA10EE103A194410EE103ABCEEC20A1E
:1033700091FBF3F403FB141410EE101AC1F34E0387
:10338000A11A994206DD00EE101AB8EEC00A30EE1E
:10339000420A08E05A42914209DA00EE101AB8EEE9
:1033A000C00A32EE000ABDEEC00A10EE101AC0E9E3
:1033B000371430BD00FF7F47000080472DE9F04102
:1033C0004FF0E0250446AF69F7F760FA0646AA20F9
:1033D0004443BC420CD900BFF7F758FAB042FBD0C7
:1033E0000849381B0844A9698142FCD8BDE8F0812E
:1033F0003C1BA869A042F9D9F7F748FAB042F8D0C7
:10340000F4E700001098020020EE012ADFED132AF5
:1034100000EEE12A20EEA23A80ED002AB6EE002A64
:1034200000EE423A63EE013A9FED0D3A20EE034A78
:1034300020EE833A00EEC24A00EE423A20EE220A23
:1034400000EEC20A23EE011A44EE613A00EE611A60
:10345000C1ED003A82ED001A70470000D7B35D3F1E
:10346000D7B35DBF2A4910B5097800294ED100F5C0
:1034700080619FED280AB6EE001A80ED250A80EDE6
:10348000240A80ED500A80ED510A80ED520A80ED49
:10349000570A80ED4E0A80ED3C0A80ED3D0A80ED32
:1034A000410AD0ED040AC0ED3A0A81ED010AF6EEB8
:1034B000000AC0ED1E0AC0ED1F0AC0ED200A80ED13
:1034C000210A80ED220A80ED230A80ED190A80EDA1
:1034D0001A0A80ED470A80ED450A80ED4B0AF6EEA8
:1034E000000AB6EE000AFAF7A5F9FAF7CDF90A498B
:1034F000002008600949022008600948018841F05D
:10350000010101804FF090410820886110BD00004A
:103510008003002000000000340000207C03002015
:103520008C030020094910B5002008600848018874
:1035300021F0010101804FF0904108208862FAF7E4
:10354000B3F9BDE81040FAF74CB900007C03002045
:103550008C03002082B0CDE9000121F000400190F1
:103560009DED000B02B051EC100B7047F8EE400AD5
:103570009FED031A9FED030A10EE810A70470000C9
:1035800000000034F6E8FD4230EE413A30EE410AE8
:1035900061EE822AB2EE004A02EE203A12EE600A92
:1035A00062EE823A21EE844AB5EEC03AF1EE10FAAC
:1035B00002DDB0EE431A01E0B0EE401AB5EEC03ABB
:1035C00024EE014A02EEA24AB1EEC41AF1EE10FA5C
:1035D00001DDB0EE430AB4EEE30AF1EE10FA04D8CE
:1035E00083EE020A70EE200A11E031EE620AB6EEB6
:1035F000001AB5EEC03A20EE010AF1EE10FA02DD33
:10360000B7EE001A01E0BFEE001A40EE010AF5EE37
:10361000C00AF1EE10FA02DDB0EE600A01E0B1EE90
:10362000600AB4EEE20AF1EE10FA04D861EEE00AA4
:1036300080EEA20A7047F5EEC00AF1EE10FA02DD44
:10364000B7EE000A01E0BFEE000AB1EE400A704793
:103650000121B4EEC10A01FA00F0F1EE10FA01DD29
:10366000401E7047B4EEE00AF1EE10FA01D20020DD
:10367000704731EE601A70EE600A401E00EE100ACC
:10368000B8EEC00A20EE800AC0EE010ABDEEE00AE4
:1036900010EE100A7047000070B505460068134927
:1036A0000840B0F1005F1FD1FBF7F0FA104CA06D9D
:1036B00020F08050A065F6F7B7F80021A165E1651C
:1036C0002166A164E1642165A06D20F08050A065B1
:1036D000012080F31088686806498860296881F3B2
:1036E0000888BDE87040004770BD00000000FE2F54
:1036F000001002409003002010B504462DED088B09
:103700009FED451A20EE011A81EE200A10EE100AF4
:1037100003F0C8FA41EC100BFEF796FF51EC100BCA
:1037200002F0CCFC08EE900A28EEA88A18EE100AE7
:1037300003F0B8FA9FED390A41EC190B68EE808A64
:1037400018EE900A03F0AEFA9FED35AB53EC1A2B4E
:1037500002F0E6FC53EC192B02F0E2FC41EC100BFA
:1037600051EC1A0B53EC102B02F082FD02F0A6FC78
:1037700009EE100AF0EE000A19EE100A28EE090A06
:1037800060EE200A84EC020A84ED020A03F08AFA51
:1037900041EC1B0B18EE100A03F084FA53EC1A2BC1
:1037A00003F096F99FED201B53EC112B02F012FF52
:1037B00053EC1B2B02F00EFF02F080FCE06019EED0
:1037C000100A03F06FFA41EC190B18EE100A03F01F
:1037D00069FA41EC1B0B18EE900A03F063FA53EC04
:1037E0001A2B03F09DF853EC1B2B02F099FC53ECC1
:1037F000192B02F0EFFE02F061FC9FED0D0A206133
:1038000084ED060A84ED050A84ED080A84ED070AB2
:10381000BDEC088B10BD0000DB0F4940F304B53F41
:10382000000000000000F03F000000000000004029
:103830000000000070B50C462DED028BB0EE408A02
:1038400090ED000A054660EE000A91ED000A40EE98
:10385000000AB0EE600AFEF7D8FEB4EEC80AF1EE38
:1038600010FA0FDDD5ED000A60EE880A80EE801AAE
:1038700085ED001AD4ED000A60EE880A80EE801A09
:1038800084ED001ABDEC028B70BD00002DED0C8B99
:1038900082B0002080F31088F7F7E4FDFBF7E8FD25
:1038A000FAF72EFFFAF7AEFEFAF730FDFAF798FDB9
:1038B000FAF7F6FDFAF74CFEFAF7D2FEFAF7C0FF78
:1038C000FBF72CF9FBF72CF9FBF764F9FBF728FA67
:1038D000FBF798F90021F948F9F77AFBF9F781FF2E
:1038E000F748807808B172B6FEE7F6484FF0000856
:1038F0000068F448001D0068F24808300068FBF7D3
:103900008BFC0322F049F148FEF732F8EE4903221E
:10391000891FEF48FEF72CF8EE4FD7F83803072839
:1039200002D30120C7F83803EB4EEC4D97F838036B
:1039300086F81004686820F00040C0F1FF409FED59
:10394000E88A002801D585ED018AA86820F00040AA
:10395000C0F1FF40002801D585ED028AD5F8B800F6
:10396000F7EE008A20F00040C0F1FF40002801D5AA
:10397000C5ED2E8AD44C95ED2E0A663CD94884EDCF
:103980000E0A006A411C00D008B902F0CDF9F868AF
:10399000B94600EB8000D14F80002062D7ED200AAD
:1039A0009FEDD19AD1484FF4804580EE890A29468F
:1039B00080ED000AC748B0EE480AD0F8AC23CC48E6
:1039C000F3F790FBC348B0EE480A2946D0F8AC2381
:1039D000C848F3F7D5FCBF48B0EE480A2946D0F8EE
:1039E000AC23C548F3F7C8FDB0EE490AC048F3F769
:1039F00001FC00BF00BF00BF00BF00BFB0EE490A1E
:103A0000BC48F3F701FDB448F3F7D8FEBB48F3F721
:103A1000C9FABB49AF48B74DC1F80080007886F8B5
:103A2000A800B34897ED010AAA4980ED020A97ED74
:103A3000020A4FF4807285ED040A1431F030F0F779
:103A4000E2FD97ED210AAD48C8EE800A5830C0ED7E
:103A5000070A97ED1F0AC8EE800AC0ED080A4FF466
:103A60007A70F5F7F7FEA748F5F7CCFCB6EE001A2A
:103A7000F6EE000AB6EE000AF9F7DCFEF9F704FFED
:103A8000954800F0E3FB934841689F4800F046FCEE
:103A90009D48F6F7F2FB002201219B48F5F7ECFE6A
:103AA0009A48006800EE100AF8EE400A9FED981A56
:103AB0009FED980A954800EE810A1430BCEEC00ACA
:103AC00010EE101A0160F9F7EFFEB6EE001AF6EEEE
:103AD000000AB6EE000AF9F7ADFE7F48FFF722FDB7
:103AE00005E08348F3F786FB0A20F5F7B3FE20795B
:103AF000B0EE490A0028F4D07E48F3F785FC9FED2C
:103B0000860A95ED041AD5ED030A844870EEC10AC1
:103B100006E000BF94ED171A31EE001A84ED171A73
:103B200094ED171A30EE811A11EE101A8142F1D875
:103B30007B4894ED171AAA4630EE811A11EE101A3E
:103B4000814206DD94ED171A31EE401A84ED171A02
:103B5000EFE74FF480317348F7F74EFB724880F877
:103B60000080DFED72DA9FED72BB9FED73CBB0EE9C
:103B700000DAB6EE00AADFED72AADFF8C8B10120C4
:103B8000F5F768FE544E96ED030A20EE2D0A10EE6E
:103B9000100A03F087F84C4D41EC190BAD1F6888F3
:103BA00002F004FD53EC1B2B02F014FD53EC1C2B14
:103BB00002F010FD53EC192B02F0B2FA02F07EFA7B
:103BC000F060206C401C2064A888FBF71FF9D4ED3E
:103BD000110A30EE200A84ED110A2888FBF7CCF890
:103BE000D4ED120A30EE200A84ED120A206CB0F5F2
:103BF000FA7F17D300EE900A94ED111AF8EE600ADE
:103C0000C1EE201A00EE900AF8EE600A80EE201A4B
:103C1000C6ED5E1A86ED5F1AC4F8408084ED118A05
:103C200084ED128A4848007878B14848C9F82403DE
:103C3000FBF710FB3448F6F720FB4548F8F728FF60
:103C40004FF00060FFF728FDFEE74248007848B1DA
:103C50004746CBF800802048FFF764FC3D480770DA
:103C600001F098FC3C480078D0B1CBF800801A48AD
:103C7000FFF758FC2B4F3868C16821F00101C16083
:103C80002148F6F710FBFBF7E5FA3868C16841F008
:103C90000101C1601C48F6F7F0FA2F4981F8008055
:103CA0002E48007800287CD01748474680F81080BE
:103CB000F6F728F808B172B6FEE751E05808002080
:103CC0009C030020107AFF1F66000020E4040020FF
:103CD00050050020A4310020F8090020A430002065
:103CE0000000000000F0010800409C46AC030020EA
:103CF000240F002068110020AC130020A00D00202C
:103D00008803002078040020940600202C2C014019
:103D1000A4707D3F00004843DB0FC940DB0F49C062
:103D2000DB0F4940F8060020B20300203333333F55
:103D30009FBA6882F136A03F000000403333D33F82
:103D4000000080467C030020B7030020CDAB341276
:103D5000F4070020B0030020B1030020B3030020CB
:103D6000E06B20B90120E063FE48FFF77BFB0220F7
:103D700086F8100486ED3A8AC6ED4E8A86ED3E8AB4
:103D8000B1EE040A86ED400A86ED5B8ACBF80000AE
:103D9000E16C42F2107081427EDBF34AB846177044
:103DA00000E08CE000EE101AD4ED140AB8EEC01A50
:103DB00080EE810A84ED140AB5EEC00AF1EE10FA25
:103DC00008D2EA48D0ED350AF8EEE00A30EE800A73
:103DD00084ED140AE548E64F90ED350A97ED2E1A6A
:103DE000B8EEC00AC0EE010A94ED140AFDF77EFF9A
:103DF00084ED140ADAF8D40000EE900AF8EEE01A26
:103E0000D7ED2E0A20EE8D1A81EE812AB4EEC02A5B
:103E1000F1EE10FA08D201EE100AB8EEC11AC1EEA6
:103E2000201A30EE610A13E0414201EE901AF8EEDA
:103E3000E11A81EE812AB4EEC02AF1EE10FA09DD12
:103E400001EE100AB8EEC11AC1EE201A31EE800A56
:103E500084ED140A4746CBF80080C248FFF762FBA6
:103E600094ED140A0121C348BDEEC00A89EDAA0AE7
:103E7000C9F81810E76484ED148A0068C16821F05D
:103E80000101C160FBF7E6F9BA480068C16841F07A
:103E90000101C160CD2100E00FE0B74808230170A7
:103EA000FE2141708771DC21C171D9F804200146DF
:103EB000B24802F5E062FFF781F9FAF7D1FBB048AA
:103EC0000078E8B3AD49084681F81080F5F71AFF8D
:103ED00008B172B6FEE7A64809F52972A94990ED26
:103EE0002E0A0CCA30EE680AA048FFF7DFF99F4F90
:103EF0009F4897ED370AF8EEC00A90ED2E0A40EE83
:103F00000A0A60EEAA0A80EE801ABDEEC10A10EE1F
:103F1000100A01B2B7F8D00000B201F00FFED7F8D6
:103F2000DC10D7F8F801814202D0E088401CE08024
:103F3000D7F8F421D7F8D800904204D0228900E0C5
:103F40002EE0521C2281C7E97D018B48CD2200EE74
:103F5000101A027003224270B7F8D0208270844990
:103F6000120AC270F8EEC00A91ED2E0A082340EE44
:103F70000A0A60EEAA0A80EE801ABDEEC10A10EEAF
:103F8000101A0171090A4171DC21C171D9F80420AC
:103F900001467A4802F5E062FFF710F9FAF760FB94
:103FA000794F3878002875D0DBF80000E8BB7349FA
:103FB000084681F81080F5F7A5FE08B172B6FEE755
:103FC000012001F0C3FAB6EE001AF6EE000AB6EED2
:103FD000000AF9F72FFCF9F757FCF9F707FC322034
:103FE000F5F738FCF9F70EFC62480068C16821F06B
:103FF0000101C1606148F6F740F9B0EE480A4FF49C
:1040000080415A48D9F8AC23F3F76CF85549574822
:10401000F2F714FE53495548F2F71CFA009099F84C
:10402000000086F8A800524800E033E090ED010A55
:104030004E485149082380ED020ACD200870FF2028
:104040004870DC20C871D9F804204C4802F5E062C1
:10405000FFF7B4F847480068C16841F00101C1604A
:104060004648F6F70AF987F80080CBF800803D480B
:10407000FFF758FAF9F7B5FB009801F067FA3F49E6
:10408000012008740846F5F73DFE08B172B6FEE758
:10409000FAF7E6FA3D48007848B1DBF800005E46E2
:1040A00028B9306858B13068072800D03068384ED9
:1040B000307848B3DBF800005F4660B129E084ED5A
:1040C000158A84ED0A8A2748C4F82480FFF7CAF9C4
:1040D00007203060EBE73868B0B94FF4FA60F0F7CA
:1040E00065F92C4908604FF4FA60F0F75FF92A4946
:1040F00008601C48C4F82480FFF7B4F93078012820
:1041000003D03078022802D003E0092000E00A2022
:104110003860E07820B300271F48006850F8270077
:1041200002F0C0FD05461B480E46006850F8270007
:1041300002F0B8FD41EC100BCDE9005653EC102B0A
:1041400016A000F09FFA1420F5F784FB7F1CB7F54A
:10415000FA7FE1DB0F480068F0F757F90E4825E0D9
:1041600029E00000F8090020B3030020240F0020FC
:10417000A4300020F80600206C00002094060020E7
:10418000B403002068110020B2030020B80300200F
:10419000B9030020C4030020C0030020492C252EB1
:1041A00035662C252E35662C510000000068F0F78E
:1041B0002CF984F80380A069401CA061A17891B318
:1041C000217851B162799AB1616988427FF7D7ACA1
:1041D00084F80580C4F81880D1E4D9F804100A22C4
:1041E00091FBF2F302FB1311217001216171EBE7E6
:1041F000E368984205DA00BF4FF090454FF008029F
:10420000AA6107DD22691A44824203DD4FF090451E
:104210000822AA6222691A448242DDDA491E21700C
:10422000C4F81880ABE4FFE7DBF80010584639B15A
:1042300000680228D0D14FF09041082088619EE4A8
:104240004FF090410820886299E400002DE9F04782
:104250004FF0000890B081464746464666243C220F
:1042600029496846F0F7CFF9B6EE001AF6EE000AD3
:10427000B6EE000AF9F7DEFA00254FF6FF7A23487A
:10428000F4F70CF90120F5F7E5FA51461F48F4F769
:104290006FF809211D48F4F753F8074409211C4819
:1042A000F4F74EF86D1C8044A542E8DB19480090F5
:1042B00069461648F3F77AFD00251448F4F7EEF83E
:1042C0000120F5F7C7FA51461048F4F751F80921D3
:1042D0000E48F4F735F86D1C0644A542EDDB0E4898
:1042E000009069460948F3F761FD98FBF4F1C9F8BD
:1042F000BC1097FBF4F1C9F8C01096FBF4F1C9F8B3
:10430000C41010B0BDE8F087E86E01080C0400206E
:1043100078040020020030044000201910B588B055
:1043200000240120CDE902400490C1F30A00059069
:10433000019440F2FF70069001A90748F5F731FBA0
:1043400008B1F3F73DF900231A46194602480094D4
:10435000F5F755FB08B010BD940600202DE9F0419B
:1043600005460C4691EDEA1AD1EDEB0A91ED040AEF
:104370001020FFF76DF9064694EDEC1AD4EDED0A26
:1043800094ED070A0C20FFF763F90746154894EDF2
:10439000170A94EDEE1AD0ED210A0C2020EE200A27
:1043A000D4EDEF0AFFF754F90F4A002192680AB1E1
:1043B00094F810142970310A6970AE703909E970E7
:1043C000390101EB20212971687108480078A87132
:1043D00094ED5E0ABCEEC00A10EE100AE871BDE86A
:1043E000F0810000A430002074030020800300202E
:1043F0002DE9F047264D04460E4695ED061AD5EDFB
:10440000050A91ED040A1020FFF722F9074695ED01
:10441000091AD5ED080A96ED070A0C20FFF718F9DE
:1044200096ED170AD5ED210A804695ED0F1A20EE7C
:10443000200AD5ED0E0A0C20FFF70AF9054696ED85
:104440005F0A08209FED131ADFED130AFFF700F94A
:10445000814696ED030A08209FED101ADFED100A41
:10446000FFF7F6F8380A207067704FEA1810A0704E
:104470004FEA081141EA1520E0700A48257184F8D6
:1044800005900088010AA171E071BDE8F087000085
:10449000A430002000005743000020C200007F43EA
:1044A000000000008C030020F0EE400A21B390EDE4
:1044B000010AD0ED051A90ED001A90ED062A20EEC3
:1044C000210AD0ED082A01EE200A90ED021A01EE31
:1044D000020A90ED032A90ED071A02EE410A90EDD0
:1044E000042AC0ED061AC0ED050A80ED081A02EE96
:1044F000620A80ED070A7047B0EE600A704700005C
:10450000F0B55E49002200F580630A8090ED170A3D
:10451000D3ED120A1546B0EEC00AB4EEE00AF1EE91
:1045200010FA0EDB90ED070AD3ED130AB0EEC00AC5
:10453000B4EEE00AF1EE10FA03D84C68641C4C604B
:1045400000E04D604E4CD4F88442E60614D590ED60
:10455000030AD3ED0D0AB4EEE00AF1EE10FA01D22F
:10456000022209E0D3ED0E0AB4EEE00AF1EE10FAF1
:1045700002DD012202260E80660725D590ED000A95
:10458000F0EEC00A93ED0F0AF4EEC00AF1EE10FA55
:1045900001DD062214E0D0ED010AF0EEE00AF4EEAF
:1045A000C00AF1EE10FA01DD072209E0D0ED020A9F
:1045B000F0EEE00AF4EEC00AF1EE10FA04DD082293
:1045C0000E8846F004060E8026070DD590ED5E0A93
:1045D000D3ED100AB4EEE00AF1EE10FA04DD0E8815
:1045E000092246F4806629E0E60711D090ED040A1E
:1045F000D0EDEA0AB4EEE00AF1EE10FA06DCD0EDF6
:10460000EB0AB4EEE00AF1EE10FA01D20D2216E048
:10461000A60714D590ED070AD0EDEC0AB4EEE00A37
:10462000F1EE10FA06DCD0EDED0AB4EEE00AF1EEA0
:1046300010FA04D20E880E2246F010060E80A6064E
:104640000AD5D0F850644F68BE4205D24D60088844
:104650000F2240F480700EE0E4050DD590ED5F0A66
:10466000D3ED110AB4EEE00AF1EE10FA04DD088889
:10467000122240F0080008801046F0BD840300209C
:10468000A43100200FB440F2014110B503AB05483E
:10469000029AEFF759FF01460248F1F7C5FE10BC38
:1046A0005DF814FBA43500202DE9F05F0C4601787D
:1046B00090F801C08379672948D1C179762945D11D
:1046C000F84DDFF8E4B3F94A4FF0010905F58066CB
:1046D00005F56A77B7EE000ADFEDF50A9FEDF51AEA
:1046E000F5494FF4FA7E01F1800ABCF1450F2DD255
:1046F000DFE80CF02E26F230234BF12C2C2CF0EFBF
:10470000EEEDECEBEAE9E8E7E6E5E4E3E2E1E0DF41
:10471000DEDDDCDBDAD9D8D7D6D5D4D3D2D1D0CF31
:10472000CECDCCCB2CCAC9C8C7C6C5C4C3C2C1C0B4
:10473000BFBEBDBCBBBAB9B8B7004846DF4922E02E
:10474000002C03D1DE4900BF81F80090BDE8F09F46
:10475000DC49F9E7817879B1012910D00229F5D136
:10476000002CF3D1D8490B70D849B0F803200A8047
:10477000D74940790880E9E74846D64903E0002C4C
:10478000E4D1D54948460870E0E7012CDED08178B5
:104790000023D24DD24CFF294DD0E9B3D14ED24D9A
:1047A00001294CD0FE294BD01A294AD01B29CDD142
:1047B00084F80090C178012944D0022943D003290C
:1047C00042D0042941D0052940D006293FD00729ED
:1047D0003ED008293DD009293CD00A293BD00B29DD
:1047E0003AD00C2939D00D2938D00E2937D00F29CD
:1047F00036D0102971D0112970D012296FD0132909
:104800006ED014296DD015296CD016296BD01729BC
:104810006AD0182969D000E068E0192972D01A29F5
:1048200071D01B2992D190F90400C2F88002BDE832
:10483000F05FFAF70FBD2B7084F8009086E759E01F
:104840005CE061E01AE11DE120E123E126E14DE1B8
:1048500050E153E156E159E15CE160E164E168E176
:104860006CE1F8E3F8E3F8E3F8E3F8E3F8E3F8E3FE
:10487000F8E3F8E3F8E3F8E3F8E3F8E3F8E3F8E360
:10488000F8E3F8E3F8E3F8E3F8E3F8E3F8E37FE3C9
:104890006AE39FE3F5E3F5E3CDE3BCE3ABE352E387
:1048A0003FE32DE31BE309E3F7E2E5E2D3E2C1E2F4
:1048B000AFE29DE28BE279E267E251E240E224E27C
:1048C00011E2FEE1EBE1D8E1C5E1B2E19FE18CE16B
:1048D0007AE1E8E371E1FCE36CE134E138E13CE1E9
:1048E00040E144E148E14CE150E154E185F80090B9
:1048F00023702BE786F800902B7027E7337085F83C
:10490000009023E74CE150E184F80090C178012940
:1049100038D002293AD003293CD004293ED00529B9
:1049200040D0062942D0072944D0082946D0092979
:1049300048D00A294AD00B294CD00C294FD00D2938
:1049400052D00E2955D00F2958D010295BD01129EB
:104950005ED0122961D0132964D0142967D015299B
:104960006AD016296DD0172974D0182977D0192943
:104970007AD01A297DD01B29BBD190F90400C2F846
:10498000A40354E70079C2F83C03DFE60079C2F8DB
:104990004003DBE60079C2F84403D7E60079C2F8A9
:1049A0004803D3E60079C2F84C03CFE60079C2F899
:1049B0005003CBE60079C2F85403C7E60079C2F889
:1049C0005803C3E60079C2F85C03BFE60079C2F879
:1049D0006003BBE690F90400C2F86403B6E690F900
:1049E0000400C2F86803B1E690F90400C2F86C0351
:1049F000ACE690F90400C2F87003A7E690F9040051
:104A0000C2F87403A2E690F90400C2F878039DE6A8
:104A100090F90400C2F87C0398E690F90400C2F80B
:104A2000800393E690F90400C2F884038EE690F9BF
:104A30000400C2F8880389E690F90400C2F88C03E8
:104A400084E690F90400C2F890037FE602E006E0F5
:104A50000AE00EE090F90400C2F8940376E690F9BB
:104A60000400C2F8980371E690F90400C2F89C03B0
:104A70006CE690F90400C2F8A00367E60079C2F87A
:104A8000180263E60079C2F81C025FE60079C2F8FA
:104A900020025BE60079C2F8240257E60079C2F8EA
:104AA000280253E6F8090020240F0020A43100203A
:104AB00000409C4600000000A4300020B703002006
:104AC000B0030020B1030020B9030020BA03002086
:104AD000BC030020B2030020B8030020B303002071
:104AE000B5030020B4030020B60300200079C2F80B
:104AF0002C022BE60079C2F8300227E60079C2F8D2
:104B0000340223E60079C2F838021FE60079C2F8C1
:104B10003C021BE690F90400C2F8400216E690F948
:104B20000400C2F8440211E690F90400C2F84802F9
:104B30000CE690F90400C2F84C0207E690F9040074
:104B4000C2F8500202E690F90400C2F85402FDE5F2
:104B500090F90400C2F85802F8E590F90400C2F890
:104B60005C02F3E590F90400C2F86002EEE590F90A
:104B70000400C2F86402E9E590F90400C2F8680292
:104B8000E4E590F90400C2F86C02DFE590F9040056
:104B9000C2F87002DAE590F90400C2F87402D5E5B3
:104BA00090F90400C2F87802D0E590F90400C2F848
:104BB0007C02CBE501F0B8F8C2E5012C99D1042BB9
:104BC00097D1FD490A2015E2FC4A012C01D1042BA2
:104BD00008D0D0F80200086491ED100A012C85ED90
:104BE000340A86D111460C2004E2F44A121D012C2D
:104BF00001D1042B08D0D0F80200486491ED110ACD
:104C0000012C85ED360A84D111460D20F2E1EB4AE4
:104C10000832012C01D1042B08D0D0F8020088649E
:104C200091ED120A012C85ED350A86D111460E2030
:104C3000E0E1E24A0C32012C01D1042B08D0D0F87B
:104C40000200C86491ED130A012C85ED370A88D162
:104C500011460F20CEE1D94A1032012C01D1042B8C
:104C600008D0D0F80200086591ED140A012C85EDFA
:104C7000390A85D111461020BCE1D04A1432012CEA
:104C800001D1042B08D0D0F80200486591ED150A37
:104C9000012C85ED580A87D111461120AAE1C74A97
:104CA0001832012C01D1042B08D0D0F802008865FD
:104CB00091ED160A012C85ED420A92D1114612207F
:104CC00098E1BE4A1C32012C01D1042B08D0D0F847
:104CD0000200C86591ED170A012C85ED380A92D1C2
:104CE0001146132086E1B54A2032012C01D1042B54
:104CF00008D0D0F80200086691ED180A012C85ED65
:104D0000530A92D111461420F2E3AC4A2832012C06
:104D100001D1042B11D0D0F80200886691ED1A0A57
:104D2000B5EEC00AF1EE10FA03D2B1EE400A81ED01
:104D30001A0A86ED060A012C89D111461520D7E3FF
:104D4000012C01D1042B08D0D0F80200486091ED6D
:104D5000010A012C8BED020A8BD11620091DC7E335
:104D6000964A383A012C01D1042B0BD0D0F802001E
:104D7000886091ED020A92488BED040A012C80EDC7
:104D8000040A88D111461720B2E38C4D2C3D012C2A
:104D900001D1042B07D0D0F8020048613846F2F761
:104DA00001F9012C89D129461820A1E3834D283D22
:104DB000012C01D1042B07D0D0F8020088613846BD
:104DC000F2F7F0F8012C8AD12946192090E37B4DA7
:104DD000203D012C01D1042B07D0D0F8020008623D
:104DE0003846F2F7DFF8012C8BD129461A207FE3F1
:104DF000724D1C3D012C01D1042B07D0D0F80200CC
:104E000048623846F2F7CEF8012C95D129461B208E
:104E10006EE36A4D183D012C01D1042B07D0D0F868
:104E2000020088623846F2F7BDF8012C84D1294689
:104E30001C205DE3614D143D012C01D1042B07D0F2
:104E4000D0F80200C8623846F2F7ACF8012C98D1CD
:104E500029461D204CE3594D103D012C01D1042B56
:104E600007D0D0F8020008633846F2F79BF8012C0F
:104E700087D129461E203BE3504D0C3D012C01D12A
:104E8000042B07D0D0F8020048633846F2F78AF8BE
:104E9000012C87D129461F202AE3484D3035012CAB
:104EA00001D1042B07D0D0F8020008673846F2F78A
:104EB00079F8012C87D12946202019E33F4D34355C
:104EC000012C01D1042B07D0D0F8020048673846E6
:104ED000F2F768F8012C87D12946212008E3374DE5
:104EE000083D012C01D1042B07D0D0F802008863C3
:104EF0003846F2F757F8012C87D129462220F7E2ED
:104F00002E4D2D1F012C01D1042B07D0D0F802000B
:104F1000C8633846F2F746F8012C87D1294623208A
:104F2000E6E2012C01D1042B0BD0D0F8021015467B
:104F300051602448FFF7F2F9012C88D1291D242063
:104F4000D6E2111DFBE72049012C01D1042B09D029
:104F5000D0F80200D06000EB80001C4A8000012CD9
:104F6000106085D12520C3E21949012C01D1042B01
:104F70000CD0154AD0F802000C3A012CC2F8AC0350
:104F80000F4ACBF8E800C2F8E80093D12C20AFE23A
:104F90000A4A3C32012C01D1042B0AD0D0F802007D
:104FA000C867D1ED1F0A012C80EE201A86ED081A81
:104FB00091D111462D209BE278000020E4300020A2
:104FC0006811002094060020B0310020200000204D
:104FD00050350020FE4A012C01D1042B08D0D0F816
:104FE0000200C86691ED1B0A012C85ED1B0A94D1C5
:104FF00011462B207CE2F6493031012C01D1042BE3
:1050000007D0F34AD0F802006C3A012CC2F89C0099
:1050100093D126206CE2EE493431012C01D1042BCE
:1050200007D0EB4AD0F802006C3A012CC2F8A0007D
:1050300097D127205CE2E6492831012C01D1042BCD
:1050400007D0E34AD0F802006C3A012CC2F8940071
:1050500087D128204CE244E236E220E200E2DDE1A2
:10506000C8E19EE183E169E154E13AE12AE11AE114
:10507000FEE0E8E0D2E0BCE0A6E090E07AE05FE0AD
:1050800047E027E0FFE7D2492C31012C01D1042B66
:1050900007D0CF4AD0F802006C3A012CC2F8980031
:1050A00086D1292024E2CB49012C01D1042B0ED03A
:1050B000C94BD0F80200C3F83803072801D3C2F85F
:1050C000389392F8380385F81004012C8FD10B2007
:1050D0000EE244E0012C01D1042B17D0BC4AD0F8D9
:1050E00002006C3AC2F8800091ED200AB5EEC00AC9
:1050F000F1EE10FA03D2B1EE400A81ED200A80EE03
:10510000201AB648012C80ED001A91D151462A2070
:10511000EEE1AF4A1832012C01D1042B0DD0AC4B7B
:10512000D0F802006C3B012CC3F88400D1ED210AB9
:1051300080EE201A86ED071A8AD111462E20D7E17B
:10514000A4497831012C01D1042B06D0A24AD0F811
:105150000200012CC2F8B003A2D12F20C8E1807850
:10516000FE283FF412ACFF289AD1BDE8F05F9C48BE
:10517000FCF7DEBC964A1C32012C01D1042B0BD06B
:10518000934BD0F802006C3B012CC3F8880091EDE2
:10519000220A86ED0E0A99D111463120A8E18C4AE7
:1051A0002032012C01D1042B0BD0894BD0F8020006
:1051B0006C3B012CC3F88C0091ED230A86ED0D0A9F
:1051C00084D11146322093E1814A2432012C01D14D
:1051D000042B0BD07E4BD0F802006C3B012CC3F8A3
:1051E000900091ED240A86ED0F0A8ED111463320EE
:1051F0007EE1774A3C32012C01D1042B0BD0744B59
:10520000D0F802006C3B012CC3F8A80091ED2A0AEB
:1052100086ED100A90D11146342069E16C4A403283
:10522000012C01D1042B0BD0694BD0F802006C3B50
:10523000012CC3F8AC0091ED2B0A86ED120A8BD13C
:105240001146352054E1624A4432012C01D1042B2D
:105250000BD05F4BD0F802006C3B012CC3F8B000C0
:1052600091ED2C0A86ED130A95D1114636203FE1C7
:10527000574A4832012C01D1042B11D0544BD0F89D
:1052800002006C3B012CC3F8B40091ED2D0A20EE16
:10529000200ABCEEC00A10EE100AC5F850048FD1E7
:1052A0001146372024E14B49B439012C01D1042B9C
:1052B00006D0494AD0F80200012CC2F8840294D1E9
:1052C000382015E14349B039012C01D1042B06D017
:1052D000414AD0F80200012CC2F8880285D1392059
:1052E00006E13C49AC39012C01D1042B10D03A4BDA
:1052F000D0F80200C3F88C02704500DD7046C2F899
:105300008C02002800DA0020C2F88C02012C96D111
:105310003A20EDE02F49A839012C01D1042B0BD004
:105320002D4BD0F80200C3F89002002800DA0020CC
:10533000C2F89002012C97D13B20D9E02549A4392D
:10534000012C01D1042B10D0234BD0F80200C3F85C
:105350009402704500DD7046C2F89402002800DA1D
:105360000020C2F89402012C99D13C20C0E01949D8
:10537000A039012C01D1042B11D0174BD0F8020019
:10538000C3F89802002800DA002000EE100AC2F8E4
:105390009802012CB8EEC00A86ED1B0A8FD13D2081
:1053A000A6E00C4D9C3D012C01D1042B1FD00A49D5
:1053B000D0F80200C1F89C02002800DA002000EEBC
:1053C000100AC2F89C02B8EEC00A8BED7C0A09E014
:1053D00010310020DC340020A4310020AC03002078
:1053E000681100204448FEF787F9012C8FD1294627
:1053F0003E207DE04149012C01D1042B0CD0D0F896
:1054000002003F4A00EE100A012CC2F8A002B8EEDA
:10541000C00A86ED370A8ED13F2069E0394A012C57
:1054200001D1042B19D0374BD0F80200BC3BC3F894
:10543000BC0091ED2F0AB5EEC00AF1EE10FA01D2D0
:1054400081ED2F1A304BD1F8BC00984203DDB1EE4C
:10545000040A81ED2F0A012C86D11146402047E035
:10546000284A121F012C01D1042B15D0254BD0F84E
:105470000200BC3BC3F8B80091ED2E0AB5EEC00A9D
:10548000F1EE10FA01D281ED2E1A204891ED2E0A8C
:10549000012C80ED000AA9D11146412028E0194ACB
:1054A000121D012C01D1042B0BD0164BD0F8020099
:1054B000BC3B012CC3F8C00091ED300A86ED110A07
:1054C00094D11146422013E00D490831012C01D13D
:1054D000042B04D0D0F802009060012C86D1432028
:1054E00006E0012C97D1042B95D1054918314420B1
:1054F000BDE8F05F00F00CB820110020443400201B
:10550000A4310020603100200000A04038000020BD
:105510001CB500230B4A0093019352688DF80020BC
:105520008DF801000868CDF802008DF80630FF20E4
:105530008DF8070008236946034802F5C062FDF7AD
:105540003DFE1CBDA4310020940600201CB50021A6
:105550000E4A0091019152688DF8002003238DF8C6
:1055600001308DF802008DF804108DF805108DF8CB
:105570000610FF208DF803108DF8070008236946F8
:10558000034802F5C062FDF719FE1CBDA4310020DE
:105590009406002010B5FE490C20F9F72FFE0821D3
:1055A000FC48F0F741FF0F20F4F754F9F8490D20BB
:1055B000091DF9F723FE0821F648F0F735FF0F2003
:1055C000F4F748F9F2490E200831F9F717FE0821DF
:1055D000F048F0F729FF0F20F4F73CF9EC490F20D1
:1055E0000C31F9F70BFE0821EA48F0F71DFF0F20F8
:1055F000F4F730F9E6492B202C31F9F7FFFD0821AB
:10560000E448F0F711FF0F20F4F724F9E0491020E7
:105610001031F9F7F3FD0821DE48F0F705FF0F2000
:10562000F4F718F9DA4911201431F9F7E7FD0821E8
:10563000D848F0F7F9FE0F20F4F70CF9D4491220FE
:105640001831F9F7DBFD0821D248F0F7EDFE0F2005
:10565000F4F700F9CE4913201C31F9F7CFFD0821EA
:10566000CC48F0F7E1FE0F20F4F7F4F8C849142015
:105670002031F9F7C3FD0821C648F0F7D5FE0F2009
:10568000F4F7E8F8C24915202831F9F7B7FD0821E9
:10569000C048F0F7C9FE0F20F4F7DCF8BC4916202B
:1056A0003C39F9F7ABFD0821BA48F0F7BDFE0F20F1
:1056B000F4F7D0F8B64917203839F9F79FFD0821DB
:1056C000B448F0F7B1FE0F20F4F7C4F8B049182041
:1056D0002C39F9F793FD0821AE48F0F7A5FE0F200D
:1056E000F4F7B8F8AA4919202839F9F787FD0821F5
:1056F000A848F0F799FE0F20F4F7ACF8A4491A2057
:105700002039F9F77BFD0821A248F0F78DFE0F2024
:10571000F4F7A0F89E491B201C39F9F76FFD08210A
:105720009C48F0F781FE0F20F4F794F898491C206C
:105730001839F9F763FD08219648F0F775FE0F2038
:10574000F4F788F892491D201439F9F757FD08211C
:105750009048F0F769FE0F20F4F77CF88C491E2082
:105760001039F9F74BFD08218A48F0F75DFE0F204C
:10577000F4F770F886491F200C39F9F73FFD08212E
:105780008448F0F751FE0F20F4F764F88049202098
:105790003031F9F733FD08217E48F0F745FE0F2040
:1057A000F4F758F87A4921203431F9F727FD082118
:1057B0007848F0F739FE0F20F4F74CF874492220AE
:1057C0000839F9F71BFD08217248F0F72DFE0F206C
:1057D000F4F740F86E492320091FF9F70FFD08215F
:1057E0006C48F0F721FE0F20F4F734F86A492420C2
:1057F000F9F704FD08216748F0F716FE0F20F4F7CB
:1058000029F8654925200831F9F7F8FC0821614895
:10581000F0F70AFE0F20F4F71DF860490A20F9F7A7
:10582000EDFC08215B48F0F7FFFD0F20F4F712F8BC
:105830005B492C20F9F7E2FC08215648F0F7F4FD0B
:105840000F20F4F707F852492D203C31F9F7D6FC28
:1058500008215048F0F7E8FD0F20F3F7FBFF4C4913
:105860002A204031F9F7CAFC08214A48F0F7DCFD4C
:105870000F20F3F7EFFF46492E204431F9F7BEFC25
:1058800008214448F0F7D0FD0F20F3F7E3FF444927
:105890002F20091DF9F7B2FC08213E48F0F7C4FD9E
:1058A0000F20F3F7D7FF3E493020091FF9F7A6FC78
:1058B00008213848F0F7B8FD0F20F3F7CBFF38493F
:1058C0000B207439F9F79AFC08213248F0F7ACFD47
:1058D0000F20F3F7BFFF2E4926205C31F9F78EFC2D
:1058E00008212C48F0F7A0FD0F20F3F7B3FF28495B
:1058F00027206031F9F782FC08212648F0F794FD53
:105900000F20F3F7A7FF224928205431F9F776FC3E
:1059100008212048F0F788FD0F20F3F79BFF1C4972
:1059200029205831F9F76AFC08211A48F0F77CFD64
:105930000F20F3F78FFF164931204831F9F75EFC4D
:1059400008211448F0F770FD0F20F3F783FF10498A
:1059500032204C31F9F752FC08210E48F0F764FD73
:105960000F20F3F777FF0A4933205031F9F746FC4F
:1059700008210848F0F758FD0F20F3F76BFF0449A2
:1059800034206831F9F73AFC082102480AE00000A7
:10599000E4300020A0030020A8310020780000207F
:1059A00050350020F0F740FD0F20F3F753FF5F491B
:1059B0003520F9F723FC08215D48F0F735FD0F206D
:1059C000F3F748FF59493620091DF9F717FC08215C
:1059D0005748F0F729FD0F20F3F73CFF53493720D4
:1059E0000831F9F70BFC08215148F0F71DFD0F2095
:1059F000F3F730FF4F493820F9F700FC08214C48F5
:105A0000F0F712FD0F20F3F725FF4A493920091D51
:105A1000F9F7F4FB08214648F0F706FD0F20F3F7ED
:105A200019FF44493A200831F9F7E8FB08214048BA
:105A3000F0F7FAFC0F20F3F70DFF3E493B200C3145
:105A4000F9F7DCFB08213A48F0F7EEFC0F20F3F7FA
:105A500001FF38493C201031F9F7D0FB08213448C8
:105A6000F0F7E2FC0F20F3F7F5FE32493D20143148
:105A7000F9F7C4FB08212E48F0F7D6FC0F20F3F706
:105A8000E9FE2C493E201831F9F7B8FB08212848D7
:105A9000F0F7CAFC0F20F3F7DDFE26493F201C314A
:105AA000F9F7ACFB08212248F0F7BEFC0F20F3F712
:105AB000D1FE1E4940201031F9F7A0FB08211C48F7
:105AC000F0F7B2FC0F20F3F7C5FE184941200C3166
:105AD000F9F794FB08211648F0F7A6FC0F20F3F71E
:105AE000B9FE124942201431F9F788FB0821104809
:105AF000F0F79AFC0F20F3F7ADFE0F494320F9F7BA
:105B00007DFB08210A48F0F78FFC0F20F3F7A2FE77
:105B1000094944201031F9F771FB08210448F0F7D6
:105B200083FCBDE810400F20F3F794BE50310020F5
:105B3000A003002028340020AC31002003B583B03E
:105B40009B208DF80000B9208DF807009DF80C000F
:105B50008DF801009DF80D008DF802009DF81000F1
:105B60008DF803009DF811008DF8040008216846A7
:105B7000F0F75AFC05B000BD10B560EEC00A9FED0D
:105B8000070AFCF70BF9F7EE000AF0EE001A30EE08
:105B9000201A81EE810A30EE600A10BD54F82D40C3
:105BA00001EE100A70EEC00A0120B8EEC11A88405A
:105BB000401E21EE201A00EE900AF8EEE01AC1EE27
:105BC000210A30EE800A70472DE9F0470C46054661
:105BD00040214E48EEF749FD4D484E4A0223808849
:105BE0001080C0000838C1B2484840300068102812
:105BF0000DD0202832D040287ED0602805D1032047
:105C000084F810042868C4F83801BDE8F0876818E3
:105C1000C079FC2811D00021FD2814D0FE2818D00E
:105C2000FB28F2D128780028EFD168780028ECD141
:105C30003948017039480180E7E793602046BDE8A4
:105C4000F047FDF70FBC91602046BDE8F047FDF737
:105C500069BCBDE8F0473248FBF76ABF681884F8B2
:105C60001034018885784ABAC1780B0943EA0519CE
:105C7000037901F00F0143EA0128817945790B0985
:105C800043EA0516C079274D01F00F0140EA0127CC
:105C9000D5ED060A95ED050A10211046FFF780FFA5
:105CA00084ED3A0AD5ED090A95ED080A0C2148461B
:105CB000FFF776FF84ED4E0AD5ED0B0A95ED0A0A43
:105CC0000C214046FFF76CFF84ED3E0AD5ED0D0A2E
:105CD00095ED0C0A0C213046FFF762FF84ED400A77
:105CE000D5ED0F0A95ED0E0A0C213846FFF758FF47
:105CF00084ED5B0A89E7FFE7012084F81004286837
:105D000044F8E80F686820657FE700003C30002019
:105D1000A4310020740300208003002084030020AD
:105D200068110020A430002030B49FED790A794832
:105D300080ED000A9FED780A80ED020ADFED770A18
:105D4000C0ED100ADFED750AC0ED120ADFED740A2E
:105D5000C0ED110ADFED720AC0ED130ADFED710A22
:105D6000C0ED140ADFED6F0AC0ED150ADFED6D0A14
:105D7000C0ED160ADFED6C0AF3EE0E1AC0ED170A3D
:105D8000C0ED181AB1EE042A80ED192AF2EE0E0ABF
:105D9000C0ED1A0AFAEE090AC0ED050AF2EE090A88
:105DA000C0ED060AFAEE040AC0ED080AF2EE040A93
:105DB000C0ED090A80ED0A0A9FED5C1A80ED0B1A0E
:105DC00080ED0C0A9FED5A1A80ED0D1A80ED1C0A29
:105DD000DFED582AC0ED1D2ADFED572A00F580714E
:105DE000C0ED0E2A80ED0F1A01224A6000F5807383
:105DF0000021996000F580744FF47A73E3602346C4
:105E0000F1EE002AC3F82413C0ED202A0223F7EE96
:105E1000082AC4F83833C0ED1B2AC0ED251ADFED7F
:105E2000471A0E23C0ED261AC0ED270A80ED282A56
:105E300080ED290A9FED420AC4F8AC3380ED1F0AB9
:105E4000B7EE000A234680ED210ADFED3E1AC3F8C3
:105E5000B023C0ED221AC0ED230A80ED241ADFED35
:105E60003A0AC0ED2A1AC0ED300AC0ED3A0ADFED59
:105E7000370A9FED371AC0ED310A80ED361A9FEDD3
:105E8000351ADFED351A80ED331AC0ED351ADFED26
:105E9000331A0A1FC0ED321AC0ED3D0AC0ED3E1A9A
:105EA000DFED2F0A80ED3F1AC0ED2B0ADFED1B0A54
:105EB00000F58075C0ED2C0A80ED2D0AC3F8842210
:105EC000C822C3F888224FF4FA73C4F88C3244F61F
:105ED0002064C5F890422C46B0EE040AC4F894221F
:105EE00041F28834C5F898422C46C4F89C322346C7
:105EF000C3F8A02280ED2F0A9FED1A0A80ED2E0A2A
:105F00001846C0F8A412816130BCF9F7A3B90000AB
:105F100000409A44A430002000000000CDCCCC3DCD
:105F2000E71D273B6F12833A9A99193F00007A4385
:105F300000004842CDCC4C3D000048C20AD7A33BEC
:105F4000000010420000A0420000B442000096424F
:105F500000008C42000070420000344200002042E9
:105F60000000644100001C422DE9F0412D4C2E4DF3
:105F70002E4F2DED028BF0EE408A3CE02D489FED38
:105F80002C0ADFF8B48080ED3A0A00202B4EC4F8CA
:105F9000D80088ED020AC6F8A40206F5297600BFEB
:105FA00000BF00BF00BF00BF9FED258A1D48B0EEB7
:105FB000480AF1F71FF900BF00BF00BF00BF00BFD4
:105FC000B0EE480A1F48F1F71FFA00BF00BF00BF3C
:105FD00000BF00BF0022B0EE680A1A49114873687A
:105FE000FDF764F9D4F8E000306094ED030A88ED21
:105FF000020A84ED040A94ED030AD4ED040A30EE9B
:10600000600AD5ED080A20EE200AB0EEC00A10EEB4
:10601000100AB842B2DC0C4901200870BDEC028BBA
:10602000BDE8F081240F0020F80D00206F12833AA4
:1060300000000000F8090020A4300020A431002056
:1060400000409C4668110020B103002010B50029D3
:106050000AD00878002807D005487844EFF724FCD8
:10606000002801D0002010BD0248784410BD000077
:10607000BA1A0000B21A000010B500290AD0087838
:10608000002807D005487844EFF70EFC002801D01F
:10609000002010BD0248784410BD0000AA1A00007C
:1060A000A21A000081F00041704780F00040704764
:1060B00021F00041704720F00040704721F000427D
:1060C000A2F16052B2F5801F01F0004328BFD2F167
:1060D0007F6C0BD95FEA001C43EAC20242EB5070AE
:1060E00018BF704728BF20F001007047B2F5801F2D
:1060F000BCBF184670474FEA410C1CF5001F02D286
:10610000084600F0BFBE70B500F00EFB000000892D
:10611000FFF7F6BF4FF00040A0F580007047000089
:1061200010B591EA030F48BF83F0004300F1D88413
:10613000841A71EB030C05D2121943EB0C03001BFC
:1061400061EB0C01DFF824E14FEA1154A4EB135C7E
:106150001EEA430F18BF9EEA445F73D023EA0E0382
:10616000DCF1200E21EA045143F4801332D322FAE9
:106170000CFE10EB0E0023FA0CFE41EB0E01CCF1ED
:10618000200E03FA0EFE10EB0E0051F10001B1F5E6
:10619000801FCCF1200E32D201EB045112FA0EF224
:1061A000BDE8104058BF7047401C38BF5FEA42024C
:1061B00018BF7047002814BF20F0010041F1000112
:1061C0004FEA410313F5001F38BF7047A1F1C041EA
:1061D00000F0A0BB012A43EB0302ACF1200CDCF180
:1061E0001F0E32BF4FF0000E23FA0CF310EB03002A
:1061F00041EB0451B4EB115FD0D0A1EB045101F598
:10620000801149085FEA300001EB04510ED350F1D0
:10621000000038BF12FA0EFE08D1BDE81040C9E7F1
:10622000401C38BF5FEA4202CAD1C3E7BDE8104054
:106230004FEA410313F5001F38BF7047A1F1C04179
:1062400000F068BB9EEA445F08D011EA5E0FBDE82B
:10625000104004BF01F0004100207047BDE810402D
:1062600070B500F061FA00BF64FBBE3E0000E0FFC5
:106270002DE9C04130B4DFF8A0C23CEA111418BFC8
:106280003CEA131400F0EC8081EA03051CEA1114C7
:1062900044EAD57418BF1CEA131500F0C780A4EBBC
:1062A00005044FF0004545EAC12145EAC32341EA10
:1062B000505143EA525304F17F74994204F500347B
:1062C0004FEAC0204FEAC22208BF904200F09C80F3
:1062D0004FEA13650FF24016765D4FEA134506FB51
:1062E00005F7C7F1807706FB07F74FEAD737A7FB1B
:1062F00003687642C8F58038A7FB06CE38BFA8F100
:10630000010807FB08E64FF0000EA6FB028CE6FB37
:1063100003CEDCF1000CCEF1004E38BFAEF1010E21
:10632000A6FB0C584FF000074FF00005E6FB0E8768
:10633000A1FB08C6A0FB07CE16EB0E0645F1000533
:10634000E1FB076515F1E04E7EBFA4F580345FEAFE
:1063500046066D4116F1800745F100054FEA172703
:106360004FEA066647EA0567A6F1DE46B6F1805FAA
:106370004FEA15251FD9384624F0010C05EBC471EE
:10638000BCF1FE6F01EB0C1102D8F0BCBDE800813E
:1063900024425CBF01F5801E9EEAC47F02D4F0BC9B
:1063A000BDE80081244238D4F0BCA1F1C041BDE871
:1063B000004100F0AFBA4FEAD22242EA43524FEA1C
:1063C000D323A7FB02864FEAD02040EA415007FBC7
:1063D00003661EEA0E0F4FEAD12105FB026658BF85
:1063E000A6EB0056B6EB00564FEA520E4EEAC37EBD
:1063F00018EB0E0E56EB530EBDD518EB02085E419E
:106400007F1C55F10005B6E74FF480154FF00007EB
:106410004FF000064FF00008ADE7F0BC4FF0000071
:1064200001F1C04101F00041BDE8008111EA0C1FFB
:106430000CEA131500D00CE013EA0C1F00F02580C5
:106440004FF00000F0BC81EA030101F00041BDE81B
:106450000081F0BCBDE8004181EA030100F05ABAB6
:10646000F0BCBDE8004170B500F05EF9097EFC3E6D
:1064700000F007B881EA03014FF0000001F000418D
:10648000704781EA030100F045BAF0BCBDE8004165
:106490004FF0000021497047FFFDFBF9F7F5F4F2DA
:1064A000F0EEEDEBE9E8E6E4E3E1E0DEDDDBDAD8AF
:1064B000D7D5D4D3D1D0CFCDCCCBCAC8C7C6C5C40D
:1064C000C2C1C0BFBEBDBCBBBAB9B8B7B6B5B4B324
:1064D000B2B1B0AFAEADACABAAA9A8A8A7A6A5A40F
:1064E000A3A3A2A1A09F9F9E9D9C9C9B9A999998D3
:1064F0009797969595949393929191908F8F8E8E76
:106500008D8C8C8B8B8A8989888887878685858402
:1065100084838382828181800000FF070000F87FEE
:106520004FEA41034FEA5353A3F58063D3F11E03AF
:10653000C8BFD3F1210C0CDD4FF0004242EAC1226A
:1065400042EA505232FA03FC8CEAE17CACEBE17097
:106550007047102BC4BF0020704703F5787CBCF156
:10656000FF3F04D06FF0004282EA2100704770B50F
:1065700000F0DAF84992248000207047F2E710F02A
:10658000004248BF4042B0FA80F310FA03F10AD04B
:10659000C3F11D0303F580634FEA415002EB035240
:1065A00002EBD12170474FF000007047B0FA80F342
:1065B00010FA03F10AD0C3F11D0303F580634FEA1B
:1065C00041504FEA035202EBD12170474FF00000D7
:1065D00070470000DFF848C170B51CEA111E1EBFED
:1065E0001CEA13159EEA0C0F95EA0C0F00F06F8061
:1065F00081EA030423EA4C134EEAD47E21EA4C11CB
:1066000041F4801143F48013AE44A1FB024CA0FB83
:106610000365AEF17F7E361955EB0C05A1FB034CEB
:106620004CF10003A0FB021C16EB0C06654153F174
:106630000003094218BF46F0010613F4007F0BD196
:106640004FEA03314FEA0530340341EA155140EA7D
:1066500016506FF003020AE04FEAC3214FEAC5204B
:10666000F40241EA555140EA56506FF0020202EB43
:106670002E4201EB025585EACE710AD05FEA440C46
:1066800018BF24F0004450F1000041F1000120EA5D
:10669000D47040F2FE7C624500D270BDA84214BFA7
:1066A0004FF080444FF04044002E08BF0024BEF15C
:1066B000806FA8BFA1F1C041BDE8704080F22A817F
:1066C0004FF0000001F1C04101F0004170479EEA27
:1066D0000C0F0CEA131518BF95EA0C0F06D04FF0FB
:1066E000000081EA030E0EF0004170BD00F01CF8BE
:1066F0008900013E00F007B800F009B84FEA430CEA
:106700005FEA5C5C08D081EA030100F003B94FEA5C
:10671000410C5FEA5C5CF6D14FF000000149704724
:106720000000FF070000F87F0EF1020E2EF0030EAE
:106730005EF8046B364205D4012A43EB030515F5D8
:10674000001F12D8012841EB010C1CF5001F0CD8CA
:106750000ED14FEAD17C15F5001F0CEB4C0C0CF15F
:10676000020C08BF4CEBD37C04E04FF0080C01E0B6
:106770004FEAD37C0CEB4C0526FA05F606F007062B
:10678000B6F1040C06D20EEB860CBDE870404CF05E
:10679000010C6047DFE80CF0090B02024FF00041EA
:1067A0004FF00000A1F5002170BD194610460128E8
:1067B00051EB010418BFD4F5001484BF002001F090
:1067C000004170BDDFF844C170B53CEA111418BF38
:1067D0003CEA131500F08F8011F1004F1CEA1315ED
:1067E0000CEA111468BF45F0050518BF11EA0C1F2B
:1067F00000F079802E4621EA4C1123EA4C1341F433
:10680000801143F48013A5F58035AC423DDD801A3C
:106810009941A4F5803609D54042C1F1000134BF49
:10682000B1F10101B1F1000185F0010511F4F01F92
:1068300008D011F4801FE8D1400041EB0101A4F51C
:106840008034F6E721F00041B1FA81F6202E04BF32
:10685000B0FA80FE0EF12006A6F10B06B6F1200E6E
:10686000A4EB06440CD2C6F1200E01FA06F120FA80
:106870000EF641EA0601CEF1200600FA06F003E02A
:1068800000FA0EF14FF00000BFE750EA410E23D0AE
:106890004FEA244EBEEB254F0FDB994208BF9042D2
:1068A00004D00AD3520043EB0303B0E74FEA164685
:1068B000B6EB144F08BF85F00105B4F5803401EB49
:1068C000041181EAC57100DB70BD01F1C0414FF0D8
:1068D000000001F0004170BD4FEA45714FF000002B
:1068E00001F0004170BD1CEA131F09D04FF00000F9
:1068F00001F0004170BDFFF717FF00BFEDFFFF3E45
:10690000BDE870404FF00000014970470000FF07EC
:106910000000F87F0808A0F500114FEA3101704728
:1069200091EA030F10B581F000413FF501AC83F00F
:10693000004300F0D5B800002DE9F04101F5801CBE
:10694000BCF5001FC0F2A9804FEA115C21EA0C518E
:106950000CF1FD0C41F480115FEA5C0C0CF5C07C7D
:1069600001D34000494130A4890241EA9051870295
:106970008E0E0A0CA45D04FB04F602FB06F6C6F1BB
:106980004046A4FB0662F60D46EA422606FB06F4E4
:10699000A4FB01235242C3F1404338BF5B1EA6FB58
:1069A00002420024E6FB0324D20B42EA4446A6FB43
:1069B0000623A1FB02E2A3FB07E4E3FB614264427E
:1069C000C2F1404E38BFAEF1010EA6FB04234FF0DA
:1069D0000002E6FB0E32A2FB03463400E2FB6264D7
:1069E000A1FB06E6A4FB07E8E4FB61687642C8F178
:1069F000405838BFA8F10108A2FB06E4A3FB08E554
:106A0000E2FB6854A1FB05E6A7FB04E8E1FB648612
:106A100018F1200556F10006A809A8F11B08B109D4
:106A200008F03F08B8F10A0F40EA86601CD901EB74
:106A30000C51BDE8F08100BFFCF5EEE8E2DDD8D3F3
:106A4000CFCBC7C3C0BDB9B6B4B1AEACA9A7A5A3DF
:106A5000A19F9D9B9A9896959392908F8D8C8B89F0
:106A60008887868584838281A0FB006800FB01F211
:106A700008EB4208B8EB872807D5341858EB010417
:106A8000D5D5401C51F10001D1E7341A78EB01044F
:106A9000CDD4401E71F10001C9E75FEA4C0C5FEAFA
:106AA0009C5C0DD105D34FF0000001F00041BDE822
:106AB000F081BDE8F04170B5FFF736FE6DDBFFBE3B
:106AC000BDE8F0414FF00000004970470000F87F3A
:106AD00010B591EA030F48BF83F000433FF528ABA0
:106AE000841A71EB030C07D212198CF0004C43EBA3
:106AF0000C03001B61EB0C01DFF8A4E14FEA115419
:106B0000A4EB135C1EEA430F18BF9EEA445F00F03B
:106B1000B08023EA6E03524221EA0451C3EB6E03B4
:106B200038BF5B1EDCF1200E25D322FA0CFE10EBE1
:106B30000E0043FA0CFE41EB0E01CCF1200E03FADD
:106B40000EFE10EB0E0051F10001CCF1200E29D405
:106B500012FA0EF201EB0451BDE8104058BF704725
:106B6000401C1CBFB2F1004F704700280CBF491CED
:106B700020F00100704712EB020E43EB030218BF36
:106B80004FF0010E4EEA4202ACF1200CDCF11E0E79
:106B900054D943FA0CFE10EB0E0051F1FF31CCF149
:106BA0001E0ED5D50EF1010E12FA0EFE404141EB3C
:106BB000010101EB445C5FEA5C5C10D910EBDE7014
:106BC00001EB045138BFBEF1004FBDE8104018BFC3
:106BD000704700280CBF491C20F00100704730D2DC
:106BE0004FEAD42C11F5001124F400641BD0B1FA43
:106BF00081F20B3AA41AA41ED2F12003914030FA7C
:106C000003F31943904001EBCC71002C01EB0451CC
:106C1000BDE81040A8BF704701F1C0414FF000002F
:106C200001F000417047B0FA80F310FA03F100D18F
:106C300010BDE41A173C4805C90AE4E701EB04510A
:106C400010BD491001EB0451BDE810404FEA30007F
:106C500002E04FF0000170474A0008BF0042F8D040
:106C6000B2F5001F28BF704701F000414FF000004F
:106C700070479EEA445F07D011EA5E0FBDE81040FE
:106C800004BF002100207047BDE8104070B5FFF739
:106C90004BFD00BF40DFF63E83F0004110467047D9
:106CA0000000E0FF43004FEAD30C4FEA3C0C4340A6
:106CB0001FBF40070CF1605113F0FE4F70471CF0EE
:106CC000006F03D100200CF0004170470CF000432E
:106CD00043EA507010B540EACC0000F00EF800BF57
:106CE000000000924FEA0001FFF714BE4FF0004190
:106CF0004FF00000A1F5002170470EF1020E2EF0BA
:106D0000030E5EF8044B244204D44FEA4102B2F170
:106D10007F4F11D84FEA4003B3F17F4F0CD80ED10B
:106D20004FEAD07CB2F17F4F0CEB4C0C0CF1020C13
:106D300008BF4CEBD17C04E04FF0080C01E04FEAB7
:106D4000D17C0CEB4C0324FA03F404F00704B4F1F7
:106D5000040C06D20EEB840CBDE810404CF0010C84
:106D60006047DFE80CF0070802024FF00040A0F592
:106D7000800010BD0846420018BFD2F1807288BF63
:106D800000F0004010BD4FF04070E1EE100A704777
:106D90004FF07F4C3CEA410318BF3CEA400200F050
:106DA00062804FF47F0C10F0004F0CEAD11318BF33
:106DB00043F005031CEAD01218BF13EA0C0F00F0D1
:106DC00057804FF0004C4CEA00204CEA0121A3F51B
:106DD00080339A4210DDB0F1004F23F0020306D356
:106DE000401A43F00203BCBF404283F001034FEA64
:106DF0004000A2F58032ECE74FEA224CBCEB234F77
:106E000008DB884206D31CD0A0EB4100C0F1000093
:106E100083F0010340001DD217D40DD0B0FA80FCDE
:106E20000CF1010C00FA0CF0A2EB0C42D2F1000CB8
:106E300012DB4FEAC37070474FEA437000F0004026
:106E4000704713F0020FE5D0DEE7B2F580324FEA6B
:106E50004000EBDD002AE9DD4FEAC21242EA502091
:106E600040EAC370704710B5FFF747FFEDFFFF3EE4
:106E70001CEAD11F02D000F0004070470048704764
:106E80000000C07FFF2141EAD050C0057047EEF7F7
:106E9000C8B8EEF7FDB90001020304050607080CA7
:106EA0001014182030400100020004000600080001
:106EB0000A000C00100020004000800000010101C9
:106EC0000103070100000804020408010101000099
:106ED000000000000000010203040607080900008A
:106EE00000000102030400000004002A0100000069
:106EF0000000000000000000000000000000000092
:106F0000000000000000000001000000010000007F
:106F10000000000000000000000000000000000071
:106F20000000000000000000000000000000B33F6F
:106F3000B2BE7D3A00002E40DFCF513800007E40C7
:106F4000BF51FABA00E0A44019DAC3BA00E0C84061
:106F5000C2ED8AB90040EB40CD1F2CBA00100641AB
:106F60002AFFFABA00C01541DFCFD13700D0244143
:106F70009A97703A0050334189478E36004041411C
:106F8000E75B9D3800B04E41C00A98B900A05B4154
:106F9000558F943A00306841DA92C0BA004074418B
:106FA00062B3C63A0000803F00A0853F00908B3F4F
:106FB00000C0913F0030983F00F09E3F00F0A53F99
:106FC0000050AD3F0000B53F0000BD3F0060C53F31
:106FD0000020CE3F0040D73F00C0E03F00C0EA3F66
:106FE0000020F53F000000007D36AC397D3C38398B
:106FF000EBDCF438320A7E39124C26399B6AED39C3
:10700000A4EE83397F661E39F6398A392B426539F9
:10701000A48211395B991F39C3EECD39DDE7C6373C
:10702000A5A22F390000803FC3AA853FC2958B3FA0
:10703000D3C3913FF037983F32F59E3FD7FEA53F2F
:107040003F58AD3FF304B53FA408BD3F2A67C53F95
:107050008C24CE3FFD44D73FDFCCE03FC7C0EA3FA2
:107060007D25F53F00000000000000003031323384
:10707000343536373839414243444546403058006C
:10708000303132333435363738396162636465669E
:1070900040307800040000080000000000000002FA
:1070A000000100001000000000004054FB21F93FE7
:1070B0003163621A61B4D03D0000601A61B4D03D02
:1070C0007370032E8A19A33B0000002E8A19A33B7C
:1070D000C14920259A837B39000000000000000090
:1070E0006E83F9A22915444ED15727FCC0DD34F533
:1070F000999562DB4190433CAB6351FE61C5BBDEB9
:107100003A6E24B7E0D24D42EA2E49061C92D109CC
:107110001CEB1DFE3EA729B1F53582E88444BB2E49
:1071200026709CE9417E5FB439D69139F439538396
:107130008B5F849C3B28F9BDFF97F81F0F9805DEF5
:107140008B112FEF1F6D0A5ACF7E366DB709CB27F3
:10715000663F464F2DEA5F9EC7BA27757BF1E5EB88
:10716000F739073DEA92528AB15FFB6B085D8D1FCC
:10717000000000006E83F9A22915444ED15727FC68
:10718000C0DD34F5999562DB4190433CAB6351FE21
:107190007AFE10111111C13F37D60684F464963F70
:1071A000280356C9226D6D3F0165F2F2D844433F72
:1071B000A69237A0887E143F735360DBCB75F3BE75
:1071C000FE41B31BBAA1AB3F93846EE9E326823F35
:1071D0001583E0FEC8DB573F68108D1AF726303F55
:1071E000E9A7F0320FB8123FD47ABF74702AFB3E81
:1071F000303132333435363738396162636465662D
:1072000078700030313233343536373839414243C3
:10721000444546585000000002400000000000A015
:107220000000000005400000000000C80000000051
:107230000C4000000000409C0000000019400000CD
:107240000020BCBE0000000034400000BFC91B8EFF
:1072500000000004B5400000504BCFD06607E2CFDD
:10726000010000006C4100003E8251AADFEEA7340D
:1072700001000000D9420000DCB5A0E23A301F97BF
:10728000FFFFFFFFB4450000FD25A0C8E9A3C14FE3
:10729000FFFFFFFFFF3F0000000000800000000034
:1072A000FF3F000000000080000000002053544118
:1072B000525420524F544154494E4720414E44208D
:1072C00043414C4942524154452121212121212150
:1072D000212121212121212121212121212121219E
:1072E000212121212121212121200A0D0A0D000027
:1072F00000000000920E493CB10AC93C2BC3163D68
:107300002EFB483D752B7B3D04A9963D80B6AF3DD5
:1073100036BDC83D2FBCE13D73B2FA3D87CF093E73
:107320008340163EB5AB223EA2102F3ECF6E3B3EB1
:10733000C2C5473E0115543E135C603E7F9A6C3EC9
:10734000CCCF783EC07D823E938E883E229A8E3E80
:1073500032A0943E86A09A3EE59AA03E128FA63EA9
:10736000D47CAC3EEF63B23E2A44B83E491DBE3EDB
:1073700015EFC33E53B9C93ECA7BCF3E4136D53E19
:1073800080E8DA3E4F92E03E7533E63EBBCBEB3E03
:10739000EA5AF13ECBE0F63E275DFC3EE4E7003FD3
:1073A0003D9C033F824B063F9BF5083F6B9A0B3F8A
:1073B000DA390E3FCDD3103F2A68133FD9F6153F77
:1073C000C07F183FC6021B3FD17F1D3FCBF61F3F3A
:1073D0009967223F25D2243F5636273F1594293FEF
:1073E0004AEB2B3FDE3B2E3FBB85303FC9C8323FC7
:1073F000F304353F233A373F4268393F3B8F3B3FE9
:10740000F9AE3D3F67C73F3F70D8413F01E2433F80
:1074100003E4453F65DE473F12D1493FF8BB4B3F90
:10742000029F4D3F207A4F3F3D4D513F4918533FFA
:1074300031DB543FE595563F5348583F6AF2593F78
:107440001A945B3F532D5D3F05BE5E3F2146603F72
:1074500097C5613F5A3C633F59AA643F880F663F16
:10746000D86B673F3CBF683FA7096A3F0C4B6B3F37
:107470005E836C3F93B26D3F9ED86E3F73F56F3F56
:107480000809713F5213723F4714733FDD0B743F7D
:107490000BFA743FC6DE753F07BA763FC58B773F60
:1074A000F853783F9812793F9DC7793F02737A3F2E
:1074B000BE147B3FCDAC7B3F283B7C3FC9BF7C3FAC
:1074C000AC3A7D3FCCAB7D3F23137E3FB0707E3F17
:1074D0006DC47E3F580E7F3F6D4E7F3FAB847F3F34
:1074E0000FB17F3F97D37F3F43EC7F3F11FB7F3F3F
:1074F0000000803F11FB7F3F43EC7F3F97D37F3FEE
:107500000FB17F3FAB847F3F6D4E7F3F580E7F3F73
:107510006DC47E3FB0707E3F23137E3FCCAB7D3F7A
:10752000AC3A7D3FC9BF7C3F283B7C3FCDAC7B3F25
:10753000BE147B3F02737A3F9DC7793F9812793F13
:10754000F853783FC58B773F07BA763FC6DE753F65
:107550000BFA743FDD0B743F4714733F5213723FB5
:107560000809713F73F56F3F9ED86E3F93B26D3F30
:107570005E836C3F0C4B6B3FA7096A3F3CBF683F83
:10758000D86B673F880F663F59AA643F5A3C633FF8
:1075900097C5613F2146603F05BE5E3F532D5D3F6D
:1075A0001A945B3F6AF2593F5348583FE595563F5E
:1075B00031DB543F4918533F3D4D513F207A4F3FF7
:1075C000029F4D3FF8BB4B3F12D1493F65DE473F1D
:1075D00003E4453F01E2433F70D8413F67C73F3F67
:1075E000F9AE3D3F3B8F3B3F4268393F233A373F3F
:1075F000F304353FC9C8323FBB85303FDE3B2E3FE9
:107600004AEB2B3F1594293F5636273F25D2243F7E
:107610009967223FCBF61F3FD17F1D3FC6021B3F1C
:10762000C07F183FD9F6153F2A68133FCDD3103FCE
:10763000DA390E3F6B9A0B3F9BF5083F824B063FB2
:107640003D9C033FE4E7003F275DFC3ECBE0F63E78
:10765000EA5AF13EBBCBEB3E7533E63E4F92E03E3D
:1076600080E8DA3E4136D53ECA7BCF3E53B9C93EAB
:1076700015EFC33E491DBE3E2A44B83EEF63B23EFD
:10768000D47CAC3E128FA63EE59AA03E86A09A3EE0
:1076900032A0943E229A8E3E938E883EC07D823EDA
:1076A000CCCF783E7F9A6C3E135C603E0115543E11
:1076B000C2C5473ECF6E3B3EA2102F3EB5AB223E29
:1076C0008340163E87CF093E73B2FA3D2FBCE13DA1
:1076D00036BDC83D80B6AF3D04A9963D752B7B3DB8
:1076E0002EFB483D2BC3163DB10AC93C920E493CC6
:1076F00000000000920E49BCB10AC9BC2BC316BDE4
:107700002EFB48BD752B7BBD04A996BD80B6AFBDD1
:1077100036BDC8BD2FBCE1BD73B2FABD87CF09BE6F
:10772000834016BEB5AB22BEA2102FBECF6E3BBEAD
:10773000C2C547BE011554BE135C60BE7F9A6CBEC5
:10774000CCCF78BEC07D82BE938E88BE229A8EBE7C
:1077500032A094BE86A09ABEE59AA0BE128FA6BEA5
:10776000D47CACBEEF63B2BE2A44B8BE491DBEBED7
:1077700015EFC3BE53B9C9BECA7BCFBE4136D5BE15
:1077800080E8DABE4F92E0BE7533E6BEBBCBEBBEFF
:10779000EA5AF1BECBE0F6BE275DFCBEE4E700BFCF
:1077A0003D9C03BF824B06BF9BF508BF6B9A0BBF86
:1077B000DA390EBFCDD310BF2A6813BFD9F615BF73
:1077C000C07F18BFC6021BBFD17F1DBFCBF61FBF36
:1077D000996722BF25D224BF563627BF159429BFEB
:1077E0004AEB2BBFDE3B2EBFBB8530BFC9C832BFC3
:1077F000F30435BF233A37BF426839BF3B8F3BBFE5
:10780000F9AE3DBF67C73FBF70D841BF01E243BF7C
:1078100003E445BF65DE47BF12D149BFF8BB4BBF8C
:10782000029F4DBF207A4FBF3D4D51BF491853BFF6
:1078300031DB54BFE59556BF534858BF6AF259BF74
:107840001A945BBF532D5DBF05BE5EBF214660BF6E
:1078500097C561BF5A3C63BF59AA64BF880F66BF12
:10786000D86B67BF3CBF68BFA7096ABF0C4B6BBF33
:107870005E836CBF93B26DBF9ED86EBF73F56FBF52
:10788000080971BF521372BF471473BFDD0B74BF79
:107890000BFA74BFC6DE75BF07BA76BFC58B77BF5C
:1078A000F85378BF981279BF9DC779BF02737ABF2A
:1078B000BE147BBFCDAC7BBF283B7CBFC9BF7CBFA8
:1078C000AC3A7DBFCCAB7DBF23137EBFB0707EBF13
:1078D0006DC47EBF580E7FBF6D4E7FBFAB847FBF30
:1078E0000FB17FBF97D37FBF43EC7FBF11FB7FBF3B
:1078F000000080BF11FB7FBF43EC7FBF97D37FBFEA
:107900000FB17FBFAB847FBF6D4E7FBF580E7FBF6F
:107910006DC47EBFB0707EBF23137EBFCCAB7DBF76
:10792000AC3A7DBFC9BF7CBF283B7CBFCDAC7BBF21
:10793000BE147BBF02737ABF9DC779BF981279BF0F
:10794000F85378BFC58B77BF07BA76BFC6DE75BF61
:107950000BFA74BFDD0B74BF471473BF521372BFB1
:10796000080971BF73F56FBF9ED86EBF93B26DBF2C
:107970005E836CBF0C4B6BBFA7096ABF3CBF68BF7F
:10798000D86B67BF880F66BF59AA64BF5A3C63BFF4
:1079900097C561BF214660BF05BE5EBF532D5DBF69
:1079A0001A945BBF6AF259BF534858BFE59556BF5A
:1079B00031DB54BF491853BF3D4D51BF207A4FBFF3
:1079C000029F4DBFF8BB4BBF12D149BF65DE47BF19
:1079D00003E445BF01E243BF70D841BF67C73FBF63
:1079E000F9AE3DBF3B8F3BBF426839BF233A37BF3B
:1079F000F30435BFC9C832BFBB8530BFDE3B2EBFE5
:107A00004AEB2BBF159429BF563627BF25D224BF7A
:107A1000996722BFCBF61FBFD17F1DBFC6021BBF18
:107A2000C07F18BFD9F615BF2A6813BFCDD310BFCA
:107A3000DA390EBF6B9A0BBF9BF508BF824B06BFAE
:107A40003D9C03BFE4E700BF275DFCBECBE0F6BE74
:107A5000EA5AF1BEBBCBEBBE7533E6BE4F92E0BE39
:107A600080E8DABE4136D5BECA7BCFBE53B9C9BEA7
:107A700015EFC3BE491DBEBE2A44B8BEEF63B2BEF9
:107A8000D47CACBE128FA6BEE59AA0BE86A09ABEDC
:107A900032A094BE229A8EBE938E88BEC07D82BED6
:107AA000CCCF78BE7F9A6CBE135C60BE011554BE0D
:107AB000C2C547BECF6E3BBEA2102FBEB5AB22BE25
:107AC000834016BE87CF09BE73B2FABD2FBCE1BD9D
:107AD00036BDC8BD80B6AFBD04A996BD752B7BBDB4
:107AE0002EFB48BD2BC316BDB10AC9BC920E49BCC2
:107AF00000000080407C0108000000200C04000011
:107B000014420008487E01080C040020047601009D
:107B1000704200081C00000043000000F8FFFFFF57
:107B20000C0000000E0000000F0000002E000000FE
:107B30001001000043000000F8FFFFFF004040403C
:107B40004040404040404141414141404040404030
:107B500040404040404040404040404040050202DC
:107B6000020202020202020202020202022020209B
:107B700020202020202020020202020202029090F7
:107B800090909090101010101010101010101010F5
:107B90001010101010101010020202020202888849
:107BA0008888888808080808080808080808080855
:107BB000080808080808080802020202400000003D
:107BC00000000000000000000000000000000000B5
:107BD00000000000000000000000000000000000A5
:107BE0000000000000000000000000000000000095
:107BF0000000000000000000000000000000000085
:107C00000000000000000000000000000000000074
:107C10000000000000000000000000000000000064
:107C20000000000000000000000000000000000054
:107C30000000000000000000000000000000000044
:107C400011A2023241325A035E7201297385200368
:107C500026EF296F5A10080114091018294232041E
:107C60005A083A32204A402A2324F45A14380A1572
:107C7000015200FF000102030405060708090A0B70
:107C80000C0D0E0F101112131415161718191A1BBC
:107C90001C1D1E1F202122232425262728292A2BAC
:107CA0002C2D2E2F303132333435363738393A3B9C
:107CB0003C3D3E3F404142434445464748494A4B8C
:107CC0004C4D4E4F505152535455565758595A5B7C
:107CD0005C5D5E5F606162636465666768696A6B6C
:107CE0006C6D6E6F707172737475767778797A7B5C
:107CF0007C7D7E7F808182838485868788898A8B4C
:107D00008C8D8E8F909192939495969798999A9B3B
:107D10009C9D9E9FA0A1A2A3A4A5A6A7A8A9AAAB2B
:107D2000ACADAEAFB0B1B2B3B4B5B6B7B8B9BABB1B
:107D3000BCBDBEBFC0C1C2C3C4C5C6C7C8C9CACB0B
:107D4000CCCDCECFD0D1D2D3D4D5D6D7D8D9DADBFB
:107D5000DCDDDEDFE0E1E2E3E4E5E6E7E8E9EAEBEB
:107D6000ECEDEEEFF0F1F2F3F4F5F6F7F8F9FAFBDB
:107D7000FCFDFE180BFF0D030108410401084D0432
:107D80001A6D041AC5041B1D0204190841170403C7
:107D90000904120114020202164022AF40572602C3
:107DA00001020301031A1A0313BD631B08B9041A65
:107DB000B5041AE104132564394C41130A06320252
:107DC0001A4043111C0902434F1125C03209041BFC
:107DD00001020B13052416100105240110090104EA
:107DE000240202052406170107058203081C100956
:107DF0000485320A1D07050102432C070581070986
:107E000038442A40072A8107112B0907440A3B04FA
:107E100044380C79030108C5020108250501EC1A54
:107E200019101A3D101A9B04C11A61181A55041A28
:107E30006D041A4904012C08081101020304050607
:087E400007340251C8000000E4
:04000005080041D9D5
:00000001FF
