:020000040802F0
:1000000040560120D9010208CB850208617302081D
:10001000C9850208950D020837AE020800000000ED
:100020000000000000000000000000006D8B0208CE
:10003000051D020800000000ED880208198D020865
:10004000F3010208F3010208F3010208F3010208B8
:10005000F3010208F3010208F3010208F3010208A8
:10006000F3010208F3010208F3010208F301020898
:10007000311C0208F30102083D1C0208F3010208CA
:10008000491C0208551C0208390B0208A50D02087C
:10009000990D0208F3010208F3010208F3010208B6
:1000A000F18E0208158F0208098F0208FD8E0208E2
:1000B000218F0208F3010208F3010208F30102088C
:1000C000F3010208F3010208F3010208F301020838
:1000D000F3010208F3010208B1950208BD95020878
:1000E000F3010208F3010208F3010208F301020818
:1000F000F3010208F3010208F3010208F301020808
:10010000F3010208F3010208F3010208F3010208F7
:10011000F3010208F3010208F3010208F3010208E7
:10012000F3010208F3010208F3010208F3010208D7
:10013000F30102080000000000000000F3010208C3
:10014000F3010208F3010208F3010208ED85020839
:10015000F3010208F3010208F3010208F3010208A7
:10016000F3010208F3010208F3010208F301020897
:10017000F3010208F3010208F30102080000000085
:1001800000000000F3010208000000000000000071
:10019000F30102080000000000000000F301020863
:1001A000000000000000000000000000F301020851
:1001B000F3010208F3010208F3010208F301020847
:1001C000F3010208DFF80CD000F05AFC00480047A9
:1001D00019E10208405601200648804706480047BA
:1001E000FEE7FEE7FEE7FEE7FEE7FEE7FEE7FEE7E7
:1001F000FEE7FEE7498E0208C50102089FED1A1AC4
:10020000F5EE000A40EE010ABDEEE00AF5EEC00A86
:1002100010EE100AF1EE10FA38BF401E00EE100A80
:100220001349F7EE001AB8EEC00A30EEC00ADFED4F
:100230000F0A20EE200AFCEEC00A10EE900AC0F36E
:10024000080000EE900A01EB8000F8EE600A90EDE5
:10025000011A70EE600A90ED000A71EEE01A21EECC
:10026000800A00EE810A704783F9223E00000044B4
:1002700010060308DFED190AB5EEC00A60EE200A89
:10028000BDEEE01A11EE100AF1EE10FA38BF401E72
:1002900000EE100A1349F7EE001AB8EEC00A30EE6D
:1002A000C00ADFED0F0A60EE200ABCEEE00A10EE95
:1002B000100AC0F3080000EE100A01EB8000B8EE4F
:1002C000400A90ED011A70EEC00A90ED000A71EE3E
:1002D000E01A21EE800A00EE810A704783F9223E7F
:1002E00000000044100603082DE9F05F05460020D9
:1002F00092469B4688460646814640241BE0284697
:1003000041464746224600F056FA53465A46C01A1E
:10031000914110D311461846224600F03DFA2D1A9D
:1003200067EB01084F4622460120002100F034FA15
:1003300017EB00094E41201EA4F10104DFDC484602
:1003400031462A464346BDE8F09F40EA01039B0739
:1003500003D009E008C9121F08C0042AFAD203E03A
:1003600011F8013B00F8013B521EF9D27047D2B29E
:1003700001E000F8012B491EFBD270470022F6E78E
:1003800010B513460A4604461946FFF7F0FF20460B
:1003900010BD2DE9FE4F804681EA0300C00F0C46D8
:1003A000009021F0004123F00045B8EB0200A94184
:1003B00005D24046214690461C460B46024623F095
:1003C0000040104347D0270DC7F30A00C3F30A517A
:1003D0000290401A019040286BDAC3F3130040F4F6
:1003E000801B0098924620B10023D2EB030A63EBF6
:1003F0000B0B01985946C0F14002504600F0CCF971
:1004000006460D4650465946019A00F0E4F910EBB5
:1004100008006141002487EA115284EAE7731A4315
:1004200040D0009A62B3019A012A4FEA075215DCC4
:10043000001B61EB02014FF0004202EA0752CDE9D6
:100440000042001C41F5801132462B4600F01BFA99
:1004500003B0BDE8F08F40462146F9E7001B61EB91
:100460000201001C41F5801300185B412018A2F521
:10047000001747EB030140EAD570B6196D4111E052
:100480006D084FEA360645EAC0754FEA0752001B71
:1004900061EB0201001C41F5801149084FEA300070
:1004A0000019514132462B4603B0BDE8F04F00F031
:1004B000DBB90098012240000023D0EB020263EB7D
:1004C000E073009821464FEAE074B8EB000061EB5E
:1004D0000401E9E783F000435BE781F0004158E75E
:1004E0002DE9FE4F81EA030404F0004421F00041AD
:1004F00000944FF0000B23F0004350EA01045ED05B
:1005000052EA03045BD0C3F30A54C1F30A552C44E6
:10051000A4F2F3340194A0FB0254C1F3130141F49B
:100520008011C3F3130343F4801301FB024400FB67
:10053000034E840A970A44EA815447EA8357A4FB8E
:10054000076802958D0A05FB07854FEA932C04FB8B
:100550000C542705029D4FEA065847EA1637B5EBBB
:1005600008056EEB070C870E920E47EA811742EAE8
:100570008312A7FB0201B6EB0B0164EB00042B0D09
:1005800043EA0C335E1844EB1C50DA465146E7FB55
:100590000201C5F313044FEA0B3343EA14534FEA45
:1005A0000432019C43EA0603A4F10C040294009C6B
:1005B000CDE900B400F067F903B0BDE8F08F00208A
:1005C0000146F9E72DE9F04D81EA030404F0004B00
:1005D00021F0004514464FF0000A23F0004150EA94
:1005E000050220D054EA01021DD0C5F30A57024685
:1005F000C5F31303C1F31300C1F30A5640F4801589
:1006000043F48013A7EB0608101BD64608F2FD380A
:1006100073EB050002D308F1010801E092185B4179
:10062000B8F1000F03DA00200146BDE8F08D00208C
:100630004FF48011064684460EE0171B73EB050746
:1006400005D3121B63EB050306434CEA010C490872
:100650004FEA300092185B4150EA0107EDD152EAAF
:10066000030012D082EA040083EA0501084305D0A2
:10067000101BAB4106D20122002306E000224FF0FE
:10068000004302E06FF0010253101AEB06004CEB3E
:10069000085110EB0A0041EB0B01BDE8F04D00F0F2
:1006A000E3B80EB5C10F80EAE0700844CA07002124
:1006B00040F233438DE80E000A460B4600F0E3F8A3
:1006C00003B000BD0EB540F2334102910021CDE9E7
:1006D00000110A460B4600F0D6F803B000BD00F04A
:1006E000004230F000400AD0C10D01F56071C0F346
:1006F000160042EA0151C20840071143704700202A
:100700000146704730B5041E71F1000404DB4FF060
:100710000044404264EB0101141E73F1000405DB48
:100720001C464FF00043524263EB0403994208BF5A
:10073000904230BD01F0004330B421F0004150EA56
:10074000010206D00A0DA2F56072C1F31301002A5E
:1007500002DC30BC00207047440F44EAC104C100F1
:10076000E01830BC00EBC25000F047B830B50B4683
:10077000014600202022012409E021FA02F59D42D1
:1007800005D303FA02F5491B04FA02F52844151EA5
:10079000A2F10102F1DC30BD202A04DB203A00FA8C
:1007A00002F1002070479140C2F1200320FA03F3C8
:1007B000194390407047202A04DB203A21FA02F0C6
:1007C0000021704721FA02F3D040C2F1200291408B
:1007D000084319467047202A06DBCB17203A41FA16
:1007E00002F043EAE07306E041FA02F3D040C2F1BE
:1007F000200291400843194670470029A8BF70475E
:10080000401C490008BF20F00100704710B4B0FA46
:1008100080FC00FA0CF050EA010404BF10BC7047E1
:1008200049B1CCF1200421FA04F411FA0CF118BFFB
:10083000012121430843A3EB0C01CB1D4FEA0061CA
:100840004FEA102042BF002010BC704700EBC3509D
:1008500010440029A4BF10BC7047401C490008BFC9
:1008600020F0010010BC704710B5141E73F1000495
:1008700008DA401C41F1000192185B411A4301D192
:1008800020F0010010BD2DE9F04D92469B4611B1BC
:10089000B1FA81F202E0B0FA80F220329046FFF71E
:1008A0007BFF04460F4640EA0A0041EA0B0153462B
:1008B0005A46084313D0114653EA010019D0C8F133
:1008C00040025046FFF777FF05460E465046594610
:1008D0004246FFF761FF084305D0012004E02046AF
:1008E0003946BDE8F08D0020054346EAE0762C430A
:1008F00037430A986305E40AA0EB08000022FD0ACA
:1009000044EA47540A3002D500200146E9E70105D0
:1009100010196941DDE9084500196941BDE8F04D4C
:10092000A2E72DE9F04D00231A461B1A8A4103DB8A
:1009300000200146BDE8F08DC1F30A52C1F3130156
:1009400041F480154FF0000BD10702D100186D4122
:10095000521E0027044640F2FF11384601EB620A9E
:100960003E468046024600204FF48011FFF723FFE9
:10097000C2197141BB1846EB0100B4EB030C75EBD7
:10098000000C04D3E41A65EB000517460E46241943
:1009900008F101006D4180463428E3DDF91946EB8A
:1009A0000600091BA84103D24FF0FF32134601E0B5
:1009B000002213461BEB070046EB0A51BDE8F04D41
:1009C000FFF752BF2DE9FE4FC3F30A5701F0004570
:1009D0000024C1F30A56C3F31303C1F3130143F414
:1009E000801312EB020AA64641F48011009543EBF6
:1009F000030CA7F1010B16E0B0EB0A0061EB0C0150
:100A0000071E71F1000707DA4FF00008D0EB08006D
:100A100085F0004568EB0101171A73EB0107EBD372
:100A2000761E001849415E45F6DA50EA010209D007
:100A3000CDE900E5002213460296FFF724FF03B03C
:100A4000BDE8F08F20460099F9E7C1F30A52C1F3DF
:100A5000130140F2FF3341F480119A4202DA002080
:100A60000146704740F233439A42A2F2334202DC1D
:100A70005242FFF7A0BEFFF78FBE00207047000074
:100A8000064C074D06E0E06840F0010394E80700DB
:100A900098471034AC42F6D3FFF798FBE4100308F4
:100AA0000411030870B5C1F30A5201F00045002497
:100AB000C1F3130140F2FF3341F480119A4201DA8D
:100AC000002070BD40F233439A42A2F2334203DC6D
:100AD0005242FFF770FE00E090402C43F1D04042BC
:100AE00070BD70B58C1810F8015B15F0070301D1CB
:100AF00010F8013B2A1106D110F8012B03E010F881
:100B0000016B01F8016B5B1EF9D12B0705D40023A3
:100B1000521E0DD401F8013BFAE710F8013BCB1A45
:100B2000921C03E013F8015B01F8015B521EF9D53A
:100B3000A142D8D3002070BD10B5054802F082FA5A
:100B4000044802F07FFABDE81040034802F07ABA88
:100B5000140300205C030020A4030020464910B5C4
:100B60004A6822F440324A604A6843681A434A603D
:100B700001684A6822F480724A6001684A68036921
:100B800042EA03224A6001684A6822F040724A60E1
:100B900001684A6883681A434A6001688A6822F4D7
:100BA00000628A6001688A68C3681A438A60816A41
:100BB0006FF07062D14201688A6822F070628A60C8
:100BC00001688A680CD0836A1A438A6001688A685F
:100BD00022F040528A6001688A68C36A1A4301E0C1
:100BE00022F040528A6001688A6822F002028A601C
:100BF00001688A68037E42EA43028A6090F8201006
:100C0000002901684A680FD042F400624A60016816
:100C10004A6822F460424A6001684A68174C436A95
:100C200004EB43331A4301E022F400624A60016896
:100C3000CA6A22F47002CA620168CA6A838B104CC5
:100C400004EB03531A43CA6201688A6822F40072F3
:100C50008A6001688A6890F8303042EA43228A60EC
:100C600001688A6822F480628A6001688A68406943
:100C700042EA8020886010BD0023014000E0FFFFB1
:100C80000000F0FF2DE9F04100232DED028B82B032
:100C9000384A3949394807F06FFF374DADF8000041
:100CA000002695F80404012856D002285AD00328BB
:100CB00054D0042854D034469FED318A95ED040A6F
:100CC000F0EE480A0CF008FD804695ED060AF0EEBD
:100CD000480A0CF001FD07462A4895ED150AF0EE8A
:100CE000480A90ED211A20EE010A0CF0F5FC264985
:100CF000204D0978ADF804101135AB2129701D493C
:100D0000BDF800204A82C1F814808F61C86181F863
:100D10002040BDF80400A1F821001221284600F06F
:100D200061F9A87413222946184806F0DBF918491E
:100D3000D0B10868401C0860B0F57A7F15D30E600A
:100D400007F078F907F0A0FB02B01048BDEC028B69
:100D5000BDE8F04105F05CBF0824ADE70924ABE72E
:100D60000A24A9E70B24A7E70E6002B0BDEC028BB2
:100D7000BDE8F081FA360020E0160020F8110020CE
:100D800000401C46F80C00204C020020F406002015
:100D9000B0020020FEE70000014802F0ACBC0000F9
:100DA000EC030020014802F0A6BC0000EC03002088
:100DB00070B5A6B00024494800908DF81C408DF80D
:100DC0001D400005CDE9020401264FF4A0208DF856
:100DD000184004908DF8194030058DF81A400590A0
:100DE0008DF81B6005200190684602F082FD08B175
:100DF00001F0A4F83A4D0FA9A8884005000CCDE9F0
:100E00000A044FF6FF700C90CDE90D041B2081E819
:100E10005100CDE912640AA9684602F04BFB08B103
:100E200001F08CF8684602F0E6FE08B101F086F8A1
:100E300068681490022018901794CA208DF88400D6
:100E4000FE208DF8850016948DF8644025AB21AA0C
:100E500014A9684602F0CAFA08B101F06FF86846B2
:100E600002F033FC0328FAD10021684602F0A9FB06
:100E7000012801D001F062F823AB1AAA00216846CC
:100E800002F0AFFB08B101F059F81A98696888427E
:100E90000DD11D9858B91C9848B91E98022806D142
:100EA000BDF88C0040BAA0F54A41FE390BD0684627
:100EB00002F0CCFE08B101F041F8684602F0A6FD50
:100EC000012026B070BD684602F0C0FE08B101F0F6
:100ED00035F8684602F09AFD0020F2E70064004011
:100EE000F80D002070B51A4D04462888401C80B2C9
:100EF0000521B0FBF1F2288001FB120018B9002196
:100F0000204607F0F5FCD4ED4C0AD4ED3F1A95EDE0
:100F1000010A30EEE11AB4EEC01AF1EE10FA02DD69
:100F200030EEC00A08E0B1EE402AB4EEC21AF1EE8B
:100F300010FA04D230EE800A84ED4C0A01E0C4EDD0
:100F40004C1A2046BDE87040002109F075BF000032
:100F500080000020002070470020704710B500225C
:100F60000449054808F03FFC0449034808F032FCF6
:100F7000002010BD64280020941B00206420002065
:100F800070B50C460C4905460868401C08602946A7
:100F90000A482268FFF7D9F92068082803D1002100
:100FA00006480DF0B5FE2946054808F013FC044834
:100FB00008F0F5FB002070BD08010020F80B0020B0
:100FC000941B0020002070470A4610B501460448D3
:100FD00008F009FCBDE81040014808F06EBC0000B4
:100FE000941B002030B50346002080240DE013F848
:100FF000012B50400022C50702D084EA500000E0D7
:101000004008521CD2B2082AF5D3491EC9B2EED20A
:1010100030BDF0B5002140F22F150C460022035DD3
:1010200001F0800603F08007BE4202D085EA41014C
:1010300000E049005B061B0E521CC9B2072AEFDD17
:10104000641C062CEADBC9438171F0BDF0B50221B6
:1010500040F21D1500240023025D01F0800602F01D
:101060008007BE4202D085EA410100E049005206F5
:10107000120E5B1CC9B2072BEFDD641C0C2CEADBE3
:10108000017302210D240022035D01F0800603F0AC
:101090008007BE4202D085EA410100E049005B06BC
:1010A0001B0E521CC9B2072AEFDD641C132CEADBAD
:1010B000C174F0BDF0B5002140F22F1507240022C5
:1010C000035D01F0800603F08007BE4202D085EA8E
:1010D000410100E049005B061B0E521CC9B2072A01
:1010E000EFDD641C0C2CEADBC9430173F0BD00008A
:1010F0002DE9F05FDFF814B40D462DED0C8BADF546
:10110000564D06464FF428644FF0280A9BEDEB0A33
:10111000B8EEC00ADFEDFE9A20EE290ADFEDFD0AE7
:101120004DF224476F44C0EE208A4FF48071384658
:10113000FFF724F94FF40071A7F50070FFF71EF9CF
:10114000DFEDF5AA95ED030ADFEDF40A60EE20BAB3
:101150009FEDF1BA9FEDF00A0DF57050DFF8C083F6
:1011600080EDC50AB6EE00AA9FEDEB0A80EDC2AA9B
:1011700088ED000AFFF77EF84046B0EE40DA90EDC9
:10118000000AFFF73BF80DF5405306F1E400F0EEDE
:1011900040DA4FF480723946C3F8200FFFF7D5F8D4
:1011A00043F614726A4402F10801081FF0EE4B1A6C
:1011B000B0EE6B1AF0EE4D0AB0EE6D0A0CF05AF973
:1011C0000DF5705343F608726A4402F1080195ED7B
:1011D000030A081FD3EDC51A93EDC71AD3EDC60A4B
:1011E00006F02EFD95F8A0009FEDCE8A00280DF5A3
:1011F000705090EDC30A20EE081A06D090EDC40A94
:1012000060EE080A90EDC20A05E090EDC20A60EEB9
:10121000080A90EDC40A20EE080A06F037F8C2A0CA
:101220000DF064FD4FF4FA6002F02EFF9FEDCCCA82
:101230003046B0EE4C0A00F0CBFDCA480DF056FD2A
:10124000DFF824930027C94801F00CFDD9F80010FD
:10125000D9F83C10D9F83C0100EE101AB8EE400A5B
:1012600039EE009A00EE100A7F1C052FB8EE400AF6
:101270007CEE80CAE7DB9FEDBE0A69EE000A2CEE29
:10128000800AFDEEE00ABDEEC00A10EE900A10EEF4
:10129000101AC5E92A01D5F8B820891A00EE101AEB
:1012A000F8EEC00A9FEDB30A60EE801AC5ED011A90
:1012B000D5F8B410401A00EE900A05F12801081F75
:1012C000F8EEE00A20EE802AB1EE610AF0EE4D0A57
:1012D00085ED022A30EE421AB0EE6D0A85ED001A55
:1012E0000BF036FF95ED090AF0EE000A0AF0E2F87D
:1012F000B0EE409A95ED0A0AF0EE000A0AF0DAF82C
:1013000039EE000A0AF00DFD8548B0EE409A80EDF6
:10131000019A99A00DF0EAFC00278DE04FF000083B
:10132000DFF8FC914DE099ED000A30EE280A89EDD6
:10133000000AFEF79FFFF0EE40CA99ED000AFEF7A3
:101340005DFF43F614726A4402F10801081FF0EED3
:101350004B1AB0EE6B1AF0EE6C0A0CF08BF80DF530
:10136000705343F608726A4402F1080195ED030ACE
:10137000081FD3EDC51A93EDC71AD3EDC60A06F0C0
:101380005FFC95F8A00000280DF5705090EDC30AA1
:1013900020EE081A06D090EDC40A60EE080A90ED1F
:1013A000C20A05E090EDC20A60EE080A90EDC40A98
:1013B00020EE080A05F06AFF64200CF037F808F107
:1013C0000108D045AFDBB0EE4C0A304600F000FD1E
:1013D000DBEDEBCA96ED030AD6ED040AB8EEEC1A83
:1013E00099ED00DA30EE200A02A8CDEE010A00EBFA
:1013F000870042F60821694470EEC00AC0ED000A79
:10140000B6F8CC0021F8170010EE100AFFF767F9C4
:10141000F8EEEC0A804689468DEE200A10EE100A9E
:10142000FFF75DF941EC100B5FA053EC102BCDE9F9
:1014300000890DF05BFC7F1CA742FFF66FAF002711
:10144000E7E04FF00008DFF8D8904DE099ED000A92
:1014500030EE680A89ED000AFEF70CFFF0EE40CA94
:1014600099ED000AFEF7CAFE43F614726A4402F1CF
:101470000801081FF0EE4B1AB0EE6B1AF0EE6C0A82
:101480000BF0F8FF0DF5705343F608726A4402F151
:10149000080195ED030A081FD3EDC51A93EDC71A8D
:1014A000D3EDC60A06F0CCFB95F8A00000280DF598
:1014B000705090EDC30A20EE081A06D090EDC40AD1
:1014C00060EE080A90EDC20A05E090EDC20A60EEF7
:1014D000080A90EDC40A20EE080A05F0D7FE642041
:1014E0000BF0A4FF08F10108D045AFDBB0EE4C0AC9
:1014F000304600F06DFC96ED030AD6ED040ADBEDF4
:10150000EBCA30EE200AB8EEEC1A55E0F80D0020D8
:10151000DB0FC9400000D24700000000CDCCCC3D1D
:10152000780000209A99193F202D2D2D2D2D2D2D3D
:101530002D2D2D2D2D2D2D2D2D2D2D2D2D2D53548E
:101540004152542D2D2D2D2D2D2D2D2D2D2D2D2D6B
:101550002D2D2D2D2D2D2D2D200A0D0A0D000000D5
:1015600017B75138A01003080020014014030020D1
:10157000CDCC4C3E000096BD2043757272656E74F2
:1015800020416E676C65203A20526F746F72204163
:101590006E676C65203A2052617720456E636F64F8
:1015A0006572200A0D0A0D00732C252E34662C2539
:1015B0002E34662C6500000099ED00DA43F62470A5
:1015C0006844CDEE010A00EB870046F62411694419
:1015D00070EEC00AC0ED000AB6F8CC0021F8170082
:1015E00010EE100AFFF77BF8F8EEEC0A8046894609
:1015F0008DEE200A10EE100AFFF771F841EC100B87
:1016000053EC102BAFF26000CDE900890DF06EFBBA
:101610007F1CA742FFF615AFB6EE001AF6EE000AE1
:10162000B6EE000A05F032FE43F62478B0EE6A8A80
:101630000020F0EE000A02AFE84415E007EB80015D
:10164000221A91ED000A08EB8201401C11ED011AEB
:1016500030EE011A00EE104AB8EEC00A60EE201A11
:1016600081EE210A30EE088AA042E7DB9BEDEB0A0F
:10167000B8EEC00A20EE080A10EE100AFFF72FF8A5
:1016800041EC100B9FED771B09F092FE51EC100B13
:10169000FFF750F800EE100AB5EEC00AF1EE10FAAE
:1016A00001D230EE290A714847F6246986ED020A14
:1016B00080ED010A0020E944424611E007EB800179
:1016C00091ED000A211A02EB810151ED010A09EBAB
:1016D0008001401C30EE200A20EE0A0A81ED000A4B
:1016E000A042EBDB4AF6240A0027EA4441E000214D
:1016F000621E9FED5F0A4B460AEB8708C819403807
:1017000001D5204402E0904200DD001B03EB800085
:10171000D8ED000A90ED001A491C802941EE000A1C
:10172000C8ED000AEADB802F18DA03EB8700D8ED5A
:10173000000A90ED000A70EE600A9BEDEB0AB8EE2D
:10174000C00A20EE800A0AF0E7F94DF2242020EECC
:10175000090A684400EB870080ED000A00EE104A99
:10176000D8ED000A7F1CB8EEC01A80EE810A70EE38
:101770002AAAA742BBDB0DF50050B0F9081A46F6BD
:101780002410684400EB440030F9020C084400EBDC
:10179000D070471037A00DF0A9FA42A00DF0A6FABC
:1017A0004DF224480024E84404EBE7127F2A00DDD0
:1017B000803ADBF8AC03214660430AEB800090EDF1
:1017C000000A70EE6A0A96ED340AB8EEC00A20EEFE
:1017D000800AC0EE290ABDEEE00A10EE100A03B23C
:1017E00028F812303CA00DF081FA641C802CDBDB61
:1017F0000DF540504FF48074224646464146D0F8DD
:10180000200FFEF7A2FD224631463748FEF79DFD28
:1018100095F8A010CBF8001007F01EF8142002F085
:1018200033FC32A00DF062FA142002F02DFC0DF50D
:1018300020509DED020AD0ED810A2E4930EE600A5B
:10184000B0EEC00A10EE100A884206DD03200DF546
:10185000564DBDEC0C8BBDE8F09F02200DF5564DAA
:10186000F7E7000000000060FB211940F80C0020A1
:101870000000003C0A0D20456E636F646572206EA7
:101880006F6E2D6C696E65617269747920636F6D1E
:1018900070656E736174696F6E207461626C650A45
:1018A0000D0000002053616D706C65204E756D62F7
:1018B0006572203A204C6F6F6B757020496E6465BD
:1018C00078203A204C6F6F6B75702056616C75658F
:1018D0000A0D0A0D00000000256420202025642048
:1018E00020202564200A0D000C0E0020732C732C80
:1018F000652C65000000C0402DE9F0470E462DED37
:10190000088B88B0074605F0EFFCDFED9C8AD6ED2A
:10191000030AB0EE680A9FED9A1A9A4C8DED020AFE
:1019200060EE81AAF6EE000ACDED050AB0EE40AAFF
:1019300084ED000AFEF79EFCB0EE408A94ED000AAA
:10194000FEF75CFC02AA03A904A8F0EE4A1AB0EE66
:101950006A1AF0EE480A0BF08DFD96ED030A05AA0F
:1019600007A906A8DDED021A9DED031ADDED040AB4
:1019700006F066F99DED060A9FED839A20EE091A9E
:101980009DED070A60EE090A9DED050A20EE090AA1
:1019900005F07CFC4FF4FA6002F076FB9FED7BBA19
:1019A0003846B0EE4B0A00F013FA012002F06CFB4F
:1019B000DFED779A774D94ED000A36E0FEF75AFC9A
:1019C000B0EE408A94ED000AFEF718FC02AA03A9C3
:1019D00004A8F0EE4A1AB0EE6A1AF0EE480A0BF0CC
:1019E00049FD96ED030A05AA07A906A8DDED021A2E
:1019F0009DED031ADDED040A06F022F9012002F044
:101A000043FB9DED060A20EE091A9DED070A60EEE4
:101A1000090A9DED050A20EE090A05F037FC94ED50
:101A2000000A30EE290A84ED000A10EE100AA842DE
:101A3000C4DBC4ED008ADFF86091A046AA466DE0E1
:101A4000FEF718FCB0EE408A98ED000AFEF7D6FBD0
:101A500002AA03A904A8F0EE4A1AB0EE6A1AF0EE40
:101A6000480A0BF007FD96ED030A05AA07A906A888
:101A7000DDED021A9DED031ADDED040A06F0E0F833
:101A8000012002F001FB9DED060A20EE091A9DEDF2
:101A9000070A60EE090A9DED050A20EE090A05F025
:101AA000F5FBB0EE4B0A384600F092F997ED030AC9
:101AB000D7ED040A30EE208A18EE100AFEF70FFE6A
:101AC00099EDEB0A98ED001A0446F8EEC00A0D46AF
:101AD00081EE200A10EE100AFEF701FE41EC100B19
:101AE0002EA053EC102BCDE900450DF0FFF898ED3A
:101AF000000AB5EEC00AF1EE10FA02DDF0EE400A7F
:101B000001E0F1EE400A10EE900A2849884201DA1D
:101B1000F0EE488A30EE290A88ED000A98ED000AB6
:101B200010EE101A51458BDBB5EE001AF5EE000AE7
:101B3000B5EE000A05F0AAFB97ED030AD7ED040AFB
:101B400030EE200A30EE680AB5EEC00AF1EE10FA67
:101B500001DD012400E00024142002F095FA14A015
:101B60000DF0C4F8142002F08FFA86F8A040C9F8EE
:101B7000004008B0BDEC088BBDE8F0870000000015
:101B8000CDCCCC3D780000209A99193F17B7513839
:101B90000AD7233CDB0F4941F80D0020732C252E7A
:101BA00034662C252E34662C63000000ACC5273724
:101BB000732C732C632C63001C4991ED060A80ED95
:101BC000000A91ED050A80ED010A91ED090A80ED08
:101BD000020A91ED080A80ED030A91ED0B0A80EDEF
:101BE000060A91ED0A0A80ED070A91ED0D0A80EDD3
:101BF000080A91ED0C0A80ED090A91ED0F0A80EDBB
:101C0000040A91ED0E0A80ED050A91ED0B0A80EDB4
:101C10000A0A91ED0A0A80ED0B0A91ED1D0A80ED8A
:101C20000E0A91ED0A0A80ED0F0A7047F80C0020A9
:101C3000014802F09DB8000038070020014802F07A
:101C400097B8000098070020014802F091B8000002
:101C500034060020014802F08BB8000094060020F2
:101C600001681823CAB2103AB2FBF3F2054B6FF3C6
:101C70000901032A9B5CC36500D9091D81650846DB
:101C8000704700000806030810B5014600208B6964
:101C90008A6A4FF0C07453B1B3F5005F15D072B1CA
:101CA000012A0CD0022A0AD0032A09D104E01AB171
:101CB000012A06D0022A03D1C96AC90100D5012030
:101CC00010BDC96AA142FAD010BD002AF7D0012A7E
:101CD000F2D0022AF3D0032AF3D010BD30B5046845
:101CE000256825F480252560046863608368402B9F
:101CF000036803D099600068C26030BD9A600068D4
:101D0000C16030BD704700002DE9F04115462DED52
:101D1000028BB0EE408A0F460446002605F0A0FA7A
:101D2000C4F8D070C4F8DC5084ED028A4FF6FF701E
:101D3000C4F8D460C4F8E0009FED200A84ED048A62
:101D400084ED050A84ED060A84ED070A0020C4F834
:101D5000CC6004EB8001401C81ED080A2828F8DBE8
:101D6000174DDFED180A04F5F47095EDA70AB8EEEB
:101D7000C00A84ED790A0CF0B3F895F884024006A5
:101D800018D520460BF032FA00250F4FDFF83C80C3
:101D90000CE088F800603E70642002F075F920467F
:101DA0000BF024FA6D1CEDB20A2D03D83878823876
:101DB0000528EED9BDEC028BBDE8F08100000000E3
:101DC000F80D002000409C464C02002054020020E8
:101DD00010B504462DED028B50A084B0D0E9001060
:101DE000CDE90210B0EE408A05F042FA06226946BB
:101DF00002A805F0F7F905F033FABDF8040040BA7F
:101E0000C4F8CC00BDF8021000EE100A4ABAA2F5E0
:101E1000FE42FF3AC4F8D420D4ED051AB8EEC00A49
:101E2000C4ED061A9FED3F1AD4F8D01020EE012A17
:101E300000EE101AB8EEC00AC2EE000A00EE102A38
:101E4000B8EEC00AC4ED050AB0EE602A40EE010A01
:101E500000EE101AB8EEC00AC4ED000AC4ED030A81
:101E6000D4F8DC20C1EE000A424392FBF1F001FB02
:101E7000102000EE100AF8EEC02A94ED020A00EEDF
:101E8000A20AB5EEC00AF1EE10FA02D230EE010A53
:101E900006E010EE100A2449884201DD30EE410AC6
:101EA00072EE610A214984ED010A10EE900A88421F
:101EB00002D970EE810A06E010EE900A1C498842B1
:101EC00001DD70EEC10A80EE880AD4ED790AF5EEE4
:101ED000C00AF1EE10FA01DD012100E0002104F555
:101EE000F4700CF0EBFD84ED300AD4ED370A9FED71
:101EF000111AF8EEE00A20EE200A84ED310AD4ED42
:101F0000320A60EE810A9FED0C1A40EE010AC4ED20
:101F1000320A04B0BDEC028B10BD0000A600000028
:101F200000000000DB0FC940DB0FC940DB0FC9BF59
:101F3000DB0FC93FA4707D3F0AD7233C2DE9F04158
:101F40000C21234804F064FD0821214804F060FDC1
:101F500004211F4804F05CFD00211D4804F058FDD9
:101F60000BF0B6FA002005F065F9DFF868801A4E2C
:101F700000251A4F1A4C0BF001FC98F8000058B1DC
:101F800018494FF0FF30C1F8240306F065FC4FF00C
:101F900000600BF07BFCFEE7307810B135700DF07F
:101FA00023FE387810B13D7006F056FC0A2002F08E
:101FB0006BF80D480BF01AF92078A17822790844C3
:101FC000E178114408446178C842D4D1BDE8F08179
:101FD000C4040020530000204C0000204D000020CD
:101FE00054020020F80D0020F8110020002229B131
:101FF00001291AD002291BD04FF440720E490B68F8
:1020000023F440730B600B6813430B600A6822F0E3
:10201000F8020A600A68022303EBC00002430A6068
:10202000086840F48030086070474FF48072E5E73C
:102030004FF40072E2E70000103C024013480168D0
:1020400089050FD5016821F400710160016841F430
:1020500000610160016821F400610160016841F4E0
:1020600000710160016849050FD5016821F48061A4
:102070000160016841F480510160016821F48051E0
:102080000160016841F4806101607047003C0240DA
:1020900008490A6822F440720A600A6842F00402A1
:1020A0000A600A684FF4803343EA002002430A6062
:1020B00070470000103C0240064A136823F4407346
:1020C000136013681360136843F001031360017019
:1020D00070470000103C0240094910B50C6824F418
:1020E00040740C600C6844F440740C600C6844F05C
:1020F00001040C600260BFF36F8F436010BD0000ED
:10210000103C0240074A136823F4407313601368BD
:1021100043F480731360136843F00103136001807C
:1021200070470000103C0240074A136823F44073D4
:102130001360136843F400731360136843F00103E2
:102140001360016070470000103C02401C490868A1
:10215000C2061C4805D5C26942F01002C2611022B5
:102160000A600A68920605D5C26942F00802C26197
:1021700020220A600A68520605D5C26942F00402AC
:10218000C26140220A600A68120605D5C26942F09F
:102190000202C26180220A600A68D20506D5C269BD
:1021A00042F00102C2614FF480720A600A6892072D
:1021B00005D5C26942F02002C26102200860704762
:1021C0000C3C02402037002070B511490446002025
:1021D000C86102F07DF905460E4E09E0601C07D08B
:1021E00024B102F075F9401BA04201D9032070BD53
:1021F0003068C003F2D43068C00701D001203060DD
:10220000306810F4F970F2D0FFF7A0FF012070BD24
:10221000203700200C3C024070B5B3EE080A2DEDCB
:10222000028B044680ED030A9FED550A002180EDE4
:10223000230A80ED220A534804F58065D0ED100A88
:10224000C4ED320AD0ED120AC4ED330AD0ED170AFC
:10225000C4ED360AD0ED110AC4ED340AD0ED130AEC
:10226000C4ED350A84ED310A84ED300AD0ED140A4C
:10227000C4ED370AD0ED250AC4ED520AD0ED260A86
:10228000C4ED530AD0ED180AC4ED510AD0ED150A79
:10229000C4ED560AD0ED270AC4ED3C0AD0ED280A59
:1022A000C4ED3E0AD0ED160AC4ED400AF2EE0E0A65
:1022B000C4ED460AF1EE040AC4ED480ADFED320A25
:1022C000C4ED470ADFED310AC4ED4A0A84F82C1147
:1022D000D0ED190AC4ED290AD0ED1A0AC5ED030A9A
:1022E000D0ED1B0AC4ED190A84ED1A0A84ED180A10
:1022F00084ED170A90ED220A85ED0B0A90ED230A72
:1023000085ED0A0A90ED240A85ED0C0A90ED2A0A63
:1023100085ED0D0A90ED2D0A9FED1D8A20EE080A2D
:10232000BCEEC00A10EE101AC4F8401490ED2B0A4F
:1023300085ED0E0A90ED2C0A85ED0F0A1548F0EE9A
:10234000480A90EDA60A04F58960B8EEC00A85ED4A
:10235000110A0BF0C5FD95ED110AF0EE480A04F2E2
:102360006C400BF0BDFD95ED110AF0EE480ABDEC96
:10237000028B04F59260BDE870400BF0B1BD000027
:1023800000000000F80C00206F12833ACDCCCC3D49
:1023900000409C46F80D00202DE9F04104462DED4B
:1023A000028B82B090F8A0109FEDF80AF8480078F0
:1023B000A9B3A8B3012813D0022872D1D4F8B81059
:1023C000D4F8AC00401A00EE900AF8EEE00A60EE95
:1023D000800AC4ED010AD4F8B410D4F8A80051E082
:1023E000D4F8BC10D4F8B000401A00EE900AF8EE11
:1023F000E00A60EE800AC4ED000AD4F8B410D4F804
:10240000A800F1EE600A401A01EE100AB8EEC11AF7
:1024100021EE000A84ED020A30EEC00A83E01BE0E0
:10242000FFE7D4F8BC10D4F8B000401A00EE900AD0
:10243000F8EEE00A60EE800AC4ED000AD4F8B810A5
:10244000D4F8AC00401A01EE100AB8EEC11A21EE21
:10245000000A84ED010A41E0E8B3012822D00228F5
:1024600063D1D4F8B410D4F8A800401A00EE900A52
:10247000F8EEE00A60EE800AC4ED010AD4F8B81064
:10248000D4F8AC00F1EE600A401A01EE100AB8EE82
:10249000C11A21EE000A84ED020A30EEC00A84ED72
:1024A000000A42E0D4F8B410D4F8A800401A00EEB4
:1024B000900AF8EEE00A60EE800AC4ED010AD4F852
:1024C000BC10D4F8B000401A01EE100AB8EEC11AE0
:1024D00021EE000A00E008E084ED000AF1EE600A57
:1024E00030EEC00A84ED020A1FE0D4F8B810D4F828
:1024F000AC00401A00EE900AF8EEE00A60EE800AA6
:10250000C4ED020AD4F8BC10D4F8B000401A01EEB1
:10251000100AB8EEC11A21EE000A84ED000AB1EEED
:10252000400A30EE600A84ED010A04F5806595EDFD
:10253000110AB5EEC00AF1EE10FA01DD012100E04A
:10254000002194ED000A04F589600CF0B7FA84EDDF
:10255000000A95ED110AB5EEC00AF1EE10FA01DDA0
:10256000012100E0002194ED010A04F26C400CF01E
:10257000A5FA84ED010A95ED110AB5EEC00AF1EE57
:1025800010FA01DD012100E0002194ED020A04F5BA
:1025900092600CF093FA84ED020A94ED050AFDF7BF
:1025A00069FEB0EE408A94ED050AFDF727FE794BEF
:1025B000F0EE408A1A6804F12801081F0025764EC3
:1025C0009FED765A062A47D01A68F0EE480A94EC36
:1025D000031A072AB0EE680A62D00AF0B9FD704902
:1025E000D6ED010A012091ED090A30EEC00A86ED10
:1025F000010AC0F1090201EB820292ED001AC0F15A
:102600000A0201EB8202401C82ED001A0A28F0DB6C
:1026100094ED0A1AF2EE040A81ED001A31EE000A76
:1026200086ED010AC0EE201AC4ED151A94ED300AA9
:10263000D4ED090A30EE602A84ED262A94ED310AA1
:1026400070EE411A94ED191AF4EEC11AF1EE10FA77
:1026500029D2B0EE610A28E094EC031AF0EE480AA1
:10266000B0EE680A0AF074FD84ED185AB6F900005D
:1026700000EE100AB8EEC00ADFED4A0A20EE200A8A
:10268000FDF7F8FDF7EE080A20EE200A84ED170AA0
:102690003088401C00B23080282800DB3580E3E021
:1026A0000AF056FDE0E0B0EE410AF1EE410AB4EE68
:1026B000E00AF1EE10FA07DDF4EEC11AF1EE10FABD
:1026C00004D2B0EE611A01E0B0EE601A84ED271A70
:1026D000B5EEC01AF1EE10FA01DCB1EE411A94ED3C
:1026E000370AB4EEC01AF1EE10FA01D284ED275A7F
:1026F000B5EEC02AF1EE10FA01DCB1EE422AB4EEDA
:10270000C02AF1EE10FA01D284ED265A94ED223A55
:1027100094ED340AD4ED263A00EE233A84ED223AC1
:10272000D4ED231A94ED350AD4ED270A40EE201A91
:10273000C4ED231AD4ED362A94ED032A22EE821A30
:10274000B4EEC31AF1EE10FA02DDB0EE430A01E076
:10275000B0EE410A22EEC24AB4EEC40AF1EE10FA1B
:1027600007DDB4EEC31AF1EE10FA04DCB0EE413A24
:1027700001E022EEC23AB4EEE11AF1EE10FA84ED75
:10278000223A11DDB0EE610A10E00000000096BDB3
:102790000200002020020020700000200000000045
:1027A000B81600207CD9203EB0EE410A22EEC24A83
:1027B000B4EEC40AF1EE10FA07DDB4EEE11AF1EE60
:1027C00010FA04DDB0EE611A01E022EEC21A84EDC7
:1027D000231A94ED320A60EE231AC4ED251A94ED03
:1027E000330A20EE200A71EE830A84ED240AC4ED38
:1027F000170A30EE010A60EEA00A84ED180A40EED6
:10280000000AB0EE600A09F08CFA84ED1B0A94ED20
:10281000030ADFED4E0A04F16001081F20EE200AD2
:102820000BF01AFCD4ED170A94ED030A684680EE0B
:10283000801A8DED001AD4ED180A80EE801A8DED05
:10284000011A0BF035FC01A80BF032FC94ED030AE1
:10285000DDED000A60EE200AC4ED170ADDED010A85
:1028600020EE200A84ED180A04F18402111FD4ED31
:10287000181A94ED171A081FF0EE480AB0EE680A0D
:102880000AF0F8FD04F17C00021FD0EC030A111FCE
:1028900094ED030A0C3805F0D3F92D482D4E94ED34
:1028A0001C1A00684FF00108022760B3D4ED1D0A1E
:1028B00094ED1E0A04F0EAFCD4ED1C0A94ED1D0A06
:1028C000F4EEC00AF1EE10FA0CDB94ED1E1AF4EEF1
:1028D000C10AF1EE10FA05DB377002B0BDEC028BD5
:1028E000BDE8F081B4EEE00AF1EE10FA09DBD4EDB8
:1028F0001E0AB4EEE00AF1EE10FA02DB86F8008060
:10290000EBE73570E9E7D4ED1E0A94ED1D0A04F0FB
:10291000BDFCD4ED1C0A94ED1D0AF4EEC00AF1EEE4
:1029200010FA06DB94ED1E1AF4EEC10AF1EE10FA6D
:10293000D2DAB4EEE00AF1EE10FADFDBD4ED1E0AD3
:10294000B4EEE00AF1EE10FADBDAD7E736CD133F4A
:10295000F80D00200100002070B590F83C206A4C72
:10296000012A19D0012280F83C200A680725036853
:10297000092A13D9DE680A3A02EB42029540AE43B7
:10298000DE600A788B680A3A02EB420293400268E2
:10299000D5682B43D36010E0022070BD1E6902EBA6
:1029A00042029540AE431E610A788B6802EB4202F8
:1029B0009340026815692B4313610268936B23F4FB
:1029C000401393630268936B0D8A504E06EB0555D6
:1029D0002B4393630A790B7CD21AD21C02EB82023E
:1029E0001F2393400268956B9D4395630A790B7C86
:1029F000D21A0B88D21C02EB82029BB2934002686F
:102A0000956B2B4393638A69A2420268936823F40F
:102A100070239360026893680CD08C6923439360A1
:102A20000268936823F44013936002689368CC694A
:102A3000234301E023F4401393604A7D002A026897
:102A4000536802D043F4806301E023F48063536051
:102A50000A7D002A0268536802D043F4805301E0E3
:102A600023F4805353604A68012A16D0022A1FD0EB
:102A7000032A026827D0136A6FF30B0313620268FC
:102A8000136ACC6823431362224B0468204A9C4299
:102A900027D10C68122C20D023E0026853696FF311
:102AA0000B03536102685369CC6823435361EBE71E
:102AB000026893696FF30B03936102689369CC68B2
:102AC00023439361E0E7D3696FF30B03D36102689B
:102AD000D369CC682343D361D6E7546844F48004B7
:102AE000546004689C420AD10968A1F18053123BEA
:102AF00001D0112903D1516841F400015160002136
:102B000080F83C10084670BD01000F000000F0FF87
:102B1000002301400020014070B51A48816B1A4C17
:102B2000C1F3C431194D0B2914D0D0F838014FF03E
:102B30000101C0F3C4300C28154818D000F02CF85F
:102B400044F8A80F0121134800F026F86060022025
:102B5000A87070BD01210E4800F01EF844F8AC0FBB
:102B600001210C4800F018F860600020F0E700F048
:102B700013F844F8A80F0121064800F00DF8A060F2
:102B80000120E5E700200140E016002000000020C1
:102B9000140300205C03002008B5002200920368A3
:102BA000521F1A60012911D002290CD0032906D026
:102BB000042901D0009808BD0068806C01E000681D
:102BC000406C009008BD0068006CFAE70068C06BBC
:102BD000F7E770B50D46044601F07AFC064612E0B0
:102BE000681C10D025B101F073FC801BA8420AD9E3
:102BF00020680068400706D404202064002084F880
:102C00003C00032070BD206800684007E8D52168BB
:102C10006FF00C000860206C40F4005020642068C5
:102C2000816811F4401F1AD1816B11F4401F02D04A
:102C30008168490513D44168490510D4806810F0B3
:102C4000405F0CD1207E50B9206C20F4805020646D
:102C5000206CC00503D4206C40F0010020640020EB
:102C600070BD000018B50022009290F83C100129B8
:102C700007D0012180F83C1001688B68DB0702D087
:102C800011E0022018BD8B6843F001038B602649D8
:102C9000264B0968B1FBF3F101EB410100E0491E4D
:102CA00000910029FBD101688B68DB0732D0036CEF
:102CB00042F20104A34343F480530364036CDB0535
:102CC00000D4426480F83C206FF004020A60184986
:102CD00049680068C906816801F440110FD0B9B194
:102CE00000214268134B42F38022521C984219D1B2
:102CF000C1B1BAB1816841F48001816012E029B1AB
:102D00000021426842F38022521CF1E70121F8E7DA
:102D10000121E6E7016C41F010010164416C41F0D2
:102D200001014164002018BD4800002040420F000E
:102D3000002301400020014018B50022009290F8C5
:102D40003C10012907D0012180F83C1001688B68F4
:102D5000DB0702D011E0022018BD8B6843F00103AD
:102D60008B602949294B0968B1FBF3F101EB410163
:102D700000E0491E00910029FBD101688B68DB0748
:102D800037D0036C42F20104A34343F4805303643D
:102D9000036CDB0500D4426480F83C206FF0040231
:102DA0000A6001684A6842F080024A60184949682E
:102DB0000068C906816801F440110FD0B9B1002143
:102DC0004268144B42F38022521C984219D1C1B17F
:102DD000BAB1816841F48001816012E029B100211B
:102DE000426842F38022521CF1E70121F8E70121F9
:102DF000E6E7016C41F010010164416C41F0010112
:102E00004164002018BD00004800002040420F002F
:102E1000002301400020014010B590F83C20012A19
:102E20001FD0012200F83C2F0F4A536823F01F03E4
:102E3000536053680C6823435360536823F4404342
:102E4000536053684C6823435360536823F47063A2
:102E50005360536889680B43536000210170084632
:102E600010BD022010BD00000023014010B590F8F5
:102E70003C20012A2AD0012280F83C200A7C012A29
:102E80000268536824D023F04003536002685368FB
:102E9000114C23405360026853680C68234353600D
:102EA00003684A685A6203688A689A6202685368CB
:102EB00023F01F03536002685368898989B20B436A
:102EC0005360002180F83C10084610BD022010BD60
:102ED00043F04003D9E70000FFFD3FFF78B5002431
:102EE000009490F83C20012A19D0012280F83C205F
:102EF0000A6807250368092A13D9DE680A3A02EB33
:102F000042029540AE43DE600A788B680A3A02EBD3
:102F1000420293400268D5682B43D36010E0022040
:102F200078BD1E6902EB42029540AE431E610A78ED
:102F30008B6802EB42029340026815692B431361D0
:102F40004A681F25072A13D203685E6B521E02EBE4
:102F500082029540AE435E630A8893B20A79521E9C
:102F600002EB820293400268556B2B43536327E0C8
:102F700003680D2A12D21E6BD21F02EB820295400B
:102F8000AE431E630A8893B20A79D21F02EB820213
:102F900093400268156B2B43136311E0DE6A0D3A10
:102FA00002EB82029540AE43DE620A8893B20A7950
:102FB0000D3A02EB820293400268D56A2B43D3623A
:102FC0001B4B0568194A9D420AD10D68122D07D185
:102FD000556825F400055560556845F48005556031
:102FE00005689D421DD1134D0B68AB4201D0112BDA
:102FF00017D1536823F480035360536843F40003EC
:1030000053600968A9420CD10B490C4A0968B1FB0D
:10301000F2F101EB8101490000E0491E0091002915
:10302000FBD180F83C40002078BD00000023014027
:1030300000200140120000104800002040420F0014
:103040007047704770B5044600680168C1F34002DC
:103050004168C1F3401152B349B3216CC90603D48E
:10306000216C41F400712164816811F0405F17D137
:10307000217EA9B9C16A11F4700F02D08168490597
:103080000ED4416821F020014160206C20F4807052
:103090002064206CC00403D4206C40F00100206444
:1030A0002046FFF7CDFF21686FF01200086020680E
:1030B00001684268C1F38001C2F3C01289B382B3D0
:1030C000216CC90603D4216C41F40051216481684C
:1030D00011F4401F1ED1816B11F4401F02D0816892
:1030E000490517D44168490514D4816811F0405F3F
:1030F00010D1217E71B9416821F080014160206CBE
:1031000020F480502064206CC00503D4206C40F073
:10311000010020642046FFF7FFFC21686FF00C00DF
:103120000860206801684268C1F30001C2F38012A0
:1031300071B16AB10068C0070AD0206C40F48030D9
:103140002064204600F046F821686FF00100086016
:10315000206801684268C1F34011C2F3806200290F
:103160000DD0002A0BD0616C41F0020161646FF058
:10317000200505602046FFF764FF2068056070BDEC
:1031800070B504004FF0000603D0206C002510B18C
:1031900007E0012070BD204600F01EF8656484F849
:1031A0003C50206CC00610D4206C20F4885040F0B5
:1031B000020020642046FDF7D1FC6564206C20F0FD
:1031C000020040F00100206400E0012684F83C5039
:1031D000304670BD7047000070B586B004461421BB
:1031E0006846FDF7CBF83449324E22680025324B51
:1031F000143903243148B24211D11A6842F4807262
:103200001A601A6802F4807205920A6842F0040299
:103210000A60096801F004010591012113E0284EBC
:10322000B2421FD11A6842F400721A601A6802F49E
:10323000007205920A6842F004020A60096801F00F
:103240000401059102218DE83200694601F060F821
:1032500000221146122001F047FC122001F037FC39
:1032600006B070BD174EB242FAD11A6842F48062BD
:103270001A601A6802F4806205920A6842F0040239
:103280000A600A6802F0040205920A6842F001022C
:103290000A60096801F00101059108218DE83200FA
:1032A000694601F035F8009469460748CDE90145C3
:1032B000CCE70000002001404438024000080240F2
:1032C00000210140002201400000024018B5002208
:1032D000009290F83C10012907D0012180F83C10A1
:1032E00001688B68DB0702D011E0022018BD8B68F3
:1032F00043F001038B602E492E4B0968B1FBF3F1BB
:1033000001EB410100E0491E00910029FBD1016859
:103310008B68DB0742D0036C40F20164A34343F4A3
:10332000807303644B685B0505D5036C23F400537D
:1033300043F480530364036CDB0404D5436C23F033
:103340000603436400E0426480F83C201A4A6FF0B0
:1033500022030B6051680068CA06184906D08842EB
:1033600024D1816811F0405F13D01FE08842F8D06B
:10337000134A904203D1D1F80423D206F1D0114A66
:10338000904213D1D1F8041301F01F011029E8D3A2
:103390000CE0816841F08041816007E0016C41F000
:1033A00010010164416C41F001014164002018BD2D
:1033B0004800002040420F0000230140002001404F
:1033C000002101400022014090F82020012A07D06E
:1033D000022A05D0416A41F48021416201207047F0
:1033E000006842690A43426100207047F0B590F8D6
:1033F00020500468A468012D05D0022D03D0416A35
:1034000041F4802153E014F0406F01D1E5004BD529
:10341000C4F30164022C03D9416A41F4000146E07F
:103420000125A5401D608B684FF4C0759BB1CE6827
:1034300033434E6843EAC603066805EB0417F351AD
:103440004FF4C273076803EB04130E69FE50097D45
:10345000012905D009E00E88CB6843EA4653EBE723
:103460000168CE5846F48076CE501179D2F80530F6
:103470004FF4C67641EA0323016806EB04168B512C
:103480001178D2F801204FF4C47341EA0221026896
:1034900003EB0413D150006805EB0411425842F0CD
:1034A000010242500020F0BD416A41F40011416226
:1034B0000120F0BD10B590F82020012A07D0022A83
:1034C00005D0416A41F480214162012010BD3B4892
:1034D000D0F8002242F00102C0F80022D0F8002209
:1034E00022F47C52C0F80022D0F800224B6A42EA53
:1034F0000322C0F800220A7D02F01F0301229A4035
:10350000D0F81C329343C0F81C32CB69B3B9D0F861
:103510000C329343C0F80C328C894B6864F31F4320
:103520004C6900EBC404C4F840320C890B6864F3A6
:103530001F434C6900EBC404C4F84432CB69012B2F
:1035400016D1D0F80C321343C0F80C320C884B68FB
:1035500064F31F434C6900EBC404C4F840320C8987
:10356000CB6864F31F434C6900EBC404C4F84432D5
:103570008B69002BD0F804320ED01343C0F804320C
:103580000B69002BD0F8143208D01343C0F8143262
:10359000096A012904D008E09343EFE79343F5E774
:1035A000D0F81C121143C0F81C12D0F8001221F000
:1035B0000101C0F80012002010BD000000640040AE
:1035C00070470246002092F82030012B01D0022BD8
:1035D00004D1106819B1006900F003007047C06899
:1035E000FAE730B590F82040012C05D0022C03D02A
:1035F000416A41F480215DE00468002955D02469C6
:10360000A40754D04FF4D874056804EB01142D5965
:1036100015F00405956005682D594ED0ED085560EC
:1036200005682C5904F00204D4604FF4DA7405687C
:1036300004EB01142D5905F00F05156105682D598E
:10364000C5F30725956105682C59240C54614FF486
:10365000DC72046802EB0112A4581C700468A458C0
:10366000240A5C700468A458240C9C700468A25856
:10367000120EDA704FF4DE72046802EB0112A458E5
:103680001C710468A458240A5C710468A458240CB2
:103690009C710468A258120EDA71006881B1016948
:1036A00041F020010161002030BDE468A8E7416AD3
:1036B00041F400114162012030BD6D0D1560AFE78E
:1036C000C16841F02001C160EDE70246002092F898
:1036D0002010012901D002290CD111688A685201F9
:1036E00000D501208A68120100D5401C8968C900F4
:1036F00000D5401C70472DE9F05F054600680024A6
:103700004669D0F804908768D0F80CB0D0F810A0C3
:10371000D0F81880F10748D0F90714D00121816052
:10372000B80703D5284600F0C2FA0CE0780702D5A6
:103730004FF4006407E0380702D54FF4805402E0EC
:10374000284600F0B3FAF80516D529684FF48070C2
:103750008860B80503D5284600F0ABFA0CE0780580
:1037600002D544F4005407E0380502D544F48044FF
:1037700002E0284600F09CFAF80316D529684FF4B9
:1037800080308860B80303D5284600F094FA0CE036
:10379000780302D544F4004407E0380302D544F42A
:1037A000803402E0284600F085FA300707D55FEA4A
:1037B000CB6004D52968102044F40074C8607007F9
:1037C0004FF0080707D55FEA0B7004D52868C7607B
:1037D000284600F07FF9B00706D52868C068800742
:1037E00002D0284600F078F9700607D55FEACA6073
:1037F00004D52968102044F480640861B00607D518
:103800005FEA0A7004D528680761284600F0F0F9DD
:10381000F00606D528680069800702D0284600F027
:10382000E8F9B00308D55FEAC96005D5296810201A
:103830004860284600F0DEF9F00307D55FEA09701A
:1038400004D528684760284600F036FA300446D58B
:103850005FEA497040D5F00504D55FEAC87001D031
:1038600044F00104B00504D55FEA887001D544F046
:103870000204700504D55FEA487001D544F00404E1
:10388000300529D518F0700F26D008F070004028B8
:1038900015D006DC102809D020280AD0302816D1EF
:1038A0000AE050280ED0602811D10EE044F0080440
:1038B0000DE044F010040AE044F0200407E044F076
:1038C000400404E044F0800401E044F4807428687B
:1038D000816921F070018161296804204860002C11
:1038E00005D0686A204368622846FFF769FEBDE894
:1038F000F09F70B5040003D094F8200010B104E0EC
:10390000012070BD204600F09FF82068016821F07A
:103910000201016000F0DCFD0546052604E000F030
:10392000D7FD401B0A2811D8206840688007F6D4CC
:103930002068016841F00101016000F0C9FD054601
:103940000BE000F0C5FD401B0A2806D9606A40F470
:103950000030606284F82060D2E720684068C007C9
:10396000EFD0207E0128206801683DD021F0800141
:103970000160607E01282068016838D021F0400194
:103980000160A07E01282068016833D021F0200169
:103990000160E07E0128206801682ED041F010010E
:1039A0000160207F01282068016829D021F00801EA
:1039B0000160607F01282068016824D021F00401A3
:1039C0000160D4E902010843D4E904121143084319
:1039D0006168491E08432168C861002060620120B7
:1039E00084F82000002070BD41F08001C0E741F064
:1039F0004001C5E741F02001CAE721F01001CFE7FF
:103A000041F00801D4E741F00401D9E710B500689E
:103A10000A49884211D10A48016821F00071016009
:103A20004FF44071074800F0EBFB132001F03EF823
:103A3000BDE81040142001F039B810BD006400400A
:103A4000403802400004024010B586B004461421FC
:103A50006846FCF793FC1C492068884231D11B481A
:103A60000021026842F000720260006800F00070FD
:103A7000059016481038026842F0020202600068A1
:103A800000F0020005904FF4407000900220CDE954
:103A90000101032003900920049069460C4800F0BE
:103AA00037FC00220321132001F01EF8132001F03F
:103AB0000EF800220321142001F016F8142001F062
:103AC00006F806B010BD0000006400404038024017
:103AD000000402407047000030B587B005463C4BFB
:103AE0006A460021FFF77DFD3A4900203B4C086003
:103AF000394908700098616888425BD13448017880
:103B0000FF2911D14178FF290ED18178FF290BD1EE
:103B1000C178FF2908D10179FF2905D14179FF2911
:103B200002D18179FF290FD02D4929480CF03CFBA7
:103B300027482B4908300AF077FF254929480831E2
:103B4000626809F039FB3DE0C179FC2904D0FD2908
:103B500017D0FE2936D126E01D48001F0068022834
:103B600002D01F4809F0DAFC19481D4908300AF054
:103B70005BFF17491B480831626809F01DFB07B05D
:103B800030BD174809F022FD1148154908300AF0E8
:103B90004BFF0F4913480831626809F00DFB1048CC
:103BA000FEF73AFBEBE7104807F0DAF90F4807F0A9
:103BB000D7F9D9E701F5C061884203D10121044852
:103BC0000BF0A6F82868416941F002014161D6E78F
:103BD000240200201800002003000020F80D00201F
:103BE000E0160020EC030020F8110020041400204F
:103BF00070477047704770B5044690F82000012860
:103C000004D0606A40F40020606217E0022084F86B
:103C100020002068016821F00101016000F058FCDB
:103C200005460DE000F054FC401B0A2808D9606AE4
:103C300040F400306062052084F82000012070BD4F
:103C400020684068C007EDD1606270BD70B5044661
:103C500090F82000022804D0606A40F4801060626E
:103C600014E02068016841F00101016000F030FCBF
:103C700005460DE000F02CFC401B0A2808D9606ABC
:103C800040F400306062052084F82000012070BDFF
:103C900020684068C007EDD02068016821F002016B
:103CA0000160012084F82000002070BD704770473B
:103CB000704770477047704770472DE9F0410446E0
:103CC000876D00F005FC054694F8350000260228B3
:103CD00006D08020606584F834600120BDE8F08162
:103CE0002068016821F0160101602068416921F017
:103CF00080014161206C08B9A06C20B12068016886
:103D000021F0080101602068016821F001010160D3
:103D10000BE000F0DDFB401B052806D92020606584
:103D200004F8346F03206070D8E720680068C0078B
:103D3000EFD194F85C103F208840B86004F8346FED
:103D4000012060700020C9E790F83510022903D0E7
:103D50008021416501207047052180F835100068F9
:103D6000016821F00101016000207047406D70473B
:103D70002DE9F84304464FF00009CDF80090634860
:103D80004FF41651A56D0068B0FBF1F72E6894F85A
:103D90005C20082101FA02F030420FD0206802684E
:103DA00052070BD5026822F00402026094F85C000E
:103DB0008140A960606D40F00100606594F85C107E
:103DC0004FF0010808FA01F0304208D02168496933
:103DD000090604D5A860606D40F00200606594F8A3
:103DE0005C1004208840304208D0216809688907A7
:103DF00004D5A860606D40F00400606594F85C1024
:103E000010208840304218D021680968090714D56D
:103E1000A86020680168490304D50068000308D53C
:103E2000A16C07E00168C90503D4016821F008010D
:103E30000160216C09B12046884794F85C1020206D
:103E40008840304231D021680968C9062DD5A86064
:103E500094F8350005282068016806D0490347D545
:103E6000006800031DD4616C1CE021F016010160A4
:103E70002068416921F080014161206C08B9A06C83
:103E800020B12068016821F00801016094F85C10FD
:103E90003F208840A86084F8349084F83580216DF4
:103EA0001FE0E16B09B120468847606D00282BD0E8
:103EB000606DC00714D0052084F8350020680168C3
:103EC00021F0010101600098401C0090B84203D825
:103ED00020680068C007F6D184F8349084F83580F3
:103EE000E16C002910D001B02046BDE8F04308473E
:103EF0000168C905D5D4016821F01001016084F87A
:103F0000349084F83580CCE7BDE8F8834800002081
:103F10002DE9F041044600F0DBFA05465CB10026CD
:103F200084F83460022084F835002068016821F0AC
:103F3000010101600DE00120BDE8F08100F0C8FA48
:103F4000401B052805D920206065032084F8350032
:103F5000F2E720680068C007F0D121680A682048AD
:103F60000240D4E901031843D4E903352B43184335
:103F700063691843A3691843E3691843236A184324
:103F80001043626A042A03D1D4E90B231A43104375
:103F9000086020684069656A20F0070128460D43E3
:103FA000012704280CD1A06A0543E06A40B12046ED
:103FB000FDF76AFE20B14020606584F83570BAE7ED
:103FC000206845612046FDF74BFE94F85C203F21B8
:103FD00091408160666584F835700020ACE7000090
:103FE0003F8010F02DE9F0410446866D90F83400D2
:103FF000002501280DD0012084F8340094F8357094
:104000000020012F07D084F8340002252846BDE89F
:10401000F0810220FBE7022784F8357060652046B6
:10402000FDF75CFE94F85C103F208840B06020688B
:10403000016841F016010160206C20B12068016820
:1040400041F0080101602068016841F00101016050
:10405000DCE700000B4A10B54FF0FF301060002184
:104060001160121D10601160064A103A1060116054
:10407000121D10601160121D1060116000F0FCFC38
:10408000002010BD2038024070B5044600F020FA30
:104090000546601C02D004480078044400F018FA79
:1040A000401BA042FAD370BDCC0200202DE9F0479E
:1040B000044622480E46017E01290AD0012180468D
:1040C00001764CF250394846FEF77EF8020003D0E4
:1040D0002FE00220BDE8F0874FF0FF30306020680D
:1040E000174F012801D0A5681CE0207C6168FDF70E
:1040F000CFFF4846FEF768F80246386820F0040013
:10410000386014E0217C2846FDF770FF4846FEF732
:104110005BF80200386820F0FA00386001D03560A2
:1041200005E06D1CD4E902100844A842EAD8FDF766
:1041300085FF002188F818101046CBE720370020B3
:10414000103C02400348016841F00041016000203A
:1041500070470000103C02402DE9F0471B4E054619
:104160001446307E1F468946012808D0012030764B
:104170004CF250384046FEF727F818B114E0022000
:10418000BDE8F0879DB1012D16D0022D19D0224631
:104190003B464846FDF7A0FF4046FEF715F80C49A0
:1041A0000A6822F001020A6000213176E8E7E1B2F4
:1041B0004846FDF781FFEFE7A1B24846FDF7A2FFB1
:1041C000EAE721464846FDF7AFFFE5E72037002044
:1041D000103C0240074900200A68002A09DA054A13
:1041E000054B0C3A1360054B13600968002900DA8F
:1041F00001207047103C024023016745AB89EFCD99
:104200002DE9F04F8946DFF8E4A000214FF0010BC3
:104210004FF00F0C0BFA01F609EA0603B3425FD127
:1042200021F003045444D4F808288D072F0F0CFA0A
:1042300007F505EA02082E4A904201D100221EE04D
:104240002C4A904201D1012219E02B4A904201D11F
:10425000022214E0294A904201D103220FE0284AA9
:10426000904201D104220AE0264A904201D105225F
:1042700005E0254A904201D1062200E00722BA401B
:10428000424514D1214F3A689A433A603F1D3A683B
:104290009A433A603F1D3A689A433A603F1D3A6834
:1042A0009A433A60D4F80828AA43C4F80828036857
:1042B0004C000322A24093430360CB0800EB83032E
:1042C0001D6A4C07E70E0CFA07F4A5431D62C3688C
:1042D0009343C3604368B3434360836893438360FD
:1042E000491C102996D3BDE8F08F00000030014032
:1042F000000002400004024000080240000C02409E
:10430000001002400014024000180240003C01402E
:104310002DE9F84FDFF89091002209F1040A0AF123
:10432000040B03274FF00F0C0BF1040E01250B6853
:1043300095402B40AB4272D10C7904F00304012C60
:1043400001D0022C15D18668540007FA04F826EA39
:104350000806D1F80C8008FA04F848EA0608C0F804
:1043600008804468AC430D79C5F30015954025439A
:1043700045600C79E443A40708D0C568540007FAE7
:1043800004F6B5438E68A6402E43C6600C7904F04F
:104390000304022C11D1D40800EB8406356A5407BB
:1043A000E40E0CFA04F825EA0805D1F8108008FAA2
:1043B00004F848EA0508C6F820800568540007FAA2
:1043C00004F6B5430E7906F00306A6402E430660B8
:1043D0004C68E40061D5354C256845F4804525607E
:1043E000246822F0030504F480440094304C05EB6B
:1043F0000408D8F808589407260F0CFA06F4A543C9
:104400002C4CA04201D100241FE02B4CA04201D132
:1044100001241AE0294CA04202D1022415E03CE01C
:10442000274CA04201D103240FE0264CA04201D129
:1044300004240AE0244CA04201D1052405E0234CC9
:10444000A04201D1062400E00724B4402C43C8F860
:104450000848D9F800404D464E689C43F60300D505
:104460001C432C60DAF8004055464E689C43B60366
:1044700000D51C432C60DBF800405D464E689C4331
:10448000F60200D51C432C60DEF8004075464E68ED
:104490009C43B60200D51C432C60521C102AFFF42A
:1044A00045AFBDE8F88F0000003C014044380240B1
:1044B00000300140000002400004024000080240B9
:1044C000000C02400010024000140240001802409C
:1044D0000148806870470000CC02002070B50400DD
:1044E00025D094F83D00002520B984F83C502046A2
:1044F00000F04CFA242084F83D002068016821F087
:10450000010101602068016841F4004101602068F8
:10451000016821F40041016001F03AF94D4B6168F6
:10452000994201D84C4900E04C49884201D201200F
:1045300070BD4B492268B0FBF1F1566826F03F068A
:104540000E43566062689A4206D94FF49672514300
:104550004FF47A72B1FBF2F12268491C166A26F018
:104560003F06314311626168994210D84900401EEC
:10457000B0FBF1F2521CC2F30B02042A01D2042058
:1045800022E0B0FBF1F0401CC0F30B001CE0A2687D
:10459000F2B301EBC10303EB0116431EB3FBF6F3C9
:1045A0005B1C43F480431B0549D092B301EBC1026D
:1045B00002EB0111401EB0FBF1F0401CC0F30B00F8
:1045C00040F4804040F400402168CA694CF6FF7313
:1045D0009A431043C861D4E9071001432068026878
:1045E00022F0C00211430160D4E9030101432068B5
:1045F000826848F2FF339A4311438160D4E9051081
:1046000001432068C26822F0FF021143C16001E04B
:104610000EE016E02068016841F0010101602564A8
:10462000202084F83D00256384F83E50002070BDB2
:1046300001EB4106431EB3FBF6F35B1CB3E701201D
:10464000C2E701EB4101401EB0FBF1F0401CC0F39A
:104650000B00B7E7A086010080841E0000093D0022
:1046600040420F002DE9FF4F83B09A46DDE91197D4
:1046700093460446DDF84080FFF72AFF054694F88C
:104680003D00202870D11923012271492046009550
:1046900002F076FF0028F5D194F83C00012863D0A1
:1046A000012084F83C0020680168C90703D1016833
:1046B00041F0010101602068016821F4006101609E
:1046C000222084F83D00402084F83E000026266425
:1046D000C4F82480A4F82A90608D20855D48E062AB
:1046E000CDE9007553465A462046049902F050FE23
:1046F00000287CD1208DD0B1012821D0022820684B
:1047000024D0416980690090208D032869D8012850
:104710002BD0514902283B464FF00002009559D05A
:104720008846204602F02CFF002860D13CE020683B
:10473000416981690091016841F40071016077E08D
:104740002068016821F480610160F0E7016821F4CC
:10475000806101602068016841F4006101602068A7
:1047600041698069009063E06FE02A46394620463F
:1047700002F086FF98BB20680069616A08704EE00D
:104780002068016841F40071016020680069616A75
:104790000870606A401C6062218D491E2185618D10
:1047A000491E6185216838E02068016821F4806134
:1047B000016020680069616A0870606A401C60627C
:1047C000208D401E2085608D401E60853B46002266
:1047D00041460095204602F0D3FE00B9D0E706E03E
:1047E000FFE72A463946204602F04AFF18B1012069
:1047F00007B0BDE8F08F20680069616A0870606AE0
:10480000401C6062218D491E2185618D491E618594
:1048100021684A69D24352070AD409690170606A63
:10482000401C6062208D401E2085608D401E60858A
:10483000208D00287FF468AF202084F83D0084F8A4
:104840003E6084F83C600020D2E70220D0E7000000
:10485000020010000000FFFF040001002DE9FF4FDF
:1048600083B09A46DDE9119793460446DDF840800F
:10487000FFF72EFE054694F83D0020287FD119232E
:10488000012240492046009502F07AFE002876D1A8
:1048900094F83C00012872D0012084F83C00206884
:1048A0000168C90703D1016841F001010160206876
:1048B000016821F400610160212084F83D0040205E
:1048C00084F83E0000262664C4F82480A4F82A90C8
:1048D000608D20852C48E062CDE9007553465A462C
:1048E0002046049902F0D2FD70B930E02A463946DC
:1048F000204602F0FAFE58B1206C042804D120684A
:10490000016841F400710160012007B0BDE8F08F3B
:10491000606A216800780861626A521C6262208DB8
:10492000401E80B22085618D491E618521684B69DA
:10493000DB435B070BD468B110780861606A401CE8
:104940006062208D401E2085608D401E6085208D18
:104950000028CBD12A463946204602F0EBFD00283C
:10496000CAD154F83D0B016841F400710160202068
:1049700004F81E09E67766770020C6E7FFE7022005
:10498000C3E70000020010000000FFFF10B586B072
:10499000044614216846FBF7F1FC1349206888425D
:1049A00020D11248016841F00201016000686946A7
:1049B00000F002000590C02000901220019001201C
:1049C000029003200390042004900948FFF7A0FC04
:1049D00006481030016841F400110160006800F4DD
:1049E0000010059006B010BD005400403038024061
:1049F00000040240024881680278114481607047D7
:104A0000CC0200200B4810B5016841F40071016030
:104A1000016841F480610160016841F480710160C6
:104A2000032000F081F8002000F006F800F026F8DE
:104A3000002010BD003C024070B50D4D04464FF4FF
:104A40007A712878B1FBF0F00A490968B1FBF0F0FF
:104A500001F0CBF848B9102C07D200222146501E95
:104A600000F042F800206C6070BD012070BD0000B5
:104A7000CC02002048000020704700000A4808B51A
:104A8000016841F480410160006800F480400090BA
:104A90000548001F016841F080510160006800F086
:104AA0008050009008BD00004438024000280DDB13
:104AB00000F01F02012191404009800000F1E02038
:104AC000C0F88011BFF34F8FBFF36F8F704700287E
:104AD00009DB00F01F02012191404009800000F134
:104AE000E020C0F800117047F0B40E4B1B68C3F310
:104AF0000223C3F10704042C00D904241D1D072D33
:104B000001D2002300E0DB1E012606FA04F56D1E2B
:104B10000D409D409E40761E164045EA0601F0BCC1
:104B200006F077BA0CED00E0064A00F007011068C5
:104B30004FF6FF03184040EA012003490843106084
:104B4000704700000CED00E00000FA05012201684A
:104B5000C0F8FC23002280F8F423886940F000604C
:104B60008861486D024A1043486500207047000084
:104B70000300001070B5164D0446A1B1012911D1F2
:104B80002068D0F8001E41F00101C0F8001ED4F8E2
:104B9000040405F01AFA206A002803D0286840F0BF
:104BA0000600286070BD206A28B104F0B7F82868B4
:104BB00020F0060028602068D0F8001E21F00101D6
:104BC000C0F8001ED4F80404BDE8704005F08CB9AC
:104BD00010ED00E00068416200207047F0B5036806
:104BE000586A39B19C6A4FF4827500EB1444002076
:104BF0004E1E0AE040EA024098620FE005EB800793
:104C0000DF59401C04EB1744C0B2B042F6D344EA6B
:104C100002404FF4807202EB810158500020F0BD39
:104C2000D0F8040405F0ABB8C1EBC10200EB82027E
:104C3000D0F80404926C05F00FB8C1EBC10200EB90
:104C40008202D0F80404D2F8082205F059B810B551
:104C5000040006D0032084F8BD03206806F0B8F8ED
:104C600008B1012010BD204600F0C6FB002084F8EA
:104C7000BD0310BDD0F8040405F083B870B5044638
:104C80000B0601F00F00C0EBC00104EB81014FF0F7
:104C900001024FF0000503D581F83D203C3103E0CF
:104CA00081F8FD5101F5FE71087094F8BC030128EC
:104CB00008D084F8BC23206805F036FC84F8BC5387
:104CC000002070BD022070BD70B5044601F00F00D9
:104CD0006268904201D9012070BD0B0601F00F01FE
:104CE000C1EBC10104EB81014FF001024FF000055F
:104CF00003D581F83D203C3103E081F8FD5101F5F9
:104D0000FE718D70087094F8BC03012808D084F8F7
:104D1000BC23206805F002FE84F8BC53002070BD5F
:104D2000022070BD01F00F01C1EBC10100EB810059
:104D3000D0F8140270472DE9F04104460F0601F047
:104D40000F00C0EBC00104EB81014FF001064FF0F2
:104D5000000503D581F83D603C3103E081F8FD5149
:104D600001F5FE7108708A60CB704A7802B1C88084
:104D7000022B00D10D7194F8BC03012809D084F8EE
:104D8000BC63206805F02EFB284684F8BC53BDE8C0
:104D9000F0810220FBE770B50D4601F00F04C4EB73
:104DA000C40100EB8101C1F81032C1F808220023D0
:104DB000C1F8143281F8FD3181F8FC41036901F535
:104DC000FE71012B00D10A612A07027C006803D022
:104DD00005F0FCFD002070BD05F0E8FCFAE770B5B9
:104DE00004460D4601F00F006168884201D9012098
:104DF00070BD29064FF000064FF0010207D5C0EB49
:104E0000C00104EB810181F83D203C3107E0C5EB96
:104E1000C50104EB810181F8FD6101F5FE718A7025
:104E2000087094F8BC03012807D084F8BC232068DC
:104E300005F0A0FD280702D007E0022070BD217C0C
:104E400004F57172206805F03DFD84F8BC63002014
:104E500070BD70B50D4601F00F04C4EBC40100EB4A
:104E600081010B658A6400234B65012381F83D3085
:104E700001F83C4F0369012B00D10A612A07027C2B
:104E8000006803D005F0A2FD002070BD05F08EFC87
:104E9000FAE700002DE9F84F05680446284605F0BA
:104EA000BCFE00287ED1206805F0E3FE002879D002
:104EB000206805F0DEFE800704D52068416901F016
:104EC00002014161206805F0D4FEC10604F571704D
:104ED000009034D52068816921F0100181612F6A2A
:104EE00007F00F00C0EBC00004EB8006C7F343409F
:104EF00006F5FE76022802D0062811D01AE047F601
:104F0000F070074216D0C7F30A1217462846F16818
:104F100005F0B3FEF0683844F060B069384408E04A
:104F200008222846009905F0A8FEB069C7F30A11C7
:104F30000844B0612068816941F0100181612068F6
:104F400005F097FE00034FF0010B5AD500262068AC
:104F500005F06EFE8046DFF89CA34FE05FEAC87064
:104F600049D0F1B2206805F07CFE0746C00707D0A3
:104F700005EB4611C1F808BB3146204603F03CFB67
:104F8000380722D505EB46110820C1F8080B206828
:104F9000D0F8409000EB4610D0F8081BD14507D957
:104FA000090400E0A4E103D54FF40041C0F8081B58
:104FB000204600F0AFFAD14507D92069012804D175
:104FC00020680121009A05F07DFCF80604D505EB68
:104FD00046111020C1F8080BB80604D505EB4611A0
:104FE0002020C1F8080BB80405D505EB46114FF495
:104FF0000050C1F8080B4FEA5808761CB8F1000FB2
:10500000ACD1206805F035FE40034FF000095BD5B8
:10501000206805F006FE8046002652E05FEAC87070
:105020004CD0F1B2206805F00AFE0746C00723D035
:1050300006F00F020BFA02F0D5F834288243C5F8C7
:10504000342805EB4610C0F808B9206901280FD1B3
:10505000C6EBC60004EB8000D0E911211144816445
:1050600036B9206D20B920680121009A05F02AFC8C
:10507000F1B22046FFF7D8FD380704D505EB4611FD
:105080000820C1F80809F80604D505EB46111020E0
:10509000C1F80809780604D505EB46114020C1F88F
:1050A0000809B80704D505EB46110220C1F8080924
:1050B000380603D53146204603F004FB4FEA580872
:1050C000761CB8F1000FA9D1206805F0D2FD0028A8
:1050D00011DAD5F8040820F00100C5F8040894F8A6
:1050E000F403012839D0204600F0F8F9206841691E
:1050F00001F000414161206805F0BBFD00050BD5C2
:10510000D5F80808C00702D0204600F051FA206800
:10511000416901F400614161206805F0AAFD0001C8
:105120000AD52068416901F00061416194F8F403F7
:10513000D0B1204600F03CFA206805F09AFDC0048A
:1051400075D5D5F8040820F00100C5F80408102131
:10515000206805F043FD002134E084F8F493002139
:105160002046FFF707FDC1E784F8F4B32068406DDF
:105170000121C0F38300C4F8F8032046FFF7FAFCCE
:10518000DAE705EB41104FF67F32C0F80829D0F876
:10519000003923F40013C0F80039D0F8003943F087
:1051A0000063C0F80039C0F8082BD0F8002B22F4B7
:1051B0000012C0F8002BD0F8002B42F00062C0F8BB
:1051C000002B491C60688842DBD8D5F81C0840F0E9
:1051D0000110C5F81C08206B60B1D5F8840840F0B8
:1051E0000B00C5F88408D5F8440840F00B00C5F85A
:1051F00044080CE0D5F8140842F22B010843C5F826
:105200001408D5F8100840F00B00C5F81008D5F8C0
:10521000000820F4FE60C5F80008217C2068009A90
:1052200005F050FB2068416901F48051416120681C
:1052300005F01FFD800415D5206805F013F92068DE
:1052400005F0DEFCE06000F09DFA0146227B20685C
:1052500005F04AFD204600F02BF92068416901F471
:1052600000514161206805F004FD000707D5204684
:1052700000F038F92068416901F0080141612068B7
:1052800005F0F7FCC00208D50021204600F034F8F4
:105290002068416901F480114161206805F0E9FC52
:1052A000800208D50021204600F02AF820684169D4
:1052B00001F400114161206805F0DBFC400007D5D6
:1052C0002046FFF7ADFC2068416901F08041416153
:1052D000206805F0CEFC40070AD5206845686807BD
:1052E00002D52046FFF7C6FC20684168294341608B
:1052F000BDE8F88F0A30544FD0F8040404F092BD92
:10530000D0F8040404F09EBD2DE9F0418AB00400F9
:1053100005D094F8BD032668002520B108E00120DF
:105320000AB0BDE8F08184F8BC53204600F07EF856
:10533000032084F8BD03F06BC00500D4256120680C
:1053400005F02EFA04F11001282288466846FAF783
:10535000FCFF94E80F0005F093F80227C8BB00217A
:10536000206805F099FC002101260EE0C1EBC10088
:1053700004EB800080F83D6000F83C1FC180C570E0
:105380008560C560491CC9B2456160688842EDD836
:10539000002111E0C1EBC10004EB800080F8FD5159
:1053A00080F8FC1180F8FF51C0F80452C0F8085290
:1053B000491CC9B2C0F8105260688842EAD8282255
:1053C00041466846FAF7C1FF94E80F0005F030F94E
:1053D00010B184F8BD73A2E784F8385084F8BD6337
:1053E000606A012802D12046FFF7B0FB206805F073
:1053F00011F9002094E7000010B50068B0F1A04F4B
:105400000ED10848016821F0800101604FF4C051BD
:105410000548FEF7F5FEBDE810404320FFF746BB08
:1054200010BD0000343802400000024010B586B0C4
:10543000044614216846FAF7A1FF2068B0F1A04F96
:105440002FD119480021026842F001020260006871
:1054500000F0010005904FF4C05000900220CDE90B
:105460000101032003900A20049069460F48FEF7CB
:105470004FFF0D48001D016841F0800101600A489E
:105480001430016841F4804101600068002200F49A
:105490008040059005214320FFF726FB4320FFF7BE
:1054A00016FB06B010BD000030380240000002407C
:1054B00070B50446C068012570B1022801D0FCF720
:1054C0003DFD2946D4F8040404F028FDD4F8040472
:1054D000BDE8704004F0DBBC0025F2E7D0F804041E
:1054E00004F002BDD0F8040404F008BD10B5044671
:1054F00090F8BC0301280BD0012084F8BC0384F889
:105500003810206805F0DFFB002084F8BC0310BDD4
:10551000022010BDD0F8042400F57171104604F08B
:1055200009BD10B50446006894F8BC13012906D0E3
:10553000012184F8BC13A16A012902D008E00220ED
:1055400010BDA169012903D0816B41F480318163D1
:10555000206805F02DFB206805F04EF8002084F847
:10556000BC0310BD70B50446056890F8BC03012863
:1055700010D0012084F8BC03284605F011F92068FA
:1055800005F048F81021206805F028FBA06A0128E2
:1055900002D008E0022070BDA069012803D0A86BEA
:1055A00020F48030A863002084F8BC0370BD0000A4
:1055B00010B50446D0F8040404F007FD2068D0F8C4
:1055C000001E41F00101C0F8001E206A002804D02E
:1055D0000248016841F00601016010BD10ED00E0D5
:1055E0002DE9F84317484FF00008026842F0805256
:1055F00002600068144F00F080500090C7F84480AB
:10560000FEF766FF04464FF47A75104E04E0FEF78D
:105610005FFF001BA8420DD870688003F7D4C7F85D
:105620004080FEF755FF044607E0FEF751FF001BE0
:10563000A84202D90320BDE8F8837068C003F4D4FF
:105640000020F8E74038024000000E4200700040A1
:105650002DE9F0470D46040065D0DFF81491D9F824
:105660000000EFB200F00F00A84207D289F80070E6
:10567000D9F8000000F00F00A84254D120683D4E38
:10568000810712D5400703D5306840F4E050306000
:105690002078000703D5306840F4604030603068FF
:1056A000A16820F0F000084330602078C0072DD0BA
:1056B000304960680839012812D0022813D0032825
:1056C00011D00968890700292DDA316821F003011A
:1056D00001433160FEF7FCFE804641F2883A0EE05D
:1056E00009688903EFE709688901ECE7FEF7F0FE36
:1056F000A0EB0801514502D90320BDE8F0873068CE
:10570000616800F00C00B0EB810FEFD1D9F8001008
:10571000484601F00F01A94207D90770006800F060
:105720000F00A84201D00120E7E72078400705D507
:105730003068E16820F4E0500843306020780007CA
:1057400006D53068216920F4604040EAC10030602D
:1057500000F03EF83168084AC1F30311515CC840BB
:105760000649086006480068FFF766F90020C4E7AC
:10577000003C024008380240D005030848000020E1
:10578000D002002001480068704700004800002057
:105790000448054900680968044AC1F38221515C44
:1057A000C84070474800002008380240E005030860
:1057B0000448054900680968044AC1F34231515C54
:1057C000C84070474800002008380240E005030840
:1057D000224810B5006810F00C01214815D0431084
:1057E000042911D01D4C241F08290FD00C290CD1DD
:1057F000216801F03F022168490221D52068C0F3E9
:105800008810A0FB030120E0184610BD216801F0BC
:105810003F022168490205D52068C0F38810A0FB2B
:10582000030104E02168C1F38811A1FB00010023FA
:10583000FAF75AFD2168C1F30141491C49000AE009
:105840002168C1F38811A1FB00010023FAF74CFD88
:105850002168C1F30271B0FBF1F010BD08380240BD
:105860000024F40070B5040009D0606A002540B13E
:1058700025616561A56294F8510040B10CE00120FA
:1058800070BD6068B0F5827FF4D0E561F2E784F81E
:105890005050204600F044F8022084F8510020685F
:1058A000016821F040010160A088218900F4827024
:1058B00001F404410843A18901F400610843217CFB
:1058C00001F002010843217D01F001010843218B11
:1058D00001F400710843217F01F03801084394F876
:1058E000201001F080010843218D01F4005108438C
:1058F00021680860A069042101EA104094F824108E
:1059000001F010010843216848602068C16921F452
:105910000061C1616565012084F85100002070BDFF
:10592000F0B587B0044614216846FAF727FD314ADE
:1059300020680023304902240325052690421AD10D
:105940002D481430026842F480520260006800F46E
:1059500080500590086840F001000860086802AABD
:1059600000F001000590E020CDE9000482E8680025
:10597000694622481CE0204A214F1032B8421BD110
:10598000106840F480401060106800F4804005907A
:10599000086840F0020008600868694600F00200EC
:1059A0000590B800CDE9000402AF164887E868000A
:1059B000FEF7AEFC07B0F0BD134EB042FAD110684E
:1059C00040F400401060106800F400400590086842
:1059D00040F0040008600868029300F0040005909D
:1059E0004FF4E050CDE900040620CDE903506946AC
:1059F0000648DDE700300140303802400000024038
:105A00000038004000040240003C00400008024012
:105A10002DE9F84F044690F8500001250A9E1F46D4
:105A200092468B464FF0000801280ED0012084F8E2
:105A30005000FEF74DFD814694F851006168012841
:105A40000CD0B1F5827F07D102E00220BDE8F88FCB
:105A5000A16809B9042801D00220B6E0BBF1000F0B
:105A600027D0BAF1000F24D01FB394F851000428B6
:105A700002D0052084F8510000206065C4F838A0E9
:105A8000E787A787C4F830B0E786A78620646064FC
:105A900020680168490603D4016841F040010160B3
:105AA000E068B0F5006F606805D0E8B3012F43D01F
:105AB00079E0012089E008B1012F34D1206B216801
:105AC0000088C860206B801C2063E08E401EE0864A
:105AD00029E02068816889070DD5E18E59B1012D33
:105AE00009D1216B0988C160206B801C2063E08E86
:105AF000401EE086002520688168C9070BD0E18F31
:105B000049B1C068A16B0880A06B801CA063E08FC6
:105B1000401EE0870125FEF7DBFCA0EB0900B04248
:105B200001D3701C50D100E006E0E08E0028D0D1F7
:105B3000E08F0028CDD13CE0206B2168007808730D
:105B4000206B401C2063E08E401EE0862BE0206826
:105B5000816889070DD5E18E59B1012D09D1216BDD
:105B600009780173206B401C2063E08E401EE086A4
:105B7000002520688168C9070BD0E18F49B1C06852
:105B8000A16B0870A06B401CA063E08F401EE087F3
:105B90000125FEF79DFCA0EB0900B04202D3701C6A
:105BA00001D011E086B1E08E0028D0D1E08F00282E
:105BB000CDD14A463146204602F050FF38B1202070
:105BC0004FF00108606508E00320804605E0A0680A
:105BD00018B92068C16880680090012084F85100DD
:105BE000002084F85000404630E710B5401EB0F168
:105BF000807F01D3012010BD4FF0E02460610F21B0
:105C0000601705F006FA0020A0610720206100203F
:105C100010BD7047704710B590F83C20012A22D083
:105C2000012280F83C20CA688C6822F4407222432A
:105C30004C6822F4806222430C6822F40062224302
:105C40000C6922F4805222434C6922F40052224310
:105C5000C969002322F480420A4301684A6480F83B
:105C60003C30002010BD022010BD000070B590F83F
:105C70003C20012A32D0012580F83C50022280F8D5
:105C80003D2002685368946823F070060B68334324
:105C90005360134B02689A4214D0B2F1804F11D076
:105CA000104B9A420ED0104B9A420BD00F4B9A4297
:105CB00008D00F4B9A4205D00E4B9A4202D00E4BA1
:105CC0009A4204D1496824F080031943916080F816
:105CD0003D50002180F83C10084670BD022070BD88
:105CE000000001400004004000080040000C00409B
:105CF00000040140004001400018004010B5044677
:105D000049B104290AD008290BD094F8450001288C
:105D10000AD0012010BD94F84200F8E794F843003F
:105D2000F5E794F84400F2E7022091B3042934D057
:105D3000082935D084F845000422206803F079F959
:105D40002068416C41F40041416417492068884251
:105D500014D0B0F1804F11D0144988420ED01449AC
:105D600088420BD01349884208D01349884205D095
:105D70001249884202D01249884204D1816801F058
:105D80000701062903D0016841F0010101600020EC
:105D900010BDFFE784F84200CEE784F84300CBE76C
:105DA00084F84400C8E700000000014000040040FF
:105DB00000080040000C0040000401400040014089
:105DC0000018004070B504460D460068002203F03C
:105DD00030F92068026A41F211131A4240F244413C
:105DE00006D1026A0A4203D1426C22F400424264A4
:105DF0002068026A1A4206D1026A0A4203D1016887
:105E000021F00101016001203DB1042D08D0082DD1
:105E100009D084F84500002070BD84F84200FAE7FC
:105E200084F84300F7E784F84400F4E710B5040071
:105E300003D094F83D0010B107E0012010BD002010
:105E400084F83C00204600F01FF8022084F83D0052
:105E5000211D206803F07CF8012084F8460084F8B6
:105E60003E0084F83F0084F8400084F8410084F844
:105E7000420084F8430084F8440084F8450084F824
:105E80003D00002010BD000008B50068264988428A
:105E900027D12648016841F0010101600068002215
:105EA00000F00100009002211820FEF71DFE1820CE
:105EB000FEF70DFE002202211920FEF715FE192023
:105EC000FEF705FE002202211A20FEF70DFE1A2021
:105ED000FEF7FDFD002202211B20FEF705FE1B2020
:105EE0001EE01249091FB0F1804F0BD0104A9042BA
:105EF00007D1086840F002000860086800F002005E
:105F0000009008BD086840F00100086008680022A1
:105F100000F00100009005211C20FEF7E5FD1C208B
:105F2000BDE80840FEF7D3BD000001404438024000
:105F30000004004070B5044690F83C00012817D0DA
:105F4000012584F83C50022084F83D0020688268D6
:105F500022F0770222F47F4282600868502830D015
:105F60000DDC20284DD005DC98B310283BD148E04B
:105F7000022070BD302844D0402834D139E0602858
:105F800028D0702806D0B0F5805F2CD0B0F5005F27
:105F900029D10AE0CB68D1E90121206803F056F845
:105FA0002068816841F0770109E0CB68D1E90121DF
:105FB000206803F04BF82068816841F480418160DB
:105FC00011E0CA684968206803F014F9502120687C
:105FD00007E016E0CA684968206803F01CF96021F0
:105FE000206803F03DF884F83D50002084F83C0020
:105FF00070BDCA684968206803F0FCF84021206839
:10600000EFE7226801461046EBE7704770B504469B
:10601000006801694FF00005C943890715D4C168BC
:10602000C943890711D4E91E016101202077206846
:1060300080698007204602D0FFF7E7FF04E000F008
:1060400001F9204600F090F9257720680169C943DD
:10605000490717D4C168C943490713D46FF0040135
:106060000161022020772068806910F4407F20467B
:1060700002D0FFF7CAFF04E000F0E4F8204600F089
:1060800073F9257720680169C943090716D4C168E7
:10609000C943090712D46FF0080101610420207779
:1060A0002068C0698007204602D0FFF7AEFF04E0F9
:1060B00000F0C8F8204600F057F9257720680169FC
:1060C000C943C90617D4C168C943C90613D46FF0C0
:1060D00010010161082020772068C06910F4407F1A
:1060E000204602D0FFF791FF04E000F0ABF8204615
:1060F00000F03AF9257720680169C943C90708D13A
:10610000C168C943C90704D1891E0161204600F056
:1061100013FD20680169C943090609D4C168C94350
:10612000090605D46FF0800101612046FFF771FD7B
:1061300020680169C943490609D4C168C9434906B1
:1061400005D46FF040010161204600F0F6FC2068A4
:106150000169C94389060BD4C168C943890607D4BC
:106160006FF0200101612046BDE87040FFF752BD8D
:1061700070BD0000F0B587B0044614216846FAF7F8
:10618000FDF82B4B206800222A49022401252A4EC3
:10619000984223D1086840F001000860086800F0C8
:1061A00001000590086840F00200086008680327B5
:1061B00000F0020005904FF4F060CDE90004CDE955
:1061C000024769461D480495FEF7A2F8CDE9007420
:1061D000CDE9024769463046049525E0B0F1804F8D
:1061E00013D0174B984221D1086840F00200086094
:1061F0000868694600F00200059030200090CDE963
:106200000142CDE9032430460EE0086840F0020068
:1062100008600868694600F00200059008208DE8D3
:106220003100CDE903253046FEF772F807B0F0BD26
:1062300000000140303802400004024000000240EB
:1062400000040040704770B5044690F83C000D46CD
:1062500001280AD0012084F83C0042B1042A18D059
:10626000082A2AD00C2A4DD139E0022070BD2068BE
:1062700002F0FEFE2068816941F00801816120681A
:10628000816921F004018161206881692A691143D3
:1062900011E0206802F01CFF2068816941F4006170
:1062A00081612068816921F4806181612068816950
:1062B0002A6941EA0221816124E0206802F03EFF60
:1062C0002068C16941F00801C1612068C16921F0FD
:1062D0000401C1612068C1692A69114311E0206885
:1062E00002F060FF2068C16941F40061C16120686B
:1062F000C16921F48061C1612068C1692A6941EAEC
:106300000221C161002084F83C0070BD10B504007A
:1063100003D094F83D0010B107E0012010BD00202B
:1063200084F83C00204600F01EF8022084F83D006E
:10633000211D206802F00CFE012084F8460084F83C
:106340003E0084F83F0084F8400084F8410084F85F
:10635000420084F8430084F8440084F8450084F83F
:106360003D00002010BD70472DE9F04FFC4FFD4C63
:106370004FF4B0212DED028B83B078784FF4C02319
:1063800030B14FF4A022012804D0022809D105E041
:10639000A16300E0A263C4F8383102E0A263C4F84C
:1063A0003811F148FCF7C8FCD4F8080240F480002A
:1063B000C4F808024FF6FF71EC48FCF70AFCEC4EFB
:1063C00096ED030ADFEDEB0A20EE200A10EE100A2C
:1063D000FAF785F941EC180B0121E448FCF7DCFBE6
:1063E000FAF770F99FEDE41B53EC112BFAF778F8EC
:1063F0009FEDE31B53EC112BFAF772F853EC182BBB
:10640000F9F7C7FFFAF796F9F060D6F87001FAF7D6
:1064100066F99FEDDD1B53EC112BFAF761F841ECA7
:10642000180B0221D148FCF7B7FB80B202F0CEF87E
:1064300010EE100AFAF753F99FEDD51B53EC112B10
:10644000FAF74EF853EC182BF9F7A3FFFAF772F9A5
:106450009FEDD18AC6F87001D048B0EE480AFBF72C
:10646000B7FCCE4806F58064014690ED041AD0EDE5
:10647000031AD4ED050AB0EE480A11EEA01A86ED13
:10648000041A90ED301A61EE200AC6ED060A86ED78
:10649000071AD0ED010AC6ED050AD0ED310A3046E3
:1064A000C6ED080A01F08AFABD4D2868DFF8F4A2AB
:1064B000DFF8F4924FF0010B022812D028684FF059
:1064C00000089FEDBA8A092829D028680A2826D012
:1064D00028684FF47A71062877D02868072873D087
:1064E0008EE1DAF89012386B814202D800F05EFE3D
:1064F00001E0401C38639E4808F00CFB040004D007
:106500009B4807F063F889F80040994801F02EF99C
:106510009748FBF741FFB869401CB86170E12968F2
:10652000A3489FEDA40AD7ED080A0088A24CB8EE54
:10653000601A00EE900A0929F8EE601AC1EE210AED
:1065400020EE800A09D0F9F795FEB5EEC00AF1EE0B
:1065500010FA05DDB7EE000A04E0F9F78BFE01E062
:10656000BFEE000A208800EE900A8148F8EE600A2B
:1065700020EE200A86ED310A86ED308AFBF70CFF0B
:106580008E48396A96ED310A006800EB810080ED93
:10659000000A8B48396A96ED0A0A006800EB810010
:1065A00080ED000A386A401C3862B0F5F97F09D9DD
:1065B0006F4807F00BF8C5F80080824981F8008029
:1065C00087F804B01CE100E07FE096ED090ADFEDFA
:1065D0007E0A20EE200AD6ED160A9FED7C1A41F2C3
:1065E000883200EE810A86ED160A386A904235D963
:1065F000A0F59852893A43F697239A422FD2D7EDC5
:106600000E0AB4EEE00AF1EE10FA01DD87ED0E0A93
:10661000D7ED0A0AB4EEE00AF1EE10FA01D287EDE6
:106620000A0AB0FBF1F201FB1200002816D197ED27
:106630000D0AD7ED0E0A30EE200A87ED0D0A97ED10
:10664000090AD7ED0A0A30EE200A87ED090A87ED1C
:106650000E8A87ED0A8AF86A401CF862CAE044F69E
:106660002061884230D397ED0D0AD7ED090AB2EECA
:106670000C1A30EE600AF6EE000A20EE200AC0EE98
:10668000010A94ED071ADFED521AB7EE080A06F078
:1066900081FE84ED080A364806F098FFC5F80080B0
:1066A0004C4981F80080206AFAF719F805460E4631
:1066B000E069FAF714F841EC100BCDE9005653EC01
:1066C000102B45A008F012FB94E0386AB7EE000AE0
:1066D00088420FD286ED170A86ED188AB0F5487FFA
:1066E00007D996ED090AD7ED0D0A30EE200A87ED9D
:1066F0000D0A7FE0A0F2E93140F2E732914211D277
:10670000B0EE000A86ED170A86ED188AB0F5E16F43
:1067100070D996ED090AD7ED090A30EE200A87ED07
:10672000090A67E0B0F5FA6F60D9D7ED090A97ED6D
:106730000D1A062070EEC10A80EE201A9FED2A0A7B
:1067400021EE000A84ED070A87ED0D8A87ED098A9C
:10675000C7F8208087ED0E8A87ED0A8A286049E015
:10676000000000200020014014030020A4030020AA
:10677000E01600203333333F9FBA6882F136A03FE2
:10678000000000403333D33F666666666666E63FC8
:10679000333333333333D33F17B75138F811002035
:1067A00020020020F80D00204C0200200000000014
:1067B00056000020DB0FC940580000205C0000207C
:1067C00060000020550000209CC4A03EB29D2F3FD9
:1067D00079594445540000204C2C252E36662C2532
:1067E0002E36662C520000000000474386ED178AC3
:1067F00086ED188A386A401C38620F48FBF7CCFDDA
:10680000D7E90601884212DD9AF8840200060ED507
:10681000F87801280BD099F800004C46002806D1E2
:1068200087F803B0044806F0D1FE1020207003B0B2
:10683000BDEC028BBDE8F08FE016002010B50446D9
:1068400049B104290AD008290BD094F84100012845
:106850000AD0012010BD94F83E00F8E794F83F00FC
:10686000F5E794F84000F2E70220B1B3042938D0EC
:10687000082939D084F841000122206802F0CCFBBD
:106880001B4920681B4A884201D0904203D1436CC7
:1068900043F4004343642068884213D0B0F1804F32
:1068A00010D0154988420DD0144988420AD01449A5
:1068B000884207D0904205D01249884202D012493E
:1068C000884204D1816801F00701062903D00168DC
:1068D00041F001010160002010BDFFE784F83E0097
:1068E000CAE784F83F00C7E784F84000C4E7000027
:1068F0000000014000040140000400400008004086
:10690000000C0040004001400018004010B5044653
:1069100049B104290AD008290BD094F84100012874
:106920000AD0012010BD94F83E00F8E794F83F002B
:10693000F5E794F84000F2E7022069B104290ED08F
:1069400008290FD084F8410079B1042912D0082910
:1069500046D00C2913D148E084F83E00F4E784F8CF
:106960003F00F1E784F84000EEE72068C26842F09B
:10697000020203E02068C26842F00402C260012201
:10698000206802F049FB1B4A20681B49904201D055
:10699000884203D1436C43F400434364206890422F
:1069A00013D0B0F1804F10D0144A90420DD0144A49
:1069B00090420AD0134A904207D0884205D012492B
:1069C000884202D01149884204D1816801F0070150
:1069D000062903D0016841F001010160002010BDCB
:1069E0002068C26842F00802C8E72068C26842F026
:1069F0001002C3E700000140000401400004004011
:106A000000080040000C0040004001400018004019
:106A100030B504460D460068002202F0FDFA19491F
:106A200041F2111220689310884202D01649884220
:106A300009D1016A114206D1016A194203D1416CA0
:106A400021F4004141642068016A114206D1016AC3
:106A5000194203D1016821F00101016001203DB11B
:106A6000042D08D0082D09D084F84100002030BD45
:106A700084F83E00FAE784F83F00F7E784F8400026
:106A8000F4E70000000001400004014030B5026856
:106A900004460D0006D0042D08D0082D37D00C2D4B
:106AA00008D138E0D06820F0020002E0D06820F081
:106AB0000400D0600022206802F0AEFA1C4941F2C6
:106AC000111220689310884202D01A49884209D1D5
:106AD000016A114206D1016A194203D1416C21F4C5
:106AE000004141642068016A114206D1016A1942DD
:106AF00003D1016821F00101016001207DB1042D65
:106B000010D0082D11D084F84100002030BDD0688D
:106B100020F00800CDE7D06820F01000C9E784F825
:106B20003E00F2E784F83F00EFE784F84000ECE72E
:106B300000000140000401407047704738B504462A
:106B400090F83E0020281CD181B17AB194F83C0025
:106B5000012816D0012084F83C002063204602F072
:106B6000EDFC002803D1216B012901D0012038BDA3
:106B700021680A684A680092CA6842F01002CA6036
:106B800038BD022038BD000070B504461848002505
:106B900005601848844206D1FAF774F82222164993
:106BA0001448FFF7CBFF154884421FD114480570E5
:106BB0001448C178027942EA01214279807942EA97
:106BC000012140EA012000EE100A0F480C220D4975
:106BD00080ED000A0D48D0ED580A30EE600A80EDD5
:106BE000570ABDE870400548FFF7A8BF70BD000018
:106BF0003C000020F4060020FA360020F0050020BA
:106C0000E4020020FA02002004030020E016002025
:106C100070B504460068C16821F0C001C1602068F9
:106C200041694FF0000509060FD5416921F0800147
:106C30004161606B48B10565606BFDF73EF820B1BE
:106C4000606BFDF793F8202805D0E584202084F8B8
:106C50003D00002070BD10202064032070BD0000A6
:106C60000349884202D10846FFF7D2BF70470000AF
:106C7000F4060020F8B5026804461068D16853692C
:106C800010F00B0F4FF0000553D003F0010601F494
:106C9000907737435FD0C20705D0CA0503D5226C71
:106CA00042F001022264420705D5DA0703D0226CC4
:106CB00042F002022264820705D5DA0703D0226C73
:106CC00042F004022264020707D501F02002324399
:106CD00003D0226C42F008022264226C002A34D0D5
:106CE000800604D5880602D5204602F04AFB2068BB
:106CF0004069216CC0F38010090700D430B32046EE
:106D000002F01EFB2068416949061BD5416921F04C
:106D100040014161A06BA8B159490165A06BFDF725
:106D200013F8002811D0A06B016D01B0BDE8F04050
:106D3000084783060FD58B060DD52046BDE8F840E1
:106D400002F01FBB2046FFF78BFFF8BD2046FFF780
:106D500087FF2564F8BD266B2023012E53D1C6067C
:106D600051D5CE064FD51068506800905069400646
:106D70002BD5A16B086840680004000CEAD0A68DF2
:106D80008642E7D9E085C869B0F5807F18D0D06821
:106D900020F48070D0602068416921F001014161D8
:106DA0002068416921F04001416184F83E3025634B
:106DB0002068C16821F01001C160A06BFCF77DFF65
:106DC000A08DE18D401A81B219E0A08DE18D401AAD
:106DD00081B2E08D0028BDD00029BBD0D06820F45E
:106DE0009070D0602068426922F00102426184F80C
:106DF0003E3025632068C26822F01002C26020463F
:106E0000FFF7C2FEF8BD05062BD50D0629D594F86F
:106E10003D002128F6D1A068B0F5805F01D120693E
:106E2000B0B1206A411C2162216800784860E08C82
:106E3000401E0004000CE084E4D12068C16821F009
:106E40008001C1602068C16841F04001C160F8BDA7
:106E5000206A0088C0F308005060206A801C20620D
:106E6000E5E74006F3D54806F1D5D168204621F084
:106E70004001D16084F83D3000F074F9F8BD0000A5
:106E80003B92020870B5040004D094F83D00002540
:106E900010B106E0012070BD84F83C50204600F09F
:106EA00023F8242084F83D002068C16821F40051B3
:106EB000C160204602F0BCFA2068016921F49041CB
:106EC00001612068416921F02A0141612068C1689F
:106ED00041F40051C1602564202084F83D0084F80D
:106EE0003E00002070BD00002DE9F04F87B0044641
:106EF00014216846F9F742FA714F70492068DFF8AB
:106F0000C081103F00254FF4806A88426AD1D8F8CA
:106F1000001041F48021C8F80010D8F8000000F4F7
:106F200080200590386840F004003860386800F030
:106F300004000590386840F00200386038684FF06F
:106F4000020B00F00200059020204FF00309CDE96C
:106F5000000BCDE902590726694604965948FDF70A
:106F6000D7F9CDE90259694657480496CDE900ABF7
:106F7000FDF7CEF9564E55484FF000693060C6E92E
:106F80000195C6E9035A75614FF4403BB561C6E906
:106F9000075B30467562FCF7BBFF08B1FAF7CEFF1E
:106FA000A663B4634A4E494860363030E6E80209C9
:106FB0004020A6E82104464846F814596030B561DF
:106FC000C6E9075B7562FCF7A3FF08B1FAF7B6FFE5
:106FD0006663002202212720B463FDF785FD272088
:106FE000FDF775FD3B492068884264D1D8F8001050
:106FF00041F40031C8F80010D8F8000000F4003067
:107000000590386840F0010038603868022600F0CA
:10701000010005900420CDE9000601204FF003088F
:10702000CDE90208DFF8B090072769460497484683
:10703000FDF76EF90820CDE90006CDE90258694652
:1070400004974846FDF764F92048244E60304FF01D
:1070500000683060C6E90185C6E9035A7561B5610B
:10706000F5613562574630467562FCF751FF08B14D
:10707000FAF764FFA663B463184E1448603678309C
:10708000E6E802084020A1C6144846F814596030CA
:10709000B561F56135627562FCF73AFF08B1FAF740
:1070A0004DFF6663002211462620B463FDF71CFDE8
:1070B0002620FDF70CFD07B0BDE8F08F004800402A
:1070C00040380240000802400004024028600240AC
:1070D0003807002000440040000002403406002031
:1070E00070477047F7B5044690F83D00202831D12D
:1070F000019969B362B394F83C0001282AD00120B9
:1071000084F83C002162A284E284002525642120C9
:1071100084F83D00636B1048D863636B0F481864B4
:10712000636B0F48D864606B134605652668606B17
:10713000321DFCF757FF21686FF04000086084F8AB
:107140003C502068416941F0800141610020FEBD52
:107150000120FEBD0220FEBD0993020837930208FC
:107160004B9202080549884206D105494FF000704C
:10717000886104490120087070470000F005002074
:1071800000080240E402002070474FF4FA70010743
:107190008863704704484FF08041D0F88C02C0F5F6
:1071A000FA70886370470000F80D002004484FF023
:1071B0008041D0F89402C0F5FA70886370470000EF
:1071C000F80D002001B582B04FF6FF70009002A9C3
:1071D000012301AA0248FEF71BFCBDF804000EBD06
:1071E0001404002038B50C464FF6FF710091134689
:1071F000014622460148FEF70BFC38BD6C04002016
:107200000A4991FBF0F10A48491E016000680849EB
:1072100000EE900A0831F8EE600A20EE800ABCEE1B
:10722000C00A10EE100A08607047000040420F00CC
:107230002C04004070477047704700000748006802
:10724000064900EE900A0C31F8EE600A20EE800A42
:10725000BCEEC00A10EE100A086070472C04004013
:1072600002494FF40040886170470000000002406E
:1072700002494FF000408861704700000000024062
:107280000149042088617047000C02401248C16A1D
:1072900001EE901AF8EE611A21EE800ABCEEC00AE7
:1072A00010EE101A4163C16A00EE101AB8EE400ADF
:1072B00020EE200ABCEEC00A10EE101A8163C16AEB
:1072C00000EE101AB8EE400A20EE010ABCEEC00A29
:1072D00010EE101AC1637047000001400021014800
:1072E000FFF7ACBA5405002010B500210C48FFF799
:1072F000A5FA04210A48FFF7A1FA08210848FFF778
:107300009DFA00210648FEF7F9FC04210448FEF727
:10731000F5FCBDE8104008210148FEF7EFBC000075
:10732000C404002010B500210C48FFF771FB0421B4
:107330000A48FFF76DFB08210848FFF769FB0021A9
:107340000648FEF73FFD04210448FEF73BFDBDE87B
:10735000104008210148FEF735BD0000C40400209C
:10736000FEE701684A69D24352050FD46FF4806288
:107370004A61002140F8301F202242738173026964
:1073800042F004020261017301207047002070473F
:107390002DE9F84F0446006889460B9E016898461F
:1073A000174641F4806101602068016841F48071F2
:1073B000016000964FF0011B0022594620460A9BAF
:1073C00000F0DEF84FF4007A40B120680068C00594
:1073D00001D5C4F840A00320BDE8F88F216809F06A
:1073E000FE0008613346284920460A9A00F0FCF85E
:1073F000F0BB2068416980690090324620460A99B6
:1074000000F073F940B1206C04283AD1206801687B
:1074100041F40071016034E0FDB2B8F1010F09D010
:107420002168380A0861324620460A9900F05DF961
:107430000028E8D120680561324620460A9900F00C
:1074400054F90028DFD12068016841F4807101609F
:1074500000960022594620460A9B00F091F8002829
:10746000B3D1216809F0FF0040F00100086100E09D
:1074700007E03346044920460A9A00F0B5F8002890
:10748000AAD00120A8E70000020001002DE9F8437E
:10749000044600680D46DDE90897016898461646DF
:1074A00041F4807101604B4600224FF001112046EB
:1074B000009700F065F848B120680068C00502D563
:1074C0004FF4007020640320BDE8F883216805F0C4
:1074D000FE0008613B464A461549204600F084F804
:1074E00088B920684169806900903A46494620463B
:1074F00000F0FBF848B1206C042804D12068016832
:1075000041F4007101600120DEE7F5B2B8F1010F2E
:1075100009D02168300A08613A464946204600F001
:10752000E4F80028E7D1206805610020CCE70000DE
:107530000200010070B516460D4604460DE02046D7
:10754000FFF70FFF08B1012070BD681C05D0FCF7E4
:10755000BFFF801BA84207D835B120684069C043EF
:107560004007ECD4002070BD002044F8300F2021EB
:107570006173A073216941F0200121612073E2E76A
:107580002DE9F0471D4690460E460446C1F30747D5
:10759000DDF8209008E0681C06D0FCF799FFA0EB0E
:1075A0000900A8420FD875B12068012F18D0806952
:1075B00026EA00000004000C14D000204045EAD068
:1075C0000020BDE8F087002044F8300F20216173CF
:1075D000A073216941F02001216120730120F0E7AF
:1075E0004069E5E70120E9E72DE9F04798461546AF
:1075F0000E4604464FF000094FF0200AC1F307473A
:1076000023E020684069C043400515D42068016824
:1076100041F40071016021686FF480604861C4F832
:10762000309084F83DA084F83E90216C41F0040134
:10763000216484F83C901EE0681C06D0FCF748FFEB
:10764000A0EB0800A8420AD84DB12068012F15D040
:10765000806926EA00000004000C0DD0D1E744F850
:10766000309F84F80DA084F80E90216941F020012C
:10767000216184F80C900120BDE8F0874069E8E7BB
:107680002DE9F04116460D46044600274FF020082C
:1076900017E04069C043C0060DD454F8301B6FF0AA
:1076A0001000486144F80D7B04F81D89A777206A13
:1076B0002062277717E0FCF70BFF801BA84208D851
:1076C0003DB120684169C9434906E2D40020BDE8C4
:1076D000F08144F8307F84F80D80A773206940F072
:1076E0002000206127730120F1E770B516460D4692
:1076F00004460DE02046FFF734FE08B1012070BDBE
:10770000681C05D0FCF7E4FE801BA84207D835B101
:1077100020684069C0430006ECD4002070BD002002
:1077200044F8300F20216173A073216941F02001DA
:1077300021612073E2E7F0B500230A2430253726C3
:107740001F4610E0B4EB107F02D905EB107C01E07E
:1077500006EB107C01F813C001EB430C00015B1C2D
:107760008CF80170DBB29342ECD3F0BD70B50446E7
:107770002DED028B04F5806590F804049FED3F8A9F
:10778000072878D2DFE800F07763043329296700FF
:10779000204600F019FA94ED3F0A17E0B0EE601AA7
:1077A00001E0B0EE401AF1EE401AB4EEE11AF1EE4B
:1077B00010FA07DDF4EEC00AF1EE10FA04D2B0EED2
:1077C000600A01E0B0EE610A84ED590AD5ED040AC1
:1077D00020EE200A84ED310A48E0D4ED590A95EDF7
:1077E000030AF4EEC00AF1EE10FADAD2D6E7244822
:1077F00094ED4C0AB2EE041AD0ED200A01F032FBEF
:1078000084ED4D0A0021204603F016FB1D4894ED3F
:107810004C0AD0F8CC00B5EEC00AC11700EB91605D
:10782000801100B204EB4000F1EE10FAB0F97C01D7
:10783000D4ED550A00EE100AB8EEC00A02DD30EEB3
:10784000800A01E030EEC00A84ED550ABEE720460A
:10785000F9F748FB06E0B0EE000A84EDF70A20468F
:1078600001F09CF894ED550AB0E704E084ED308A0D
:10787000BDEC028B70BD84ED318AF7E7000000009B
:10788000F80C0020F8110020044908B50A680243EA
:107890000A6009680140009108BD000030380240CC
:1078A0002DE9F0430A684FF00F0992FAA2F2B2FAFA
:1078B00082F34FF0030C74E001249C4022406FD00F
:1078C0004C68012C01D0022C17D18C68856892FA83
:1078D000A2F6B6FA86F676000CFA06F6B54392FAE8
:1078E000A2F6B6FA86F67600B44025438560CC68E9
:1078F000456854439543254345600C69C56892FA31
:10790000A2F6B6FA86F676000CFA06F6B54392FAB7
:10791000A2F6B6FA86F67600B4402543C5604C68F8
:10792000022C2BD192FAA2F4B4FA84F4082C4C69FC
:1079300011D2056A92FAA2F6B6FA86F6B70009FAEB
:1079400007F6B54392FAA2F6B6FA86F6B600B44048
:107950002543056212E0466A150A95FAA5F7B7FABB
:1079600087F74FEA870809FA08F795FAA5F5B5FAF7
:1079700085F5AD00BE43AC40264346624C680568C1
:1079800092FAA2F6B6FA86F677000CFA07F692FAA1
:10799000A2F2B2FA82F25200B54394402543056048
:1079A0005B1C0A6832FA03F486D10020BDE8F0833C
:1079B0000149086070470000480000202949DFEDB8
:1079C000281ADFED290AC1ED031A91ED001A274AA2
:1079D00021EE802A61EE202AB7EE003AC1ED042A9A
:1079E000D2ED210A01EEC03AD1ED021A60EE800A12
:1079F000C0EE813AD0ED060A22EE202A03EE212ABB
:107A0000D0ED151A03EEE12AC0EE011A91ED011A2C
:107A100022EE800A01EEC12A81ED022A70EEC21A1E
:107A200000EE211A81ED011A11490968022908D0D6
:107A30009FED100A80EDE20AB1EE400A80EDE30A04
:107A40007047F5EEC00AF1EE10FA01DCF1EE600AC3
:107A500080EDE21A10EE901A074A90EDE20AEBE789
:107A6000000016433402002000409CC5F80C0020A2
:107A700020020020000000000AD7233C2DE9F04F2F
:107A80004E4889B0017821F00301491C21F0FC091E
:107A900080F800904178CE4621F00701091D21F0C1
:107AA000F80980F801908178CB4621F00E0141F071
:107AB0000101891D21F0F00980F80290C178CA46C1
:107AC00021F01B0141F00401083121F0C00141F017
:107AD000200880F80380017921F07F0141F0800CBB
:107AE00080F804C0417921F0FF074771817921F0C6
:107AF000FF068671C17921F0DF0141F02005304990
:107B0000C57191F8882200210272417201238372AB
:107B1000C37A23F0FF04C472037B23F0FF030373D3
:107B20008173C173017441748174C1748DF80CE068
:107B30008DF810C08DF814208DF80DB08DF81170EF
:107B40008DF815108DF80EA08DF812608DF8164086
:107B50008DF80F808DF813508DF817308DF81910AF
:107B60008DF81C108DF81A108DF81D108DF81B1053
:107B70008DF81E1003A8F9F769FA102003A9CDE9C2
:107B800000104FF6FF74024601230294A0210D4815
:107B9000FCF764FE6420FCF777FA042107A88DE85F
:107BA000130001232022A0210648FCF757FE642081
:107BB000FCF76AFA09B0BDE8F08F0000A1160020BA
:107BC000F80D00209C05002090ED380AD0ED040A45
:107BD00090ED061A00F5806130EE600AD0ED3C0AA7
:107BE00020EE200AD0ED4C0A70EEC10A90ED3E1A4C
:107BF00001EE200AD0ED590A70EE200AC0ED3F0ACE
:107C000091ED030AF4EEC00AF1EE10FA02D2B0EEE2
:107C1000601A01E0B0EE401AF1EE401AB4EEE11A3B
:107C2000F1EE10FA07DDF4EEC00AF1EE10FA04D21C
:107C3000B0EE600A01E0B0EE610A80ED3F0A7047E5
:107C4000F4EEC10A10B5F1EE10FA07D2F4EEE10A33
:107C5000F1EE10FA0AD2B0EE602A09E0B4EEE11AB1
:107C6000F1EE10FA02D2B0EE412A01E0B0EE612A44
:107C7000F4EEC10AF1EE10FA07DDF4EEE10AF1EEDE
:107C800010FA0ADDF0EE602A09E0B4EEE11AF1EE36
:107C900010FA02DDF0EE412A01E0F0EE612AF6EE84
:107CA000003A32EE222A22EE232A70EEC20AC0EEF9
:107CB000802A72EEA30ADFED302AF5EEC00AF1EE5B
:107CC00010FA02DDB0EE603A01E0B0EE623A13EE77
:107CD000104A2A4B9FED2A3A9C4207DAF5EEC00A79
:107CE000F1EE10FA04DCF0EE620A01E0F0EE430A75
:107CF00031EE421AC0ED000AC1EE000A70EEA30A8E
:107D0000F5EEC00AF1EE10FA02DDB0EE601A01E005
:107D1000B0EE621A11EE100A984207DAF5EEC00AC8
:107D2000F1EE10FA04DCF0EE620A01E0F0EE430A34
:107D300031EEC21AC1ED000AC1EE000A30EEA30A0C
:107D4000B5EEC00AF1EE10FA02DDF0EE400A01E0F5
:107D5000F0EE620A10EE900A984207DAB5EEC00A19
:107D6000F1EE10FA04DCB0EE620A01E0B0EE430A74
:107D700082ED000A10BD0000000000006666663F4C
:107D80006666663F70B596B000241294139418216D
:107D900008A81494F8F7F2FA0E940F941094202186
:107DA00068461194F8F7EAFA2C482B49012501603E
:107DB0004FF480310561C0E90114057680F8204058
:107DC0002749C0E90A14C561C46080F830404561A4
:107DD000FBF7D6F908B1FAF7B1F84FF40040129565
:107DE000CDE9130412A91D48FBF716F808B1FAF7FC
:107DF000A5F80A260E96CDE90F540EA91748FBF7F1
:107E00006DF808B1FAF79AF84FF4800008904FF433
:107E10007A6009905F200A908DF8305008A90F48C9
:107E2000FBF724F808B1FAF789F8CDE900650D48A9
:107E30000294CDE906048DF8154004958DF8145090
:107E4000694606480394FAF787FD002801D0FAF73F
:107E500075F816B070BD000000200140140300202A
:107E60000100000F01000F0070B592B0182108A8A2
:107E7000F8F784FA00240E940F9410942021684699
:107E80001194F8F77BFA23482149012501604FF44A
:107E900080310561C0E90114047680F82040C56195
:107EA000C46080F830404461FBF76AF908B1FAF722
:107EB00045F84FF4800008904FF47A6009905F20F5
:107EC0000A908DF8305008A91248FAF7CFFF08B190
:107ED000FAF734F80B260E96CDE90F540EA90D488B
:107EE000FAF7FCFF08B1FAF729F8CDE900658DF83B
:107EF0001550049502948DF8144069460548039482
:107F0000FAF72AFD002801D0FAF718F812B070BD70
:107F1000002101405C030020F0B58DB000240894DE
:107F200009940A94202168460B94F8F727FA2D4803
:107F30002B49012501604FF480310561C0E901142E
:107F4000047680F820402849C0E90A140226C66158
:107F5000C46080F830404461FBF712F908B1F9F7CA
:107F6000EDFFCDE9084508A91E480A94FAF7B6FFC7
:107F700008B1F9F7E3FF0D27CDE9087608A91948FC
:107F8000FAF7ACFF08B1F9F7D9FF2046CDE90005B3
:107F900016490290CDE906108DF8150003248DF8DE
:107FA00014000390049469460E48FAF7D5FC08B112
:107FB000F9F7C4FFCDE9007669460A48FAF7CCFC28
:107FC00008B1F9F7BBFFCDE9005469460548FAF757
:107FD000C3FC002801D0F9F7B1FF0DB0F0BD0000DF
:107FE00000220140A40300200100000F01000F0047
:107FF0000F4810B50D4901600521416000214FF483
:1080000080228160C0E90312D20042610176012220
:1080100042768176C17601774177FBF76AFC0028CA
:1080200003D0BDE81040F9F789BF10BD00640040DF
:10803000EC030020154808B5016841F40011016007
:108040000068002200F40010009002210C20FCF7D0
:108050004BFD0C20FCF73BFD002211460E20FCF7E7
:1080600043FD0E20FCF733FD002211461020FCF7E3
:108070003BFD1020FCF72BFD002211461120FCF7E0
:1080800033FDBDE808401120FCF721BD3038024027
:108090002DE9F04186B018216846F8F76FF9802085
:1080A000FFF7F2FB0420FFF7EFFB0120FFF7ECFBEB
:1080B0000220FFF7E9FB0820FFF7E6FB1B494FF41E
:1080C000802088611A4D4FF050704FF45078A861AD
:1080D000184E40024FF40047B06104200090032086
:1080E00000240190694604942846FFF7D9FB0097C5
:1080F0000127CDE901740394694630460494FFF7E3
:10810000CFFBCDF80080CDE9017403946946284681
:108110000494FFF7C5FB8020CDE90004694628469A
:108120000494FFF7BDFB06B0BDE8F081000C0240EF
:1081300000080240000002400D4810B50B490160E4
:108140004CF25031416000214FF480428160C0E91F
:10815000031241618161C1610162FCF7BFF900282E
:1081600003D0BDE81040F9F7E9BE10BD005400404F
:108170009C050020114810B50F4901604FF4827131
:10818000416000214FF40062C0E902120122C0E9FF
:108190000412520282611022C0E907214162816209
:1081A0000A21C162FDF75EFB002803D0BDE8104044
:1081B000F9F7C4BE10BD00000030014014040020D7
:1081C000104810B50E4901604FF4827141600021E2
:1081D0008160C1604FF400720161C0E9051208229C
:1081E000C0E90721416281620A21C162FDF73AFBC1
:1081F000002803D0BDE81040F9F7A0BE10BD000074
:10820000003C00406C04002010B596B000240F9490
:1082100010941194129413941C2168461494F8F746
:10822000ADF8202107A8F8F7A9F835483349C0E987
:1082300000144021816041F29411C0E903144461AB
:108240008461FDF7F3FD08B1F9F778FE4FF4805033
:108250000F900FA92A48FDF76DFE08B1F9F76EFEE1
:108260002748FEF753F808B1F9F768FE2020CDE95A
:10827000130413A92248FDF7F9FC08B1F9F75EFED3
:108280006020CDE900040294039404940594002234
:1082900069461B480694FDF7D6FF08B1F9F74EFE74
:1082A000042269461648FDF7CEFF08B1F9F746FEED
:1082B000082269461248FDF7C6FF08B1F9F73EFEED
:1082C0000C2269460E48FDF7BEFF08B1F9F736FEED
:1082D0000794089409944FF400500A94CDE90B4098
:1082E00040000E9007A90648FDF795FC08B1F9F784
:1082F00025FE0348FDF73EFF16B010BD000001400B
:10830000C404002010B58EB000240794089409948A
:108310000A940B941C2168460C94F8F72FF81E4819
:108320004FF0804101600721C0E9011440F2F311D0
:10833000C0E9031480218161FDF778FD08B1F9F7E8
:10834000FDFD4FF48050079007A91348FDF7F2FD9B
:1083500008B1F9F7F3FD1048FDF7D8FF08B1F9F7B8
:10836000EDFD0B940BA90C480C94FDF77FFC08B1B4
:10837000F9F7E4FD6020CDE9000402940422694687
:1083800005480494FDF75FFF08B1F9F7D7FD0248EF
:10839000FDF7F0FE0EB010BD0C05002010B58EB03C
:1083A00000240794089409940A940B941C216846AD
:1083B0000C94F7F7E3FF2248204901605921C0E9F6
:1083C0000114F921C0E903148461FDF72FFD08B100
:1083D000F9F7B4FD4FF48050079007A91848FDF74E
:1083E000A9FD08B1F9F7AAFD1548FDF78FFF08B1FF
:1083F000F9F7A4FD0B940BA911480C94FDF736FC7A
:1084000008B1F9F79BFD6020CDE900040294002239
:1084100069460B480494FDF716FF08B1F9F78EFD85
:10842000042269460648FDF70EFF08B1F9F786FDFC
:108430000348FDF79FFE0EB010BD00000004004091
:10844000540500200E4810B50C4901604FF4E1318D
:108450004160002181600C22C160C0E90412816189
:10846000C161FEF70FFD08B1F9F768FDBDE81040E6
:108470000C2204490248FEF761BB000000440040A2
:10848000F0050020FA02002010B5104C0E480C2117
:1084900020600F4860600020A060E060C4E9040133
:1084A000A061E0612046FEF7EDFC08B1F9F746FD5A
:1084B00094F83E00074911220860BDE810400649C3
:1084C0000248FEF73BBB000000480040F4060020D5
:1084D0000094110044000020FA36002070B52248B4
:1084E00088B0016841F000510160016821F000513D
:1084F0000160001D016841F080010160016821F008
:1085000080010160194801F05AFF08B1F9F716FD22
:10851000164801F042FA08B1F9F710FD1248203070
:10852000016841F0010101600068114C00F0010098
:108530004FF4805635040690A56118216846F7F778
:108540001DFF0120CDE900600020029003900490FF
:1085500069462046FFF7A4F9A5616420FBF794FD66
:10856000A66108B070BD000010380240941B0020C6
:108570000000024010B500220F49104801F047FBEF
:1085800008B1F9F7DBFC0E490C4801F048FD08B1D1
:10859000F9F7D4FC0B49094801F015F908B1F9F7CE
:1085A000CDFC064801F0B6FD002803D0BDE8104020
:1085B000F9F7C4BC10BD000094000020941B0020FB
:1085C000E4010020F4000020FEE7FEE700EE100AC0
:1085D0009FED041AF8EE400A9FED030A10EE810A9F
:1085E000704700009D11A53D000048420148FCF77E
:1085F00051BC0000843200202DE9F04106680D4690
:108600000446316C06EB4510D0F8083BD4F810C096
:108610004FF400474FF0200E04F57172BCF1010FCA
:1086200008D0DFF898C0614538D1190431D5C0F8B9
:10863000087B3FE0224E5FEA037C04D5B14239D982
:108640001904F4D436E05FEA836C02D5C0F808EB75
:1086500030E013F0280F2DD1B14201D91904E6D42E
:10866000C5EBC50104EB8101D0F8100BD1F8043241
:10867000C0F31200181AC1F81402D1F80802184405
:10868000C1F8080295B9D4F8100278B90121206820
:108690000AE099060AD5C0F808EB07E035B9D4F826
:1086A000100218B90021304602F00CF9E9B2204658
:1086B000FCF7C3FA0020BDE8F08100000A31544FF6
:1086C0000A30544F2DE9F84F0E46C1EBC60100EBBE
:1086D00081048146D0F80080D4E914103C348842EB
:1086E00002D90120BDE8F88F081AA168814200D2A2
:1086F0000846C01C870808EB461A15E0451AA06812
:10870000A84200D20546E81C870899F8100000909E
:10871000ABB2F2B24046E16802F07BFBE06828446D
:10872000E060A0692844A061DAF8180980B2B84274
:1087300005D3D4E90501814201D20028DED1D4E974
:108740000501884208D806F00F0101208840D8F8BA
:1087500034188143C8F834180020C3E770B5264C9C
:1087600088B007222078002520F0F70040F00806A6
:1087700026706270A570681CE070217921F0FB0101
:1087800041F00401491C2171637923F0C30343F0D4
:108790003C0363718DF80C608DF80D208DF80E5040
:1087A0008DF80F008DF810108DF8113003A8F8F730
:1087B00030FCFF21E1717F2020726572A572E572A5
:1087C0008DF814008DF815508DF816508DF8131093
:1087D0008DF8175003A8F8F76DFC4FF6FF720D21C6
:1087E00003A88DE8070001230022A0210348FCF71D
:1087F00035F808B070BD0000501600209C05002020
:10880000054A672313707623D3715070101F0968CF
:10881000C0F80610001D7047DC02002010B50B48A0
:108820000B4A002102EB810350F8044B491C1C60E9
:108830004029F7DB074A002102EB810350F8044B83
:10884000491C1C60FF29F7DD10BD00000000010875
:10885000F80C0020F80D00202DE9F0411F4C86B0E7
:1088600072B6FBF7B7FC04210291002001210391AD
:108870001B4F022100900491786019496846091D38
:10888000FBF714FC7868401CF7D1DFF8588000250E
:1088900058F825600023324621460220FBF75CFC95
:1088A00038700028F6D1241D6D1C402DF0DB0E4ED3
:1088B000002556F8257000233A4621460220FBF792
:1088C0004BFC0028F7D1241D6D1CFF2DF1DDFBF7BB
:1088D00039FC62B606B0BDE8F08100000000010876
:1088E00064000020F80C0020F80D00207047000004
:1088F00090ED040A11B1D0ED390A01E0D0ED380A4B
:1089000030EEC00A80ED3A0AF0EE400AF5EEC00AF9
:10891000F1EE10FA02DDB0EE600A01E0B1EE600A9D
:1089200090ED401AB4EEC10AF1EE10FA01DCDFED71
:108930001A0A00F58061C0ED3A0A90ED3C0AD0EDCC
:10894000061A20EE201A90ED3E0A00EE611A80ED24
:108950003F1A91ED020AB4EEC01AF1EE10FA02D2FB
:10896000F0EE411A01E0F0EE401AB1EE402AF4EECA
:10897000C21AF1EE10FA07DDB4EEC01AF1EE10FAE9
:1089800004D2B0EE410A01E0B0EE420A80ED3F0AA7
:10899000C0ED3B0A704700000000000070B590ED8C
:1089A0004C0AD0ED060A2C4D044630EE600A80EDEC
:1089B000FD0A95F90000D4EDFE0A00280BD005DD74
:1089C000B5EEC00AF1EE10FA05D308E0B5EEC00A24
:1089D000F1EE10FA03DD70EE800AC4EDFE0AD4ED6C
:1089E000F80A94EDFE1A00EE810A84EDFC0AD4ED3B
:1089F000F90A07F091FBD4EDFA0A94EDFD1A04F59B
:108A0000806020EE200AD4EDF80A00EE810AD4ED51
:108A1000FB0A94EDFC1A00EE810AD4EDF70A20EE71
:108A2000200A84ED550AD0ED030AB4EEE00AF1EE17
:108A300010FA03DBC4ED550A01200BE0F1EE600AE9
:108A4000B4EEE00AF1EE10FA03D8C4ED550AFF20A7
:108A500000E00020287070BD4802002038B50446B0
:108A60001248134D4FF47A730068B0FBF5F0584389
:108A700000906068B0F5827F0DD10B460092002215
:108A80008021204600F016F870B1606D40F02000A3
:108A90006065032038BD009830B1401E009020680A
:108AA0008068C0430006F6D5002038BD480000208D
:108AB00000366E012DE9F8431E469146884604466D
:108AC000089DFBF705FD401B351AFBF701FD074626
:108AD00025480068C0F3CB30684338E0701C37D0BD
:108AE000FBF7F6FCC01BA84203D215B1009860B397
:108AF0002CE02068416821F0E00141606068B0F539
:108B0000827F0BD1A068B0F5004F02D0B0F5806F26
:108B100004D12068016821F040010160A06AB0F52D
:108B2000005F09D12068016821F4005101602068CC
:108B3000016841F400510160012084F851000020D7
:108B400084F850000320BDE8F8830025401E009003
:108B50002068816838EA010004D000204845BDD172
:108B60000020F0E70120F9E7480000207047017875
:108B7000407841EA002070472DE9F04F00262DEDA6
:108B8000048B81B0154610785F4F0C46AB2874D12A
:108B9000287CDC2871D1012108462A5CFF2A10D1EB
:108BA000401C0F28F9DD61B1FFF744FAFFF76CFCB8
:108BB0005648FEF72DF8002001B0BDEC048BBDE84F
:108BC000F08F4FF0000BADF800B0B5F80100ADF834
:108BD0000000D5F80300D5F80790D5F80B8095F87C
:108BE0000FA0DFED4B8AB0EE680A05F017FAB0EE81
:108BF000409AB0EE680A484605F010FAB0EE408A96
:108C0000B0EE680A404605F009FABDF80000F0EE43
:108C1000408A00F08F004FF00208062817D007287E
:108C200015D00F2807D13868022804D0204604F058
:108C300075FC404638605046BAF1080F0CD0092840
:108C40001CD00A2820D0BAF10B0F29D120E02046F1
:108C500004F0BCFC5846EDE7B5EEC08A0120F1EE09
:108C600010FA84F8040484ED389A01DCB1EE488AE5
:108C700004F5806080ED028A12E015E0032084F89C
:108C8000040484ED4C8A0BE0042084F8040405E01D
:108C900084F8048484ED389A84ED4C8AC4ED598AB2
:108CA00011212846F7F76AFB94ED060AB5EEC00AD3
:108CB000F1EE10FA01DC46F4004626F4E24040F4FE
:108CC000007114488278037844781A43C378007995
:108CD00023431A43024302D041F0880001E021F00F
:108CE000800020F04000396840F0300019B1396848
:108CF000022903D004E020F0040001E040F0040069
:108D000040F0030058E7000020020020F406002095
:108D100017B7D13854020020FBF76CBE434810B59A
:108D2000016821F00F0141F005010160016801F0C7
:108D30000F010529FAD13E48016841F44041016024
:108D4000016841F4803101603A49086840F480309C
:108D500008600868C0F340400028FAD03548364A19
:108D6000001D0368354C23401A430260026822F458
:108D700040320260026822F0E0420260026842F47F
:108D8000800202602B488830026822F03F0242F0E5
:108D90000402026002682A4B1A4042F48C320260DC
:108DA000086840F0807008600868C0F340600028E0
:108DB000FAD0086840F0805008600868C0F340703E
:108DC0000028FAD01B480830016821F0F00101604A
:108DD000016821F4E05141F4A0510160016821F4DF
:108DE000604141F400410160016821F0030141F05C
:108DF00002010160016801F00C010829FAD1114853
:108E0000FEF7D6FD0020FBF717FE08B1F9F796F83C
:108E100008489430016841F00061016005488C30D9
:108E2000016821F08071016010BD0000003C02402B
:108E30000070004000380240042D40000080BFFF59
:108E40003F80FCFF0095BA0A0448016841F47001B4
:108E500001600249024880390860704788ED00E0EF
:108E600000000208214800B5F0EE402A90ED000A0B
:108E7000F0EE605A9FED1B5AD0ED014AF0EE400A29
:108E8000F0EE411A45EE240A9FED172AB0EE621A61
:108E9000C0ED000AF0EE640A04F0BAFB45EE004AA9
:108EA000C0ED014AF5EEC04AF1EE10FA02DDB0EE77
:108EB000640A01E0B1EE640AB4EEE50AF1EE10FADC
:108EC0000DDDF5EEC04AF1EE10FA02DDB7EE000A54
:108ED00001E0BFEE000A20EE250A80ED010A90EDC8
:108EE000000A00BD17B751386F12833AB402002050
:108EF0000148FDF78BB80000C40400200148FDF7CD
:108F000085B80000C40400200148FDF77FB80000C8
:108F1000C40400200148FDF779B80000C404002013
:108F200010B5094C4020A06105F0D8FC04F0E4FC29
:108F300004F01CFF04F09AFF4FF48000A061BDE82C
:108F400010400248FDF762B8000802400C050020FE
:108F5000F0B50268254D264E264FDFF89CC0274B02
:108F60004FF0804EA84209D0704507D0B04205D0DE
:108F7000B84203D0604501D0984203D122F070047A
:108F80004A682243A8421BD0704519D0B04217D07E
:108F9000B84215D0604513D0984211D0184CA04269
:108FA0000ED0184CA0420BD0174CA04208D0174C42
:108FB000A04205D0164CA04202D0164CA04203D1CC
:108FC00022F44074CA6822434C6922F08002224392
:108FD00002608A68C2620A688262A84201D098422E
:108FE00001D10969016301214161F0BD0000014027
:108FF0000004004000080040000C00400004014054
:109000000040014000440140004801400018004079
:10901000001C00400020004010B501F01F0101239A
:10902000046A8B409C430462036A8A4013430362D0
:1090300010BD10B501F01F010423046A8B409C434E
:109040000462036A8A401343036210BD10B584684A
:1090500042EA032224F47F440A432243826010BD83
:10906000826822F070020A4342F007018160704773
:10907000F0B5026A22F001020262026A4368846962
:10908000114E24F073050C68104F2C4322F002059A
:109090008A682A43B04201D0B84205D122F00805BF
:1090A000CA682A4322F00402B04201D0B84205D176
:1090B0004D6923F440731D438B692B4343608461E6
:1090C000496841630262F0BD0000014000040140B4
:1090D000F0B5026A22F010020262026A43688469F3
:1090E0000D6824F4E64444EA05248D6822F0200249
:1090F00042EA05120F4D104EA84201D0B04206D1EF
:10910000CF6822F0800242EA071222F04002A84211
:1091100001D0B04207D14D6923F4406343EA85038F
:109120008D6943EA85034360846149688163026213
:10913000F0BD00000000014000040140F0B5026AEB
:1091400022F480720262026A4368C46922F40072E7
:1091500024F073050C68124E2C438D6842EA0522F8
:109160000E4DA84201D0B04206D1CF6822F4006271
:1091700042EA072222F48062A84201D0B04207D11D
:109180004D6923F4405343EA05138D6943EA0513FF
:109190004360C4614968C1630262F0BD00000140E0
:1091A0000004014030B5026A22F480520262036A70
:1091B0004268C4690D6824F4E64444EA05248D68D5
:1091C00023F4005343EA0533084DA84202D0084D6A
:1091D000A84204D14D6922F4804242EA85124260DD
:1091E000C46149680164036230BD000000000140B1
:1091F0000004014010B5046A036A23F0010303620E
:10920000836923F0F00343EA021324F00A020A43BD
:109210008361026210BD10B5036A23F0100303627C
:109220008469036A24F4704444EA023223F0A00300
:1092300043EA01118261016210BD10B5806B00210B
:10924000C185C184FDF70CFD10BD70B5846B20682D
:10925000406994F83D10C0F3C0100025212904D1C5
:1092600018B1E584204600F083F82068406994F83E
:109270003E10C0F38010222904D118B1E5852046A4
:1092800000F05EF8206C40F0100020642046FDF7EE
:10929000E7FC70BD10B50146806B09680968C90517
:1092A0001BD40021C1850168CA6822F48072CA609B
:1092B00001684A6922F001024A6101684A6922F0A4
:1092C00040024A61202180F83E10016B012904D13F
:1092D0000168CA6822F01002CA60016B012902D03D
:1092E000FDF7FEFE10BD818DFDF74EFC10BD10B5E3
:1092F000806B016B012902D0FDF7F3FE10BD818D5B
:109300004908FDF741FC10BD10B50146806B0968A6
:109310000968C9050CD40021C18401684A6922F09A
:1093200080024A610068C16841F04001C16010BD1F
:10933000FDF718FF10BD10B5806BFDF725FF10BDC0
:109340000168CA6822F49072CA6001684A6922F012
:1093500001024A61016B012904D10168CA6822F047
:109360001002CA60202180F83E100021016370477E
:109370000168CA6822F0C002CA60202180F83D104E
:10938000704710B5044690F83E00222801D0022014
:1093900010BDA0684FF48052904201D1216921B1E3
:1093A000A16A90421BD048B10AE02168A06A4968CE
:1093B000C1F308010180A06A801C08E0206970B137
:1093C0002068406800F07F000870A06A401CA0621E
:1093D000E08D401E0004000CE08503D01CE02068F6
:1093E0004068F1E72068C16821F02001C160206871
:1093F000C16821F48071C1602068416921F00101D8
:109400004161202084F83E00206B012806D02046D0
:10941000FDF766FE00202063002010BD2068C168B3
:1094200021F01001C160A18D2046FDF7ADFBF1E7F1
:1094300070B5044600680169E26821F440511143A7
:109440000161A1682069E269014360691043014339
:109450002068C26849F20C639A430A43C2602068DC
:109460004169A26921F44071114341613149206889
:10947000884202D03049884202D1FCF799F901E0D4
:10948000FCF786F9E2690023192164253226B2F53A
:10949000004F626828D0A0FB0101930F9200F6F7FD
:1094A00023FF0146B0FBF5F06FF01802504301EBCB
:1094B000800006EB0010B0FBF5F000F0F002B1FB0D
:1094C000F5F002EB0012B1FBF5F06FF01803584312
:1094D00001EB800006EB0010B0FBF5F000F00F0090
:1094E00021681044886070BDA0FB010192185B41A7
:1094F000F6F7FAFE0146B0FBF5F00201B1FBF5F01C
:109500006FF01803584301EB800006EBC000B0FB7E
:10951000F5F000F0F80002EB4002B1FBF5F0584323
:1095200001EB800006EBC000B0FBF5F000F0070097
:10953000D6E70000001001400014014037B582B0AA
:109540001346039A8262838500250446056422201F
:1095500084F83E00A16B1348C863A16B12480864ED
:10956000A16B1248C864A06B05652168A06B091D3A
:10957000FAF738FD206801684168009184F83C5092
:10958000C16841F48071C1602068416941F0010106
:1095900041612068416941F04001416105B000200E
:1095A00030BD000095920208EF9202084B9202082B
:1095B0000148FDF75FBB0000F00500200148FDF702
:1095C00059BB0000F40600202DE9F0410C46D0F80C
:1095D000C452D0F8BC12F9B104EB840200EB820251
:1095E000002693694BB1C4EBC40705EB87056D6C8E
:1095F000B3FBF5F705FB173383B1C1F81462D0F85C
:10960000C00203692BB1D1F80802224601F50471AA
:1096100098470020BDE8F0810320FBE70023966116
:109620001A46214600F0DAFCF3E770B5D0F8BC42E8
:1096300005466CB100F0B1FBC4F80C02D5F8C012BD
:10964000D4F80402CA6804F503719047002070BD85
:10965000032070BD70B50446812100F0F4FA0025A6
:1096600025870121204600F0EEFAA4F878518221E6
:10967000204600F0E8FAA4F84C50A4F84E50D4F874
:10968000BC0248B1D4F8C00204F52F74406880478A
:10969000206800F0A1FE2560002070BD10B5D0F854
:1096A000BC4284B1D0F8C01259B194F80002FF282E
:1096B00007D08B6894F8012221469847FF2084F850
:1096C0000002002010BD032010BD00000A2101800F
:1096D000004870470C01002043210180004870477A
:1096E0005C010020432101800048704718010020E0
:1096F0004321018000487047A00100202DE9F04778
:1097000004464FF4077000F069FE05004FF00007B3
:1097100035D0C4F8BC52207C4FF010084FF40079CB
:10972000012680B3402302228121204600F09AFBCB
:109730002687402302220121204600F093FBA4F853
:109740007861A4F84E80082303228221204600F08D
:1097500089FBA4F84C60D4F8C00200688047C5F8C3
:109760001472C5F81872207CD5F80422A8B14023E1
:109770000121204600F082FB0020BDE8F087022096
:10978000C4F8BC72F9E7FFE74B460222812120466C
:1097900000F068FB26874B46CCE74B46E8E710B560
:1097A000D0F8BC1251B1027C002AD1F8042207D0B3
:1097B0004023012100F062FB002010BD032010BDFA
:1097C0004FF40073F5E719B1C0F8C01200207047DC
:1097D00003207047D0F8BC0218B1C0F80412002072
:1097E000704703207047D0F8BC0228B1C0F810229F
:1097F000C0F8081200207047032070472DE9FC4193
:109800000646D0F8BC7200200C468DF80000ADF87A
:109810000400054637B1207810F0600128D02029D7
:1098200044D102E00320BDE8FC81E288C2B1000619
:1098300060780AD5D6F8C0128B6839469847E28816
:10984000072A00D90722394628E087F80002A079C4
:1098500087F80102E2883946304600F06CF82AE0C9
:10986000D6F8C012607800228B682146984722E023
:10987000607830B101281ED00A2809D00B2815D1F4
:1098800010E096F89C02032810D1022201A905E0FD
:1098900096F89C02032809D101226946304600F05F
:1098A00064F808E096F89C02032804D0214630466C
:1098B00000F036F803252846B5E710B5D0F8BC12FD
:1098C000012219B1D1F8143213B10FE0032010BDF9
:1098D0000122C1F81422D1F81022C262D1F810324C
:1098E000D1F80822812100F079FB0022104610BD3A
:1098F00010B5D0F8B8220AB152689047002010BDC8
:10990000134610B50A46002100F0B8FA002010BD39
:10991000134610B50A46002100F060FB002010BD80
:1099200010B50446802100F035FB2046BDE810400C
:10993000002100F02FBB10B50323C0F89432C0F80B
:1099400058211346C0F85C210A46002100F096FA1F
:10995000002010BD10B50521C0F8941200231A464E
:10996000194600F08BFA002010BD10B50223C0F894
:10997000943282611346C2610A46002100F02EFB38
:10998000002010BD10B50421C0F8941200231A461F
:10999000194600F023FB002010BD70B5044600F00E
:1099A0000BFB012084F89C02D4F8B802002538B1E2
:1099B0004268217920469047C4F8B852C4F8C05292
:1099C000C4F8B4522046C4F8CC52BDE8704000F050
:1099D000CDB9000010B50A46024903A000F0E7F82F
:1099E000004810BD641E002043444320436F6E6650
:1099F000696700001220088000487047B800002006
:109A000010B50A46024903A000F0D1F8004810BD85
:109A1000641E002043444320496E7465726661638E
:109A2000650000000420088000487047B400002052
:109A300010B50A46024903A000F0B9F8004810BD6D
:109A4000641E002048657263756C65730000000039
:109A500010B50A46024903A000F0A9F8004810BD5D
:109A6000641E002048657263756C65730000000019
:109A700010B51A2008800A480168001D0468001DFE
:109A80000068081809D008220649FDF754FE054968
:109A9000042210312046FDF74EFE0248801E10BD04
:109AA000107AFF1FDA0000200C2008800048704761
:109AB000CC000020F8B5044600200D46ADF80000AB
:109AC0004988080A062848D006DC012810D0022858
:109AD00013D0032862D11EE0072846D00F285DD19D
:109AE000D4F8B402C26921E069469047014646E0D5
:109AF000D4F8B412207C0A68F6E7207C02260028FD
:109B0000D4F8B80205D0C16A684688470146467055
:109B100035E0816AF8E7C8B206283FD2DFE800F0F6
:109B200003090D111519D4F8B4024268AAB3207CB8
:109B3000DAE7D4F8B4028268F8E7D4F8B402C2686D
:109B4000F4E7D4F8B4020269F0E7D4F8B402426949
:109B5000ECE7D4F8B4028269E8E7207CE8B9D4F8ED
:109B6000B802416B68468847C0E7207CA8B9D4F8A2
:109B7000B802016B68468847014607204870EA88AA
:109B80008AB1BDF8000040B1824200D90246ADF86A
:109B900000202046FFF7E9FEF8BDFFE729462046F2
:109BA000FFF7BEFEF8E72046FFF7ECFEF4E770B5DE
:109BB000002300281ED00025044602E06D1CEDB2F3
:109BC000641C2678002EF9D1022404EB450414808D
:109BD0001278CA545B1C0322CA5400245B1C06E0A2
:109BE000CA545B1CDAB28C54521CD3B2401C0278AB
:109BF000002AF5D170BD01004FF0000004D001290A
:109C000001D0022901D0032070470120704778B1AC
:109C10000023C0F8B832C0F8C032C0F8CC3209B165
:109C2000C0F8B412012180F89C12027000F0BAB89A
:109C30000320704710B5D0F8C402FBF745F8BDE823
:109C40001040FFF7D8BF10B5D0F8C402FBF716F8E4
:109C5000BDE81040FFF7CFBF70B51646044621B1EE
:109C600094F89C02032841D048E0D4F8941204F1FF
:109C700014000025022932D1D0E90232934206D9DC
:109C80009A1A826031462046FFF742FE0FE09A4260
:109C900014D14068904211D3D4F8981288420DD262
:109CA000002211462046FFF733FEC4F898520023E5
:109CB0001A461946204600F0E1F810E094F89C029C
:109CC000032805D1D4F8B802C16809B120468847F5
:109CD0008021204600F05EF92046FFF73BFE94F815
:109CE000A00201280AD184F8A05207E0D4F8B802F3
:109CF00042691AB120469047002800D1002070BD6B
:109D000010B51346044621B194F89C02032823D0D1
:109D10002AE0D4F8941204F5AA70032924D1D0E9DA
:109D200002218A420AD9521A82600846824200D32E
:109D3000024619462046FFF7E3FD15E094F89C0221
:109D4000032805D1D4F8B802016909B12046884733
:109D50002046FFF717FE07E0D4F8B80282691AB16F
:109D600020469047002800D1002010BD10B5D0F843
:109D7000C402FAF76CFFBDE81040FFF73CBF0020BB
:109D8000704710B5012180F89C12D0F8B82212B1AA
:109D9000526801799047002010BDD0F8C402FAF74C
:109DA000C1BF000010B5017839BB15490222C1F8C6
:109DB0000404C0F8C4124FF0A040086006204860B8
:109DC0000020C1E90320C1E9062008624862C86298
:109DD00008630846FBF798FA08B1F8F7AFF8802156
:109DE0000748FAF7F7FE402200210548FAF7F6FE89
:109DF000802201210248FAF7F1FE002010BD000088
:109E0000843200200A0601F07F01D0F8C402C1EBC1
:109E1000C10100EB810002D590F83E00704790F838
:109E2000FE01704710B5D0F8B82222B190F89C32EC
:109E3000032B02D004E0032010BD126A02B1904748
:109E4000002010BD10B5D0F8B82222B190F89C3295
:109E5000032B02D004E0032010BD526A02B19047E8
:109E6000002010BD10B51C461346D0F8C40222468F
:109E7000FAF761FFBDE81040FFF7BDBE10B5D0F89E
:109E8000C402FAF788FFBDE81040FFF7B4BE70B512
:109E90000125044680F89C520020C4F894026060BA
:109EA000C4F8A402D4F8B802E0B1D4F8BC1221B1CD
:109EB000426812B1002120469047002240231146FB
:109EC0002046FFF7CFFF4026A4F864513346002216
:109ED00080212046C4F86061FFF7C4FFA5840020FC
:109EE000266270BD032070BD90F89C12042903D136
:109EF00090F89D1280F89C120020704710B5D0F8A1
:109F0000B81221B190F89C22032A02D004E0032069
:109F100010BDC96901B18847002010BD017400203F
:109F2000704710B5D0F8C402FBF7E0FABDE8104066
:109F3000FFF761BE70B5044600F2AA20054600F0A6
:109F400056F80120C4F89402B4F8B002C4F898029C
:109F500094F8AA2212F01F000AD001280ED002287D
:109F600012D02046BDE8704002F0800100F012B827
:109F700029462046BDE8704000F0CEB8294620466C
:109F8000BDE8704000F0F2B929462046BDE87040B7
:109F900000F04CB910B5D0F8C402FAF720FFBDE8C4
:109FA0001040FFF728BE10B5D0F8C402FBF7B9FA8D
:109FB000BDE81040FFF71FBE10B5D0F8C402FBF794
:109FC000D1FABDE81040FFF716BE90F89C1280F859
:109FD0009D12042180F89C120020704710B5D0F823
:109FE000C402FAF736FFBDE81040FFF704BE70B5B3
:109FF000044611F8010B207011F8010B60700D463A
:10A000000846FEF7B4FDA91C60800D460846FEF721
:10A01000AEFDA080A81CFEF7AAFDE08070BD38B59B
:10A0200004460020ADF8000049B1C4F8B812C96A6E
:10A0300019B168468847C4F8CC02002038BD032017
:10A0400038BD03460320D3F8B822002A02D0126894
:10A0500018461047704700002DE9F0410F462C4E7E
:10A060008978002504463170012906D939462046F1
:10A07000FFF756FC0320BDE8F08194F89C0202280B
:10A080000CD003281DD039462046FFF749FC317813
:10A090002046FFF72DFC03252846ECE799B3204620
:10A0A0006160FFF7CEFF050004D039462046FFF778
:10A0B00037FCF1E72046FFF765FC032084F89C029B
:10A0C000EAE74FF00208C1B1606888421BD0C1B214
:10A0D0002046FFF70DFC317820466160FFF7B1FFA5
:10A0E000050010D039462046FFF71AFC217920469A
:10A0F000FFF7FEFB84F89C82CEE784F89C82204622
:10A100006160FFF7F5FB2046FFF73CFCC4E7000069
:10A110001C020020FFF747BF2DE9F0410A78002715
:10A1200012F0600208D0202A01D0402A71D1D0F864
:10A13000B8229268904731E04A78002301260A2A23
:10A1400067D2DFE802F0415E6658660805662D2991
:10A15000FFF7B0FC5FE004468888D8B9C888C8B962
:10A160004888802816D200F07F0594F89C020328C6
:10A1700010D084F89E5229462046FFF7D2FE204692
:10A18000FFF700FC1DB1022084F89C0243E084F834
:10A190009C6240E020463CE0FFF75EFF07463AE065
:10A1A000CA88012A35D190F89C22012A04D0022ABB
:10A1B00002D0032A2DD104E0012200F108018360BE
:10A1C00016E00122011D13E090F89C22012A03D021
:10A1D000022A01D0032A1CD1CA88022A19D1C660DA
:10A1E000D0F8A41209B10321C160022200F10C01D0
:10A1F000FFF7BBFB0FE0498801290CD1C0F8A4622E
:10A2000011E090F89C22012A08D0022A06D0032AE5
:10A2100004D0FFF785FB3846BDE8F0814988012965
:10A22000F9D1C0F8A432FFF7ADFBF4E72DE9F04116
:10A230000D46044628780027097910F060000BD0FD
:10A24000202801D040286DD1D4F8B8022946826870
:10A2500020469047074686E06878A8B3012822D0B8
:10A2600003287CD194F89C02022802D0032876D1DE
:10A270000BE0002973D0802971D02046FFF78AFEB9
:10A2800080212046FFF786FE6DE0688838B931B13D
:10A29000802904D0E88810B92046FFF77BFE2046CD
:10A2A000FFF770FB5FE094F89C020228E1D00328DE
:10A2B00055D16888A8BB480602D02046FFF7BAFCF3
:10A2C0002046FFF75FFBBFE7FFE794F89C020026FC
:10A2D000022802D0032842D111E009B180293ED1E1
:10A2E000080601F07F0000EB800004EB800101D53F
:10A2F000143101E001F5AA7102220E602BE008067C
:10A3000001F00F0000EB800004EB80000BD5808C87
:10A3100040B101F07F0000EB800004EB80051435B4
:10A320000CE020E01BE0B0F86401C0B101F07F0058
:10A3300000EB800004EB800505F5AA7541B180298A
:10A3400006D02046FFF75EFD10B10120286000E036
:10A350002E60022229462046FFF707FB03E029462C
:10A360002046FFF7DDFA3846BDE8F08170B50646B5
:10A37000087800240D4610F0600203D0202A01D096
:10A38000402A17D196F89C02012803D0022801D058
:10A3900003280FD1287901280CD8D6F8B802826892
:10A3A00030469047E9880446214306D13046FFF7FE
:10A3B000E9FA02E03046FFF7B3FA204670BD10B567
:10A3C0000446FFF7F9FDD4F8B8221AB15268217992
:10A3D00020469047002010BD70470000004870479D
:10A3E0006430002070B50A78012302F00F054E7822
:10A3F000AB401B4CD0F81C58012E17D045EA034344
:10A40000C0F81C3800EB4210D0F8002B12040BD41B
:10A41000D0F8002B0B89C978C3F30A031A4344EA26
:10A4200081410A43C0F8002B002070BD9BB21D4340
:10A43000C0F81C5800EB4210D0F800391B04F3D4CC
:10A44000D0F800390D89C978C5F30A0589042B4372
:10A4500041EA82510B432343C0F80039E4E700008E
:10A4600000800010D0F800196FF30A01C0F800193D
:10A47000D0F8041841F48071C0F804180020704727
:10A4800070B5044606980A9E049D0D99012816D0C1
:10A49000E06840F04000E060204600F02BF8A16B3F
:10A4A0001EB321F48031A163012D07D1A16841F0D1
:10A4B0000601A160A16841F02001A16070BDA06B00
:10A4C00020F48030A063E068094A1040E060E06852
:10A4D00020F44010E060012903D1E06840F48010CE
:10A4E000E060204600F006F8DEE741F48031DAE76C
:10A4F000BFFFBDFF0B4A0021491C91420AD80369E6
:10A50000002BF9DA0369002143F001030361491CC0
:10A51000914201D9032070470369DB07F7D100207E
:10A5200070470000400D030070B54C780A78012395
:10A5300000EB4212012C2DD0D2F8004B002C0BDA8C
:10A54000D2F8004B44F00064C2F8004BD2F8004B44
:10A5500044F08044C2F8004BD0F83C480D781E46C9
:10A5600005F00F05AB4024EA0343C0F83C38D0F8AF
:10A570001C48097801F00F0106FA01F324EA0341AF
:10A58000C0F81C18D2F8000B19490840C2F8000B9B
:10A59000002070BDD2F80049002C0BDAD2F8004937
:10A5A00044F00064C2F80049D2F8004944F0804405
:10A5B000C2F80049D0F83C480D7805F00F061D465A
:10A5C000B3409BB29C43C0F83C48D0F81C48097883
:10A5D00001F00F0105FA01F399B28C43C0F81C4851
:10A5E000D2F8000903490840C2F80009D0E700008A
:10A5F0000078F3EF007833ECD0F8001E21F003016F
:10A60000C0F8001ED0F8041821F00201C0F80418A8
:10A6100000207047D0F8001E21F00301C0F8001E92
:10A62000D0F8041841F00201C0F804180020704767
:10A630002DE9F04F0D46DDE90B1B00270446DDF840
:10A6400024A0DDF8409038463E4604EB8002C2F874
:10A650000461401C0F28F8D3B9F1000F204611D037
:10A66000806B40F400122046A263C0F8006ED0F860
:10A670000028C0F80028012918D0D0F8001841F0AF
:10A68000030118E0D0F8040840F00202C4F80428DE
:10A69000A06B20F40012A263206840F04002226008
:10A6A000206840F0800220462260DEE7D0F80018E3
:10A6B0000BB141F00101C0F80018102100F08EFA32
:10A6C00000B10127204600F079FA00B10127C4F853
:10A6D0001068C4F81468C4F81C6800204FF00063C8
:10A6E0004FF090424FF67F3C14E004EB4011D1F85C
:10A6F0000089B8F1000F06DA10B1C1F8002904E0B2
:10A70000C4F8003901E0C1F80069C1F81069C1F866
:10A7100008C9401C8542E8D8002014E004EB401131
:10A72000D1F8008BB8F1000F06DA10B1C1F8002B98
:10A7300004E0C4F8003B01E0C1F8006BC1F8106B05
:10A74000C1F808CB401C8542E8D8D4F8100820F4A2
:10A750008071C4F81018A6616FF080406061BAF192
:10A76000000F03D1A06940F01000A061A0690A4960
:10A770000843A061BBF1000F03D0A06940F00800BE
:10A78000A061B9F1010F03D1A06904490843A06198
:10A790003846BDE8F08F000000383C8004000040DF
:10A7A000816821F0010181600020704770B50D784B
:10A7B0004E78434CEBB200EB4313012E1FD0D3F87D
:10A7C000100B6FF31200C3F8100BD3F8100B2040DE
:10A7D000C3F8100B486908B188684861D3F8100BBA
:10A7E00040F40020C3F8100BD3F8100B8C68C4F3AE
:10A7F00012042043C3F8100B012A55D058E04E69CB
:10A80000002ED3F8106932D06FF31206C3F8106926
:10A81000D3F810692640C3F810694E698C68A642C7
:10A8200000D94C61D3F8104944F40024C3F810490E
:10A83000D3F810494E69C6F312063443C3F81049E1
:10A84000012A22D000EB4512D2F8003943F004432C
:10A85000C2F800394A6932B3D0F83428097801F0D7
:10A860000F03012199400A43C0F8342826E026400E
:10A87000C3F81069D3F8104944F40024C3F8104910
:10A88000D3F810496FF31204D8E7096919B100EB46
:10A890004512C2F8141900EB4510D0F8001941F028
:10A8A0000441C0F8001909E0C86808B1C3F8140BE6
:10A8B000D3F8000B40F00440C3F8000B002070BD3B
:10A8C000FFFF07E010B5036C134CA34203D9D0F887
:10A8D000003B002B1EDB0023C0F8103BD0F8103BE0
:10A8E00043F40023C0F8103BD0F8103B43F01803AA
:10A8F000C0F8103BD0F8103B43F0C043C0F8103B09
:10A90000012907D1C0F8142BD0F8001B41F0802199
:10A91000C0F8001B002010BD0A30544F4A780B7855
:10A92000012A00EB43100BD0D0F8002B22F40012C8
:10A93000C0F8002BC978032914D0022912D017E0DF
:10A94000D0F8002922F40012C0F80029C9780329A0
:10A9500001D002290CD1D0F8001941F08051C0F883
:10A96000001905E0D0F8001B41F08051C0F8001B31
:10A97000002070470A784B78D1B200EB4110012BD0
:10A9800012D0D0F8001B002906DB2AB1D0F8001B3A
:10A9900021F08041C0F8001BD0F8001B41F40011E9
:10A9A000C0F8001B00207047D0F80019002906DB12
:10A9B0002AB1D0F8001921F08041C0F80019D0F870
:10A9C000001941F40011C0F80019EBE7F8B50C7854
:10A9D0004E78764DE3B26FF0604700EB4313012EE3
:10A9E00026D0D3F8104B6FF31204C3F8104BD3F8F2
:10A9F000104B2C40C3F8104B4D69002D73D08C6860
:10AA000025446D1EB5FBF4F4D3F8105BA4B207EA3D
:10AA1000C4463543C3F8105BD3F8105B8E686643B9
:10AA2000C6F312042543C3F8105B012A70D0A5E0D9
:10AA30004E69002ED3F8106921D06FF31206C3F8C7
:10AA40001069D3F810692E40C3F810694E698D68FB
:10AA50002E44761EB6FBF5F5D3F8106907EAC54516
:10AA60003543C3F81059D3F810594E69C6F312068E
:10AA70003543C3F81059CD78012D0ED019E02E4082
:10AA8000C3F81069D3F8105945F40025C3F81059DC
:10AA9000D3F810596FF3120509E0D3F8105925F0D7
:10AAA000C045C3F81059D3F8105945F00055C3F804
:10AAB0001059012A18D000EB4413D3F8004944F090
:10AAC0000444C3F80049CC78012C2FD04A6962B302
:10AAD000D0F83428097801F00F03012199400A4386
:10AAE000C0F8342860E036E00A691AB100EB44137C
:10AAF000C3F81429C97801290FD1D0F80818C9055D
:10AB000000EB4411D1F8002903D442F0005202E0D6
:10AB100030E042F08052C1F8002900EB4410D0F838
:10AB2000001941F00441C0F800193DE0D0F8084890
:10AB3000E405D3F8004902D444F0005401E044F0A5
:10AB40008054C3F8004900928A8A93B20A78C9688F
:10AB500000F05FF928E0D3F8104B8D68C5F31205BB
:10AB60002C43C3F8104BD3F8104B44F40024C3F823
:10AB7000104B5AE7CA680AB1C3F8142BC9780129E7
:10AB80000CD1D0F80808C005D3F8000B02D440F06F
:10AB9000005001E040F08050C3F8000BD3F8000BE8
:10ABA00040F00440C3F8000B0020F8BDFFFF07E0B1
:10ABB000816841F00101816000207047002110226E
:10ABC0000261054A491C914201D90320704703697B
:10ABD000DB06F7D400207047400D0300002220233D
:10ABE00043EA811101610549521C8A4201D90320BF
:10ABF000704703699B06F7D400207047400D03009F
:10AC0000D0F8080810F0060004D0022803D0062867
:10AC100001D00F20704702207047406900F001000A
:10AC20007047D0F81818D0F81C08084080B2704758
:10AC3000D0F81818D0F81C080840000C704710B560
:10AC4000D0F81038D0F8342801F00F0400EB411090
:10AC5000E24002F00102D0F8080943EAC2121040B3
:10AC600010BD00EB4111D1F8081BD0F814080840C2
:10AC7000704741698069084070470346D21C10B58F
:10AC800008469208002103F5805302E01C68491C25
:10AC900010C09142FAD310BD10B5C26822F0C04274
:10ACA000C260012902D029B1012010BDC16841F064
:10ACB000005102E0C16841F08041C1603220F9F7E3
:10ACC000E3F9002010BDD0F8002822F4FE62C0F89D
:10ACD0000028D0F800284FF4FE6303EA01110A436C
:10ACE000C0F8002800207047022A3ED1264A274B90
:10ACF0000A449A4201D20F2138E0254A254B0A44E2
:10AD00009A4201D20E2131E0234A244B0A449A424E
:10AD100001D20D212AE0224A224B0A449A4201D252
:10AD20000C2123E0204A214B0A449A4201D20B21F4
:10AD30001CE01F4A1F4B0A449A4201D20A2115E027
:10AD40001D4A1E4B0A449A420FD31D4A1D4B0A440A
:10AD50009A4201D2082109E01B4A11441B4A914240
:10AD600001D2072102E0062100E00921C26822F495
:10AD70007052C260C2684FF4705303EA81210A43E3
:10AD8000C260002070470000405327FF00350C00D0
:10AD9000401E1BFF40420F0000DC0BFF804F1200E3
:10ADA000808CF9FE20D6130060B6E5FE60E3160045
:10ADB00000D3CEFE40771B00C05BB3FEC0912100E4
:10ADC00000CA91FE20753800E05459FEE09C410015
:10ADD00010B5044600214FF67F3004EB4112C2F853
:10ADE0000809C2F8080B491C0F29F6D30020C4F843
:10ADF0001008C4F81408C4F81C082046FFF7DEFE4B
:10AE0000002805D12046BDE810401021FFF7E6BE1E
:10AE100010BD10B5029C64B9DB1C9C0800EB02302D
:10AE2000002300F5805002E004C902605B1CA342CD
:10AE3000FAD3002010BDFEE790F82C2142B111B1E9
:10AE400090ED4D0A01E090ED4C0AD0ED070A07E0C5
:10AE500011B190ED4D0A01E090ED4C0AD0ED060ADB
:10AE600030EE600A80ED4E0AB5EEC00AF1EE10FA3F
:10AE700001DCB1EE400AD0ED560AB4EEE00AF1EE84
:10AE800010FA03D29FED340A80ED4E0A90ED4E1A6F
:10AE900090ED4F0A3149F6EE000A31EE000A91F9C1
:10AEA0000020002A20EE200AD0ED500A0BD005DD4C
:10AEB000B5EEC00AF1EE10FA05D30AE0B5EEC00A0D
:10AEC000F1EE10FA05DDD0ED531A41EE800AC0ED27
:10AED000500A90ED510AF4EEC00AF1EE10FA02D2D7
:10AEE000F0EE601A01E0F0EE401AB1EE402AF4EE06
:10AEF000C21AF1EE10FA07DDF4EEC00AF1EE10FA14
:10AF000004D2B0EE600A01E0B0EE420A80ED500AD1
:10AF1000D0ED520A00F5806201EE200A80ED550A5C
:10AF2000D2ED030AB4EEE00AF1EE10FA01DD0122DF
:10AF300007E0F1EE600AB4EEE00AF1EE10FA04D296
:10AF4000FF220A70C0ED550A01E000220A7080ED70
:10AF50004F1A90ED550A704700000000880000204D
:10AF600007499FED060A81ED380A90ED040AD1EDFC
:10AF7000040A30EE200A80ED040A70470000000049
:10AF8000E01600207CB5044600201D461646002928
:10AF90000BD0491ECDE90041044B6A462946304694
:10AFA00001F034FD009A002111707CBD3BD10208F4
:10AFB00003B401984100009850EAC12018BF042052
:10AFC0004A0D18BF40F0010040F2FF72B2EB515F32
:10AFD00008BF40F00200012808BF052002B07047FA
:10AFE0004100080218BF04200A0E18BF40F00100FB
:10AFF0004FF07F4232EA010108BF40F00200012811
:10B0000008BF0520704720F00040C0F1FF40C00F8E
:10B0100070470907090E002804DB00F1E02080F8E2
:10B020000014704700F00F0000F1E02080F8141DBC
:10B030007047000010B54FF00E402DED028BB0EEC2
:10B04000408A18EE104A00EB4400B0F1506F4AD825
:10B050004FF0FC40B0EB440F22D2B0EEC80AF7EE3E
:10B06000000A30EEC00AF6EE000A60EE208A18EE02
:10B07000900A05F065F801EE100A14F0004F1DBFAC
:10B08000DFED2D0A9FED2D0AB1EE411ADFED2C0AFE
:10B0900008BF9FED2C0AF8EE001A21EE218A05E088
:10B0A000DFED290A68EE088AB0EE600A9FED271AE4
:10B0B000DFED271A30EE080A48EE811A9FED251AB7
:10B0C00008EEA11ADFED241A48EE811A9FED231A2B
:10B0D00008EEA11A68EE281ABDEC028B01EE810A77
:10B0E00030EE200A10BD4FF0E440B0EB440F0CD915
:10B0F00018EE100AFFF774FF042808BF01F0FCFAED
:10B10000B0EE480ABDEC028B10BD4FF07F40B0EBB3
:10B11000440F07D2B0EE480ABDEC028BBDE81040E8
:10B1200001F0D4BA012001F0A9FBBDEC028BBDE80F
:10B13000104001F0D1BA00000000C9BF22AAFDB939
:10B140000000C93F22AAFD390000000024FE1C3D7A
:10B15000C78AD83C1E67383D1B93993DAFAA2A3E4B
:10B1600010EE100A10B510EE901A4FF0684202EB84
:10B1700040032DED028BB3F1654F3CBF02EB410262
:10B18000B2F1654F7CD200BFC0F3C753C1F3C752C1
:10B190009A1A1B2A09DD10F0004F14BF9FED6E0AAA
:10B1A0009FED6E0ABDEC028B10BD12F11A0F1BDA77
:10B1B00011F0004F09D010F0004F0CBF9FED680A4E
:10B1C0009FED680ABDEC028B10BD80EE208A18EE60
:10B1D000100AFFF705FF042808BF01F08DFAB0EE52
:10B1E000480ABDEC028B10BD4200B2EB410F37D9CB
:10B1F00010F0004F19BFDFED5C1A9FED5C1ADFED18
:10B200005C1A9FED5C1AB0EE602A0A46F1EE400A25
:10B2100080F00041B0EE420A10460A1A5200B2F124
:10B22000807F34D2484010F0004FDFED532A9FED6D
:10B23000533A1DBFBEEE002A71EEE21A31EE431AF8
:10B24000B6EE002A04BF71EEA21A31EE031AF0EE38
:10B25000402A42EE602A40EE020A82EEA02A18E05E
:10B2600011F0004F04BF9FED461AF0EE411AD4D002
:10B2700010F0004F1CBFDFED431A9FED431A00E0B2
:10B2800026E004BFDFED411A9FED411AC5E780EECD
:10B29000202A22EE020ADFED3F0ADFED3F2ABDEC55
:10B2A000028B40EE202ADFED3D0A40EE220ADFED60
:10B2B0003C2A40EE202ADFED3B0A40EE220A22EE35
:10B2C000000A00EE201A31EE020A30EE210A10BD0B
:10B2D0004FF07F42B2EB400F28BFB2EB410F05D2D7
:10B2E000BDEC028BBDE8104001F0F3B940EA010368
:10B2F0005B0008BF41F0FF410BD0B2EB400F08BF2D
:10B30000B2EB410F08D120F0804000EE100A21F08E
:10B31000804100EE901A37E7B2EB400F12BF5FEAB0
:10B32000410240F0FF4001F000413FF42DAF4A00E0
:10B3300092EA40033FF528AF002AACBF9FED1A1AEE
:10B340009FED1A1A20EE010A60EE810A10EE100A33
:10B3500010EE901A18E70000DB0FC9BFDB0FC93FE2
:10B36000DB0F4940DB0F49C00000C9BF22AAFDB96D
:10B370000000C93F22AAFD390060ED3EC30ACE3766
:10B3800000000000000049C022AA7DBA0000494028
:10B3900022AA7D3A2DAD65BD8FB8D53D0FB511BE42
:10B3A00061C84C3EA8AAAABE0000804F0000802FB2
:10B3B00010B52DED040B86B09DED060B10EE100AB6
:10B3C00010EE901A8DED000B002818BF01200843E5
:10B3D00020F00040C0F17F6000F1E040C00F21D1BB
:10B3E0009DED080B10EE101A10EE900A8DED000B7B
:10B3F000002918BF0121084320F00040C0F17F6000
:10B4000000F1E040C00F0DD129490798B1EB400F82
:10B4100004BF0698002842D00998400004BF08984D
:10B4200000283CD09DED080B53EC102B9DED060B36
:10B4300051EC100BF5F7C6FACDE902019DED020BB8
:10B4400040F2FF7110EE900A8DED000B31EA1050C2
:10B4500021D00798039900F0004001F00041884294
:10B4600019D09DED080B8DED040B9DED020B8DEDBC
:10B47000000B10EE900A059961F31E0005909DEDFA
:10B48000041B9DED020B51EC110B53EC102BF5F747
:10B4900024F8CDE902019DED020B0AB010BD012098
:10B4A00001F0ECF90AB0BDE8104001F0E5B8000089
:10B4B0000000E0FF10B510EE100A2DED068BB7EE80
:10B4C000001A10EE901AB0EE418A0022A0F5000C8E
:10B4D000DFEDFE9A4FF00073BCF1FE4F4FF07F445A
:10B4E00003EB410C80F0B481BCF1804FC0F02082AE
:10B4F000F74901449FEDF73AB1F5005F40F2D4827D
:10B5000000F58021CB0C03F00F0101EE901AC3F37C
:10B5100007137F3BA0EBC350B8EEE12A00EE100A00
:10B520001A44DFEDED2AF0EE411A42EE221AF0EE57
:10B53000613A70EE232A30EE632A12EE900A00F58B
:10B5400000606FF30B0001EE900A73EEE13A33EE08
:10B55000804AC1EE223A22EE230A10EE100A00F5CC
:10B5600000606FF30B0000EE100A00EE612A00EE9F
:10B57000442A62EE232A70EE221A21EEA12ADFED80
:10B58000D73A02EE233A23EE023A20EE012A22EEC7
:10B59000811A03EE211A32EE010A10EE100A00F5AC
:10B5A00000606FF30B0000EE100A72EE401A31EEED
:10B5B000812A9FEDCB1A60EE011A9FEDCA1A20EE88
:10B5C000011A9FEDC90A02EE001A31EE810A10EE4F
:10B5D000100A00F500606FF30B0000EE100AC3487C
:10B5E00071EEC01A31EE812A784400EBC10090ED73
:10B5F000003AD0ED011A100101EE100AF8EEC12A4E
:10B6000032EE211A31EE001A31EE031A31EE221A0F
:10B6100011EE100A00F500606FF30B0009EE100A3E
:10B6200039EE621A31EE431A31EE400A30EE610A09
:10B6300032EE40AA10EE900A002100F500606FF390
:10B640000B0008EE900A084670EEE8AAF5F715FA26
:10B6500029EE280A00F00C01F0EEC00A10EE900A64
:10B66000B0F18B4F0DDD10EE900AB4EB400F08D314
:10B6700010EE100A4FF08B4262F31E0008EE900AA3
:10B6800013E069EE2A0A38EEAA1A4AEE010A30EEF1
:10B69000201A11EE100A00F500606FF30B0008EE9F
:10B6A000900A30EE680A70EE209A0C20F5F7E5F962
:10B6B00038EEA90AB5EEC00AF1EE10FA34BFFEEE7C
:10B6C000000AF6EE000A30EE800ABDEEC00A10EE67
:10B6D000100A011100EE101AF8EEC00A00EE100A6E
:10B6E000B8EEC00A38EEC00A30EE290ADFED801A43
:10B6F0009FED801A00EE211ADFED7F1A7F4900F0DE
:10B700000F0040EE011A21EE800A794401EB80011E
:10B7100091ED001A7A49794401EB8001D1ED001ACC
:10B72000784901EE801A794401EB8000764990ED6A
:10B73000000A31EE001AB0EEE00A10EE100A88425C
:10B7400015DA10EE100AB4EB400F10D39FED6F0A1C
:10B7500030EE800ADFED6E0A20EE200A68EE010A64
:10B76000BDEC068BBCEEC00A20EE200A10BD10EE28
:10B77000100A6849884243DA10EE100AB4EB400F11
:10B780003ED3BDEEE00A68EE010A10EE100A00EBAF
:10B79000D0725110C90501F17E5100EE101AA0EBD4
:10B7A0006200C00560EE200A00F17E5000EE100A33
:10B7B00060EE808A18EE900AB4EB400F0FD10220A1
:10B7C00001F05CF800F090FF10EE101A18EE100A6D
:10B7D000BDEC068B61F31E0000EE100A10BD18EEE2
:10B7E000900A400011D018EE900AFFF7F9FB0428E8
:10B7F00008BF00F081FFB0EE680ABDEC068B10BDFB
:10B80000F5EEC00AF1EE10FA0FD2022001F036F880
:10B8100000F072FF10EE101A18EE100ABDEC068B45
:10B8200061F31E0000EE100A10BD022001F026F8A0
:10B8300000F05AFF10EE101AB0EE480A10EE100A8F
:10B84000BDEC068B61F31E0000EE100A10BD00BFB8
:10B85000BCF1804F6CD300BF00F1FF43B3F1FE4F4A
:10B8600024D200BFB0EEC00A10EE100AC1F3C753D5
:10B870007F2B0DDB972BBFF63BAEC3F196034FF04A
:10B88000010C0CFA03F3A3F1010C1CEA010F08D020
:10B89000012000F0F3FFBDEC068BBDE8104000F086
:10B8A0001BBF0B4218BFBFEE008A21E643001CBF3E
:10B8B0004FF08073B3EB400F34D96FF01A02DFED15
:10B8C000161A20EE210A10EE100A27E000000000F0
:10B8D000001080C0ABAAAA3E0000803D7EE24C3E34
:10B8E00000B03842D49AB8BB3BAA3842285800006E
:10B8F000FC596337C9FF753A1872313DC6570000CD
:10B90000FA5700006A5700000000FC420000FE42A7
:10B910000000004B000040430000004D10F0004FBD
:10B92000A0D1E5E5A0F50003B3F1FE4F21D2DFE59C
:10B9300003EB4103B3F1007F11D3F5EEC00AF1EE42
:10B9400010FA05D1430018BFB4EB400F76D883E757
:10B9500001F0004141F0FC5100EE901A7CE7B3F198
:10B96000807F06D210EE903AA3F5000300EE903AE5
:10B9700072E720F000426FF0FF4C604C02EB0C03CA
:10B98000A34210D321F000439C44A4450BD3B0F153
:10B990007E5F18BF5FEA410C50D0B2F1FF4F98BFF5
:10B9A000B3F1FF4F05D9BDEC068BBDE8104000F0A8
:10B9B00090BEB0F1FF4F0FD0C1F3C7527F2A09DB11
:10B9C000972A11DAC2F19602012303FA02F2531EFA
:10B9D0000B4205D0002208E011F0004F55D128E0BD
:10B9E0000A4218BF012200D1022210F5000F13D025
:10B9F00028B3B0F1004F26D010F1814F4FD04FF057
:10BA0000FE42B2EB400F94BF01200020012202EB66
:10BA1000E171884239D10CE011F0004F02D0012AC7
:10BA200038D032E0012A02BF9FED350ABDEC068B0B
:10BA300010BD9FED340ABDEC068B10BD2FE011F058
:10BA4000004F0CD121E0B1F1FF4F1ED011F5000FD6
:10BA500005D011F0004F15D00AB1012A08D00220FC
:10BA600000F00CFFBDEC068BBDE8104000F024BEDA
:10BA7000022000F003FF00F01FFEBDEC068BB1EECC
:10BA8000400A10BD0AB1012A04D0B0EE690ABDEC2B
:10BA9000068B10BDBDEC068B9FED1B0A10BDBDECE7
:10BAA000068BB7EE000A10BD30EE410AB5EE001A63
:10BAB0009FED172A00EE413AB6EE001A60EE001A2A
:10BAC00000EE431A61EEC11A9FED101A20EE011A22
:10BAD00020EE020A9FED0F2A01EE820A71EE001A93
:10BAE00011EE900A00F500606FF30B0009EE100AEA
:10BAF00031EE491A31EE00AA9CE50000FFFF3F003D
:10BB0000000080FF0000807F0000008000B0B8418E
:10BB1000D49A38BB3BAAB84100B510EE101A2DEDEF
:10BB2000028B81B0524A6846B2EB410F2ED94FF0DA
:10BB3000E640B0EB410F94BF00204FF0FF30009083
:10BB40000098B0EE408A00286ADB10F0010F4BD05D
:10BB500068EE080A9FED471A9FED470A00EE810A3A
:10BB60009FED461A10F0020F00EE801AB7EE000AA1
:10BB700000EE810A02BF01B0BDEC028B00BD00BF28
:10BB800001B0B1EE400ABDEC028B00BD3C4B21F090
:10BB90000042934241D911F0004FDFED3A0A20EE06
:10BBA000201ADFED390A19BF31EE601A71EE200A52
:10BBB00031EE201A71EE600ABDEEE01A11EE100AA5
:10BBC0009FED321A00F0030000EEC10A9FED301A1B
:10BBD000009000EEC10A9FED2F1A00EEC10A9FED02
:10BBE0002E1A00EEC10AABE728EE080A9FED2B1AC9
:10BBF000DFED2B0A10F0020F40EE410A9FED291AEB
:10BC000000EE201A61EE000AB0EE480A08EE200AA3
:10BC1000B6D101B0BDEC028B00BD00F075FD8FE721
:10BC200018EE100A4000B0F17F4F0DD218EE100A46
:10BC3000FFF7D6F9042808BF00F05EFDB0EE480A11
:10BC400001B0BDEC028B00BD09D1012000F016FE51
:10BC500001B0BDEC028B5DF804EB00F03DBD01B01E
:10BC6000B0EE480ABDEC028B5DF804EB00F02EBD8F
:10BC7000B61F927EB93AB2BACA9F2A3DDDFFFFBE17
:10BC8000490E494683F9223F0000004B0000C93F9E
:10BC900000A0FD390020A2331A61342C336D4C39D9
:10BCA000DA82083CA0AA2ABE00B52DED048BB0EEC6
:10BCB000409AF0EE609A83B051EC190BF4F731FE24
:10BCC00041EC180B18EE100A18EE901A8DED008B4F
:10BCD000002818BF0120084320F00040C0F17F6019
:10BCE00000F1E040C00F14D019EE101A19EE900ABE
:10BCF0008DED009B002918BF0121084320F0004072
:10BD0000C0F17F6000F1E040C00F04BF012000F0EF
:10BD1000B5FDB0EE480A03B0F0EE680ABDEC048B46
:10BD200000BD10B52DED028BB1EEC08A18EE100AE1
:10BD300020F00040C0F1FF40C00F0AD010EE100A02
:10BD400020F00040C0F1FF40C00F04BF012000F010
:10BD500095FDB0EE480ABDEC028B10BD000000005E
:10BD600010B51D499FED1A1B2DED020B84B00598EF
:10BD700020F000408842DCBF01209DED040B21DD56
:10BD80001649884209D1049840B94FF0010000F0EB
:10BD900075FD00F071FC06B010BD05DB9DED040BD8
:10BDA00000F05EFC06B010BD68469DED040B00F08F
:10BDB00017F800F001000121A1EB40009DED021BEE
:10BDC0009DED000B00F0A4FA06B010BD00000000CD
:10BDD0000000000000000000FB21E93F0000F07FB0
:10BDE0002DE9F14F04462DED020B2DED088B8AB0A5
:10BDF0009FEDE70B80ED020B139EE74826F0004510
:10BE000085420ADC9DED120B002084ED000B0AB088
:10BE1000BDEC088B03B0BDE8F08FE0489FEDE0ABD0
:10BE20009FEDE1BBA84247DDE14F9FEDE39B9FED16
:10BE3000E48B9DED120B53EC1A2B51EC100B002EE2
:10BE40001CDDF4F747FB41EC100BBD4208D053EC6E
:10BE50001B2B51EC100BF4F73DFBC4E900010BE088
:10BE600053EC192B51EC100BF4F734FB53EC182B5B
:10BE7000F4F730FBC4E900010120C8E7F4F789FAC0
:10BE800041EC100BBD4208D053EC1B2B51EC100BB6
:10BE9000F4F77FFAC4E900010BE053EC192B51ECE5
:10BEA000100BF4F776FA53EC182BF4F772FAC4E996
:10BEB00000014FF0FF30AAE7C348A84279DB9DEDAF
:10BEC000120B51EC100B01F097FB41EC180B9FED9E
:10BED000C00B53EC102BF4F703FB9FEDBF1B53EC8F
:10BEE000112BF4F756FAF4F7DDFD0746F4F7D9FB0A
:10BEF00041EC190B53EC1A2BF4F7F2FA53EC182B14
:10BF0000F4F7EBFA41EC180B53EC1B2B51EC190B2B
:10BF1000F4F7E6FADFF8C8A241EC100B4FEA155827
:10BF20000125FA4453EC102B51EC180BF4F7D2FA1C
:10BF3000032DC4E900013DD0C1F30A5005EB4511C2
:10BF4000A8EB00001139814234DA0AEB051BB0EE90
:10BF500048AA9BED000BF0EE68AA53EC102B51ECB5
:10BF6000190BF4F7BDFA41EC1B0B51EC1A0B53EC17
:10BF70001B2BF4F7AFFA41EC180B51EC1A0B53ECF6
:10BF8000182BF4F7A7FA53EC1B2BF4F7A3FA9BED4D
:10BF9000020B41EC1A0B53EC102B51EC190BF4F77C
:10BFA0009FFA53EC1A2BF4F795FA41EC100B6D1C29
:10BFB000B8E70EE0002EA8BF3846BFF628AF94EDD4
:10BFC000000B51EC100B81F00041C4E900017842F4
:10BFD0001DE7C6F3130040F4801EC6F30A50A0F21A
:10BFE000F530471100F01F05C5F12000DDF848B01D
:10BFF00008900020069007900520EC467949002D16
:10C0000007EB0002794408BF51F8221009D051F81B
:10C01000223001EB8201AB404A68089922FA01F113
:10C020001943A1FB0E26A1FB0B131A449A4234BFFD
:10C030000123002303EB06080CEB8003D3E901A6E0
:10C040000E448E4234BF0121002192448A4411B132
:10C05000924502D903E0924501D2012100E000217E
:10C06000C3E901A641444CF82010011EA0F10100D3
:10C07000C4DC029800F10050850F0298DDE90367E7
:10C080008000DDF81480F4F70CFB41EC1A0B30460D
:10C09000F4F718FB9FED541B53EC112BF4F720FA27
:10C0A00041EC1B0B3846F4F70DFB9FED511B53EC95
:10C0B000112BF4F715FA41EC180B4046F4F702FB8C
:10C0C0009FED4D1B53EC112BF4F70AFA41EC190BC1
:10C0D00051EC180B53EC192BF4F75BF953EC1B2BB9
:10C0E000F4F757F953EC1A2BF4F753F9CDE908019B
:10C0F000002008909DED080B53EC1A2B51EC100B0F
:10C10000F4F7E8F953EC1B2BF4F7E4F953EC182B94
:10C11000F4F7E0F953EC192BF4F7DFF99FED381B36
:10C1200053EC112BF4F7DCF99FED370B41EC180BB6
:10C1300053EC102B9DED080B51EC100BF4F7D0F9DC
:10C1400053EC182BF4F725F99FED310B41EC180B4C
:10C1500053EC102B9DED080B51EC100BF4F7C0F9CC
:10C1600053EC182BF4F715F941EC100B139810F061
:10C17000004F06D06D4251EC100B81F0004141ECB4
:10C18000100B284684ED000B41E600000000000083
:10C190000000000000000000FB21E93F7CD90240C4
:10C1A00000004054FB21F93F3163621A61B4D03D75
:10C1B000FB21F93F000000000000601A61B4D03D8F
:10C1C0007370032E8A19A33BFB2139410000000044
:10C1D00083C8C96D305FE43F000000000000E03F0D
:10C1E00032500000804F0000000000000000103EB0
:10C1F000000000000000103C000000000000103AA9
:10C20000182D4454FB21F93D3326A611460B113C51
:10C2100000000054FB21F93D70B504462DED028B62
:10C220004D1E00EBC500B0EE408AF0EE608A90ED46
:10C23000000B35F0060017D053EC182B51EC100B07
:10C24000F4F74EF941EC100B6D1E04EBC50090EDB8
:10C25000001B51EC100B53EC112BF4F79AF841EC46
:10C26000100B35F00600E7D1022D36D0042D1CD07E
:10C27000062D1CBFBDEC028B70BD53EC182B51EC8E
:10C28000100BF4F72DF994ED0A1B53EC112BF4F776
:10C2900080F853EC182BF4F723F994ED081B53ECBA
:10C2A000112BF4F776F841EC100B53EC182B51ECF2
:10C2B000100BF4F715F994ED061B53EC112BF4F762
:10C2C00068F853EC182BF4F70BF994ED040B53ECCE
:10C2D000102BF4F75EF841EC100B53EC182B51ECDB
:10C2E000100BF4F7FDF894ED021B53EC112BF4F74F
:10C2F00050F853EC182BF4F7F3F894ED001B53ECC3
:10C30000112BF4F746F8BDEC028B41EC100B70BD1D
:10C31000F1B506462DED040BBD482DED0C8B8AB012
:10C32000B0EE418AF0EE618A179D25F000449FED42
:10C33000BABB9FEDBBCB844208DA9DED160B51ECE6
:10C34000100BF4F7AFFB002800F0E980B64FA742CE
:10C3500031DC002D0DDA9DED160B51EC100B81F048
:10C360000041CDE9160151EC180B81F0004141EC80
:10C37000180B9FEDAF0B53EC102B9DED160B51ECF2
:10C38000100BF4F7AAF853EC182B9FEDAB0BCDE98B
:10C39000040151EC100BF4F79DF841EC100B53EC39
:10C3A000102B9DED040B51EC100BF3F7F2FF9FEDFA
:10C3B000A48BCDE916019DED160B53EC102B51EC1F
:10C3C000100BF4F78DF8CDE904019DED040B53EC4F
:10C3D000102B51EC100BF4F783F841EC190B9A4831
:10C3E0000621B0EE490AF0EE690A7844FFF714FF1F
:10C3F0009648B0EE40DAF0EE60DAB0EE490AF0EEC0
:10C40000690A06217844FFF707FF9DED041B51ECF4
:10C41000100B53EC112BF4F763F89DED040B41EC7A
:10C420001A0B53EC102B9DED160B51EC100BF4F77F
:10C4300057F841EC190B53EC1A2B51EC1D0BF3F789
:10C44000A8FF53EC192BF4F74BF853EC182BF3F728
:10C45000A0FF9DED041B53EC112BF4F741F853ECB6
:10C46000182BF3F796FF41EC180B9FED790B51EC6D
:10C47000190B53EC102BF4F733F853EC182BF3F79C
:10C4800088FF41EC190B9DED160B53EC192B51EC69
:10C49000100BF3F77EFF41EC180BA74269DC304626
:10C4A000F4F7FFF841EC1A0B51EC180B53EC1A2B74
:10C4B000F3F76FFF41EC1B0B53EC182B51EC180BEF
:10C4C000F4F70EF853EC1B2BF4F77CF853EC192B14
:10C4D000F4F700F89DED161B53EC112BF3F7FDFF5D
:10C4E0009FED5D1B53EC112BF3F7FAFF53EC1A2B66
:10C4F000F3F7F3FF41EC180B022000EAA570C0F13E
:10C500000100F4F7CEF853EC182BF3F7E9FF00BF66
:10C5100041EC100B0AB0BDEC0C8B05B0F0BD711CEA
:10C520001698214308430CD09DED160B012E1CBF1D
:10C5300053EC102B51EC1C0B10D000BFF4F742F859
:10C54000E6E79DED160B51EC100B01F055F841ECB0
:10C55000100B51EC1B0B53EC102BEFE751EC100BB5
:10C56000FEF726FD042808BF00F096F89DED160B97
:10C57000D0E7012E04BFB0EE480AF0EE680AC9D039
:10C580008DED048B002404949DED040B53EC102BD3
:10C590009DED160B51EC100BF3F79FFF53EC192B8D
:10C5A000F3F79BFF41EC190B53EC182B51EC1C0BD0
:10C5B000F4F708F841EC180B8DED008B00949DED1D
:10C5C000040B53EC102B9DED000B51EC100BF3F70B
:10C5D00087FF53EC1B2BF3F7DCFE9DED000B41ECCA
:10C5E0001A0B53EC192B51EC100BF3F779FF53ECAA
:10C5F0001A2BF3F7CEFE53EC182BF3F771FF9DEDDA
:10C60000001B53EC112BF3F7C4FE81E70000000080
:10C610000000303E00000000000000000000F03F7D
:10C62000000000000000F0BF2894E53F000000007B
:10C63000182D4454FB21E93F075C143326A6813CA6
:10C640000000000000000000524C0000684C000098
:10C65000635555555555D53F00000000000000407A
:10C6600010B553EC102B51EC100BF3F792FE41EC8C
:10C67000100B10BD000000009FED050B10B553EC32
:10C68000102B51EC100BF3F79DFF41EC100B10BD7C
:10C6900000000000000000009FED050B10B553ECFA
:10C6A000102B51EC100BF3F71BFF41EC100B10BDDE
:10C6B0000000000000000010DFED030AB7EE001AD2
:10C6C00081EE200A704700000000000030EE000AF2
:10C6D000704730EE200A7047DFED020A80EEA00AB4
:10C6E00070470000000000009FED020A20EE000AE3
:10C6F00070470000000000709FED020A20EE000A63
:10C7000070470000000000102DE9F0014FF07F425B
:10C71000B2EB410F9FBF4FF0FF310160BDE8F00168
:10C7200070474FF0004242EA0123C1F3C752783A02
:10C73000551112F01F0C434CCCF120067C44C1F380
:10C74000C752A2F178024FEA621204EB820254F857
:10C75000254008BFD2E9015612D0556804FA0CF4FE
:10C7600025FA06F73C43976805FA0CF527FA06F810
:10C77000D26807FA0CFCF24045EA08054CEA0206CA
:10C78000A4FB034CA5FB0352A6FB03631D449D427F
:10C7900034BF012600261319334416B1934202D93F
:10C7A00003E0934201D2012200E00022624402F140
:10C7B000200C9206DC0C42EA443200EE102A5B03A5
:10C7C000DFED210AF8EEC01A00EE103A4FEA9C1C89
:10C7D00011F0004FB8EE400AC0F800C020EE201A59
:10C7E00000EE105ADFED190AB8EE400A20EE200ADA
:10C7F00071EE810A70EE800A10EE902A02F5006256
:10C800006FF30B0200EE902A70EEE11A31EEC11ABE
:10C81000DFED101A30EE411A9FED0D0A20EE800A6E
:10C8200001EE210A9FED0C1A00EE810A04BFBDE85B
:10C83000F0017047CCF180510160BDE8F001B1EE2C
:10C84000400A7047E0480000000000360000802CDD
:10C8500022AAFD29DB0FC92F0000C92F02E008C85A
:10C86000121F08C1002AFAD170477047002001E06A
:10C8700001C1121F002AFBD1704700000149086066
:10C8800070470000100300202DE9FF5F82B00021F7
:10C89000DDE90430020DDDF840B0034318D044F662
:10C8A0001050A2F2FF3242431514119801281FD0F4
:10C8B000A5EB0B00401C5FEA000A4FF000064E4F4C
:10C8C000DFF83891B046504615D5CAF1000413E0A0
:10C8D000119801244AA3012801D16FEA0B010298A3
:10C8E000119AC0E90031C0E9024206B0BDE8F09FEC
:10C8F000CBF10000DFE704460021404A491842EB33
:10C900000450CDE9001012E0E00707D032463B4664
:10C9100040464946F3F7E4FD8046894632463B46A9
:10C9200010461946F3F7DCFD06460F466410002C4E
:10C93000EAD1DDE90401DDE90023BAF1000F06DAEE
:10C94000F3F7CEFD42464B46F3F7CAFD05E0F3F799
:10C9500039FE42464B46F3F735FE04460E460022AA
:10C96000284BF3F7CFFE03D84FF0FF30014607E026
:10C970000022254B20463146F3F70BFDF4F765F80E
:10C98000102409E0002C0ADB0A220023F3F7ACFC98
:10C99000039B30321A55641E50EA0102F2D1641C26
:10C9A000039AC4F111031444119A012A03D00122FD
:10C9B00008430DD10AE0084304D000204FF0110BCA
:10C9C000119072E7A3EB0B056D1E0DE05B4504DDD6
:10C9D0004FF0000205F1010504E003DA4FF0000218
:10C9E000A5F10105002AECD002981199C0E90231A5
:10C9F000C0E9004579E70000000014400000F03F66
:10CA0000300000000000F0430000E03F2DE9FF4F40
:10CA100095B09B468946064600250FE2252877D12A
:10CA200000242746F84A0121059400E0044316F843
:10CA3000013F203B01FA03F01042F7D130782A2859
:10CA400011D06FF02F033078A0F13002092A16D8E8
:10CA5000059A44F0020402EB820203EB4202104406
:10CA6000761C0590EFE759F8042B0592002A03DAAB
:10CA7000504244F40054059044F00204761C30788F
:10CA80002E2816D116F8010F44F004042A280DD0E0
:10CA90006FF02F023078A0F13003092B09D807EB93
:10CAA000870302EB4303C718761CF3E759F8047BAE
:10CAB000761C30786C280FD006DC4C2817D06828FC
:10CAC0000DD06A2814D104E0742810D07A280FD130
:10CAD0000DE044F400140AE044F4801401E044F44E
:10CAE00040147278824202D104F58014761C761CC0
:10CAF000307866280BD013DC582877D009DC002862
:10CB000075D04528F6D04628F4D047281AD19DE1A3
:10CB100018E0632835D0642879D0652812D195E1D2
:10CB2000702873D008DC6728F1D069286FD06E2890
:10CB30000DD06F2806D1B5E073282CD0752875D09C
:10CB4000782874D05A46179990476D1C75E1C4F344
:10CB50000250022809D003280DD0D9F8001004286B
:10CB60000DD00D6009F1040967E1D9F80010EA174A
:10CB7000C1E90052F6E7D9F800100D80F2E70D7018
:10CB8000F0E719F8041B8DF8001000208DF8010063
:10CB9000EA46012003E059F804AB4FF0FF3061078B
:10CBA0004FF0000102D40DE008F101018846B942BE
:10CBB0000FDA8045F8DB1AF808100029F4D108E0F4
:10CBC00008F1010188468142FADB1AF808100029B1
:10CBD000F6D105985B46A0EB080721463846179A20
:10CBE00000F094FA284400EB080507E04DE029E145
:10CBF0000DE01AF8010B5A4617999047B8F1010851
:10CC0000F7D25B4621463846179A13E142E00A22E2
:10CC10000092C4F302524FF0000A022A08D059F8D9
:10CC200004CB032A4FEAEC710AD00DE029E02AE098
:10CC300009F1070121F00702F2E802C1914609E07B
:10CC40000FFA8CFC4FEAEC71042A03D14FFA8CFCEA
:10CC50004FEAEC71002907DA0A460021DCF1000CEA
:10CC600061EB02012D2202E0220504D52B228DF872
:10CC70000420012203E0E20701D02022F7E79046DA
:10CC800059E00A2102E010220DE010214FF0000AC5
:10CC900000910BE010224FF0000A44F00404082732
:10CCA000009203E008224FF0000A0092C4F30252FF
:10CCB000022A05D059F804CB0021032A08D009E044
:10CCC00009F1070121F00702F2E802C1914605E0EF
:10CCD0001FFA8CFC042A01D10CF0FF0C4FF0000865
:10CCE000220728D5702806D0009B83F0100353EA52
:10CCF0000A0305D00EE040228DF80420012208E04E
:10CD00005CEA010206D030228DF804208DF805007F
:10CD100002229046009B83F0080353EA0A030AD1DB
:10CD20005CEA010201D1620705D530228DF80420AA
:10CD30004FF001087F1E582804D034A003900EA89D
:10CD400002900DE036A0F9E753466046009AF3F7EB
:10CD5000CBFA84460398825C0298401E02900270CF
:10CD60005CEA0100F0D1029806A9081A00F1200A35
:10CD7000600702D524F4803400E00127574502DD26
:10CD8000A7EB0A0000E0002000EB0A0100900598E4
:10CD90004144401A0590E00306D45B462146179AA9
:10CDA000059800F0B3F90544002706E001A85A46AB
:10CDB000C05D179990476D1C7F1C4745F6DBE0036B
:10CDC0000CD55B462146179A059800F09FF905445B
:10CDD00004E030205A46179990476D1C0099481E70
:10CDE00000900029F5DC08E0029802995A46007884
:10CDF000491C0291179990476D1CBAF10001AAF1E4
:10CE0000010AF1DC65E1000009280100303132330C
:10CE10003435363738396162636465660000000076
:10CE20003031323334353637383941424344454660
:10CE30000000000000F058F90544761C3078002806
:10CE40007FF4ECAD19B02846BDE8F08F620700D43E
:10CE5000062709F1070222F0070CFCE80223E1464D
:10CE600003F000485FEA080C02D00FF2702C0DE0CE
:10CE70005FEA045C02D50FF2682C07E05FEAC47C2D
:10CE800002D00FF2602C01E0AFF2700C4FF0FF38CF
:10CE900023F00043CDF850C065280CD006DC4528AF
:10CEA00009D046281DD047283DD13DE0662818D03E
:10CEB00067287ED138E00021112F01DB112000E02E
:10CEC000781CCDE9000106A90EA8FFF7DDFCDDE91D
:10CED0000F010E9A03910021009207F1010A0491BB
:10CEE0004DE04FF000400097CDE9011006A90EA8D3
:10CEF000FFF7CAFCDDE90F0203920E9B1199002295
:10CF0000DDF80CA00093049211B9791C00EB010A22
:10CF1000B7EB0A0004D4C0F1FF3007F1010A049016
:10CF2000AAEB0700019044E0012F00DA012700215D
:10CF3000112F01DD112000E03846CDE9000106A9DE
:10CF40000EA8FFF7A1FCDDE90F010E9A0391002165
:10CF500004910092BA4621070CD40399514500DA96
:10CF60008A46BAF1010F05DD009AAAF10101515C70
:10CF7000302908D0B84202DA10F1040F06DA012194
:10CF8000CDE9011015E0AAF10101E9E7002805DC6F
:10CF9000049901440491AAEB000102E0411C5145AF
:10CFA00000DD8A460499401A401C01904FF0004071
:10CFB0000290200704D40198504501DBCDF804808D
:10CFC00000208DF84F0002980DF14F07B0F1004F8F
:10CFD00025D02B200E9002984FF0020800280CDA82
:10CFE000404202902D200E9007E00A210298F3F7AC
:10CFF000BDFB3031029007F8011DB8F10001A8F126
:10D000000108F2DC02980028EFD1791E0E98087012
:10D01000307800F0200040F0450007F8020D12A81B
:10D02000C01B00F107081498007800B1012000EB44
:10D030000A01019801EBE07105984144401A401E35
:10D040000590E00306D45B462146179A059800F048
:10D050005DF805441498007818B15A46179990471E
:10D060006D1CE00324D55B462146179A059800F015
:10D070004DF805441CE00498002807DBDDE90301B6
:10D08000884203DD0098405C179901E01799302031
:10D090005A469047049805F10105401C04900198F8
:10D0A000401E019004D12E205A46179990476D1CBE
:10D0B000BAF10001AAF1010ADDDC05E017F8010B65
:10D0C0005A46179990476D1CB8F10001A8F1010864
:10D0D000F4DC5B462146179A0598ABE62D0000006C
:10D0E0002B000000200000002DE9F041044600253F
:10D0F0001E461746880404D405E039462020B04770
:10D100006D1C641EF9D52846BDE8F0812DE9F0417B
:10D11000044600251E469046C80301D5302700E08E
:10D120002027880404D505E041463846B0476D1CE9
:10D13000641EF9D52846BDE8F0814A68002A06D069
:10D140000A68531C0B6010704868401E48607047A6
:10D15000DFED163AF6EE002A9FED154A20EEA33ACF
:10D1600060EE844A00EE623A40EE624A23EE213AD3
:10D1700000EE013A20EEC11A04EE823ADFED0D4ACC
:10D1800023EE243A80ED003A20EE043A20EE230A02
:10D1900000EEE23A00EEE20A03EE611A00EE421AF5
:10D1A00021EE240A81ED000A70470000D7B35D3FED
:10D1B000D7B35DBFABAA2A3F30B587B00546002084
:10D1C0000290039008200C46009204900648F6F75F
:10D1D0007CFA0028FAD00123224669462846F6F751
:10D1E00005F907B030BD0000EC0300202DE9F04345
:10D1F0008DB001F05FFB3220F6F746FF01F05EFDD7
:10D200003220F6F741FF2EA0D0E90010CDE907103B
:10D21000FAF72EF805220BA907A8F9F7E3FFFAF7AA
:10D220001FF829499DF82D00284EC1F8A803284F62
:10D2300001064FF0010502D53570822012E041064B
:10D2400002D5357083200DE0410702D53570852069
:10D2500008E0810702D53570862003E0C00702D0C0
:10D2600035708720387014216846F3F787F819A0C5
:10D270000024D0E90010CDE909104FF08109E846FB
:10D28000F9F7F6FF062205A909A8F9F7ABFFF9F7A8
:10D29000E7FF9DF81400A62802D0357087F80090AB
:10D2A0009DF815009DF81610800140EA910128F8BC
:10D2B0001410641C0A2CE3DB0DB0BDE8F083000001
:10D2C0009C00000000000000F80D00205402002027
:10D2D0004C020020A60000000000000010B540F63F
:10D2E000FC002DED028B9FED128AB0EE480AF9F793
:10D2F00087FFB420F6F7C8FE40F62820B0EE480AB3
:10D30000F9F77EFFB420F6F7BFFE40F6B830B0EE76
:10D31000480AF9F775FFB420F6F7B6FEBDEC028BAC
:10D320004FF47A60BDE810409FED020AF9F768BF3C
:10D330009A99193F0000000010B540F6FC042DED4D
:10D34000028B20469FED118AB0EE480AF9F758FF8C
:10D350009620F6F799FEDFED0E8A2046B0EE680AB9
:10D36000F9F74EFF9620F6F78FFE2046B0EE480AFA
:10D37000F9F746FF9620F6F787FEB0EE680ABDEC97
:10D38000028B2046BDE81040F9F73ABF9A99193F41
:10D390000000000010B511EE900A2DED068BB0EEE6
:10D3A00041AAF0EE609AB0EE409AF3F798F929EEB0
:10D3B000091A69EEA90A41EC180B81EE200ADFED8B
:10D3C000150A0AEE4A0A20EE200A10EE100AF3F7B8
:10D3D00086F941EC100BFEF767FC9FED0F1B51EC3B
:10D3E000100B53EC112BF3F77BF89FED0D1B53EC57
:10D3F000112BF3F775F853EC182BF3F7E3F8F3F769
:10D4000099F900EE100ADFED080ABDEC068B20EE5C
:10D41000200A10BD0000C8429A9999999999B93F7C
:10D420000000000080842E416F12833A2DE9F04104
:10D430004FF0E0270546BE69F7F74AF80446B420E6
:10D440004543B5420BD9F7F743F8A042FBD0084952
:10D45000701B0844B9698142FCD8BDE8F081751B96
:10D46000B869A842F9D9F7F733F8A042F8D0F4E741
:10D4700020BF020020EE012ADFED132A00EEE12A90
:10D4800020EEA23A80ED002AB6EE002A00EE423AE3
:10D4900063EE013A9FED0D3A20EE034A20EE833A07
:10D4A00000EEC24A00EE423A20EE220A00EEC20A24
:10D4B00023EE011A44EE613A00EE611AC1ED003A22
:10D4C00082ED001A70470000D7B35D3FD7B35DBF50
:10D4D00010B5022000F007F840F00401BDE810404C
:10D4E000022000F016B84FF4004141EAC02080B29B
:10D4F000AFF3008010B50446F9F79EFE0120F6F761
:10D50000C3FD2046F9F75EFE0446F9F794FE204677
:10D5100010BD41EAC02080B2FFF7ECBF274910B52B
:10D520000978002948D1B6EE001A9FED250A80ED52
:10D53000230A80ED220A80ED4E0A80ED4F0A80ED2D
:10D54000500A80ED550A80ED4C0A80ED3A0A80EDD4
:10D550003B0A80ED3F0AD0ED040AC0ED380A80EDA9
:10D56000FE0AF6EE000AC0ED1C0AC0ED1D0AC0ED71
:10D570001E0A80ED1F0A80ED200A80ED210A80ED51
:10D58000170A80ED180A80ED450A80ED430A80ED08
:10D59000490AF6EE000AB6EE000AF9F777FEF9F747
:10D5A000A3FE0120F9F746FEF9F7F4FD0549002036
:10D5B000086005490220086010BD00004C020020F0
:10D5C000000000003000002020020020084910B5B3
:10D5D0000A780020802A00D80870064908600020D8
:10D5E000F9F728FEF9F79EFEBDE81040F9F7CDBD2A
:10D5F0004C0200202002002082B0CDE9000121F081
:10D60000004001909DED000B02B051EC100B7047F3
:10D6100030EE413A30EE410A61EE822AB2EE004A23
:10D6200002EE203A12EE600A62EE823A21EE844A5D
:10D63000B5EEC03AF1EE10FA02DDB0EE431A01E0A9
:10D64000B0EE401AB5EEC03A24EE014A02EEA24A0C
:10D65000B1EEC41AF1EE10FA01DDB0EE430AB4EEF9
:10D66000E30AF1EE10FA04D883EE020A70EE200A03
:10D6700011E031EE620AB6EE001AB5EEC03A20EEC5
:10D68000011AF1EE10FA02DDB7EE000A01E0BFEE7A
:10D69000000A41EE000AF5EEC00AF1EE10FA02DDD2
:10D6A000B0EE600A01E0B1EE600AB4EEE20AF1EE1B
:10D6B00010FA04D861EEE00A80EEA20A7047F5EE97
:10D6C000C00AF1EE10FA02DDB7EE000A01E0BFEE8B
:10D6D000000AB1EE400A704720EE200ABDEEC00AF3
:10D6E00010EE100A70470121B4EEC10A01FA00F0F1
:10D6F000F1EE10FA01DD401E7047B4EEE00AF1EEE3
:10D7000010FA01D20020704731EE601A70EE600A04
:10D71000401E00EE100AB8EEC00A20EE800AC0EEED
:10D72000010ABDEEE00A10EE100A704710B500289D
:10D7300021D0114B0022001F196803E0814203D859
:10D740000A4649680029F9D152B11368841A9C42EB
:10D7500004D1006818441060104602E0506000E0F8
:10D76000186039B102680B1A934203D10B681A444E
:10D7700002604968416010BD080300202DE9F047B0
:10D780003E4D4FF480062DED028BAE614FF4FA79D9
:10D790004846F6F779FC4020A8619FED398A40F6AB
:10D7A000FC073846B0EE480AF9F72AFD354C4FF42D
:10D7B0007A78A078012859D02079012856D06420A1
:10D7C000F6F762FCAE61DFED308A3846B0EE680AEB
:10D7D000F9F716FDC820F6F757FC4020A861384637
:10D7E000B0EE480AF9F70CFD2078012840D02079E6
:10D7F00001283DD06420F6F747FCAE613846B0EE14
:10D80000680AF9F7FDFCC820F6F73EFC4020A86145
:10D810003846B0EE480AF9F7F3FCE078012829D041
:10D820006420F6F731FCAE613846B0EE680AF9F7CD
:10D83000E7FCC820F6F728FC4020A8613846B0EE87
:10D84000480AF9F7DDFC6078012815D06420F6F766
:10D850001BFCAE613846B0EE680AF9F7D1FCBDECAE
:10D86000028B4846BDE8F047F6F70EBC4046A7E7F6
:10D870004046C0E74046D4E74046E8E7000802409B
:10D880009A99193F540200200000000070B5054627
:10D89000006816490840B0F1005F25D1FAF71EFE76
:10D8A000134C206820F080502060F7F799FEF6F7BF
:10D8B000D1FB00212160201D01600D48103801605E
:10D8C000001D0160001D0160206820F08050206074
:10D8D000012080F31088686806498860296881F310
:10D8E0000888BDE87040004770BD00000000FE2FB2
:10D8F000403802406400002010B5FF4CFF482DED79
:10D90000108B94ED010AD4ED010A20EE20FA94ED7B
:10D91000010AD4ED020A60EE20BA94ED010AD4EDBA
:10D92000030A20EE20BA94ED010AD4ED040A20EE99
:10D9300020DA94ED020AD4ED020A60EE20CA94EDDA
:10D94000020AD4ED030A20EE20CA94ED020AD4EDB7
:10D95000040A60EE20AA94ED030AD4ED030A20EE37
:10D9600020AA94ED030AD4ED040A60EE209A94ED07
:10D97000040AD4ED040A20EE209A90ED040A84ED06
:10D98000080A90ED050A84ED090A90ED060A84ED77
:10D990000A0AB0F9001000EE101AB8EEC00A84EDC1
:10D9A0000B0AB0F9021000EE101AB8EEC00A84EDAE
:10D9B0000C0AB0F9041000EE101AB8EEC00A84ED9B
:10D9C0000D0AB0F9061000EE101AB8EEC00A84ED88
:10D9D0000E0AB0F9081000EE101AB8EEC00A84ED75
:10D9E0000F0AB0F90A0000EE100AB8EEC00A84ED82
:10D9F000100AF6F76DFDA064A06C616C401A00EE91
:10DA0000100AB8EE400ADFEDBE0AA06C80EE208A54
:10DA1000606494ED0B0AD4ED0B0A94ED0C1A20EE21
:10DA2000200AD4ED0C0A00EE810AD4ED0D0A94ED23
:10DA30000D1A00EE810A00F0F9FAD4ED0B0A60EE3F
:10DA4000800AC4ED0B0AD4ED0C0A60EE800AC4ED26
:10DA50000C0AD4ED0D0A20EE800A84ED0D0A9FED2C
:10DA6000A90AB6EE001A84ED0E0A84ED0F0A84EDC1
:10DA7000100A71EE4A0A94ED0E0AF0EE008A3CEEAE
:10DA80004DEA20EE280A70EEC9EA7AEE8B1A31EEE2
:10DA90006C1A60EE2E0A94ED0F0A31EE492A71EEEF
:10DAA0004ADA20EE280A40EE0E0A94ED100A20EE23
:10DAB000280A40EE210A94ED0E0A7CEE0D1A3AEE89
:10DAC000CBCA20EE280A60EEA00A20EE210AD4ED8F
:10DAD0000F1A61EEA81A01EE820AD4ED101A39EE7F
:10DAE000EB2A61EEA81A01EE820AD4ED0E1A39EE85
:10DAF000AB2A61EEA81A40EE000A21EE8CDAD4EDD2
:10DB00000F1A10EE900A61EEA81A01EE82DAD4ED37
:10DB1000101A61EEA81A01EEADDAF2F7E0FD41EC61
:10DB2000100BFEF7C1F851EC100BF2F703FE00EEFC
:10DB3000100A7FEE6C0A7BEEA93A20EE280A2DEE41
:10DB4000281A70EECA0A63EEA82A60EE0E1A94ED47
:10DB5000104A30EE893A60EE2E0A41EE231A7BEE2F
:10DB60002A3A2CEE282A41EE0C0A20EE230AD4EDA4
:10DB70000D3A01EE2D0A94ED0C1A21EE031A03EE74
:10DB8000E21AD4ED0F3A63EE803A44EE613A94ED36
:10DB90000B4A31EE231AD4ED0D3A63EE823AB5EE1C
:10DBA000C01A44EE433A94ED103A94ED0E4A23EE37
:10DBB000203A04EE403A33EE830A94ED0B3A63EEDA
:10DBC000222A94ED0C3A43EE422A94ED0E2A62EE9C
:10DBD000211A94ED0F2A42EE601A72EEA10AF1EEBC
:10DBE00010FA41D0B5EEC00AF1EE10FA3CD0F5EED5
:10DBF000C00AF1EE10FA37D0DFED431A94ED052A92
:10DC000061EE212A02EE882A60EE212A84ED052A9F
:10DC100094ED062A02EE882A84ED062A20EEA12A37
:10DC2000D4ED071A42EE081AC4ED071AD4ED081A0B
:10DC300041EE281A94ED051A31EE811A84ED081A86
:10DC400094ED091A00EE281A94ED060A31EE000A46
:10DC500084ED090A94ED0A0A00EEA80AD4ED070A39
:10DC600030EE200A84ED0A0A94ED020AD4ED080A87
:10DC700094ED091A94ED013A20EEC00AD4ED030A9E
:10DC800094ED022AD4ED031A00EEC10AD4ED040A81
:10DC900094ED0A1A00EEC10AD4ED080A94ED0A1AAE
:10DCA00000EE083A94ED010A20EE200AD4ED030AB2
:10DCB00000EE810AD4ED040A94ED091A00EEC10ABF
:10DCC000D4ED090A94ED0A1A00EE082A94ED010A2F
:10DCD00020EE200AD4ED020A00EEC10AD4ED040AB7
:10DCE00094ED081A00EE810AD4ED0A0A40EE081AF3
:10DCF00094ED010A0AE000005C0200208C3600204E
:10DD00000000FA44000000000AD7233C20EE200A5D
:10DD1000D4ED020A94ED091AD4ED042A00EE810A2A
:10DD2000D4ED030A94ED081A00EEC10A40EE082A69
:10DD300023EE030A02EE020A01EEA10A02EEA20A93
:10DD400000F074F963EE000AC4ED010A62EE000A05
:10DD5000C4ED020A61EE800A22EE800AC4ED030AD5
:10DD600084ED040ABDEC108B10BD000070B53B4C77
:10DD70002DED048BF8EE008AB0EE008A94ED030AD4
:10DD8000D4ED030A94ED041A20EE280AF7EE009A67
:10DD9000D4ED041A20EE200AD4ED040A60EE880ABD
:10DDA00000EEC10A94ED031A70EE290A94ED020AFE
:10DDB00020EE080A20EE010A94ED011A21EE081A5D
:10DDC00001EE210AFDF7CCF99FED259A254D20EEB5
:10DDD000090A85ED0C0A94ED020AD4ED040A94EDCB
:10DDE000031A20EE280A20EE200AD4ED010A60EE84
:10DDF000880A00EE810AFDF71DF920EE090A85ED7B
:10DE00000B0A94ED020AD4ED020A94ED031A20EEF7
:10DE1000280AD4ED021A20EE200AD4ED030A60EE9F
:10DE2000880A00EEC10A94ED041A70EE290A94EDF6
:10DE3000030A20EE080A20EE010A94ED011A21EEF1
:10DE4000081A01EE210AFDF78BF9DFED070A20EE33
:10DE5000200A85ED0A0ABDEC048B70BD5C0200202F
:10DE6000333365C28C3600203333654210B5184C0D
:10DE700094ED0F0AD4ED030A30EE600AD4ED0E0AD9
:10DE800020EE800A10EE100AF2F729FC9FED111B1C
:10DE900053EC112BF2F724FBF2F74CFC00EE100AC6
:10DEA00084ED0D0AB5EEC00AF1EE10FA02D29FED34
:10DEB0000B0A06E010EE100AB0F17E5F03DDB7EE4C
:10DEC000000A84ED0D0ABDE81040F9F7B7B900006B
:10DED0008C3600207B14AE47E17A843F00000000BE
:10DEE00010B504462DED088B9FED451A20EE011A62
:10DEF00081EE200A10EE100AF2F7F1FB41EC100B54
:10DF0000FDF72EFF51EC100BF2F714FC08EE100A8F
:10DF100028EE089A19EE100AF2F7E1FB9FED390A94
:10DF200041EC1A0B28EE00BA1BEE100AF2F7D7FBF1
:10DF30009FED358B53EC182BF2F72BFA53EC1A2B81
:10DF4000F2F727FA41EC100B51EC180B53EC102BA5
:10DF5000F2F738FBF2F7EEFB09EE900AF0EE000A5A
:10DF600019EE900A29EE290A60EE200A84EC020AD2
:10DF700084ED020AF2F7B3FB41EC1A0B19EE100A1A
:10DF8000F2F7ADFB53EC182BF2F7A4FA9FED201B30
:10DF900053EC112BF2F7A4FA53EC1A2BF2F7A0FA78
:10DFA000F2F7C8FBE06019EE900AF2F798FB41EC3B
:10DFB0001A0B19EE100AF2F792FB41EC190B1BEE4B
:10DFC000100AF2F78CFB53EC182BF2F786FA53EC9D
:10DFD000192BF2F7DEF953EC1A2BF2F781FAF2F76C
:10DFE000A9FB9FED0D0A206184ED060A84ED050A68
:10DFF00084ED080A84ED070ABDEC088B10BD000013
:10E00000DB0F4940F304B53F000000000000F03F83
:10E0100000000000000000400000000000EE900A38
:10E02000F8EEE00A20EE800A7047000010EE100AB9
:10E03000F6EE000A074960EE200AA1EB600000EE50
:10E04000100A20EE801AF7EE080A41EE400A20EE90
:10E05000800A7047DF59375F70B50C462DED028B93
:10E06000B0EE408A90ED000A054660EE000A91EDA0
:10E07000000A40EE000AB0EE600AFDF752FEB4EE70
:10E08000C80AF1EE10FA0FDDD5ED000A60EE880A3D
:10E0900080EE801A85ED001AD4ED000A60EE880A41
:10E0A00080EE801A84ED001ABDEC028B70BD00007A
:10E0B00090ED000AB5EEC00AF1EE10FA02DDF0EEC6
:10E0C000400A01E0F1EE400A10EE901A0F4A914228
:10E0D00014DBB5EEC00ADFED0E0A60EE200AF1EEA9
:10E0E00010FA02DDB7EE000A01E0BFEE000A9FED74
:10E0F000091A40EE010AC0ED000A7047F0EE040A6A
:10E1000020EE200A80ED000A704700000AD7233C69
:10E110007F6A7C3F4260653C2DED048B8EB01421FC
:10E1200008A8F2F72BF901270025CDE9087505218C
:10E1300008A8F7F78DFA08B1F3F700FF002080F385
:10E140001088F6F75FFCFAF7E9FDFC48016841F03A
:10E15000010101600068FA4C00F001004FF08056A8
:10E1600000904FF48058A661182102A8F2F706F932
:10E170000120CDF80880CDE90305059502A92046C8
:10E180000695F9F78DFBA6616420F5F77DFFC4F8CD
:10E190001880F2F70DFEEB4C08B10120A070F9F7E2
:10E1A00077FFF9F7E7FFFAF70BF8FAF72DF8F9F729
:10E1B000E9FDF9F759FEF9F71BFFF9F7ADFEFAF79C
:10E1C000D9F9F9F7B9FFFAF7E9F8FAF79BF8F9F78F
:10E1D00031FFFAF737F9FAF757F9F8F7D6FF0421C4
:10E1E000D948F8F72BFB0020F9F724F8F9F738F8AD
:10E1F000F9F746F86420F5F747FFF9F76FF8FFF7EE
:10E200009BF8A07808B1F3F799FED048AA460568B4
:10E21000001D0668001D0768FAF700FBCC4800EBFC
:10E220009500400000EB9600CA4E400000EB9700BE
:10E230003169884204D001202071C74888210170CB
:10E24000D6F83803072802D30120C6F83803DFF8D0
:10E250000C83C34D96F8381388F804146868FCF7EB
:10E26000D2FE9FEDC08A08B185ED018AA868FCF74F
:10E27000CAFE08B185ED028ABB48006A411C00D085
:10E2800008B902F0E3F8B34EDFF8E092B44DF0685D
:10E2900000EB80008100C9F81C1095ED200ADFED2D
:10E2A000B40AB4484FF4803180EE201AB0EE480A28
:10E2B00080ED001AB048D6F8AC23F3F725FDA74847
:10E2C000F3F7AAFFAD48F3F777FCAD48A1495746ED
:10E2D000C0F800A0307888F8A000A74895ED020AA1
:10E2E000464680ED040A95ED010A4FF4807280EDF8
:10E2F000020A1431E430F2F728F8D5ED210AB7EE1E
:10E30000000A9E4880EE201A643080ED041AD5ED94
:10E310001F0A80EE201A80ED051A9A48F4F7D6FFFE
:10E32000DFF864A29FED999B9A4DDFF86C824FF065
:10E33000824BDAF8081241F48001CAF808124FF64D
:10E34000FF719048F4F745FC01218E48F4F724FC56
:10E35000F2F7B8F953EC192BF2F7C2F8F2F7EAF931
:10E36000F06058451EDA8D48007858B179484FF072
:10E37000FF31C0F82413FAF76FFA4FF00060FFF78F
:10E3800085FAFEE7287810B12F7001F02DFC98F87F
:10E39000001019B188F80070FAF75EFA0A20F5F754
:10E3A00073FEC6E77E48F4F791FFB6EE001AF6EE6C
:10E3B000000AB6EE000AF8F769FFF8F795FF0120AA
:10E3C000F8F738FF654800F00FFA2078A178227935
:10E3D0000844E178114408446178C84202D1FEF74C
:10E3E0007DFF01E0FFF7CAF95C4890F804040528B6
:10E3F00069D0584841686B4800F0FCFA6948F5F765
:10E40000FAFB02216748F4F7DFFF6748C16A00EEB4
:10E41000101AF8EE400A9FED651A9FED650A00EEAE
:10E42000810ABCEEC00A10EE101A0164FFF750F822
:10E430000020F8F7FFFEF8F775FFB6EE001AF6EECB
:10E44000000AB6EE000AF8F721FF4448FFF7BEF8CD
:10E450000C215848F8F75AFA57480770DFF85CB1B2
:10E46000DFF85C81DFF85CA10120F5F70DFE494C77
:10E47000207838B1C8F800703848FFF7A7F827703F
:10E4800001F0B2FB444C2078A8B1C8F800703348C2
:10E49000FFF79CF80C214748F8F7F8FA4148F5F7E0
:10E4A000D5FBFAF7D9F90C214248F8F72FFA3D4885
:10E4B000F5F7A1FB2770404C2078E8B3D8F80000AE
:10E4C000454610B193E0642195E7012001F068FB17
:10E4D000B6EE001AF6EE000AB6EE000AF8F7D6FE1F
:10E4E000F8F702FFF8F756FE3220F5F7CDFDF8F702
:10E4F0005DFE0C212F48F8F7C9FA2A48F5F7A6FB6C
:10E50000144EB0EE480A4FF480311B48D6F8AC23C5
:10E51000F3F7FAFB11491848F3F7EEF90F491648DB
:10E52000F2F7E6FD0D490090307881F8A0000C4824
:10E5300090ED010A104847E059E0000030380240F1
:10E5400000000240540200200C050020107AFF1F3A
:10E5500015040908F80D00204C020020E0160020E8
:10E56000F80C00200000000000000108000000205E
:10E5700000409C4684000020F81100207C1A0020F6
:10E5800050020020A4030020002001409FBA6882AE
:10E59000F136A03F4C0000204D0000205300002029
:10E5A0005C030020EC030020000001406666663F2B
:10E5B00000004843C40400204E00002060000020FA
:10E5C000200200200008024080ED020A0C21604871
:10E5D000F8F79CF95F48F5F70EFB27702F605E484F
:10E5E000FEF7F4FFF8F7D1FD009801F0D9FA5B4887
:10E5F000007848B1D8F80000444628B9206858B1DE
:10E600002068072800D02068554D287848B3D8F8EE
:10E610000000444660B129E089ED0D8A89ED098A40
:10E620004D48C9F82070FEF779FF07202060EBE71E
:10E630002068B0B94FF4FA66304600F09FF8CBF886
:10E640000000304600F09AF8464908604248C9F890
:10E650002070FEF763FF2878012803D0287802286D
:10E6600002D003E0092000E00A20206099F80400AD
:10E6700040B300243B48006850F82400F2F72FF81C
:10E680000546DBF800000E4650F82400F2F727F8A4
:10E6900041EC110BCDE9005653EC112B32A000F0E8
:10E6A00025FB1420F5F7F0FC641CB4F5FA7FE1DBE0
:10E6B000DBF80000FFF73AF82A480068FFF736F861
:10E6C00089F80470D9F814004B46401CC9F81400AE
:10E6D00099F8031071B31A783AB1597981B119696F
:10E6E00088427FF7C1AE5F7121E023494A680A2161
:10E6F00092FBF1F401FB1421197001215971EEE72D
:10E700009968884203DA4FF04004CAF8184007DDE0
:10E71000DC680C44844203DD4FF48004CAF81840DE
:10E72000DC6821448142BFF69FAE521E1A70C9F8C0
:10E73000147099E6D8F80010404631B100680228FC
:10E74000F7D14020CAF818008EE64FF48000F9E7B0
:10E75000C4040020EC030020E01600205400002038
:10E76000550000205C000020492C252E35662C2504
:10E770002E35662C51000000F80D0020F0B50B304E
:10E78000154D20F007010024144A0FE003688B4266
:10E790000BD38B4205D95E1A43184768C3E900675B
:10E7A00000E04368136002C004E0021D1068002806
:10E7B000ECD12046002802D1286808B10020F0BD25
:10E7C000064A07481060074A121A22F00702C0E9F9
:10E7D000002401202860D7E70C0300200803002054
:10E7E00044370020405700202DE9F0474FF0000843
:10E7F00088B0814647464646662420222A49684614
:10E80000F1F7A3FDB6EE001AF6EE000AB6EE000A26
:10E81000F8F73CFD00254FF6FF7A2448F4F722FA7A
:10E820000120F5F731FC51462048F4F7D2F90121D7
:10E830001E48F4F7B1F9804401211D48F4F7ACF902
:10E840006D1C0744A542E8DB0C2000906946174880
:10E85000F4F782F800250FE01448F4F703FA0120DA
:10E86000F5F712FC51461148F4F7B3F901210F48AE
:10E87000F4F792F906446D1CA542EDDB0A200090E6
:10E8800069460A48F4F768F898FBF4F1C9F8B4103F
:10E8900097FBF4F1C9F8B81096FBF4F1C9F8BC1075
:10E8A00008B0BDE8F0870000E80503081403002065
:10E8B0005C0300201FB507A0D0E90010CDE90010CF
:10E8C000F8F7D6FC022202A96846F8F78BFCF8F7A5
:10E8D000C7FC1FBDD90100000000000070B5374C17
:10E8E0004020A0610E2236493B2000F073F84FF41F
:10E8F0008000A06132499FED341A088842BA01F1C4
:10E900000E0002804A8852BA42808A8852BA8280B7
:10E91000CA8852BA14B284810A89438B52BA00EE73
:10E92000104AD21A13B2C381F8EEC00A4A89858B05
:10E9300052BA521B80EE810A12B202828989C58BBB
:10E9400049BA491B09B21F4D41824E38EE6C4665EB
:10E95000B5F85050A0F85850D0F84E500560F3EE7E
:10E96000050AD0F85250456030EE200AD0F85650D3
:10E97000856080ED030A00EE103AF8EEC00A9FEDC4
:10E98000130A80EE801ADFED120AC1EE201A01EEA2
:10E99000102AC0ED041AF8EEC11A81EE801AC1EEF9
:10E9A000201A01EE101AC0ED051AF8EEC11A81EE18
:10E9B000801A81EE200A80ED060A70BD0008024030
:10E9C000CC3600205C0200205CEFA6436F1283412E
:10E9D000333365420EB54FF6FF738DE80E000246E5
:10E9E0000123D1210248F5F73DFE00200EBD0000B5
:10E9F0009C05002000B549050A0C8BB0A1F18041AF
:10EA000000920022090CCDE901211B21CDE904214E
:10EA100001210392CDE90812079106916946F4F7A6
:10EA200049FD0BB000BD00002DE9F04105460C4644
:10EA300091EDE71AD1EDE80A91ED040A1020FEF7F6
:10EA400052FE064694EDE91AD4EDEA0A94ED060A60
:10EA50000C20FEF748FE0746144894ED150A94ED85
:10EA6000EB1AD0ED210A0C2020EE200AD4EDEC0A9E
:10EA7000FEF739FE0E4909680E4909792970310AF5
:10EA80006970AE703909E970390101EB20212971F3
:10EA9000687109480078A87194ED5C0ABCEEC00A60
:10EAA00010EE100AE871BDE8F0810000F80C0020BB
:10EAB00020020020F80D00204C020020F0EE400A59
:10EAC00021B390ED010AD0ED051A90ED001A90EDFA
:10EAD000062A20EE210AD0ED082A01EE200A90ED48
:10EAE000021A01EE020A90ED032A90ED071A02EED7
:10EAF000410A90ED042AC0ED061AC0ED050A80ED2A
:10EB0000081A02EE620A80ED070A7047B0EE600A4A
:10EB10007047000070B590ED150A00F58063002184
:10EB2000D3ED0E0AB0EEC00A4A4CB4EEE00A0D4630
:10EB3000F1EE10FA0EDB90ED060AD3ED0F0AB0EEFF
:10EB4000C00AB4EEE00AF1EE10FA03D82268521CB3
:10EB5000226000E02560404AD2F88422D60613D510
:10EB600090ED030AD3ED0A0AB4EEE00AF1EE10FAD2
:10EB700001D202216BE0D3ED0B0AB4EEE00AF1EE14
:10EB800010FA01DD012162E0560722D590ED000A5E
:10EB9000F0EEC00A93ED0C0AF4EEC00AF1EE10FAA2
:10EBA00001DD062153E0D0ED010AF0EEE00AF4EEBB
:10EBB000C00AF1EE10FA01DD072148E0D0ED020AAB
:10EBC000F0EEE00AF4EEC00AF1EE10FA01DD0821E1
:10EBD0003DE016070AD590ED5C0AD3ED0D0AB4EEC0
:10EBE000E00AF1EE10FA01DD092130E0D30711D07F
:10EBF00090ED040AD0EDE70AB4EEE00AF1EE10FA67
:10EC000006DCD0EDE80AB4EEE00AF1EE10FA01D22B
:10EC10000D211CE0930711D590ED060AD0EDE90A0D
:10EC2000B4EEE00AF1EE10FA06DCD0EDEA0AB4EE3A
:10EC3000E00AF1EE10FA01D20E2108E0920606D5A4
:10EC4000D0F840042268904201D20F212560084686
:10EC500070BD000050020020F80D002000B585B006
:10EC600000200390049005208DF80C0001214FF640
:10EC7000FF7203A88DE807000B461122C22102484B
:10EC8000F5F7ECFD05B000BD9C05002000B585B092
:10EC900000200390049003208DF80C0001214FF612
:10ECA000FF7203A88DE807000B461122C22102481B
:10ECB000F5F7D4FD05B000BD9C05002000B585B07A
:10ECC00000200390049002208DF80C0001214FF6E3
:10ECD000FF7203A88DE807000B461122C2210248EB
:10ECE000F5F7BCFD05B000BD9C0500200FB440F257
:10ECF000014110B503AB0548029AFCF743F9014600
:10ED00000248F2F761F910BC5DF814FBF807002027
:10ED10002DE9F05F0C46027890F801C08179672AEE
:10ED200046D1C279762A43D1FA4FDFF8ECA3FB4AE9
:10ED30004FF0000B4FF0010907F5806607F5677586
:10ED4000B7EE000ADFEDF60AF64BBCF1400F03F117
:10ED5000800E2DD2DFE80CF02925EF2E2049EE2C75
:10ED60002C2CEDECEBEAE9E8E7E6E5E4E3E2E1E0B0
:10ED7000DFDEDDDCDBDAD9D8D7D6D5D4D3D2D1D01B
:10ED8000CFCECDCCCBCAC9C8C7C6C5C4C3C2C1C00B
:10ED9000BFBEBDBCBBBAB9B8002C09D14846E249D8
:10EDA00021E0002C04D1E14900E0E14981F8009024
:10EDB000BDE8F09F82787AB1012A10D0022AF7D1FB
:10EDC000002CF5D1DB4A1170DB49B0F803200A8032
:10EDD000DA4940790880EBE74846D94903E0002C3E
:10EDE000E6D1D84948460870E2E7012CE0D08178A6
:10EDF000D54ED64BFF294DD0D54CD64DFE294DD002
:10EE0000F1B301294ED01A294DD01B29D0D183F856
:10EE10000090C178012947D0022946D0032945D066
:10EE2000042944D0052943D0062942D0072941D0DE
:10EE3000082940D009293FD00A293ED00B293DD0CE
:10EE40000C293CD00D293BD00E293AD00F2939D0BE
:10EE5000102938D011296FD012296ED013296DD006
:10EE600014296CD015296BD016296AD0172969D0BE
:10EE7000182968D0192967D01A2970D01B2900E0F9
:10EE800063E095D190F90400C2F88002BDE8F05F1C
:10EE9000F9F7E2BC86F800B0484659E084F800B0C3
:10EEA00048465AE056E05BE014E117E11AE11DE143
:10EEB00020E123E126E129E14EE151E154E158E16D
:10EEC0005CE160E164E168E1F9E3F9E3F9E3F9E3C6
:10EED000F9E3F9E3F9E3F9E3F9E3F9E3F9E3F9E352
:10EEE000F9E3F9E3F9E3F9E3F9E3F9E380E36AE34A
:10EEF000A1E3F6E3F6E3D1E3BFE3ADE351E33EE3A1
:10EF00002CE31AE308E3F6E2E4E2D2E2C0E2AEE286
:10EF10009CE28AE278E266E250E23BE21FE20CE227
:10EF2000F9E1E6E1D3E1C0E1ADE19AE187E175E124
:10EF3000EAE36CE1FEE367E134E138E13CE140E122
:10EF400044E148E14CE150E154E186F80090584634
:10EF500018702DE784F800905846287028E74EE195
:10EF600083F80090C178012938D002293AD00329CA
:10EF70003CD004293ED0052940D0062942D007299B
:10EF800044D0082946D0092948D00A294AD00B295B
:10EF90004CD00C294FD00D2952D00E2955D00F2915
:10EFA00058D010295BD011295ED0122961D01329C5
:10EFB00064D0142967D015296AD016296DD0172975
:10EFC00074D0182977D019297AD01A297DD01B2915
:10EFD000BFD190F90400C2F8A40357E70079C2F842
:10EFE0003C03E5E60079C2F84003E1E60079C2F8A7
:10EFF0004403DDE60079C2F84803D9E60079C2F897
:10F000004C03D5E60079C2F85003D1E60079C2F886
:10F010005403CDE60079C2F85803C9E60079C2F876
:10F020005C03C5E60079C2F86003C1E690F904000C
:10F03000C2F86403BCE690F90400C2F86803B7E6BE
:10F0400090F90400C2F86C03B2E690F90400C2F82B
:10F050007003ADE690F90400C2F87403A8E690F9D5
:10F060000400C2F87803A3E690F90400C2F87C0318
:10F070009EE690F90400C2F8800399E690F9040036
:10F08000C2F8840394E690F90400C2F888038FE67E
:10F0900090F90400C2F88C038AE690F90400C2F8E3
:10F0A000900385E602E006E00AE00EE090F9040035
:10F0B000C2F894037CE690F90400C2F8980377E65E
:10F0C00090F90400C2F89C0372E690F90400C2F8BB
:10F0D000A0036DE60079C2F8180269E60079C2F86B
:10F0E0001C0265E60079C2F8200261E60079C2F8E8
:10F0F00024025DE60079C2F8280259E60079C2F8D8
:10F100002C0255E60079C2F8300251E60079C2F8C7
:10F1100034024DE6E0160020F8110020F80D002022
:10F1200000409C46F80C0020530000204C000020BA
:10F130004D000020550000205600002058000020FF
:10F140004E000020540000204F00002051000020FD
:10F1500050000020520000200079C2F8380227E653
:10F160000079C2F83C0223E690F90400C2F840029C
:10F170001EE690F90400C2F8440219E690F9040072
:10F18000C2F8480214E690F90400C2F84C020FE6F7
:10F1900090F90400C2F850020AE690F90400C2F89F
:10F1A000540205E690F90400C2F8580200E690F90E
:10F1B0000400C2F85C02FBE590F90400C2F86002AA
:10F1C000F6E590F90400C2F86402F1E590F9040054
:10F1D000C2F86802ECE590F90400C2F86C02E7E5B9
:10F1E00090F90400C2F87002E2E590F90400C2F858
:10F1F0007402DDE590F90400C2F87802D8E590F9D0
:10F200000400C2F87C02D3E501F020F9C9E5012C25
:10F21000A5D10429A3D1FE490A200BE2FD4A012C05
:10F2200001D1042908D0D0F80200186493ED100A27
:10F23000012C87ED320A92D111460C20FAE1F54AF1
:10F24000121D012C01D1042908D0D0F80200586405
:10F2500093ED110A012C87ED340A84D111460D205B
:10F26000E8E1EC4A0832012C01D1042908D0D0F899
:10F270000200986493ED120A012C87ED330A86D1BF
:10F2800011460E20D6E1E34A0C32012C01D10429AB
:10F2900008D0D0F80200D86493ED130A012C87ED52
:10F2A000350A88D111460F20C4E1DA4A1032012C08
:10F2B00001D1042908D0D0F80200186593ED140A92
:10F2C000012C87ED370A85D111461020B2E1D14AD1
:10F2D0001432012C01D1042908D0D0F8020058655D
:10F2E00093ED150A012C87ED560A87D1114611209E
:10F2F000A0E1C84A1832012C01D1042908D0D0F865
:10F300000200986593ED160A012C87ED400A92D110
:10F31000114612208EE1BF4A1C32012C01D1042972
:10F3200008D0D0F80200D86593ED170A012C87EDBC
:10F33000360A92D1114613207CE1B64A2032012CC4
:10F3400001D1042908D0D0F80200186693ED180AFC
:10F35000012C87ED510A92D111461420F5E3AD4AF4
:10F360002832012C01D1042911D0D0F8020098666E
:10F3700093ED1A0AB5EEC00AF1EE10FA03D2B1EE1F
:10F38000400A83ED1A0A86ED030A012C89D1114641
:10F390001520DAE3012C01D104290CD0D0F80200A9
:10F3A000586093ED010A19468AED020A012C8AD1B0
:10F3B0001620091DC9E3191D1620C6E3954A383ADF
:10F3C000012C01D104290BD0D0F80200986093EDF4
:10F3D000020A91488AED040A012C80ED040A84D1C6
:10F3E00011461720B1E38B4E2C3E012C01D104298C
:10F3F00007D0D0F8020058612846F2F7DDFB012C57
:10F4000085D131461820A0E3824E283E012C01D13F
:10F41000042907D0D0F8020098612846F2F7CCFB07
:10F42000012C86D1314619208FE37A4E203E012CE3
:10F4300001D1042907D0D0F8020018622846F2F75B
:10F44000BBFB012C87D131461A207EE3714E1C3E56
:10F45000012C01D1042907D0D0F8020058622846B7
:10F46000F2F7AAFB012C91D131461B206DE3694EC6
:10F47000183E012C01D1042907D0D0F8020098626F
:10F480002846F2F799FB012C91D131461C205CE310
:10F49000604E143E012C01D1042907D0D0F802009F
:10F4A000D8622846F2F788FB012C98D131461D20FE
:10F4B0004BE3584E103E012C01D1042907D0D0F85F
:10F4C000020018632846F2F777FB012C87D13146FA
:10F4D0001E203AE34F4E0C3E012C01D1042907D0E7
:10F4E000D0F8020058632846F2F766FB012C87D15A
:10F4F00031461F2029E3474E3036012C01D1042923
:10F5000007D0D0F8020018672846F2F755FB012C07
:10F5100087D13146202018E33E4E3436012C01D1EC
:10F52000042907D0D0F8020058672846F2F744FBB8
:10F53000012C87D13146212007E3364E083E012CAD
:10F5400001D1042907D0D0F8020098632846F2F7C9
:10F5500033FB012C87D131462220F6E22D4E361F97
:10F56000012C01D1042907D0D0F80200D863284625
:10F57000F2F722FB012C87D131462320E5E2012C52
:10F5800001D104290BD0D0F8021015465160234850
:10F59000FFF730FA012C88D1291D2420D5E2111D56
:10F5A000FBE71F4B012C01D1042909D0D0F8020040
:10F5B000D06000EB80001B498000012C086085D1E1
:10F5C00019462520C1E2184A012C01D104290CD08A
:10F5D0001349D0F802000C39012CC1F8AC030E49D4
:10F5E000CAF8DC00C1F8DC0092D111462C20ACE254
:10F5F000084A3C32012C01D1042919D0D0F802006C
:10F60000D867D3ED1F0A80EE201A86ED051A0DE0AB
:10F6100040000020380D002004140020EC030020DE
:10F62000040E00201C000020A4110020012C91D108
:10F6300011462D2089E2FE4A012C01D1042908D06F
:10F64000D0F80200D86693ED1B0A012C87ED190A49
:10F6500091D111462B2078E2F54A3032012C01D1AC
:10F66000042907D0F249D0F802006C39012CC1F806
:10F670009C0090D11146262067E2ED4A3432012CDD
:10F6800001D1042907D0EA49D0F802006C39012CD5
:10F69000C1F8A00093D11146272056E2E44A28324F
:10F6A000012C01D1042907D0E149D0F802006C39BE
:10F6B000012CC1F8940097D11146282045E224E29C
:10F6C00005E2E9E1CDE1A1E184E173E162E146E136
:10F6D00030E11AE104E1EEE0D8E0C2E02FE262E0BE
:10F6E0004AE02AE0FFE7D24A2C32012C01D104295A
:10F6F00007D0CF49D0F802006C39012CC1F898002E
:10F7000095D11146292020E2CA4B012C01D10429B0
:10F710000ED0C949D0F80200C1F83803072801D338
:10F72000C2F8389392F8380387F80404012C8FD17B
:10F73000194600E047E00B2007E2012C01D1042923
:10F7400017D0BB49D0F802006C39C1F8800093EDA6
:10F75000200AB5EEC00AF1EE10FA03D2B1EE400A6B
:10F7600083ED200A80EE201AB448012C80ED001AA7
:10F7700090D171462A20E8E1AD4A1832012C01D11E
:10F7800004290DD0AA49D0F802006C39012CC1F827
:10F790008400D3ED210A80EE201A86ED041A8AD166
:10F7A00011462E20D1E1A34A7832012C01D104293F
:10F7B00006D0A149D0F80200012CC1F8B0039FD1B6
:10F7C00011462F20C1E18078FE280DD0FF2897D167
:10F7D00097ED040ADAED040A30EE200A83ED020AFE
:10F7E0008AED040AFFF7E1BA954C206800283FF43F
:10F7F00004AC0C219348F7F749F99348F4F726FA3B
:10F80000924D4020C4F800B05E46A8616420F4F731
:10F810003BFCF8F7A3FF6420F4F736FCF8F72EF969
:10F82000C820F4F731FCFFF731FA1420F4F72CFC70
:10F83000FFF714FA1420F4F727FC85480670854872
:10F84000FDF7D4FC4FF48000A861FDF775FD0C2195
:10F850007C48F7F75BF87C48F4F7CDF9C4F80090E2
:10F8600006E4734A1C32012C01D104290BD07049E3
:10F87000D0F802006C39012CC1F8880093ED220AFF
:10F8800086ED0B0AECD1114631205EE1684A203248
:10F89000012C01D104290BD06549D0F802006C3944
:10F8A000012CC1F88C0093ED230A86ED0A0AD7D10A
:10F8B0001146322049E15E4A2432012C01D104294B
:10F8C0000BD05B49D0F802006C39012CC1F89000D4
:10F8D00093ED240A86ED0C0AC2D11146332034E19F
:10F8E000534A3C32012C01D104290BD05049D0F8A5
:10F8F00002006C39012CC1F8A80093ED2A0A86EDAC
:10F900000D0AADD1114634201FE1494A4032012C85
:10F9100001D104290BD04649D0F802006C39012CE2
:10F92000C1F8AC0093ED2B0A86ED0E0A98D1114672
:10F9300035200AE13E4A4432012C01D104290BD082
:10F940003B49D0F802006C39012CC1F8B00093EDAE
:10F950002C0A86ED0F0A95D111463620F5E0344A7F
:10F960004832012C01D1042911D03149D0F80200CC
:10F970006C39012CC1F8B40093ED2D0A20EE200A59
:10F98000BCEEC00A10EE100AC7F840048FD1114631
:10F990003720DAE0274AB43A012C01D1042906D0F5
:10F9A0002549D0F80200012CC1F8840294D11146F7
:10F9B0003820CAE01F4AB03A012C01D1042906D0F0
:10F9C0001D49D0F80200012CC1F8880284D11146EB
:10F9D0003920BAE0174BAC3B012C01D1042912D0DD
:10F9E0001549D0F80200C1F88C024FF4FA71884230
:10F9F00000DD0846C2F88C02002800DA0020C2F8B8
:10FA00008C02012C92D119463A209EE0094BA83B6A
:10FA1000012C01D1042921D00749D0F80200C1F8F6
:10FA20009002002800DA0020C2F89002012C13E0B6
:10FA3000640D002030110020F80D0020840000200B
:10FA4000D8020020C4040020EC030020000802407B
:10FA50004C020020F81100207FF47DAF19463B20B6
:10FA600073E03C4B012C01D1042912D03A49D0F863
:10FA70000200C1F894024FF4FA71884200DD084692
:10FA8000C2F89402002800DA0020C2F89402012C87
:10FA90008CD119463C2058E02E4B1B1D012C01D166
:10FAA000042911D02C49D0F80200C1F8980200288E
:10FAB00000DA002000EE100AC2F89802012CB8EE1D
:10FAC000C00A86ED110A9DD119463D203DE0214D29
:10FAD0000835012C01D1042914D01F49D0F80200A7
:10FAE000C1F89C02002800DA002000EE100AC2F8DB
:10FAF0009C021A48B8EEC00A8AED790AFEF7F0F9BE
:10FB0000012CA9D129463E201FE0124B0C33012CB9
:10FB100001D1042910D01049D0F80200C1F8A00288
:10FB2000182800DD1820C2F8A002002800DA002002
:10FB3000C2F8A002012C8FD119463F2005E0012C0C
:10FB40008AD1042988D106493020BDE8F05F00F051
:10FB500009B800008C100020F80D0020E0130020F0
:10FB6000A01100201CB500230B4A0093019352689A
:10FB70008DF800208DF801000868CDF802008DF89E
:10FB80000630FF208DF807006946044802F5C06280
:10FB9000FDF712FB1CBD0000F80D0020EC03002057
:10FBA0001CB500210E4A0091019152688DF8002089
:10FBB00003238DF801308DF802008DF804108DF8C4
:10FBC00005108DF80610FF208DF803108DF8070042
:10FBD0006946044802F5C062FDF7EEFA1CBD00005C
:10FBE000F80D0020EC03002010B5FE490C20F8F7BA
:10FBF00007FE0821FC48F1F7E7F90F20F4F744FA73
:10FC0000F8490D20091DF8F7FBFD0821F648F1F72A
:10FC1000DBF90F20F4F738FAF2490E200831F8F733
:10FC2000EFFD0821F048F1F7CFF90F20F4F72CFA97
:10FC3000EC490F200C31F8F7E3FD0821EA48F1F711
:10FC4000C3F90F20F4F720FAE6492B202C31F8F7FE
:10FC5000D7FD0821E448F1F7B7F90F20F4F714FABB
:10FC6000E04910201031F8F7CBFD0821DE48F1F70C
:10FC7000ABF90F20F4F708FADA4911201431F8F73C
:10FC8000BFFD0821D848F1F79FF90F20F4F7FCF9E0
:10FC9000D44912201831F8F7B3FD0821D248F1F702
:10FCA00093F90F20F4F7F0F9CE4913201C31F8F73F
:10FCB000A7FD0821CC48F1F787F90F20F4F7E4F904
:10FCC000C84914202031F8F79BFD0821C648F1F7F8
:10FCD0007BF90F20F4F7D8F9C24915202831F8F73D
:10FCE0008FFD0821C048F1F76FF90F20F4F7CCF928
:10FCF000BC4916203C39F8F783FD0821BA48F1F7D2
:10FD000063F90F20F4F7C0F9B64917203839F8F72E
:10FD100077FD0821B448F1F757F90F20F4F7B4F94B
:10FD2000B04918202C39F8F76BFD0821AE48F1F7DF
:10FD30004BF90F20F4F7A8F9AA4919202839F8F748
:10FD40005FFD0821A848F1F73FF90F20F4F79CF96F
:10FD5000A4491A202039F8F753FD0821A248F1F7E9
:10FD600033F90F20F4F790F99E491B201C39F8F75E
:10FD700047FD08219C48F1F727F90F20F4F784F993
:10FD800098491C201839F8F73BFD08219648F1F7EF
:10FD90001BF90F20F4F778F992491D201439F8F770
:10FDA0002FFD08219048F1F70FF90F20F4F76CF9B7
:10FDB0008C491E201039F8F723FD08218A48F1F7F5
:10FDC00003F90F20F4F760F986491F200C39F8F782
:10FDD00017FD08218448F1F7F7F80F20F4F754F9DC
:10FDE000804920203031F8F70BFD08217E48F1F7DB
:10FDF000EBF80F20F4F748F97A4921203431F8F76D
:10FE0000FFFC08217848F1F7DFF80F20F4F73CF900
:10FE1000744922200839F8F7F3FC08217248F1F7F9
:10FE2000D3F80F20F4F730F96E492320091FF8F7B3
:10FE3000E7FC08216C48F1F7C7F80F20F4F724F924
:10FE40006A492420F8F7DCFC08216748F1F7BCF880
:10FE50000F20F4F719F9654925200831F8F7D0FC8F
:10FE600008216148F1F7B0F80F20F4F70DF9604967
:10FE70000A20F8F7C5FC08215B48F1F7A5F80F2028
:10FE8000F4F702F95B492C20F8F7BAFC0821564830
:10FE9000F1F79AF80F20F4F7F7F852492D203C318A
:10FEA000F8F7AEFC08215048F1F78EF80F20F4F770
:10FEB000EBF84C492A204031F8F7A2FC08214A48C7
:10FEC000F1F782F80F20F4F7DFF846492E2044318D
:10FED000F8F796FC08214448F1F776F80F20F4F77C
:10FEE000D3F844492F20091DF8F78AFC08213E4821
:10FEF000F1F76AF80F20F4F7C7F83E493020091FE0
:10FF0000F8F77EFC08213848F1F75EF80F20F4F787
:10FF1000BBF838490B207439F8F772FC08213248D5
:10FF2000F1F752F80F20F4F7AFF82E4926205C3194
:10FF3000F8F766FC08212C48F1F746F80F20F4F793
:10FF4000A3F8284927206031F8F75AFC08212648F1
:10FF5000F1F73AF80F20F4F797F8224928205431A6
:10FF6000F8F74EFC08212048F1F72EF80F20F4F79F
:10FF70008BF81C4929205831F8F742FC08211A480F
:10FF8000F1F722F80F20F4F77FF8164931204831B5
:10FF9000F8F736FC08211448F1F716F80F20F4F7AB
:10FFA00073F8104932204C31F8F72AFC08210E482A
:10FFB000F1F70AF80F20F4F767F80A4933205031B7
:10FFC000F8F71EFC08210848F0F7FEFF0F20F4F7B1
:10FFD0005BF8044934206831F8F712FC0821024824
:10FFE0000AE00000380D0020DC020020FC0D00209B
:10FFF00040000020A4110020F0F7E6FF0F20F4F7E6
:020000040803EF
:1000000043F842493520F8F7FBFB08214048F0F758
:10001000DBFF0F20F4F738F83C493620091DF8F7CC
:10002000EFFB08213A48F0F7CFFF0F20F4F72CF848
:10003000364937200831F8F7E3FB08213448F0F758
:10004000C3FF0F20F4F720F832493820F8F7D8FB27
:1000500008212F48F0F7B8FF0F20F4F715F82D49C5
:100060003920091DF8F7CCFB08212948F0F7ACFF2F
:100070000F20F4F709F827493A200831F8F7C0FBB8
:1000800008212348F0F7A0FF0F20F3F7FDFF2149D7
:100090003B200C31F8F7B4FB08211D48F0F794FF22
:1000A0000F20F3F7F1FF1B493C201031F8F7A8FBB4
:1000B00008211748F0F788FF0F20F3F7E5FF1549EF
:1000C0003D201431F8F79CFB08211148F0F77CFF24
:1000D0000F20F3F7D9FF0F493E201831F8F790FBB6
:1000E00008210B48F0F770FF0F20F3F7CDFF094907
:1000F0003F201C31F8F784FB08210548F0F764FF26
:10010000BDE810400F20F3F7BFBF0000A40D002092
:10011000DC0200207C10002010B560EEC00A9FEDCC
:10012000070AFBF7C7F9F7EE000AF0EE001A30EE07
:10013000201A81EE810A30EE600A10BD54F82D407D
:1001400010B500EE100A2DED028BB1EEC08A18EE4C
:10015000100A20F00040C0F1FF40C00F0AD010EE9E
:10016000100A20F00040C0F1FF40C00F04BF012082
:10017000FCF784FB18EE100ABDEC028B10BD01EEFB
:10018000100A70EEC00A0120B8EEC11A8840401E65
:1001900021EE201A00EE900AF8EEE01AC1EE210AD4
:1001A00030EE800A704700002DE9F0470C4691F8C8
:1001B00004149FEDA40A07297ED2DFE801F0AD49BF
:1001C00004C89ABBFD000188D4EDE70A4ABA8178D9
:1001D00094EDE80A0B01C17843EA1118037901F0A4
:1001E0000F0143EA012641790B018179C07943EA85
:1001F000111501F00F0140EA012710211046FFF709
:10020000BEFF84ED380AD4EDE90A94EDEA0A0C2128
:100210004046FFF7B4FF84ED4C0AD4EDED0A94EDAF
:10022000EE0A0C213046FFF7AAFF84ED3C0AD4ED1C
:10023000EF0A94EDF00A0C212846FFF7A0FF84EDA9
:100240003E0AD4EDEB0A94EDEC0A0C2138466CE042
:10025000018890F802904ABA90F803A090F80480C0
:1002600046798579C779D4EDE70A94EDE80A10213B
:100270001046FFF784FF84ED380AD4EDE90A94EDC7
:10028000EA0A08214846FFF77AFF04F58060082152
:1002900080ED020AD4EDED0A94EDEE0A5046FFF728
:1002A0006EFF84ED3C0AD4EDEF0A94EDF00A0821CC
:1002B0004046FFF764FF00E02EE084ED3E0AD4EDF7
:1002C000F10A94EDF20A08213046FFF758FF84ED59
:1002D000520AD4EDF30A94EDF40A08212846FFF7F8
:1002E0004EFF84ED540AD4EDF50A94EDF60A082188
:1002F00066E0C179AB2911D084ED380A84ED4C0A4F
:1003000084ED3E0A84ED520A84ED540A84ED530ACA
:1003100084ED590A84ED410ABDE8F0870088D4EDE8
:10032000EB0A40BA94EDEC0A1021FFF728FF84EDA8
:10033000590AF1E744494968491ECA1701EB92720C
:1003400022F00302891AC9B200EB4100E6E7C17945
:10035000AC293ED10188D4EDE90A4ABA817894EDFE
:10036000EA0A0B01C17843EA1115037901F00F0184
:1003700043EA012641798079090141EA10171021E9
:100380001046FFF7FCFE84ED4C0AD4EDF10A94ED23
:10039000F20A0C212846FFF7F2FE84ED520AD4ED52
:1003A000F30A94EDF40A0C213046FFF7E8FE84EDE1
:1003B000540AD4EDF50A00E008E094EDF60A0C21A9
:1003C0003846FFF7DCFE84ED530AA5E7C179AD2975
:1003D0000CD084ED380A84ED4C0A84ED3E0A84ED9D
:1003E000520A84ED540A84ED530AA0E70188C378C9
:1003F0004ABA8178D4EDE90A090141EA1315417935
:100400008079090141EA101694EDEA0A102110469C
:10041000FFF7B5FE84ED4C0AD4EDF10A94EDF20A33
:100420000C212846FFF7ABFE84EDFB0AD4EDF50A5C
:1004300094EDF60A0C213046FFF7A1FE84EDF80A90
:100440006AE7000000000000F80D002030B49FEDC6
:10045000520A524880ED020ADFED510AC0ED100A3F
:10046000C0ED120A9FED4F1A80ED111A80ED131A9C
:100470009FED4D1A80ED141A80ED151A80ED161AB5
:100480009FED4A1AB3EE0E2A80ED171A80ED182A56
:10049000F1EE042AC0ED192AB2EE0E1A80ED1A1AF6
:1004A000BAEE091A80ED051AB2EE091A80ED061AA5
:1004B000BAEE041A80ED081AB2EE041A80ED091A99
:1004C000DFED3B1A80ED0A0AC0ED0B1ADFED391A99
:1004D00080ED0C0AC0ED0D1A9FED373A80ED1C0A35
:1004E00080ED1D3A9FED353A00F5807180ED0E3AB2
:1004F000C0ED0F1A4FF47A73CB6001224A600023DB
:10050000C1F82433B1EE003A80ED203A0223B7EE71
:10051000083AC1F8383380ED1B3A80ED252A9FED6B
:10052000282A0E2380ED262A80ED271AC0ED282ADE
:1005300080ED290A9FED230AC1F8AC3380ED1F0A34
:10054000B7EE000A80ED210A9FED1F2AC1F8B02303
:1005500080ED222A80ED231AC0ED241A9FED1B1A8C
:1005600080ED2A2A80ED2B1AC0ED2C0A80ED2D0A91
:10057000501FC823C1E9A1034FF4FA7044F6206468
:10058000C1F88C02C1E9A443A310C1F89832C1E9B3
:10059000A70230BCF8F760B900000000F80C00209A
:1005A000CDCCCC3DE71D273B6F12833A9A99193F7A
:1005B00000007A4300004842CDCC4C3D000048C2C8
:1005C0000AD7A33B000010420000A0420000644193
:1005D00000000000000000000102030406070809F3
:1005E00000000000010203040A00000001000000F6
:1005F00001000000000000000100000001000000F8
:1006000001000F0000000000000610160006101682
:1006100000000000920E493CB10AC93C2BC3163DB4
:100620002EFB483D752B7B3D04A9963D80B6AF3D22
:1006300036BDC83D2FBCE13D73B2FA3D87CF093EC0
:100640008340163EB5AB223EA2102F3ECF6E3B3EFE
:10065000C2C5473E0115543E135C603E7F9A6C3E16
:10066000CCCF783EC07D823E938E883E229A8E3ECD
:1006700032A0943E86A09A3EE59AA03E128FA63EF6
:10068000D47CAC3EEF63B23E2A44B83E491DBE3E28
:1006900015EFC33E53B9C93ECA7BCF3E4136D53E66
:1006A00080E8DA3E4F92E03E7533E63EBBCBEB3E50
:1006B000EA5AF13ECBE0F63E275DFC3EE4E7003F20
:1006C0003D9C033F824B063F9BF5083F6B9A0B3FD7
:1006D000DA390E3FCDD3103F2A68133FD9F6153FC4
:1006E000C07F183FC6021B3FD17F1D3FCBF61F3F87
:1006F0009967223F25D2243F5636273F1594293F3C
:100700004AEB2B3FDE3B2E3FBB85303FC9C8323F13
:10071000F304353F233A373F4268393F3B8F3B3F35
:10072000F9AE3D3F67C73F3F70D8413F01E2433FCD
:1007300003E4453F65DE473F12D1493FF8BB4B3FDD
:10074000029F4D3F207A4F3F3D4D513F4918533F47
:1007500031DB543FE595563F5348583F6AF2593FC5
:100760001A945B3F532D5D3F05BE5E3F2146603FBF
:1007700097C5613F5A3C633F59AA643F880F663F63
:10078000D86B673F3CBF683FA7096A3F0C4B6B3F84
:100790005E836C3F93B26D3F9ED86E3F73F56F3FA3
:1007A0000809713F5213723F4714733FDD0B743FCA
:1007B0000BFA743FC6DE753F07BA763FC58B773FAD
:1007C000F853783F9812793F9DC7793F02737A3F7B
:1007D000BE147B3FCDAC7B3F283B7C3FC9BF7C3FF9
:1007E000AC3A7D3FCCAB7D3F23137E3FB0707E3F64
:1007F0006DC47E3F580E7F3F6D4E7F3FAB847F3F81
:100800000FB17F3F97D37F3F43EC7F3F11FB7F3F8B
:100810000000803F11FB7F3F43EC7F3F97D37F3F3A
:100820000FB17F3FAB847F3F6D4E7F3F580E7F3FC0
:100830006DC47E3FB0707E3F23137E3FCCAB7D3FC7
:10084000AC3A7D3FC9BF7C3F283B7C3FCDAC7B3F72
:10085000BE147B3F02737A3F9DC7793F9812793F60
:10086000F853783FC58B773F07BA763FC6DE753FB2
:100870000BFA743FDD0B743F4714733F5213723F02
:100880000809713F73F56F3F9ED86E3F93B26D3F7D
:100890005E836C3F0C4B6B3FA7096A3F3CBF683FD0
:1008A000D86B673F880F663F59AA643F5A3C633F45
:1008B00097C5613F2146603F05BE5E3F532D5D3FBA
:1008C0001A945B3F6AF2593F5348583FE595563FAB
:1008D00031DB543F4918533F3D4D513F207A4F3F44
:1008E000029F4D3FF8BB4B3F12D1493F65DE473F6A
:1008F00003E4453F01E2433F70D8413F67C73F3FB4
:10090000F9AE3D3F3B8F3B3F4268393F233A373F8B
:10091000F304353FC9C8323FBB85303FDE3B2E3F35
:100920004AEB2B3F1594293F5636273F25D2243FCB
:100930009967223FCBF61F3FD17F1D3FC6021B3F69
:10094000C07F183FD9F6153F2A68133FCDD3103F1B
:10095000DA390E3F6B9A0B3F9BF5083F824B063FFF
:100960003D9C033FE4E7003F275DFC3ECBE0F63EC5
:10097000EA5AF13EBBCBEB3E7533E63E4F92E03E8A
:1009800080E8DA3E4136D53ECA7BCF3E53B9C93EF8
:1009900015EFC33E491DBE3E2A44B83EEF63B23E4A
:1009A000D47CAC3E128FA63EE59AA03E86A09A3E2D
:1009B00032A0943E229A8E3E938E883EC07D823E27
:1009C000CCCF783E7F9A6C3E135C603E0115543E5E
:1009D000C2C5473ECF6E3B3EA2102F3EB5AB223E76
:1009E0008340163E87CF093E73B2FA3D2FBCE13DEE
:1009F00036BDC83D80B6AF3D04A9963D752B7B3D05
:100A00002EFB483D2BC3163DB10AC93C920E493C12
:100A100000000000920E49BCB10AC9BC2BC316BD30
:100A20002EFB48BD752B7BBD04A996BD80B6AFBD1E
:100A300036BDC8BD2FBCE1BD73B2FABD87CF09BEBC
:100A4000834016BEB5AB22BEA2102FBECF6E3BBEFA
:100A5000C2C547BE011554BE135C60BE7F9A6CBE12
:100A6000CCCF78BEC07D82BE938E88BE229A8EBEC9
:100A700032A094BE86A09ABEE59AA0BE128FA6BEF2
:100A8000D47CACBEEF63B2BE2A44B8BE491DBEBE24
:100A900015EFC3BE53B9C9BECA7BCFBE4136D5BE62
:100AA00080E8DABE4F92E0BE7533E6BEBBCBEBBE4C
:100AB000EA5AF1BECBE0F6BE275DFCBEE4E700BF1C
:100AC0003D9C03BF824B06BF9BF508BF6B9A0BBFD3
:100AD000DA390EBFCDD310BF2A6813BFD9F615BFC0
:100AE000C07F18BFC6021BBFD17F1DBFCBF61FBF83
:100AF000996722BF25D224BF563627BF159429BF38
:100B00004AEB2BBFDE3B2EBFBB8530BFC9C832BF0F
:100B1000F30435BF233A37BF426839BF3B8F3BBF31
:100B2000F9AE3DBF67C73FBF70D841BF01E243BFC9
:100B300003E445BF65DE47BF12D149BFF8BB4BBFD9
:100B4000029F4DBF207A4FBF3D4D51BF491853BF43
:100B500031DB54BFE59556BF534858BF6AF259BFC1
:100B60001A945BBF532D5DBF05BE5EBF214660BFBB
:100B700097C561BF5A3C63BF59AA64BF880F66BF5F
:100B8000D86B67BF3CBF68BFA7096ABF0C4B6BBF80
:100B90005E836CBF93B26DBF9ED86EBF73F56FBF9F
:100BA000080971BF521372BF471473BFDD0B74BFC6
:100BB0000BFA74BFC6DE75BF07BA76BFC58B77BFA9
:100BC000F85378BF981279BF9DC779BF02737ABF77
:100BD000BE147BBFCDAC7BBF283B7CBFC9BF7CBFF5
:100BE000AC3A7DBFCCAB7DBF23137EBFB0707EBF60
:100BF0006DC47EBF580E7FBF6D4E7FBFAB847FBF7D
:100C00000FB17FBF97D37FBF43EC7FBF11FB7FBF87
:100C1000000080BF11FB7FBF43EC7FBF97D37FBF36
:100C20000FB17FBFAB847FBF6D4E7FBF580E7FBFBC
:100C30006DC47EBFB0707EBF23137EBFCCAB7DBFC3
:100C4000AC3A7DBFC9BF7CBF283B7CBFCDAC7BBF6E
:100C5000BE147BBF02737ABF9DC779BF981279BF5C
:100C6000F85378BFC58B77BF07BA76BFC6DE75BFAE
:100C70000BFA74BFDD0B74BF471473BF521372BFFE
:100C8000080971BF73F56FBF9ED86EBF93B26DBF79
:100C90005E836CBF0C4B6BBFA7096ABF3CBF68BFCC
:100CA000D86B67BF880F66BF59AA64BF5A3C63BF41
:100CB00097C561BF214660BF05BE5EBF532D5DBFB6
:100CC0001A945BBF6AF259BF534858BFE59556BFA7
:100CD00031DB54BF491853BF3D4D51BF207A4FBF40
:100CE000029F4DBFF8BB4BBF12D149BF65DE47BF66
:100CF00003E445BF01E243BF70D841BF67C73FBFB0
:100D0000F9AE3DBF3B8F3BBF426839BF233A37BF87
:100D1000F30435BFC9C832BFBB8530BFDE3B2EBF31
:100D20004AEB2BBF159429BF563627BF25D224BFC7
:100D3000996722BFCBF61FBFD17F1DBFC6021BBF65
:100D4000C07F18BFD9F615BF2A6813BFCDD310BF17
:100D5000DA390EBF6B9A0BBF9BF508BF824B06BFFB
:100D60003D9C03BFE4E700BF275DFCBECBE0F6BEC1
:100D7000EA5AF1BEBBCBEBBE7533E6BE4F92E0BE86
:100D800080E8DABE4136D5BECA7BCFBE53B9C9BEF4
:100D900015EFC3BE491DBEBE2A44B8BEEF63B2BE46
:100DA000D47CACBE128FA6BEE59AA0BE86A09ABE29
:100DB00032A094BE229A8EBE938E88BEC07D82BE23
:100DC000CCCF78BE7F9A6CBE135C60BE011554BE5A
:100DD000C2C547BECF6E3BBEA2102FBEB5AB22BE72
:100DE000834016BE87CF09BE73B2FABD2FBCE1BDEA
:100DF00036BDC8BD80B6AFBD04A996BD752B7BBD01
:100E00002EFB48BD2BC316BDB10AC9BC920E49BC0E
:100E10000000008000000000000000000000B33F60
:100E2000B2BE7D3A00002E40DFCF513800007E4038
:100E3000BF51FABA00E0A44019DAC3BA00E0C840D2
:100E4000C2ED8AB90040EB40CD1F2CBA001006411C
:100E50002AFFFABA00C01541DFCFD13700D02441B4
:100E60009A97703A0050334189478E36004041418D
:100E7000E75B9D3800B04E41C00A98B900A05B41C5
:100E8000558F943A00306841DA92C0BA00407441FC
:100E900062B3C63A0000803F00A0853F00908B3FC0
:100EA00000C0913F0030983F00F09E3F00F0A53F0A
:100EB0000050AD3F0000B53F0000BD3F0060C53FA2
:100EC0000020CE3F0040D73F00C0E03F00C0EA3FD7
:100ED0000020F53F000000007D36AC397D3C3839FC
:100EE000EBDCF438320A7E39124C26399B6AED3934
:100EF000A4EE83397F661E39F6398A392B4265396B
:100F0000A48211395B991F39C3EECD39DDE7C637AD
:100F1000A5A22F390000803FC3AA853FC2958B3F11
:100F2000D3C3913FF037983F32F59E3FD7FEA53FA0
:100F30003F58AD3FF304B53FA408BD3F2A67C53F06
:100F40008C24CE3FFD44D73FDFCCE03FC7C0EA3F13
:100F50007D25F53F0000000000004054FB21F93FD3
:100F60003163621A61B4D03D0000601A61B4D03DB3
:100F70007370032E8A19A33B0000002E8A19A33B2D
:100F8000C14920259A837B39000000000000000041
:100F90006E83F9A22915444ED15727FCC0DD34F5E4
:100FA000999562DB4190433CAB6351FE61C5BBDE6A
:100FB0003A6E24B7E0D24D42EA2E49061C92D1097E
:100FC0001CEB1DFE3EA729B1F53582E88444BB2EFB
:100FD00026709CE9417E5FB439D69139F439538348
:100FE0008B5F849C3B28F9BDFF97F81F0F9805DEA7
:100FF0008B112FEF1F6D0A5ACF7E366DB709CB27A5
:10100000663F464F2DEA5F9EC7BA27757BF1E5EB39
:10101000F739073DEA92528AB15FFB6B085D8D1F7D
:10102000000000006E83F9A22915444ED15727FC19
:10103000C0DD34F5999562DB4190433CAB6351FED2
:101040007AFE10111111C13F37D60684F464963F21
:10105000280356C9226D6D3F0165F2F2D844433F23
:10106000A69237A0887E143F735360DBCB75F3BE26
:10107000FE41B31BBAA1AB3F93846EE9E326823FE6
:101080001583E0FEC8DB573F68108D1AF726303F06
:10109000E9A7F0320FB8123FD47ABF74702AFB3E32
:1010A00020535441525420524F544154494E4720EA
:1010B000414E442043414C49425241544521212153
:1010C0002121212121212121212121212121212110
:1010D00021212121212121212121212121200A0D2C
:1010E0000A0D000004110308000000201403000092
:1010F000E20A020808120308140300202C5301001E
:101100006CC80208115302023241325A032E720196
:1011100055300525CFB324F4023DC8180AF59902CD
:1011200008259A020831041A51041A71041AD514B8
:101130001A01081AA904180904030904120101027A
:10114000BB164022AF40571D02010203B814050F21
:101150000C3C010710D2031A1A031E5D0F02085936
:10116000041A55041A81041AC50441130A06293BBE
:101170001A404B111C090243571125C032090419AA
:101180006B1201130524161001052401180901042E
:101190002402020524066C150582030815100904B3
:1011A0000133020A1D07050102432C0705810709C7
:1011B00038442A40072A8107112B0907440A3B04B7
:1011C000441BFD96EC19044BFD97E81A9D0C1EC9B3
:1011D0009502082B08C11AE5101AD9041AF104DA8D
:1011E000CD1CC12575021A3B5B803F044ABF040138
:1011F000182924016632019A100C0808170102030D
:0812000004050607C8011800EF
:04000005080201C527
:00000001FF
